ticker,company_name,sector_theme,market_cap_band,primary_category,category_tags,why_this_category,public_quality_score,investment_screening_score,diligence_priority_score,platform_candidate_score,public_to_private_feasibility_score,value_creation_potential_score,credit_risk_score,red_flag_score,data_quality_score
ADBE,Adobe Inc.,Software / SaaS,Large-cap strategic / unlikely PE target,Benchmark Quality Comp,benchmark quality comp,"Benchmark Quality Comp: public quality 69.2, investment score 57.3, platform score 56.5, public-to-private feasibility 47.0, value creation score 47.5, credit risk 40.3, red flag 38.5, market-cap band Large-cap strategic / unlikely PE target. Tags: benchmark quality comp.",69.2,57.3,56.4,56.5,47.0,47.5,40.3,38.5,92.0
CRM,"Salesforce, Inc.",Software / SaaS,Mega-cap benchmark / public quality comp,Benchmark Quality Comp,benchmark quality comp,"Benchmark Quality Comp: public quality 71.6, investment score 49.8, platform score 49.3, public-to-private feasibility 30.6, value creation score 44.3, credit risk 47.6, red flag 36.4, market-cap band Mega-cap benchmark / public quality comp. Tags: benchmark quality comp.",71.6,49.8,51.0,49.3,30.6,44.3,47.6,36.4,77.4
MSFT,Microsoft Corporation,Software / SaaS,Mega-cap benchmark / public quality comp,Benchmark Quality Comp,benchmark quality comp,"Benchmark Quality Comp: public quality 71.2, investment score 47.3, platform score 49.6, public-to-private feasibility 29.6, value creation score 30.6, credit risk 41.7, red flag 41.3, market-cap band Mega-cap benchmark / public quality comp. Tags: benchmark quality comp.",71.2,47.3,46.9,49.6,29.6,30.6,41.7,41.3,77.4
HUBS,"HubSpot, Inc.",Software / SaaS,Small/mid-cap platform candidate,High Priority for Further Diligence,high structured screen; PE platform characteristics; public-to-private feasibility,"High Priority for Further Diligence: public quality 62.7, investment score 70.4, platform score 74.7, public-to-private feasibility 73.7, value creation score 51.7, credit risk 25.2, red flag 22.9, market-cap band Small/mid-cap platform candidate. Tags: high structured screen, PE platform characteristics, public-to-private feasibility.",62.7,70.4,69.3,74.7,73.7,51.7,25.2,22.9,88.0
ROKU,"Roku, Inc.",Travel / Leisure / Consumer Platforms,Mid-cap possible public-to-private screen,High Priority for Further Diligence,public-to-private feasibility,"High Priority for Further Diligence: public quality 56.2, investment score 68.7, platform score 67.2, public-to-private feasibility 73.5, value creation score 59.0, credit risk 14.1, red flag 23.3, market-cap band Mid-cap possible public-to-private screen. Tags: public-to-private feasibility.",56.2,68.7,68.2,67.2,73.5,59.0,14.1,23.3,75.5
BILL,"BILL Holdings, Inc.",Software / SaaS,Small/mid-cap platform candidate,PE Platform Candidate,monitor,"PE Platform Candidate: public quality 62.1, investment score 65.1, platform score 69.5, public-to-private feasibility 57.2, value creation score 56.0, credit risk 17.1, red flag 18.1, market-cap band Small/mid-cap platform candidate. Tags: monitor.",62.1,65.1,66.9,69.5,57.2,56.0,17.1,18.1,75.5
PATH,"UiPath, Inc.",Software / SaaS,Small/mid-cap platform candidate,PE Platform Candidate,monitor,"PE Platform Candidate: public quality 60.1, investment score 62.3, platform score 67.6, public-to-private feasibility 55.2, value creation score 50.4, credit risk 20.8, red flag 22.9, market-cap band Small/mid-cap platform candidate. Tags: monitor.",60.1,62.3,63.6,67.6,55.2,50.4,20.8,22.9,75.5
PCOR,"Procore Technologies, Inc.",Software / SaaS,Small/mid-cap platform candidate,PE Platform Candidate,monitor,"PE Platform Candidate: public quality 46.1, investment score 60.5, platform score 60.7, public-to-private feasibility 60.1, value creation score 67.4, credit risk 33.7, red flag 38.6, market-cap band Small/mid-cap platform candidate. Tags: monitor.",46.1,60.5,61.7,60.7,60.1,67.4,33.7,38.6,72.8
ASAN,"Asana, Inc.",Software / SaaS,Small/mid-cap platform candidate,PE Platform Candidate,value creation angle,"PE Platform Candidate: public quality 50.1, investment score 60.2, platform score 60.7, public-to-private feasibility 55.7, value creation score 74.2, credit risk 47.9, red flag 40.6, market-cap band Small/mid-cap platform candidate. Tags: value creation angle.",50.1,60.2,62.3,60.7,55.7,74.2,47.9,40.6,76.8
ZS,"Zscaler, Inc.",Software / SaaS,Mid-cap possible public-to-private screen,PE Platform Candidate,monitor,"PE Platform Candidate: public quality 48.4, investment score 60.0, platform score 61.8, public-to-private feasibility 56.6, value creation score 59.9, credit risk 35.1, red flag 35.8, market-cap band Mid-cap possible public-to-private screen. Tags: monitor.",48.4,60.0,60.9,61.8,56.6,59.9,35.1,35.8,85.3
SBAC,SBA Communications Corporation,Digital Infrastructure / Telecom Infrastructure,Mid-cap possible public-to-private screen,PE Platform Candidate,benchmark quality comp,"PE Platform Candidate: public quality 70.2, investment score 59.4, platform score 63.2, public-to-private feasibility 56.2, value creation score 36.0, credit risk 52.8, red flag 36.4, market-cap band Mid-cap possible public-to-private screen. Tags: benchmark quality comp.",70.2,59.4,57.1,63.2,56.2,36.0,52.8,36.4,92.0
AMRC,"Ameresco, Inc.",Energy Transition,Small/mid-cap platform candidate,PE Platform Candidate,monitor,"PE Platform Candidate: public quality 44.1, investment score 57.3, platform score 63.7, public-to-private feasibility 59.1, value creation score 55.5, credit risk 53.6, red flag 49.0, market-cap band Small/mid-cap platform candidate. Tags: monitor.",44.1,57.3,57.0,63.7,59.1,55.5,53.6,49.0,79.5
FDS,FactSet Research Systems Inc.,Business Services,Small/mid-cap platform candidate,PE Platform Candidate,public-to-private feasibility,"PE Platform Candidate: public quality 44.5, investment score 57.2, platform score 64.0, public-to-private feasibility 69.5, value creation score 38.1, credit risk 56.7, red flag 51.2, market-cap band Small/mid-cap platform candidate. Tags: public-to-private feasibility.",44.5,57.2,54.1,64.0,69.5,38.1,56.7,51.2,75.5
SOFI,"SoFi Technologies, Inc.",Payments / Financial Services,Mid-cap possible public-to-private screen,PE Platform Candidate,monitor,"PE Platform Candidate: public quality 50.5, investment score 56.8, platform score 62.7, public-to-private feasibility 54.4, value creation score 38.6, credit risk 31.3, red flag 36.0, market-cap band Mid-cap possible public-to-private screen. Tags: monitor.",50.5,56.8,56.1,62.7,54.4,38.6,31.3,36.0,84.0
ENSG,"The Ensign Group, Inc.",Healthcare Services,Mid-cap possible public-to-private screen,PE Platform Candidate,public-to-private feasibility,"PE Platform Candidate: public quality 41.3, investment score 54.3, platform score 60.1, public-to-private feasibility 67.0, value creation score 31.9, credit risk 50.4, red flag 51.9, market-cap band Mid-cap possible public-to-private screen. Tags: public-to-private feasibility.",41.3,54.3,50.9,60.1,67.0,31.9,50.4,51.9,71.5
WING,Wingstop Inc.,Consumer Services,Small/mid-cap platform candidate,PE Platform Candidate,credit watch,"PE Platform Candidate: public quality 47.5, investment score 53.4, platform score 65.5, public-to-private feasibility 58.5, value creation score 35.5, credit risk 68.7, red flag 54.5, market-cap band Small/mid-cap platform candidate. Tags: credit watch.",47.5,53.4,51.4,65.5,58.5,35.5,68.7,54.5,75.5
MKTX,MarketAxess Holdings Inc.,Alternative Asset Managers / Market Infrastructure,Small/mid-cap platform candidate,PE Platform Candidate,monitor,"PE Platform Candidate: public quality 41.4, investment score 51.8, platform score 61.8, public-to-private feasibility 52.6, value creation score 38.7, credit risk 43.5, red flag 54.5, market-cap band Small/mid-cap platform candidate. Tags: monitor.",41.4,51.8,50.4,61.8,52.6,38.7,43.5,54.5,75.5
HASI,"HA Sustainable Infrastructure Capital, Inc.",Energy Transition,Mid-cap possible public-to-private screen,PE Platform Candidate,data gaps,"PE Platform Candidate: public quality 42.1, investment score 51.5, platform score 60.6, public-to-private feasibility 59.1, value creation score 18.2, credit risk 26.6, red flag 48.2, market-cap band Mid-cap possible public-to-private screen. Tags: data gaps.",42.1,51.5,47.9,60.6,59.1,18.2,26.6,48.2,67.5
FSLR,"First Solar, Inc.",Energy Transition,Mid-cap possible public-to-private screen,Public-to-Private Candidate,benchmark quality comp; PE platform characteristics; public-to-private feasibility,"Public-to-Private Candidate: public quality 71.4, investment score 67.9, platform score 72.0, public-to-private feasibility 68.8, value creation score 41.5, credit risk 25.7, red flag 28.8, market-cap band Mid-cap possible public-to-private screen. Tags: benchmark quality comp, PE platform characteristics, public-to-private feasibility.",71.4,67.9,65.0,72.0,68.8,41.5,25.7,28.8,92.0
OKTA,"Okta, Inc.",Software / SaaS,Mid-cap possible public-to-private screen,Public-to-Private Candidate,PE platform characteristics; public-to-private feasibility,"Public-to-Private Candidate: public quality 61.1, investment score 67.9, platform score 71.7, public-to-private feasibility 72.5, value creation score 47.4, credit risk 17.8, red flag 25.5, market-cap band Mid-cap possible public-to-private screen. Tags: PE platform characteristics, public-to-private feasibility.",61.1,67.9,66.4,71.7,72.5,47.4,17.8,25.5,75.5
TOST,"Toast, Inc.",Payments / Financial Services,Mid-cap possible public-to-private screen,Public-to-Private Candidate,public-to-private feasibility,"Public-to-Private Candidate: public quality 52.4, investment score 67.6, platform score 63.8, public-to-private feasibility 72.2, value creation score 67.4, credit risk 27.1, red flag 23.7, market-cap band Mid-cap possible public-to-private screen. Tags: public-to-private feasibility.",52.4,67.6,68.3,63.8,72.2,67.4,27.1,23.7,75.5
ETSY,"Etsy, Inc.",Travel / Leisure / Consumer Platforms,Small/mid-cap platform candidate,Public-to-Private Candidate,PE platform characteristics; public-to-private feasibility,"Public-to-Private Candidate: public quality 49.4, investment score 65.4, platform score 72.6, public-to-private feasibility 75.3, value creation score 50.7, credit risk 35.8, red flag 41.7, market-cap band Small/mid-cap platform candidate. Tags: PE platform characteristics, public-to-private feasibility.",49.4,65.4,63.2,72.6,75.3,50.7,35.8,41.7,79.5
DOCU,"DocuSign, Inc.",Software / SaaS,Small/mid-cap platform candidate,Public-to-Private Candidate,PE platform characteristics; public-to-private feasibility,"Public-to-Private Candidate: public quality 55.6, investment score 65.3, platform score 70.1, public-to-private feasibility 73.2, value creation score 42.0, credit risk 25.4, red flag 29.8, market-cap band Small/mid-cap platform candidate. Tags: PE platform characteristics, public-to-private feasibility.",55.6,65.3,63.3,70.1,73.2,42.0,25.4,29.8,75.5
EVR,Evercore Inc.,Alternative Asset Managers / Market Infrastructure,Mid-cap possible public-to-private screen,Public-to-Private Candidate,public-to-private feasibility,"Public-to-Private Candidate: public quality 46.9, investment score 65.0, platform score 61.7, public-to-private feasibility 73.0, value creation score 66.3, credit risk 26.6, red flag 35.5, market-cap band Mid-cap possible public-to-private screen. Tags: public-to-private feasibility.",46.9,65.0,64.6,61.7,73.0,66.3,26.6,35.5,71.5
NI,NiSource Inc.,Infrastructure / Utilities-Like Assets,Mid-cap possible public-to-private screen,Public-to-Private Candidate,public-to-private feasibility,"Public-to-Private Candidate: public quality 61.0, investment score 64.9, platform score 56.6, public-to-private feasibility 73.4, value creation score 54.6, credit risk 31.3, red flag 32.3, market-cap band Mid-cap possible public-to-private screen. Tags: public-to-private feasibility.",61.0,64.9,62.5,56.6,73.4,54.6,31.3,32.3,75.5
FFIV,"F5, Inc.",Digital Infrastructure / Telecom Infrastructure,Mid-cap possible public-to-private screen,Public-to-Private Candidate,public-to-private feasibility,"Public-to-Private Candidate: public quality 56.0, investment score 64.8, platform score 57.0, public-to-private feasibility 72.6, value creation score 58.4, credit risk 19.9, red flag 35.2, market-cap band Mid-cap possible public-to-private screen. Tags: public-to-private feasibility.",56.0,64.8,62.7,57.0,72.6,58.4,19.9,35.2,75.5
BURL,"Burlington Stores, Inc.",Consumer Services,Mid-cap possible public-to-private screen,Public-to-Private Candidate,public-to-private feasibility,"Public-to-Private Candidate: public quality 47.9, investment score 64.5, platform score 55.3, public-to-private feasibility 82.5, value creation score 52.9, credit risk 34.2, red flag 36.9, market-cap band Mid-cap possible public-to-private screen. Tags: public-to-private feasibility.",47.9,64.5,61.2,55.3,82.5,52.9,34.2,36.9,75.5
DPZ,"Domino's Pizza, Inc.",Consumer Services,Mid-cap possible public-to-private screen,Public-to-Private Candidate,public-to-private feasibility,"Public-to-Private Candidate: public quality 48.1, investment score 64.5, platform score 67.8, public-to-private feasibility 76.8, value creation score 47.8, credit risk 42.4, red flag 44.8, market-cap band Mid-cap possible public-to-private screen. Tags: public-to-private feasibility.",48.1,64.5,61.1,67.8,76.8,47.8,42.4,44.8,92.0
CNC,Centene Corporation,Healthcare Services,Mid-cap possible public-to-private screen,Public-to-Private Candidate,public-to-private feasibility; value creation angle,"Public-to-Private Candidate: public quality 35.3, investment score 64.0, platform score 43.5, public-to-private feasibility 82.1, value creation score 84.2, credit risk 46.5, red flag 48.9, market-cap band Mid-cap possible public-to-private screen. Tags: public-to-private feasibility, value creation angle.",35.3,64.0,62.0,43.5,82.1,84.2,46.5,48.9,89.3
G,Genpact Limited,Business Services,Small/mid-cap platform candidate,Public-to-Private Candidate,public-to-private feasibility,"Public-to-Private Candidate: public quality 44.3, investment score 63.3, platform score 63.9, public-to-private feasibility 76.5, value creation score 60.0, credit risk 54.3, red flag 46.3, market-cap band Small/mid-cap platform candidate. Tags: public-to-private feasibility.",44.3,63.3,61.5,63.9,76.5,60.0,54.3,46.3,79.5
KIM,Kimco Realty Corporation,Real Estate / REITs,Mid-cap possible public-to-private screen,Public-to-Private Candidate,public-to-private feasibility; value creation angle,"Public-to-Private Candidate: public quality 45.3, investment score 63.2, platform score 49.6, public-to-private feasibility 76.1, value creation score 69.3, credit risk 21.2, red flag 44.1, market-cap band Mid-cap possible public-to-private screen. Tags: public-to-private feasibility, value creation angle.",45.3,63.2,61.0,49.6,76.1,69.3,21.2,44.1,71.5
PINS,"Pinterest, Inc.",Travel / Leisure / Consumer Platforms,Mid-cap possible public-to-private screen,Public-to-Private Candidate,public-to-private feasibility,"Public-to-Private Candidate: public quality 48.6, investment score 63.1, platform score 61.8, public-to-private feasibility 69.0, value creation score 52.9, credit risk 26.1, red flag 26.2, market-cap band Mid-cap possible public-to-private screen. Tags: public-to-private feasibility.",48.6,63.1,63.0,61.8,69.0,52.9,26.1,26.2,71.5
FIVE,"Five Below, Inc.",Consumer Services,Mid-cap possible public-to-private screen,Public-to-Private Candidate,public-to-private feasibility,"Public-to-Private Candidate: public quality 45.5, investment score 63.0, platform score 61.6, public-to-private feasibility 71.4, value creation score 59.4, credit risk 31.4, red flag 36.8, market-cap band Mid-cap possible public-to-private screen. Tags: public-to-private feasibility.",45.5,63.0,62.3,61.6,71.4,59.4,31.4,36.8,71.5
TXRH,"Texas Roadhouse, Inc.",Consumer Services,Mid-cap possible public-to-private screen,Public-to-Private Candidate,public-to-private feasibility,"Public-to-Private Candidate: public quality 42.2, investment score 62.9, platform score 59.2, public-to-private feasibility 75.9, value creation score 55.6, credit risk 27.7, red flag 37.4, market-cap band Mid-cap possible public-to-private screen. Tags: public-to-private feasibility.",42.2,62.9,61.2,59.2,75.9,55.6,27.7,37.4,71.5
TEAM,Atlassian Corporation,Software / SaaS,Mid-cap possible public-to-private screen,Public-to-Private Candidate,public-to-private feasibility; value creation angle,"Public-to-Private Candidate: public quality 54.1, investment score 62.9, platform score 51.6, public-to-private feasibility 69.7, value creation score 68.9, credit risk 56.8, red flag 39.6, market-cap band Mid-cap possible public-to-private screen. Tags: public-to-private feasibility, value creation angle.",54.1,62.9,61.7,51.6,69.7,68.9,56.8,39.6,89.3
PIPR,Piper Sandler Companies,Alternative Asset Managers / Market Infrastructure,Small/mid-cap platform candidate,Public-to-Private Candidate,public-to-private feasibility,"Public-to-Private Candidate: public quality 44.9, investment score 62.6, platform score 64.1, public-to-private feasibility 74.3, value creation score 58.4, credit risk 42.8, red flag 46.6, market-cap band Small/mid-cap platform candidate. Tags: public-to-private feasibility.",44.9,62.6,60.8,64.1,74.3,58.4,42.8,46.6,71.5
CHWY,"Chewy, Inc.",Travel / Leisure / Consumer Platforms,Small/mid-cap platform candidate,Public-to-Private Candidate,public-to-private feasibility,"Public-to-Private Candidate: public quality 39.1, investment score 62.6, platform score 58.9, public-to-private feasibility 74.2, value creation score 59.5, credit risk 32.3, red flag 36.2, market-cap band Small/mid-cap platform candidate. Tags: public-to-private feasibility.",39.1,62.6,61.8,58.9,74.2,59.5,32.3,36.2,75.5
HQY,"HealthEquity, Inc.",Healthcare Services,Small/mid-cap platform candidate,Public-to-Private Candidate,PE platform characteristics; public-to-private feasibility,"Public-to-Private Candidate: public quality 62.2, investment score 62.5, platform score 76.3, public-to-private feasibility 67.2, value creation score 36.0, credit risk 51.3, red flag 43.8, market-cap band Small/mid-cap platform candidate. Tags: PE platform characteristics, public-to-private feasibility.",62.2,62.5,59.7,76.3,67.2,36.0,51.3,43.8,79.5
ULTA,"Ulta Beauty, Inc.",Consumer Services,Mid-cap possible public-to-private screen,Public-to-Private Candidate,public-to-private feasibility,"Public-to-Private Candidate: public quality 48.1, investment score 62.2, platform score 55.6, public-to-private feasibility 78.3, value creation score 56.0, credit risk 48.9, red flag 49.3, market-cap band Mid-cap possible public-to-private screen. Tags: public-to-private feasibility.",48.1,62.2,58.5,55.6,78.3,56.0,48.9,49.3,79.5
SEM,Select Medical Holdings Corporation,Healthcare Services,Small/mid-cap platform candidate,Public-to-Private Candidate,public-to-private feasibility,"Public-to-Private Candidate: public quality 37.0, investment score 62.0, platform score 49.6, public-to-private feasibility 77.1, value creation score 60.4, credit risk 27.3, red flag 30.5, market-cap band Small/mid-cap platform candidate. Tags: public-to-private feasibility.",37.0,62.0,61.0,49.6,77.1,60.4,27.3,30.5,71.5
SEIC,SEI Investments Company,Alternative Asset Managers / Market Infrastructure,Mid-cap possible public-to-private screen,Public-to-Private Candidate,public-to-private feasibility,"Public-to-Private Candidate: public quality 46.1, investment score 61.9, platform score 60.3, public-to-private feasibility 69.4, value creation score 54.8, credit risk 25.8, red flag 39.2, market-cap band Mid-cap possible public-to-private screen. Tags: public-to-private feasibility.",46.1,61.9,60.4,60.3,69.4,54.8,25.8,39.2,75.5
FOUR,"Shift4 Payments, Inc.",Payments / Financial Services,Small/mid-cap platform candidate,Public-to-Private Candidate,public-to-private feasibility; credit watch,"Public-to-Private Candidate: public quality 46.6, investment score 61.8, platform score 62.8, public-to-private feasibility 72.3, value creation score 64.5, credit risk 72.2, red flag 45.0, market-cap band Small/mid-cap platform candidate. Tags: public-to-private feasibility, credit watch.",46.6,61.8,61.4,62.8,72.3,64.5,72.2,45.0,75.5
IR,Ingersoll Rand Inc.,Industrials,Mid-cap possible public-to-private screen,Public-to-Private Candidate,public-to-private feasibility,"Public-to-Private Candidate: public quality 53.5, investment score 61.7, platform score 61.7, public-to-private feasibility 66.5, value creation score 50.0, credit risk 39.3, red flag 43.6, market-cap band Mid-cap possible public-to-private screen. Tags: public-to-private feasibility.",53.5,61.7,59.1,61.7,66.5,50.0,39.3,43.6,92.0
SNAP,Snap Inc.,Travel / Leisure / Consumer Platforms,Mid-cap possible public-to-private screen,Public-to-Private Candidate,public-to-private feasibility; value creation angle,"Public-to-Private Candidate: public quality 36.1, investment score 61.4, platform score 55.7, public-to-private feasibility 72.5, value creation score 69.2, credit risk 40.2, red flag 41.2, market-cap band Mid-cap possible public-to-private screen. Tags: public-to-private feasibility, value creation angle.",36.1,61.4,61.3,55.7,72.5,69.2,40.2,41.2,72.8
AWK,"American Water Works Company, Inc.",Infrastructure / Utilities-Like Assets,Mid-cap possible public-to-private screen,Public-to-Private Candidate,public-to-private feasibility,"Public-to-Private Candidate: public quality 58.7, investment score 61.1, platform score 60.8, public-to-private feasibility 67.6, value creation score 44.2, credit risk 46.1, red flag 43.6, market-cap band Mid-cap possible public-to-private screen. Tags: public-to-private feasibility.",58.7,61.1,57.8,60.8,67.6,44.2,46.1,43.6,88.0
XYZ,"Block, Inc.",Payments / Financial Services,Mid-cap possible public-to-private screen,Public-to-Private Candidate,monitor,"Public-to-Private Candidate: public quality 43.8, investment score 61.0, platform score 52.6, public-to-private feasibility 63.9, value creation score 63.0, credit risk 21.9, red flag 35.0, market-cap band Mid-cap possible public-to-private screen. Tags: monitor.",43.8,61.0,60.7,52.6,63.9,63.0,21.9,35.0,88.0
FCN,"FTI Consulting, Inc.",Business Services,Small/mid-cap platform candidate,Public-to-Private Candidate,public-to-private feasibility,"Public-to-Private Candidate: public quality 35.7, investment score 60.7, platform score 59.9, public-to-private feasibility 76.4, value creation score 65.4, credit risk 54.3, red flag 60.0, market-cap band Small/mid-cap platform candidate. Tags: public-to-private feasibility.",35.7,60.7,58.2,59.9,76.4,65.4,54.3,60.0,79.5
TEX,Terex Corporation,Industrials,Small/mid-cap platform candidate,Public-to-Private Candidate,public-to-private feasibility,"Public-to-Private Candidate: public quality 33.6, investment score 60.6, platform score 56.5, public-to-private feasibility 74.2, value creation score 59.8, credit risk 31.2, red flag 44.5, market-cap band Small/mid-cap platform candidate. Tags: public-to-private feasibility.",33.6,60.6,59.1,56.5,74.2,59.8,31.2,44.5,75.5
NXT,Nextpower Inc.,Energy Transition,Mid-cap possible public-to-private screen,Public-to-Private Candidate,monitor,"Public-to-Private Candidate: public quality 49.8, investment score 60.4, platform score 63.9, public-to-private feasibility 64.6, value creation score 45.6, credit risk 29.4, red flag 37.2, market-cap band Mid-cap possible public-to-private screen. Tags: monitor.",49.8,60.4,59.0,63.9,64.6,45.6,29.4,37.2,75.5
AMP,"Ameriprise Financial, Inc.",Alternative Asset Managers / Market Infrastructure,Mid-cap possible public-to-private screen,Public-to-Private Candidate,monitor,"Public-to-Private Candidate: public quality 46.2, investment score 60.3, platform score 51.1, public-to-private feasibility 64.5, value creation score 61.4, credit risk 21.6, red flag 31.5, market-cap band Mid-cap possible public-to-private screen. Tags: monitor.",46.2,60.3,60.3,51.1,64.5,61.4,21.6,31.5,71.5
BEN,"Franklin Resources, Inc.",Alternative Asset Managers / Market Infrastructure,Mid-cap possible public-to-private screen,Public-to-Private Candidate,public-to-private feasibility,"Public-to-Private Candidate: public quality 28.3, investment score 60.0, platform score 50.7, public-to-private feasibility 76.3, value creation score 63.7, credit risk 24.4, red flag 43.9, market-cap band Mid-cap possible public-to-private screen. Tags: public-to-private feasibility.",28.3,60.0,58.6,50.7,76.3,63.7,24.4,43.9,71.5
UHS,"Universal Health Services, Inc.",Healthcare Services,Mid-cap possible public-to-private screen,Public-to-Private Candidate,public-to-private feasibility,"Public-to-Private Candidate: public quality 43.9, investment score 59.9, platform score 60.5, public-to-private feasibility 75.2, value creation score 48.0, credit risk 60.1, red flag 46.2, market-cap band Mid-cap possible public-to-private screen. Tags: public-to-private feasibility.",43.9,59.9,57.3,60.5,75.2,48.0,60.1,46.2,75.5
XYL,Xylem Inc.,Industrials,Mid-cap possible public-to-private screen,Public-to-Private Candidate,public-to-private feasibility,"Public-to-Private Candidate: public quality 52.7, investment score 59.6, platform score 59.8, public-to-private feasibility 65.4, value creation score 52.2, credit risk 49.2, red flag 46.7, market-cap band Mid-cap possible public-to-private screen. Tags: public-to-private feasibility.",52.7,59.6,57.6,59.8,65.4,52.2,49.2,46.7,79.5
ATO,Atmos Energy Corporation,Infrastructure / Utilities-Like Assets,Mid-cap possible public-to-private screen,Public-to-Private Candidate,monitor,"Public-to-Private Candidate: public quality 54.8, investment score 59.4, platform score 50.9, public-to-private feasibility 63.5, value creation score 46.8, credit risk 18.4, red flag 29.2, market-cap band Mid-cap possible public-to-private screen. Tags: monitor.",54.8,59.4,58.0,50.9,63.5,46.8,18.4,29.2,71.5
PYPL,"PayPal Holdings, Inc.",Payments / Financial Services,Mid-cap possible public-to-private screen,Public-to-Private Candidate,public-to-private feasibility,"Public-to-Private Candidate: public quality 42.1, investment score 59.1, platform score 54.3, public-to-private feasibility 65.4, value creation score 58.7, credit risk 43.4, red flag 43.0, market-cap band Mid-cap possible public-to-private screen. Tags: public-to-private feasibility.",42.1,59.1,58.0,54.3,65.4,58.7,43.4,43.0,88.0
PNR,Pentair plc,Industrials,Mid-cap possible public-to-private screen,Public-to-Private Candidate,public-to-private feasibility,"Public-to-Private Candidate: public quality 43.7, investment score 59.0, platform score 62.9, public-to-private feasibility 73.4, value creation score 46.3, credit risk 59.7, red flag 55.2, market-cap band Mid-cap possible public-to-private screen. Tags: public-to-private feasibility.",43.7,59.0,55.5,62.9,73.4,46.3,59.7,55.2,79.5
LAZ,"Lazard, Inc.",Alternative Asset Managers / Market Infrastructure,Small/mid-cap platform candidate,Public-to-Private Candidate,public-to-private feasibility,"Public-to-Private Candidate: public quality 27.6, investment score 58.9, platform score 52.9, public-to-private feasibility 73.7, value creation score 60.7, credit risk 27.8, red flag 45.1, market-cap band Small/mid-cap platform candidate. Tags: public-to-private feasibility.",27.6,58.9,57.7,52.9,73.7,60.7,27.8,45.1,71.5
TROW,"T. Rowe Price Group, Inc.",Alternative Asset Managers / Market Infrastructure,Mid-cap possible public-to-private screen,Public-to-Private Candidate,public-to-private feasibility,"Public-to-Private Candidate: public quality 37.8, investment score 58.3, platform score 44.0, public-to-private feasibility 73.0, value creation score 54.5, credit risk 22.6, red flag 39.2, market-cap band Mid-cap possible public-to-private screen. Tags: public-to-private feasibility.",37.8,58.3,56.0,44.0,73.0,54.5,22.6,39.2,71.5
CHE,Chemed Corporation,Healthcare Services,Small/mid-cap platform candidate,Public-to-Private Candidate,monitor,"Public-to-Private Candidate: public quality 45.0, investment score 58.2, platform score 61.2, public-to-private feasibility 64.0, value creation score 47.8, credit risk 38.5, red flag 40.4, market-cap band Small/mid-cap platform candidate. Tags: monitor.",45.0,58.2,57.3,61.2,64.0,47.8,38.5,40.4,71.5
CAKE,The Cheesecake Factory Incorporated,Consumer Services,Small/mid-cap platform candidate,Public-to-Private Candidate,public-to-private feasibility,"Public-to-Private Candidate: public quality 28.1, investment score 58.1, platform score 52.9, public-to-private feasibility 81.0, value creation score 55.9, credit risk 58.1, red flag 56.1, market-cap band Small/mid-cap platform candidate. Tags: public-to-private feasibility.",28.1,58.1,54.8,52.9,81.0,55.9,58.1,56.1,75.5
NSP,"Insperity, Inc.",Business Services,Small/mid-cap platform candidate,Public-to-Private Candidate,public-to-private feasibility,"Public-to-Private Candidate: public quality 39.0, investment score 58.0, platform score 51.4, public-to-private feasibility 68.1, value creation score 58.3, credit risk 49.3, red flag 41.3, market-cap band Small/mid-cap platform candidate. Tags: public-to-private feasibility.",39.0,58.0,57.1,51.4,68.1,58.3,49.3,41.3,76.8
AFRM,"Affirm Holdings, Inc.",Payments / Financial Services,Mid-cap possible public-to-private screen,Value / Re-rating Candidate,monitor,"Value / Re-rating Candidate: public quality 55.9, investment score 60.0, platform score 53.8, public-to-private feasibility 55.9, value creation score 47.7, credit risk 14.8, red flag 20.0, market-cap band Mid-cap possible public-to-private screen. Tags: monitor.",55.9,60.0,60.2,53.8,55.9,47.7,14.8,20.0,84.0
PAYO,Payoneer Global Inc.,Payments / Financial Services,Small/mid-cap platform candidate,Value / Re-rating Candidate,monitor,"Value / Re-rating Candidate: public quality 46.5, investment score 59.7, platform score 56.2, public-to-private feasibility 55.6, value creation score 62.3, credit risk 21.2, red flag 22.6, market-cap band Small/mid-cap platform candidate. Tags: monitor.",46.5,59.7,62.2,56.2,55.6,62.3,21.2,22.6,71.5
LVS,Las Vegas Sands Corp.,Travel / Leisure / Consumer Platforms,Mid-cap possible public-to-private screen,Value / Re-rating Candidate,monitor,"Value / Re-rating Candidate: public quality 63.4, investment score 58.7, platform score 59.3, public-to-private feasibility 52.7, value creation score 40.1, credit risk 18.6, red flag 23.8, market-cap band Mid-cap possible public-to-private screen. Tags: monitor.",63.4,58.7,58.6,59.3,52.7,40.1,18.6,23.8,71.5
MDB,"MongoDB, Inc.",Software / SaaS,Mid-cap possible public-to-private screen,Value / Re-rating Candidate,monitor,"Value / Re-rating Candidate: public quality 46.5, investment score 58.1, platform score 49.3, public-to-private feasibility 57.2, value creation score 66.3, credit risk 34.5, red flag 39.4, market-cap band Mid-cap possible public-to-private screen. Tags: monitor.",46.5,58.1,58.4,49.3,57.2,66.3,34.5,39.4,85.3
WDAY,"Workday, Inc.",Software / SaaS,Mid-cap possible public-to-private screen,Value / Re-rating Candidate,monitor,"Value / Re-rating Candidate: public quality 53.4, investment score 57.7, platform score 55.7, public-to-private feasibility 64.3, value creation score 43.8, credit risk 51.7, red flag 38.1, market-cap band Mid-cap possible public-to-private screen. Tags: monitor.",53.4,57.7,55.9,55.7,64.3,43.8,51.7,38.1,75.5
SHAK,Shake Shack Inc.,Consumer Services,Small/mid-cap platform candidate,Value / Re-rating Candidate,monitor,"Value / Re-rating Candidate: public quality 46.9, investment score 57.5, platform score 57.1, public-to-private feasibility 53.9, value creation score 52.6, credit risk 25.6, red flag 25.4, market-cap band Small/mid-cap platform candidate. Tags: monitor.",46.9,57.5,59.3,57.1,53.9,52.6,25.6,25.4,71.5
FLNC,"Fluence Energy, Inc.",Energy Transition,Small/mid-cap platform candidate,Value / Re-rating Candidate,monitor,"Value / Re-rating Candidate: public quality 43.1, investment score 57.4, platform score 56.3, public-to-private feasibility 64.1, value creation score 49.2, credit risk 45.6, red flag 38.7, market-cap band Small/mid-cap platform candidate. Tags: monitor.",43.1,57.4,56.6,56.3,64.1,49.2,45.6,38.7,76.8
EXPE,"Expedia Group, Inc.",Travel / Leisure / Consumer Platforms,Mid-cap possible public-to-private screen,Value / Re-rating Candidate,monitor,"Value / Re-rating Candidate: public quality 44.9, investment score 57.2, platform score 54.8, public-to-private feasibility 64.6, value creation score 48.6, credit risk 44.8, red flag 41.0, market-cap band Mid-cap possible public-to-private screen. Tags: monitor.",44.9,57.2,55.8,54.8,64.6,48.6,44.8,41.0,75.5
TNL,Travel + Leisure Co.,Consumer Services,Small/mid-cap platform candidate,Value / Re-rating Candidate,public-to-private feasibility,"Value / Re-rating Candidate: public quality 29.8, investment score 57.1, platform score 53.4, public-to-private feasibility 72.5, value creation score 50.3, credit risk 30.4, red flag 46.7, market-cap band Small/mid-cap platform candidate. Tags: public-to-private feasibility.",29.8,57.1,55.0,53.4,72.5,50.3,30.4,46.7,71.5
MTCH,"Match Group, Inc.",Travel / Leisure / Consumer Platforms,Mid-cap possible public-to-private screen,Value / Re-rating Candidate,public-to-private feasibility,"Value / Re-rating Candidate: public quality 37.9, investment score 56.5, platform score 58.5, public-to-private feasibility 71.3, value creation score 44.2, credit risk 55.1, red flag 52.7, market-cap band Mid-cap possible public-to-private screen. Tags: public-to-private feasibility.",37.9,56.5,53.6,58.5,71.3,44.2,55.1,52.7,75.5
CWEN,"Clearway Energy, Inc.",Energy Transition,Mid-cap possible public-to-private screen,Value / Re-rating Candidate,public-to-private feasibility,"Value / Re-rating Candidate: public quality 25.5, investment score 56.3, platform score 53.8, public-to-private feasibility 72.0, value creation score 56.6, credit risk 32.0, red flag 59.1, market-cap band Mid-cap possible public-to-private screen. Tags: public-to-private feasibility.",25.5,56.3,53.7,53.8,72.0,56.6,32.0,59.1,75.5
EXC,Exelon Corporation,Infrastructure / Utilities-Like Assets,Large-cap strategic / unlikely PE target,Value / Re-rating Candidate,monitor,"Value / Re-rating Candidate: public quality 52.1, investment score 56.1, platform score 42.2, public-to-private feasibility 57.7, value creation score 55.4, credit risk 36.2, red flag 40.0, market-cap band Large-cap strategic / unlikely PE target. Tags: monitor.",52.1,56.1,54.5,42.2,57.7,55.4,36.2,40.0,88.0
EXR,Extra Space Storage Inc.,Real Estate / REITs,Mid-cap possible public-to-private screen,Value / Re-rating Candidate,monitor,"Value / Re-rating Candidate: public quality 56.1, investment score 55.8, platform score 57.3, public-to-private feasibility 56.4, value creation score 27.7, credit risk 13.4, red flag 33.9, market-cap band Mid-cap possible public-to-private screen. Tags: monitor.",56.1,55.8,53.3,57.3,56.4,27.7,13.4,33.9,71.5
ROL,"Rollins, Inc.",Business Services,Mid-cap possible public-to-private screen,Value / Re-rating Candidate,monitor,"Value / Re-rating Candidate: public quality 48.5, investment score 55.3, platform score 52.9, public-to-private feasibility 60.2, value creation score 50.9, credit risk 49.3, red flag 49.4, market-cap band Mid-cap possible public-to-private screen. Tags: monitor.",48.5,55.3,53.6,52.9,60.2,50.9,49.3,49.4,75.5
GTN,"Gray Media, Inc.",Digital Infrastructure / Telecom Infrastructure,Small/mid-cap platform candidate,Value / Re-rating Candidate,public-to-private feasibility,"Value / Re-rating Candidate: public quality 15.8, investment score 55.1, platform score 50.1, public-to-private feasibility 74.9, value creation score 65.9, credit risk 46.5, red flag 63.7, market-cap band Small/mid-cap platform candidate. Tags: public-to-private feasibility.",15.8,55.1,53.1,50.1,74.9,65.9,46.5,63.7,72.8
C,Citigroup Inc.,Payments / Financial Services,Small/mid-cap platform candidate,Value / Re-rating Candidate,monitor,"Value / Re-rating Candidate: public quality 36.4, investment score 55.1, platform score 57.0, public-to-private feasibility 58.7, value creation score 61.9, credit risk 43.9, red flag 56.9, market-cap band Small/mid-cap platform candidate. Tags: monitor.",36.4,55.1,54.6,57.0,58.7,61.9,43.9,56.9,75.5
COF,Capital One Financial Corporation,Payments / Financial Services,Large-cap strategic / unlikely PE target,Value / Re-rating Candidate,monitor,"Value / Re-rating Candidate: public quality 64.6, investment score 55.1, platform score 54.9, public-to-private feasibility 47.4, value creation score 33.8, credit risk 29.4, red flag 33.7, market-cap band Large-cap strategic / unlikely PE target. Tags: monitor.",64.6,55.1,53.6,54.9,47.4,33.8,29.4,33.7,88.0
WSO,"Watsco, Inc.",Industrials,Mid-cap possible public-to-private screen,Value / Re-rating Candidate,public-to-private feasibility,"Value / Re-rating Candidate: public quality 25.0, investment score 55.0, platform score 49.4, public-to-private feasibility 68.8, value creation score 61.7, credit risk 38.3, red flag 57.8, market-cap band Mid-cap possible public-to-private screen. Tags: public-to-private feasibility.",25.0,55.0,53.3,49.4,68.8,61.7,38.3,57.8,75.5
DDOG,"Datadog, Inc.",Software / SaaS,Large-cap strategic / unlikely PE target,Value / Re-rating Candidate,monitor,"Value / Re-rating Candidate: public quality 65.0, investment score 55.0, platform score 49.3, public-to-private feasibility 41.7, value creation score 45.8, credit risk 19.0, red flag 30.9, market-cap band Large-cap strategic / unlikely PE target. Tags: monitor.",65.0,55.0,54.9,49.3,41.7,45.8,19.0,30.9,88.0
EVRG,"Evergy, Inc.",Infrastructure / Utilities-Like Assets,Mid-cap possible public-to-private screen,Value / Re-rating Candidate,public-to-private feasibility,"Value / Re-rating Candidate: public quality 45.5, investment score 54.6, platform score 50.7, public-to-private feasibility 67.6, value creation score 44.0, credit risk 56.3, red flag 56.2, market-cap band Mid-cap possible public-to-private screen. Tags: public-to-private feasibility.",45.5,54.6,50.8,50.7,67.6,44.0,56.3,56.2,75.5
FE,FirstEnergy Corp.,Infrastructure / Utilities-Like Assets,Large-cap strategic / unlikely PE target,Value / Re-rating Candidate,monitor,"Value / Re-rating Candidate: public quality 52.8, investment score 54.6, platform score 38.8, public-to-private feasibility 58.0, value creation score 56.7, credit risk 39.6, red flag 42.0, market-cap band Large-cap strategic / unlikely PE target. Tags: monitor.",52.8,54.6,53.1,38.8,58.0,56.7,39.6,42.0,75.5
NNN,"NNN REIT, Inc.",Real Estate / REITs,Mid-cap possible public-to-private screen,Value / Re-rating Candidate,public-to-private feasibility; data gaps,"Value / Re-rating Candidate: public quality 37.3, investment score 54.5, platform score 55.0, public-to-private feasibility 67.8, value creation score 41.8, credit risk 34.6, red flag 56.5, market-cap band Mid-cap possible public-to-private screen. Tags: public-to-private feasibility, data gaps.",37.3,54.5,51.0,55.0,67.8,41.8,34.6,56.5,67.5
PPL,PPL Corporation,Infrastructure / Utilities-Like Assets,Mid-cap possible public-to-private screen,Value / Re-rating Candidate,public-to-private feasibility,"Value / Re-rating Candidate: public quality 43.3, investment score 54.4, platform score 48.0, public-to-private feasibility 67.1, value creation score 50.0, credit risk 61.8, red flag 54.0, market-cap band Mid-cap possible public-to-private screen. Tags: public-to-private feasibility.",43.3,54.4,51.6,48.0,67.1,50.0,61.8,54.0,75.5
SPG,"Simon Property Group, Inc.",Real Estate / REITs,Large-cap strategic / unlikely PE target,Value / Re-rating Candidate,monitor,"Value / Re-rating Candidate: public quality 58.8, investment score 53.5, platform score 42.2, public-to-private feasibility 44.7, value creation score 49.3, credit risk 11.4, red flag 29.4, market-cap band Large-cap strategic / unlikely PE target. Tags: monitor.",58.8,53.5,53.7,42.2,44.7,49.3,11.4,29.4,71.5
GPN,Global Payments Inc.,Payments / Financial Services,Mid-cap possible public-to-private screen,Value / Re-rating Candidate,monitor,"Value / Re-rating Candidate: public quality 36.0, investment score 52.9, platform score 44.9, public-to-private feasibility 58.9, value creation score 38.8, credit risk 19.8, red flag 37.6, market-cap band Mid-cap possible public-to-private screen. Tags: monitor.",36.0,52.9,51.0,44.9,58.9,38.8,19.8,37.6,84.0
MMS,"Maximus, Inc.",Business Services,Small/mid-cap platform candidate,Value / Re-rating Candidate,monitor,"Value / Re-rating Candidate: public quality 33.6, investment score 52.7, platform score 52.0, public-to-private feasibility 57.1, value creation score 62.8, credit risk 63.8, red flag 55.6, market-cap band Small/mid-cap platform candidate. Tags: monitor.",33.6,52.7,52.9,52.0,57.1,62.8,63.8,55.6,79.5
WH,"Wyndham Hotels & Resorts, Inc.",Consumer Services,Small/mid-cap platform candidate,Value / Re-rating Candidate,public-to-private feasibility,"Value / Re-rating Candidate: public quality 30.5, investment score 52.5, platform score 54.7, public-to-private feasibility 66.5, value creation score 34.3, credit risk 32.9, red flag 54.5, market-cap band Small/mid-cap platform candidate. Tags: public-to-private feasibility.",30.5,52.5,49.0,54.7,66.5,34.3,32.9,54.5,71.5
MGM,MGM Resorts International,Travel / Leisure / Consumer Platforms,Mid-cap possible public-to-private screen,Value / Re-rating Candidate,public-to-private feasibility,"Value / Re-rating Candidate: public quality 35.8, investment score 52.2, platform score 49.1, public-to-private feasibility 66.6, value creation score 46.6, credit risk 62.4, red flag 60.5, market-cap band Mid-cap possible public-to-private screen. Tags: public-to-private feasibility.",35.8,52.2,49.0,49.1,66.6,46.6,62.4,60.5,75.5
ESS,"Essex Property Trust, Inc.",Real Estate / REITs,Mid-cap possible public-to-private screen,Value / Re-rating Candidate,monitor,"Value / Re-rating Candidate: public quality 48.9, investment score 51.8, platform score 52.6, public-to-private feasibility 61.1, value creation score 14.4, credit risk 18.8, red flag 45.7, market-cap band Mid-cap possible public-to-private screen. Tags: monitor.",48.9,51.8,46.7,52.6,61.1,14.4,18.8,45.7,71.5
LYFT,"Lyft, Inc.",Travel / Leisure / Consumer Platforms,Small/mid-cap platform candidate,Value / Re-rating Candidate,monitor,"Value / Re-rating Candidate: public quality 38.2, investment score 51.8, platform score 45.0, public-to-private feasibility 56.2, value creation score 51.4, credit risk 54.0, red flag 37.8, market-cap band Small/mid-cap platform candidate. Tags: monitor.",38.2,51.8,52.3,45.0,56.2,51.4,54.0,37.8,71.5
ADSK,"Autodesk, Inc.",Software / SaaS,Large-cap strategic / unlikely PE target,Value / Re-rating Candidate,monitor,"Value / Re-rating Candidate: public quality 64.8, investment score 51.5, platform score 48.9, public-to-private feasibility 36.8, value creation score 42.6, credit risk 26.7, red flag 33.1, market-cap band Large-cap strategic / unlikely PE target. Tags: monitor.",64.8,51.5,52.1,48.9,36.8,42.6,26.7,33.1,75.5
DRI,"Darden Restaurants, Inc.",Consumer Services,Mid-cap possible public-to-private screen,Value / Re-rating Candidate,monitor,"Value / Re-rating Candidate: public quality 36.2, investment score 51.4, platform score 45.8, public-to-private feasibility 64.5, value creation score 44.5, credit risk 48.6, red flag 59.0, market-cap band Mid-cap possible public-to-private screen. Tags: monitor.",36.2,51.4,48.0,45.8,64.5,44.5,48.6,59.0,73.5
PLUG,Plug Power Inc.,Energy Transition,Small/mid-cap platform candidate,Value / Re-rating Candidate,monitor,"Value / Re-rating Candidate: public quality 17.1, investment score 51.4, platform score 41.5, public-to-private feasibility 61.9, value creation score 64.1, credit risk 32.3, red flag 51.2, market-cap band Small/mid-cap platform candidate. Tags: monitor.",17.1,51.4,51.4,41.5,61.9,64.1,32.3,51.2,72.8
REG,Regency Centers Corporation,Real Estate / REITs,Mid-cap possible public-to-private screen,Value / Re-rating Candidate,public-to-private feasibility; data gaps,"Value / Re-rating Candidate: public quality 36.3, investment score 51.2, platform score 45.5, public-to-private feasibility 68.2, value creation score 34.9, credit risk 36.1, red flag 59.2, market-cap band Mid-cap possible public-to-private screen. Tags: public-to-private feasibility, data gaps.",36.3,51.2,46.3,45.5,68.2,34.9,36.1,59.2,67.5
TNET,"TriNet Group, Inc.",Business Services,Small/mid-cap platform candidate,Value / Re-rating Candidate,monitor,"Value / Re-rating Candidate: public quality 25.7, investment score 51.1, platform score 54.7, public-to-private feasibility 57.2, value creation score 56.2, credit risk 52.0, red flag 59.5, market-cap band Small/mid-cap platform candidate. Tags: monitor.",25.7,51.1,50.8,54.7,57.2,56.2,52.0,59.5,75.5
TRIP,"Tripadvisor, Inc.",Travel / Leisure / Consumer Platforms,Small/mid-cap platform candidate,Value / Re-rating Candidate,monitor,"Value / Re-rating Candidate: public quality 33.4, investment score 51.1, platform score 56.3, public-to-private feasibility 57.2, value creation score 48.0, credit risk 63.4, red flag 55.7, market-cap band Small/mid-cap platform candidate. Tags: monitor.",33.4,51.1,50.4,56.3,57.2,48.0,63.4,55.7,75.5
EBAY,eBay Inc.,Travel / Leisure / Consumer Platforms,Large-cap strategic / unlikely PE target,Value / Re-rating Candidate,monitor,"Value / Re-rating Candidate: public quality 56.5, investment score 51.0, platform score 45.5, public-to-private feasibility 42.9, value creation score 45.5, credit risk 35.1, red flag 40.7, market-cap band Large-cap strategic / unlikely PE target. Tags: monitor.",56.5,51.0,50.6,45.5,42.9,45.5,35.1,40.7,79.5
DVA,DaVita Inc.,Healthcare Services,Mid-cap possible public-to-private screen,Value / Re-rating Candidate,data gaps,"Value / Re-rating Candidate: public quality 34.5, investment score 50.9, platform score 42.9, public-to-private feasibility 58.4, value creation score 41.5, credit risk 27.0, red flag 40.7, market-cap band Mid-cap possible public-to-private screen. Tags: data gaps.",34.5,50.9,49.6,42.9,58.4,41.5,27.0,40.7,69.4
USPH,"U.S. Physical Therapy, Inc.",Healthcare Services,Small/mid-cap platform candidate,Value / Re-rating Candidate,monitor,"Value / Re-rating Candidate: public quality 43.0, investment score 50.9, platform score 56.9, public-to-private feasibility 49.2, value creation score 48.0, credit risk 62.1, red flag 53.8, market-cap band Small/mid-cap platform candidate. Tags: monitor.",43.0,50.9,50.6,56.9,49.2,48.0,62.1,53.8,79.5
VICI,VICI Properties Inc.,Real Estate / REITs,Mid-cap possible public-to-private screen,Value / Re-rating Candidate,data gaps,"Value / Re-rating Candidate: public quality 45.1, investment score 50.8, platform score 48.8, public-to-private feasibility 55.7, value creation score 34.5, credit risk 29.3, red flag 48.4, market-cap band Mid-cap possible public-to-private screen. Tags: data gaps.",45.1,50.8,48.2,48.8,55.7,34.5,29.3,48.4,67.5
NDAQ,"Nasdaq, Inc.",Alternative Asset Managers / Market Infrastructure,Large-cap strategic / unlikely PE target,Value / Re-rating Candidate,monitor,"Value / Re-rating Candidate: public quality 59.6, investment score 50.7, platform score 46.9, public-to-private feasibility 40.8, value creation score 53.7, credit risk 52.8, red flag 47.8, market-cap band Large-cap strategic / unlikely PE target. Tags: monitor.",59.6,50.7,50.8,46.9,40.8,53.7,52.8,47.8,79.5
DGX,Quest Diagnostics Incorporated,Healthcare Services,Mid-cap possible public-to-private screen,Value / Re-rating Candidate,monitor,"Value / Re-rating Candidate: public quality 42.7, investment score 50.7, platform score 45.8, public-to-private feasibility 60.4, value creation score 39.4, credit risk 58.0, red flag 53.0, market-cap band Mid-cap possible public-to-private screen. Tags: monitor.",42.7,50.7,47.7,45.8,60.4,39.4,58.0,53.0,75.5
RJF,"Raymond James Financial, Inc.",Alternative Asset Managers / Market Infrastructure,Mid-cap possible public-to-private screen,Value / Re-rating Candidate,public-to-private feasibility; data gaps,"Value / Re-rating Candidate: public quality 21.8, investment score 50.6, platform score 45.1, public-to-private feasibility 69.0, value creation score 37.7, credit risk 35.8, red flag 47.0, market-cap band Mid-cap possible public-to-private screen. Tags: public-to-private feasibility, data gaps.",21.8,50.6,48.2,45.1,69.0,37.7,35.8,47.0,63.5
CZR,"Caesars Entertainment, Inc.",Travel / Leisure / Consumer Platforms,Mid-cap possible public-to-private screen,Value / Re-rating Candidate,monitor,"Value / Re-rating Candidate: public quality 23.1, investment score 50.6, platform score 40.2, public-to-private feasibility 61.4, value creation score 61.1, credit risk 39.9, red flag 56.2, market-cap band Mid-cap possible public-to-private screen. Tags: monitor.",23.1,50.6,49.6,40.2,61.4,61.1,39.9,56.2,72.8
ROST,"Ross Stores, Inc.",Consumer Services,Large-cap strategic / unlikely PE target,Value / Re-rating Candidate,monitor,"Value / Re-rating Candidate: public quality 45.0, investment score 50.5, platform score 37.0, public-to-private feasibility 49.8, value creation score 53.4, credit risk 34.3, red flag 42.1, market-cap band Large-cap strategic / unlikely PE target. Tags: monitor.",45.0,50.5,50.0,37.0,49.8,53.4,34.3,42.1,75.5
SHLS,"Shoals Technologies Group, Inc.",Energy Transition,Small/mid-cap platform candidate,Value / Re-rating Candidate,monitor,"Value / Re-rating Candidate: public quality 37.8, investment score 50.5, platform score 54.8, public-to-private feasibility 49.8, value creation score 46.0, credit risk 39.5, red flag 52.1, market-cap band Small/mid-cap platform candidate. Tags: monitor.",37.8,50.5,50.1,54.8,49.8,46.0,39.5,52.1,75.5
PEG,Public Service Enterprise Group Incorporated,Infrastructure / Utilities-Like Assets,Large-cap strategic / unlikely PE target,Value / Re-rating Candidate,monitor,"Value / Re-rating Candidate: public quality 54.4, investment score 50.4, platform score 36.7, public-to-private feasibility 48.1, value creation score 58.0, credit risk 60.4, red flag 44.9, market-cap band Large-cap strategic / unlikely PE target. Tags: monitor.",54.4,50.4,50.2,36.7,48.1,58.0,60.4,44.9,75.5
CVS,CVS Health Corporation,Healthcare Services,Mega-cap benchmark / public quality comp,Value / Re-rating Candidate,monitor,"Value / Re-rating Candidate: public quality 47.6, investment score 50.3, platform score 35.1, public-to-private feasibility 45.8, value creation score 59.3, credit risk 30.3, red flag 41.3, market-cap band Mega-cap benchmark / public quality comp. Tags: monitor.",47.6,50.3,50.6,35.1,45.8,59.3,30.3,41.3,73.4
CMG,"Chipotle Mexican Grill, Inc.",Consumer Services,Mid-cap possible public-to-private screen,Value / Re-rating Candidate,monitor,"Value / Re-rating Candidate: public quality 40.8, investment score 50.2, platform score 48.0, public-to-private feasibility 52.8, value creation score 39.5, credit risk 36.3, red flag 44.8, market-cap band Mid-cap possible public-to-private screen. Tags: monitor.",40.8,50.2,49.0,48.0,52.8,39.5,36.3,44.8,71.5
LH,Labcorp Holdings Inc.,Healthcare Services,Mid-cap possible public-to-private screen,Value / Re-rating Candidate,monitor,"Value / Re-rating Candidate: public quality 38.2, investment score 50.2, platform score 44.8, public-to-private feasibility 61.0, value creation score 41.8, credit risk 60.7, red flag 56.3, market-cap band Mid-cap possible public-to-private screen. Tags: monitor.",38.2,50.2,47.1,44.8,61.0,41.8,60.7,56.3,79.5
ALB,Albemarle Corporation,Energy Transition,Mid-cap possible public-to-private screen,Value / Re-rating Candidate,public-to-private feasibility; heightened diligence risk,"Value / Re-rating Candidate: public quality 16.9, investment score 49.9, platform score 37.6, public-to-private feasibility 70.4, value creation score 54.8, credit risk 45.2, red flag 65.1, market-cap band Mid-cap possible public-to-private screen. Tags: public-to-private feasibility, heightened diligence risk.",16.9,49.9,46.5,37.6,70.4,54.8,45.2,65.1,74.7
THC,Tenet Healthcare Corporation,Healthcare Services,Mid-cap possible public-to-private screen,Value / Re-rating Candidate,monitor,"Value / Re-rating Candidate: public quality 34.0, investment score 49.9, platform score 42.3, public-to-private feasibility 56.6, value creation score 37.6, credit risk 29.3, red flag 38.0, market-cap band Mid-cap possible public-to-private screen. Tags: monitor.",34.0,49.9,48.7,42.3,56.6,37.6,29.3,38.0,71.5
EHC,Encompass Health Corporation,Healthcare Services,Mid-cap possible public-to-private screen,Value / Re-rating Candidate,data gaps,"Value / Re-rating Candidate: public quality 35.8, investment score 49.8, platform score 56.9, public-to-private feasibility 59.6, value creation score 27.7, credit risk 45.0, red flag 53.5, market-cap band Mid-cap possible public-to-private screen. Tags: data gaps.",35.8,49.8,47.0,56.9,59.6,27.7,45.0,53.5,65.5
HRI,Herc Holdings Inc.,Business Services,Mid-cap possible public-to-private screen,Value / Re-rating Candidate,public-to-private feasibility; data gaps,"Value / Re-rating Candidate: public quality 22.5, investment score 49.6, platform score 50.8, public-to-private feasibility 65.4, value creation score 32.8, credit risk 32.3, red flag 56.7, market-cap band Mid-cap possible public-to-private screen. Tags: public-to-private feasibility, data gaps.",22.5,49.6,46.3,50.8,65.4,32.8,32.3,56.7,68.8
HUBB,Hubbell Incorporated,Industrials,Mid-cap possible public-to-private screen,Value / Re-rating Candidate,monitor,"Value / Re-rating Candidate: public quality 46.0, investment score 49.6, platform score 52.6, public-to-private feasibility 55.7, value creation score 24.3, credit risk 46.1, red flag 54.6, market-cap band Mid-cap possible public-to-private screen. Tags: monitor.",46.0,49.6,45.6,52.6,55.7,24.3,46.1,54.6,79.5
BE,Bloom Energy Corporation,Energy Transition,Large-cap strategic / unlikely PE target,Value / Re-rating Candidate,monitor,"Value / Re-rating Candidate: public quality 49.0, investment score 49.5, platform score 36.7, public-to-private feasibility 39.0, value creation score 61.8, credit risk 30.6, red flag 39.9, market-cap band Large-cap strategic / unlikely PE target. Tags: monitor.",49.0,49.5,51.0,36.7,39.0,61.8,30.6,39.9,76.8
DOV,Dover Corporation,Industrials,Mid-cap possible public-to-private screen,Value / Re-rating Candidate,monitor,"Value / Re-rating Candidate: public quality 37.3, investment score 49.5, platform score 45.6, public-to-private feasibility 60.0, value creation score 41.8, credit risk 56.8, red flag 57.7, market-cap band Mid-cap possible public-to-private screen. Tags: monitor.",37.3,49.5,46.7,45.6,60.0,41.8,56.8,57.7,73.5
WAB,Westinghouse Air Brake Technologies Corporation,Industrials,Large-cap strategic / unlikely PE target,Value / Re-rating Candidate,monitor,"Value / Re-rating Candidate: public quality 50.0, investment score 49.5, platform score 39.3, public-to-private feasibility 47.1, value creation score 54.1, credit risk 53.6, red flag 50.6, market-cap band Large-cap strategic / unlikely PE target. Tags: monitor.",50.0,49.5,48.6,39.3,47.1,54.1,53.6,50.6,79.5
SO,The Southern Company,Infrastructure / Utilities-Like Assets,Mega-cap benchmark / public quality comp,Value / Re-rating Candidate,monitor,"Value / Re-rating Candidate: public quality 54.8, investment score 49.5, platform score 33.9, public-to-private feasibility 41.5, value creation score 52.2, credit risk 30.4, red flag 35.1, market-cap band Mega-cap benchmark / public quality comp. Tags: monitor.",54.8,49.5,49.9,33.9,41.5,52.2,30.4,35.1,75.5
DASH,"DoorDash, Inc.",Travel / Leisure / Consumer Platforms,Large-cap strategic / unlikely PE target,Value / Re-rating Candidate,monitor,"Value / Re-rating Candidate: public quality 53.2, investment score 49.5, platform score 36.5, public-to-private feasibility 36.1, value creation score 52.7, credit risk 23.1, red flag 23.3, market-cap band Large-cap strategic / unlikely PE target. Tags: monitor.",53.2,49.5,52.1,36.5,36.1,52.7,23.1,23.3,71.5
ES,Eversource Energy,Infrastructure / Utilities-Like Assets,Large-cap strategic / unlikely PE target,Value / Re-rating Candidate,monitor,"Value / Re-rating Candidate: public quality 49.8, investment score 49.4, platform score 34.9, public-to-private feasibility 49.4, value creation score 57.8, credit risk 61.2, red flag 47.4, market-cap band Large-cap strategic / unlikely PE target. Tags: monitor.",49.8,49.4,49.0,34.9,49.4,57.8,61.2,47.4,75.5
INTU,Intuit Inc.,Software / SaaS,Large-cap strategic / unlikely PE target,Value / Re-rating Candidate,monitor,"Value / Re-rating Candidate: public quality 54.9, investment score 49.4, platform score 44.9, public-to-private feasibility 41.4, value creation score 46.6, credit risk 46.2, red flag 40.4, market-cap band Large-cap strategic / unlikely PE target. Tags: monitor.",54.9,49.4,49.8,44.9,41.4,46.6,46.2,40.4,73.4
WEX,WEX Inc.,Business Services,Small/mid-cap platform candidate,Value / Re-rating Candidate,monitor,"Value / Re-rating Candidate: public quality 34.8, investment score 49.3, platform score 52.7, public-to-private feasibility 53.8, value creation score 44.6, credit risk 60.3, red flag 55.3, market-cap band Small/mid-cap platform candidate. Tags: monitor.",34.8,49.3,48.4,52.7,53.8,44.6,60.3,55.3,75.5
PAYX,"Paychex, Inc.",Business Services,Mid-cap possible public-to-private screen,Value / Re-rating Candidate,monitor,"Value / Re-rating Candidate: public quality 43.0, investment score 49.0, platform score 50.9, public-to-private feasibility 54.7, value creation score 34.2, credit risk 54.5, red flag 54.3, market-cap band Mid-cap possible public-to-private screen. Tags: monitor.",43.0,49.0,46.6,50.9,54.7,34.2,54.5,54.3,70.7
TWLO,Twilio Inc.,Software / SaaS,Mid-cap possible public-to-private screen,Value / Re-rating Candidate,monitor,"Value / Re-rating Candidate: public quality 39.8, investment score 49.0, platform score 43.0, public-to-private feasibility 50.3, value creation score 42.0, credit risk 34.1, red flag 42.6, market-cap band Mid-cap possible public-to-private screen. Tags: monitor.",39.8,49.0,48.3,43.0,50.3,42.0,34.1,42.6,71.5
ARES,Ares Management Corporation,Alternative Asset Managers / Market Infrastructure,Mid-cap possible public-to-private screen,Value / Re-rating Candidate,data gaps,"Value / Re-rating Candidate: public quality 45.6, investment score 48.9, platform score 46.6, public-to-private feasibility 45.7, value creation score 44.1, credit risk 40.2, red flag 43.8, market-cap band Mid-cap possible public-to-private screen. Tags: data gaps.",45.6,48.9,48.9,46.6,45.7,44.1,40.2,43.8,67.5
GWW,"W.W. Grainger, Inc.",Industrials,Large-cap strategic / unlikely PE target,Value / Re-rating Candidate,monitor,"Value / Re-rating Candidate: public quality 45.1, investment score 48.9, platform score 38.0, public-to-private feasibility 49.7, value creation score 56.1, credit risk 50.0, red flag 59.0, market-cap band Large-cap strategic / unlikely PE target. Tags: monitor.",45.1,48.9,47.2,38.0,49.7,56.1,50.0,59.0,79.5
CPT,Camden Property Trust,Real Estate / REITs,Mid-cap possible public-to-private screen,Value / Re-rating Candidate,data gaps,"Value / Re-rating Candidate: public quality 32.4, investment score 48.8, platform score 48.8, public-to-private feasibility 60.4, value creation score 24.8, credit risk 29.6, red flag 44.6, market-cap band Mid-cap possible public-to-private screen. Tags: data gaps.",32.4,48.8,46.2,48.8,60.4,24.8,29.6,44.6,61.5
ACHC,"Acadia Healthcare Company, Inc.",Healthcare Services,Small/mid-cap platform candidate,Value / Re-rating Candidate,monitor,"Value / Re-rating Candidate: public quality 23.9, investment score 48.5, platform score 49.5, public-to-private feasibility 52.2, value creation score 59.8, credit risk 51.0, red flag 61.6, market-cap band Small/mid-cap platform candidate. Tags: monitor.",23.9,48.5,48.8,49.5,52.2,59.8,51.0,61.6,72.8
CTAS,Cintas Corporation,Business Services,Large-cap strategic / unlikely PE target,Value / Re-rating Candidate,monitor,"Value / Re-rating Candidate: public quality 58.2, investment score 48.4, platform score 45.7, public-to-private feasibility 41.8, value creation score 41.8, credit risk 52.9, red flag 51.1, market-cap band Large-cap strategic / unlikely PE target. Tags: monitor.",58.2,48.4,47.1,45.7,41.8,41.8,52.9,51.1,77.4
FAST,Fastenal Company,Industrials,Large-cap strategic / unlikely PE target,Value / Re-rating Candidate,monitor,"Value / Re-rating Candidate: public quality 52.0, investment score 48.4, platform score 42.2, public-to-private feasibility 44.5, value creation score 47.7, credit risk 46.3, red flag 56.3, market-cap band Large-cap strategic / unlikely PE target. Tags: monitor.",52.0,48.4,46.6,42.2,44.5,47.7,46.3,56.3,79.5
GE,GE Aerospace,Industrials,Mega-cap benchmark / public quality comp,Value / Re-rating Candidate,monitor,"Value / Re-rating Candidate: public quality 61.2, investment score 48.3, platform score 39.7, public-to-private feasibility 29.9, value creation score 53.4, credit risk 33.6, red flag 34.5, market-cap band Mega-cap benchmark / public quality comp. Tags: monitor.",61.2,48.3,50.3,39.7,29.9,53.4,33.6,34.5,75.5
T,AT&T Inc.,Digital Infrastructure / Telecom Infrastructure,Mega-cap benchmark / public quality comp,Value / Re-rating Candidate,monitor,"Value / Re-rating Candidate: public quality 54.4, investment score 48.2, platform score 37.0, public-to-private feasibility 34.3, value creation score 49.6, credit risk 19.2, red flag 31.6, market-cap band Mega-cap benchmark / public quality comp. Tags: monitor.",54.4,48.2,49.8,37.0,34.3,49.6,19.2,31.6,71.5
PLAY,"Dave & Buster's Entertainment, Inc.",Consumer Services,Small/mid-cap platform candidate,Value / Re-rating Candidate,heightened diligence risk,"Value / Re-rating Candidate: public quality 22.9, investment score 48.1, platform score 52.7, public-to-private feasibility 52.4, value creation score 58.9, credit risk 55.3, red flag 68.0, market-cap band Small/mid-cap platform candidate. Tags: heightened diligence risk.",22.9,48.1,48.0,52.7,52.4,58.9,55.3,68.0,72.8
RUN,Sunrun Inc.,Energy Transition,Mid-cap possible public-to-private screen,Value / Re-rating Candidate,data gaps,"Value / Re-rating Candidate: public quality 23.0, investment score 48.1, platform score 43.8, public-to-private feasibility 56.6, value creation score 48.9, credit risk 42.4, red flag 50.5, market-cap band Mid-cap possible public-to-private screen. Tags: data gaps.",23.0,48.1,47.8,43.8,56.6,48.9,42.4,50.5,67.5
NOW,"ServiceNow, Inc.",Software / SaaS,Large-cap strategic / unlikely PE target,Value / Re-rating Candidate,monitor,"Value / Re-rating Candidate: public quality 67.0, investment score 48.0, platform score 49.5, public-to-private feasibility 26.7, value creation score 33.9, credit risk 26.2, red flag 29.3, market-cap band Large-cap strategic / unlikely PE target. Tags: monitor.",67.0,48.0,49.5,49.5,26.7,33.9,26.2,29.3,73.4
VRSK,"Verisk Analytics, Inc.",Business Services,Mid-cap possible public-to-private screen,Value / Re-rating Candidate,monitor,"Value / Re-rating Candidate: public quality 40.8, investment score 47.9, platform score 49.7, public-to-private feasibility 50.9, value creation score 26.6, credit risk 31.1, red flag 48.7, market-cap band Mid-cap possible public-to-private screen. Tags: monitor.",40.8,47.9,45.5,49.7,50.9,26.6,31.1,48.7,71.5
COIN,"Coinbase Global, Inc.",Payments / Financial Services,Mid-cap possible public-to-private screen,Value / Re-rating Candidate,data gaps,"Value / Re-rating Candidate: public quality 43.9, investment score 47.9, platform score 56.3, public-to-private feasibility 47.4, value creation score 33.1, credit risk 54.3, red flag 53.7, market-cap band Mid-cap possible public-to-private screen. Tags: data gaps.",43.9,47.9,46.7,56.3,47.4,33.1,54.3,53.7,69.4
EQIX,"Equinix, Inc.",Digital Infrastructure / Telecom Infrastructure,Large-cap strategic / unlikely PE target,Value / Re-rating Candidate,monitor,"Value / Re-rating Candidate: public quality 53.5, investment score 47.7, platform score 43.4, public-to-private feasibility 41.1, value creation score 35.8, credit risk 30.1, red flag 43.6, market-cap band Large-cap strategic / unlikely PE target. Tags: monitor.",53.5,47.7,46.6,43.4,41.1,35.8,30.1,43.6,73.4
CIEN,Ciena Corporation,Digital Infrastructure / Telecom Infrastructure,Large-cap strategic / unlikely PE target,Value / Re-rating Candidate,monitor,"Value / Re-rating Candidate: public quality 52.3, investment score 47.6, platform score 43.2, public-to-private feasibility 41.2, value creation score 50.7, credit risk 57.3, red flag 55.8, market-cap band Large-cap strategic / unlikely PE target. Tags: monitor.",52.3,47.6,46.9,43.2,41.2,50.7,57.3,55.8,79.5
APO,"Apollo Global Management, Inc.",Alternative Asset Managers / Market Infrastructure,Large-cap strategic / unlikely PE target,Value / Re-rating Candidate,data gaps,"Value / Re-rating Candidate: public quality 48.0, investment score 47.5, platform score 32.7, public-to-private feasibility 37.0, value creation score 56.1, credit risk 28.3, red flag 31.1, market-cap band Large-cap strategic / unlikely PE target. Tags: data gaps.",48.0,47.5,49.8,32.7,37.0,56.1,28.3,31.1,67.5
YUM,"Yum! Brands, Inc.",Consumer Services,Large-cap strategic / unlikely PE target,Value / Re-rating Candidate,monitor,"Value / Re-rating Candidate: public quality 49.2, investment score 47.5, platform score 38.8, public-to-private feasibility 44.6, value creation score 40.7, credit risk 38.8, red flag 45.2, market-cap band Large-cap strategic / unlikely PE target. Tags: monitor.",49.2,47.5,46.3,38.8,44.6,40.7,38.8,45.2,75.5
EXPO,"Exponent, Inc.",Business Services,Small/mid-cap platform candidate,Value / Re-rating Candidate,monitor,"Value / Re-rating Candidate: public quality 32.2, investment score 47.4, platform score 49.7, public-to-private feasibility 45.9, value creation score 43.7, credit risk 32.3, red flag 51.3, market-cap band Small/mid-cap platform candidate. Tags: monitor.",32.2,47.4,47.4,49.7,45.9,43.7,32.3,51.3,71.5
LUMN,"Lumen Technologies, Inc.",Digital Infrastructure / Telecom Infrastructure,Mid-cap possible public-to-private screen,Value / Re-rating Candidate,public-to-private feasibility; data gaps,"Value / Re-rating Candidate: public quality 8.2, investment score 47.3, platform score 27.8, public-to-private feasibility 67.5, value creation score 67.1, credit risk 43.3, red flag 64.6, market-cap band Mid-cap possible public-to-private screen. Tags: public-to-private feasibility, data gaps.",8.2,47.3,45.6,27.8,67.5,67.1,43.3,64.6,68.8
STAG,"STAG Industrial, Inc.",Real Estate / REITs,Mid-cap possible public-to-private screen,Value / Re-rating Candidate,public-to-private feasibility; data gaps,"Value / Re-rating Candidate: public quality 22.4, investment score 47.3, platform score 43.4, public-to-private feasibility 67.6, value creation score 29.3, credit risk 39.8, red flag 57.9, market-cap band Mid-cap possible public-to-private screen. Tags: public-to-private feasibility, data gaps.",22.4,47.3,43.2,43.4,67.6,29.3,39.8,57.9,61.5
AMT,American Tower Corporation,Digital Infrastructure / Telecom Infrastructure,Large-cap strategic / unlikely PE target,Value / Re-rating Candidate,monitor,"Value / Re-rating Candidate: public quality 62.9, investment score 47.2, platform score 42.1, public-to-private feasibility 33.9, value creation score 31.3, credit risk 33.3, red flag 30.1, market-cap band Large-cap strategic / unlikely PE target. Tags: monitor.",62.9,47.2,47.5,42.1,33.9,31.3,33.3,30.1,73.4
ETR,Entergy Corporation,Infrastructure / Utilities-Like Assets,Large-cap strategic / unlikely PE target,Value / Re-rating Candidate,monitor,"Value / Re-rating Candidate: public quality 49.0, investment score 47.2, platform score 33.4, public-to-private feasibility 48.5, value creation score 42.7, credit risk 53.9, red flag 44.2, market-cap band Large-cap strategic / unlikely PE target. Tags: monitor.",49.0,47.2,45.7,33.4,48.5,42.7,53.9,44.2,75.5
ORA,"Ormat Technologies, Inc.",Energy Transition,Mid-cap possible public-to-private screen,Value / Re-rating Candidate,public-to-private feasibility; data gaps,"Value / Re-rating Candidate: public quality 21.6, investment score 47.0, platform score 47.6, public-to-private feasibility 69.1, value creation score 13.3, credit risk 27.9, red flag 57.7, market-cap band Mid-cap possible public-to-private screen. Tags: public-to-private feasibility, data gaps.",21.6,47.0,41.3,47.6,69.1,13.3,27.9,57.7,65.5
UBER,"Uber Technologies, Inc.",Travel / Leisure / Consumer Platforms,Mega-cap benchmark / public quality comp,Value / Re-rating Candidate,monitor,"Value / Re-rating Candidate: public quality 55.9, investment score 47.0, platform score 36.7, public-to-private feasibility 29.5, value creation score 58.5, credit risk 45.0, red flag 34.9, market-cap band Mega-cap benchmark / public quality comp. Tags: monitor.",55.9,47.0,49.9,36.7,29.5,58.5,45.0,34.9,75.5
FR,"First Industrial Realty Trust, Inc.",Real Estate / REITs,Mid-cap possible public-to-private screen,Value / Re-rating Candidate,public-to-private feasibility; data gaps,"Value / Re-rating Candidate: public quality 22.1, investment score 46.9, platform score 44.3, public-to-private feasibility 66.2, value creation score 26.1, credit risk 35.6, red flag 57.1, market-cap band Mid-cap possible public-to-private screen. Tags: public-to-private feasibility, data gaps.",22.1,46.9,42.8,44.3,66.2,26.1,35.6,57.1,61.5
CCL,Carnival Corporation Ltd.,Travel / Leisure / Consumer Platforms,Large-cap strategic / unlikely PE target,Value / Re-rating Candidate,monitor,"Value / Re-rating Candidate: public quality 50.6, investment score 46.9, platform score 40.7, public-to-private feasibility 44.1, value creation score 41.4, credit risk 60.4, red flag 46.5, market-cap band Large-cap strategic / unlikely PE target. Tags: monitor.",50.6,46.9,46.1,40.7,44.1,41.4,60.4,46.5,75.5
RCL,Royal Caribbean Cruises Ltd.,Travel / Leisure / Consumer Platforms,Large-cap strategic / unlikely PE target,Value / Re-rating Candidate,monitor,"Value / Re-rating Candidate: public quality 54.5, investment score 46.9, platform score 41.8, public-to-private feasibility 36.2, value creation score 36.2, credit risk 27.4, red flag 35.8, market-cap band Large-cap strategic / unlikely PE target. Tags: monitor.",54.5,46.9,47.2,41.8,36.2,36.2,27.4,35.8,71.5
CME,CME Group Inc.,Alternative Asset Managers / Market Infrastructure,Large-cap strategic / unlikely PE target,Value / Re-rating Candidate,monitor,"Value / Re-rating Candidate: public quality 54.7, investment score 46.8, platform score 44.9, public-to-private feasibility 33.5, value creation score 37.7, credit risk 24.8, red flag 41.6, market-cap band Large-cap strategic / unlikely PE target. Tags: monitor.",54.7,46.8,46.9,44.9,33.5,37.7,24.8,41.6,75.5
ROK,"Rockwell Automation, Inc.",Industrials,Large-cap strategic / unlikely PE target,Value / Re-rating Candidate,monitor,"Value / Re-rating Candidate: public quality 44.1, investment score 46.1, platform score 39.3, public-to-private feasibility 46.4, value creation score 46.4, credit risk 52.7, red flag 62.8, market-cap band Large-cap strategic / unlikely PE target. Tags: monitor.",44.1,46.1,43.8,39.3,46.4,46.4,52.7,62.8,79.5
WM,"Waste Management, Inc.",Business Services,Large-cap strategic / unlikely PE target,Value / Re-rating Candidate,monitor,"Value / Re-rating Candidate: public quality 48.1, investment score 45.9, platform score 33.5, public-to-private feasibility 35.6, value creation score 50.7, credit risk 28.0, red flag 40.1, market-cap band Large-cap strategic / unlikely PE target. Tags: monitor.",48.1,45.9,46.8,33.5,35.6,50.7,28.0,40.1,71.5
RSG,"Republic Services, Inc.",Business Services,Large-cap strategic / unlikely PE target,Value / Re-rating Candidate,monitor,"Value / Re-rating Candidate: public quality 43.1, investment score 45.6, platform score 33.0, public-to-private feasibility 42.4, value creation score 41.2, credit risk 27.7, red flag 41.2, market-cap band Large-cap strategic / unlikely PE target. Tags: monitor.",43.1,45.6,45.0,33.0,42.4,41.2,27.7,41.2,71.5
CNP,"CenterPoint Energy, Inc.",Infrastructure / Utilities-Like Assets,Large-cap strategic / unlikely PE target,Value / Re-rating Candidate,monitor,"Value / Re-rating Candidate: public quality 43.6, investment score 45.6, platform score 31.4, public-to-private feasibility 50.4, value creation score 48.1, credit risk 63.2, red flag 57.5, market-cap band Large-cap strategic / unlikely PE target. Tags: monitor.",43.6,45.6,43.4,31.4,50.4,48.1,63.2,57.5,75.5
AXP,American Express Company,Payments / Financial Services,Mega-cap benchmark / public quality comp,Value / Re-rating Candidate,monitor,"Value / Re-rating Candidate: public quality 53.1, investment score 45.3, platform score 38.9, public-to-private feasibility 33.2, value creation score 36.9, credit risk 29.2, red flag 38.4, market-cap band Mega-cap benchmark / public quality comp. Tags: monitor.",53.1,45.3,45.5,38.9,33.2,36.9,29.2,38.4,75.5
BKNG,Booking Holdings Inc.,Consumer Services,Large-cap strategic / unlikely PE target,Value / Re-rating Candidate,monitor,"Value / Re-rating Candidate: public quality 54.8, investment score 44.8, platform score 44.1, public-to-private feasibility 30.5, value creation score 41.7, credit risk 48.3, red flag 43.2, market-cap band Large-cap strategic / unlikely PE target. Tags: monitor.",54.8,44.8,46.0,44.1,30.5,41.7,48.3,43.2,71.4
AEP,"American Electric Power Company, Inc.",Infrastructure / Utilities-Like Assets,Large-cap strategic / unlikely PE target,Value / Re-rating Candidate,monitor,"Value / Re-rating Candidate: public quality 47.5, investment score 44.8, platform score 33.1, public-to-private feasibility 38.7, value creation score 55.4, credit risk 61.7, red flag 51.6, market-cap band Large-cap strategic / unlikely PE target. Tags: monitor.",47.5,44.8,45.2,33.1,38.7,55.4,61.7,51.6,75.5
NET,"Cloudflare, Inc.",Software / SaaS,Large-cap strategic / unlikely PE target,Value / Re-rating Candidate,monitor,"Value / Re-rating Candidate: public quality 48.1, investment score 44.8, platform score 34.4, public-to-private feasibility 27.1, value creation score 60.8, credit risk 32.4, red flag 41.4, market-cap band Large-cap strategic / unlikely PE target. Tags: monitor.",48.1,44.8,47.7,34.4,27.1,60.8,32.4,41.4,72.8
CUBE,CubeSmart,Real Estate / REITs,Mid-cap possible public-to-private screen,Value / Re-rating Candidate,public-to-private feasibility; data gaps,"Value / Re-rating Candidate: public quality 15.7, investment score 44.7, platform score 39.8, public-to-private feasibility 68.2, value creation score 26.9, credit risk 40.3, red flag 64.9, market-cap band Mid-cap possible public-to-private screen. Tags: public-to-private feasibility, data gaps.",15.7,44.7,39.8,39.8,68.2,26.9,40.3,64.9,61.5
MCO,Moody's Corporation,Business Services,Large-cap strategic / unlikely PE target,Value / Re-rating Candidate,monitor,"Value / Re-rating Candidate: public quality 52.3, investment score 44.6, platform score 40.7, public-to-private feasibility 38.1, value creation score 35.2, credit risk 50.7, red flag 49.3, market-cap band Large-cap strategic / unlikely PE target. Tags: monitor.",52.3,44.6,43.5,40.7,38.1,35.2,50.7,49.3,75.5
AMN,"AMN Healthcare Services, Inc.",Healthcare Services,Small/mid-cap platform candidate,Value / Re-rating Candidate,monitor,"Value / Re-rating Candidate: public quality 11.5, investment score 44.4, platform score 38.0, public-to-private feasibility 48.9, value creation score 66.3, credit risk 45.9, red flag 64.7, market-cap band Small/mid-cap platform candidate. Tags: monitor.",11.5,44.4,45.3,38.0,48.9,66.3,45.9,64.7,72.8
ICE,"Intercontinental Exchange, Inc.",Alternative Asset Managers / Market Infrastructure,Large-cap strategic / unlikely PE target,Value / Re-rating Candidate,monitor,"Value / Re-rating Candidate: public quality 51.2, investment score 44.2, platform score 44.8, public-to-private feasibility 29.5, value creation score 41.2, credit risk 39.7, red flag 48.5, market-cap band Large-cap strategic / unlikely PE target. Tags: monitor.",51.2,44.2,45.0,44.8,29.5,41.2,39.7,48.5,75.5
MSCI,MSCI Inc.,Alternative Asset Managers / Market Infrastructure,Large-cap strategic / unlikely PE target,Value / Re-rating Candidate,monitor,"Value / Re-rating Candidate: public quality 49.7, investment score 44.1, platform score 39.5, public-to-private feasibility 39.1, value creation score 41.0, credit risk 57.2, red flag 56.9, market-cap band Large-cap strategic / unlikely PE target. Tags: monitor.",49.7,44.1,42.8,39.5,39.1,41.0,57.2,56.9,75.5
SCHW,The Charles Schwab Corporation,Alternative Asset Managers / Market Infrastructure,Large-cap strategic / unlikely PE target,Value / Re-rating Candidate,monitor,"Value / Re-rating Candidate: public quality 47.8, investment score 44.1, platform score 31.5, public-to-private feasibility 28.0, value creation score 50.0, credit risk 25.6, red flag 31.2, market-cap band Large-cap strategic / unlikely PE target. Tags: monitor.",47.8,44.1,46.8,31.5,28.0,50.0,25.6,31.2,71.5
TT,Trane Technologies plc,Industrials,Large-cap strategic / unlikely PE target,Value / Re-rating Candidate,monitor,"Value / Re-rating Candidate: public quality 45.4, investment score 44.1, platform score 36.2, public-to-private feasibility 35.2, value creation score 51.9, credit risk 49.9, red flag 51.4, market-cap band Large-cap strategic / unlikely PE target. Tags: monitor.",45.4,44.1,44.8,36.2,35.2,51.9,49.9,51.4,75.5
NRG,"NRG Energy, Inc.",Energy Transition,Large-cap strategic / unlikely PE target,Value / Re-rating Candidate,monitor,"Value / Re-rating Candidate: public quality 32.4, investment score 43.8, platform score 24.9, public-to-private feasibility 44.6, value creation score 46.9, credit risk 30.3, red flag 40.4, market-cap band Large-cap strategic / unlikely PE target. Tags: monitor.",32.4,43.8,43.8,24.9,44.6,46.9,30.3,40.4,71.5
CCI,Crown Castle Inc.,Digital Infrastructure / Telecom Infrastructure,Large-cap strategic / unlikely PE target,Value / Re-rating Candidate,monitor,"Value / Re-rating Candidate: public quality 47.9, investment score 43.5, platform score 34.9, public-to-private feasibility 37.2, value creation score 19.5, credit risk 13.1, red flag 32.7, market-cap band Large-cap strategic / unlikely PE target. Tags: monitor.",47.9,43.5,42.2,34.9,37.2,19.5,13.1,32.7,71.5
ETN,Eaton Corporation plc,Industrials,Mega-cap benchmark / public quality comp,Value / Re-rating Candidate,monitor,"Value / Re-rating Candidate: public quality 50.2, investment score 43.4, platform score 33.5, public-to-private feasibility 31.2, value creation score 49.8, credit risk 42.7, red flag 47.3, market-cap band Mega-cap benchmark / public quality comp. Tags: monitor.",50.2,43.4,44.3,33.5,31.2,49.8,42.7,47.3,73.4
HLT,Hilton Worldwide Holdings Inc.,Consumer Services,Large-cap strategic / unlikely PE target,Value / Re-rating Candidate,data gaps,"Value / Re-rating Candidate: public quality 39.9, investment score 43.2, platform score 31.6, public-to-private feasibility 37.2, value creation score 49.4, credit risk 29.3, red flag 51.5, market-cap band Large-cap strategic / unlikely PE target. Tags: data gaps.",39.9,43.2,43.2,31.6,37.2,49.4,29.3,51.5,69.4
GTLB,GitLab Inc.,Software / SaaS,Small/mid-cap platform candidate,Operational Improvement Candidate,value creation angle,"Operational Improvement Candidate: public quality 49.0, investment score 56.6, platform score 57.5, public-to-private feasibility 44.2, value creation score 73.3, credit risk 36.6, red flag 36.1, market-cap band Small/mid-cap platform candidate. Tags: value creation angle.",49.0,56.6,60.4,57.5,44.2,73.3,36.6,36.1,72.8
ESTC,Elastic N.V.,Software / SaaS,Small/mid-cap platform candidate,Operational Improvement Candidate,value creation angle,"Operational Improvement Candidate: public quality 44.5, investment score 55.7, platform score 54.7, public-to-private feasibility 44.9, value creation score 73.1, credit risk 34.0, red flag 36.3, market-cap band Small/mid-cap platform candidate. Tags: value creation angle.",44.5,55.7,59.3,54.7,44.9,73.1,34.0,36.3,72.8
ARRY,"Array Technologies, Inc.",Energy Transition,Small/mid-cap platform candidate,Operational Improvement Candidate,value creation angle,"Operational Improvement Candidate: public quality 30.6, investment score 54.3, platform score 47.2, public-to-private feasibility 57.1, value creation score 71.9, credit risk 44.0, red flag 47.5, market-cap band Small/mid-cap platform candidate. Tags: value creation angle.",30.6,54.3,55.6,47.2,57.1,71.9,44.0,47.5,76.8
DKNG,DraftKings Inc.,Travel / Leisure / Consumer Platforms,Mid-cap possible public-to-private screen,Operational Improvement Candidate,value creation angle,"Operational Improvement Candidate: public quality 18.9, investment score 52.1, platform score 39.0, public-to-private feasibility 60.8, value creation score 74.3, credit risk 45.8, red flag 46.2, market-cap band Mid-cap possible public-to-private screen. Tags: value creation angle.",18.9,52.1,53.7,39.0,60.8,74.3,45.8,46.2,71.5
COLD,"Americold Realty Trust, Inc.",Real Estate / REITs,Small/mid-cap platform candidate,Operational Improvement Candidate,public-to-private feasibility; value creation angle; heightened diligence risk; data gaps,"Operational Improvement Candidate: public quality 10.4, investment score 51.1, platform score 39.4, public-to-private feasibility 69.6, value creation score 70.5, credit risk 40.4, red flag 65.8, market-cap band Small/mid-cap platform candidate. Tags: public-to-private feasibility, value creation angle, heightened diligence risk, data gaps.",10.4,51.1,49.7,39.4,69.6,70.5,40.4,65.8,68.8
UPST,"Upstart Holdings, Inc.",Payments / Financial Services,Small/mid-cap platform candidate,Operational Improvement Candidate,value creation angle,"Operational Improvement Candidate: public quality 30.8, investment score 50.8, platform score 40.8, public-to-private feasibility 42.5, value creation score 76.7, credit risk 35.2, red flag 34.9, market-cap band Small/mid-cap platform candidate. Tags: value creation angle.",30.8,50.8,55.3,40.8,42.5,76.7,35.2,34.9,71.5
SEDG,"SolarEdge Technologies, Inc.",Energy Transition,Small/mid-cap platform candidate,Operational Improvement Candidate,value creation angle,"Operational Improvement Candidate: public quality 19.4, investment score 49.1, platform score 35.8, public-to-private feasibility 48.9, value creation score 78.2, credit risk 35.6, red flag 47.7, market-cap band Small/mid-cap platform candidate. Tags: value creation angle.",19.4,49.1,51.9,35.8,48.9,78.2,35.6,47.7,72.8
MQ,"Marqeta, Inc.",Payments / Financial Services,Distressed/special situations watchlist,Operational Improvement Candidate,value creation angle,"Operational Improvement Candidate: public quality 35.3, investment score 47.3, platform score 27.7, public-to-private feasibility 30.2, value creation score 84.1, credit risk 32.0, red flag 29.7, market-cap band Distressed/special situations watchlist. Tags: value creation angle.",35.3,47.3,53.3,27.7,30.2,84.1,32.0,29.7,75.5
SNOW,Snowflake Inc.,Software / SaaS,Large-cap strategic / unlikely PE target,Operational Improvement Candidate,value creation angle,"Operational Improvement Candidate: public quality 46.8, investment score 46.3, platform score 33.9, public-to-private feasibility 29.0, value creation score 68.0, credit risk 30.8, red flag 40.6, market-cap band Large-cap strategic / unlikely PE target. Tags: value creation angle.",46.8,46.3,49.7,33.9,29.0,68.0,30.8,40.6,72.8
CHPT,"ChargePoint Holdings, Inc.",Energy Transition,Distressed/special situations watchlist,Operational Improvement Candidate,value creation angle,"Operational Improvement Candidate: public quality 26.1, investment score 44.7, platform score 30.5, public-to-private feasibility 39.1, value creation score 68.3, credit risk 43.2, red flag 46.7, market-cap band Distressed/special situations watchlist. Tags: value creation angle.",26.1,44.7,47.4,30.5,39.1,68.3,43.2,46.7,76.8
SEAT,Vivid Seats Inc.,Travel / Leisure / Consumer Platforms,Distressed/special situations watchlist,Operational Improvement Candidate,value creation angle; data gaps,"Operational Improvement Candidate: public quality 7.1, investment score 34.5, platform score 19.2, public-to-private feasibility 27.8, value creation score 68.3, credit risk 46.2, red flag 58.5, market-cap band Distressed/special situations watchlist. Tags: value creation angle, data gaps.",7.1,34.5,38.3,19.2,27.8,68.3,46.2,58.5,68.8
BAH,Booz Allen Hamilton Holding Corporation,Business Services,Mid-cap possible public-to-private screen,Leveraged Credit Watchlist,public-to-private feasibility; credit watch,"Leveraged Credit Watchlist: public quality 31.6, investment score 57.0, platform score 55.5, public-to-private feasibility 74.5, value creation score 58.7, credit risk 65.5, red flag 58.5, market-cap band Mid-cap possible public-to-private screen. Tags: public-to-private feasibility, credit watch.",31.6,57.0,54.7,55.5,74.5,58.7,65.5,58.5,75.5
MTN,"Vail Resorts, Inc.",Consumer Services,Small/mid-cap platform candidate,Leveraged Credit Watchlist,public-to-private feasibility; credit watch,"Leveraged Credit Watchlist: public quality 34.3, investment score 54.6, platform score 58.4, public-to-private feasibility 73.1, value creation score 40.0, credit risk 65.7, red flag 61.0, market-cap band Small/mid-cap platform candidate. Tags: public-to-private feasibility, credit watch.",34.3,54.6,50.6,58.4,73.1,40.0,65.7,61.0,75.5
HUM,Humana Inc.,Healthcare Services,Mid-cap possible public-to-private screen,Leveraged Credit Watchlist,value creation angle; credit watch,"Leveraged Credit Watchlist: public quality 32.4, investment score 52.9, platform score 42.5, public-to-private feasibility 64.3, value creation score 73.2, credit risk 71.8, red flag 63.3, market-cap band Mid-cap possible public-to-private screen. Tags: value creation angle, credit watch.",32.4,52.9,52.0,42.5,64.3,73.2,71.8,63.3,75.5
ENPH,"Enphase Energy, Inc.",Energy Transition,Small/mid-cap platform candidate,Leveraged Credit Watchlist,public-to-private feasibility; credit watch,"Leveraged Credit Watchlist: public quality 35.2, investment score 52.5, platform score 57.5, public-to-private feasibility 66.5, value creation score 40.4, credit risk 66.3, red flag 64.9, market-cap band Small/mid-cap platform candidate. Tags: public-to-private feasibility, credit watch.",35.2,52.5,48.8,57.5,66.5,40.4,66.3,64.9,79.5
OPCH,"Option Care Health, Inc.",Healthcare Services,Small/mid-cap platform candidate,Leveraged Credit Watchlist,credit watch,"Leveraged Credit Watchlist: public quality 39.8, investment score 52.3, platform score 54.2, public-to-private feasibility 52.9, value creation score 61.8, credit risk 70.5, red flag 56.6, market-cap band Small/mid-cap platform candidate. Tags: credit watch.",39.8,52.3,52.7,54.2,52.9,61.8,70.5,56.6,79.5
MOH,"Molina Healthcare, Inc.",Healthcare Services,Small/mid-cap platform candidate,Leveraged Credit Watchlist,value creation angle; credit watch; heightened diligence risk,"Leveraged Credit Watchlist: public quality 29.4, investment score 49.9, platform score 52.9, public-to-private feasibility 50.2, value creation score 70.1, credit risk 69.4, red flag 65.4, market-cap band Small/mid-cap platform candidate. Tags: value creation angle, credit watch, heightened diligence risk.",29.4,49.9,51.1,52.9,50.2,70.1,69.4,65.4,75.5
FICO,Fair Isaac Corporation,Payments / Financial Services,Mid-cap possible public-to-private screen,Leveraged Credit Watchlist,credit watch,"Leveraged Credit Watchlist: public quality 50.8, investment score 49.9, platform score 53.9, public-to-private feasibility 50.3, value creation score 40.8, credit risk 67.3, red flag 56.4, market-cap band Mid-cap possible public-to-private screen. Tags: credit watch.",50.8,49.9,48.2,53.9,50.3,40.8,67.3,56.4,75.5
ROP,"Roper Technologies, Inc.",Business Services,Mid-cap possible public-to-private screen,Leveraged Credit Watchlist,credit watch,"Leveraged Credit Watchlist: public quality 57.0, investment score 49.6, platform score 59.7, public-to-private feasibility 50.8, value creation score 31.6, credit risk 80.1, red flag 61.9, market-cap band Mid-cap possible public-to-private screen. Tags: credit watch.",57.0,49.6,46.7,59.7,50.8,31.6,80.1,61.9,75.5
WTRG,"Essential Utilities, Inc.",Infrastructure / Utilities-Like Assets,Mid-cap possible public-to-private screen,Leveraged Credit Watchlist,credit watch; heightened diligence risk,"Leveraged Credit Watchlist: public quality 35.3, investment score 47.4, platform score 50.9, public-to-private feasibility 63.9, value creation score 31.3, credit risk 80.5, red flag 69.6, market-cap band Mid-cap possible public-to-private screen. Tags: credit watch, heightened diligence risk.",35.3,47.4,43.0,50.9,63.9,31.3,80.5,69.6,71.5
CMS,CMS Energy Corporation,Infrastructure / Utilities-Like Assets,Mid-cap possible public-to-private screen,Leveraged Credit Watchlist,credit watch,"Leveraged Credit Watchlist: public quality 34.2, investment score 45.9, platform score 35.5, public-to-private feasibility 57.5, value creation score 44.7, credit risk 72.0, red flag 57.9, market-cap band Mid-cap possible public-to-private screen. Tags: credit watch.",34.2,45.9,43.6,35.5,57.5,44.7,72.0,57.9,71.5
CARR,Carrier Global Corporation,Industrials,Large-cap strategic / unlikely PE target,Leveraged Credit Watchlist,credit watch,"Leveraged Credit Watchlist: public quality 39.3, investment score 44.8, platform score 27.5, public-to-private feasibility 44.4, value creation score 63.7, credit risk 69.5, red flag 52.2, market-cap band Large-cap strategic / unlikely PE target. Tags: credit watch.",39.3,44.8,45.5,27.5,44.4,63.7,69.5,52.2,73.4
IRM,Iron Mountain Incorporated,Digital Infrastructure / Telecom Infrastructure,Large-cap strategic / unlikely PE target,Leveraged Credit Watchlist,credit watch,"Leveraged Credit Watchlist: public quality 44.2, investment score 44.7, platform score 34.6, public-to-private feasibility 46.0, value creation score 49.2, credit risk 68.8, red flag 59.7, market-cap band Large-cap strategic / unlikely PE target. Tags: credit watch.",44.2,44.7,43.2,34.6,46.0,49.2,68.8,59.7,75.5
ELV,"Elevance Health, Inc.",Healthcare Services,Large-cap strategic / unlikely PE target,Leveraged Credit Watchlist,value creation angle; credit watch,"Leveraged Credit Watchlist: public quality 34.0, investment score 44.4, platform score 27.0, public-to-private feasibility 45.3, value creation score 70.4, credit risk 67.9, red flag 60.4, market-cap band Large-cap strategic / unlikely PE target. Tags: value creation angle, credit watch.",34.0,44.4,45.0,27.0,45.3,70.4,67.9,60.4,73.4
RDNT,"RadNet, Inc.",Healthcare Services,Small/mid-cap platform candidate,Leveraged Credit Watchlist,credit watch; heightened diligence risk; data gaps,"Leveraged Credit Watchlist: public quality 26.4, investment score 43.4, platform score 49.5, public-to-private feasibility 55.3, value creation score 32.2, credit risk 81.1, red flag 67.7, market-cap band Small/mid-cap platform candidate. Tags: credit watch, heightened diligence risk, data gaps.",26.4,43.4,41.0,49.5,55.3,32.2,81.1,67.7,68.8
FIS,"Fidelity National Information Services, Inc.",Payments / Financial Services,Mid-cap possible public-to-private screen,Leveraged Credit Watchlist,credit watch,"Leveraged Credit Watchlist: public quality 37.6, investment score 41.1, platform score 39.6, public-to-private feasibility 44.5, value creation score 32.6, credit risk 76.3, red flag 60.7, market-cap band Mid-cap possible public-to-private screen. Tags: credit watch.",37.6,41.1,39.3,39.6,44.5,32.6,76.3,60.7,71.4
ED,"Consolidated Edison, Inc.",Infrastructure / Utilities-Like Assets,Large-cap strategic / unlikely PE target,Leveraged Credit Watchlist,credit watch,"Leveraged Credit Watchlist: public quality 34.1, investment score 38.9, platform score 23.4, public-to-private feasibility 41.7, value creation score 45.3, credit risk 70.0, red flag 59.0, market-cap band Large-cap strategic / unlikely PE target. Tags: credit watch.",34.1,38.9,37.9,23.4,41.7,45.3,70.0,59.0,71.5
HCA,"HCA Healthcare, Inc.",Healthcare Services,Large-cap strategic / unlikely PE target,Leveraged Credit Watchlist,credit watch,"Leveraged Credit Watchlist: public quality 42.3, investment score 37.7, platform score 33.8, public-to-private feasibility 31.4, value creation score 33.0, credit risk 66.8, red flag 58.3, market-cap band Large-cap strategic / unlikely PE target. Tags: credit watch.",42.3,37.7,37.0,33.8,31.4,33.0,66.8,58.3,73.4
CHH,"Choice Hotels International, Inc.",Consumer Services,Small/mid-cap platform candidate,Distressed / Special Situations Watchlist,credit watch; heightened diligence risk,"Distressed / Special Situations Watchlist: public quality 28.5, investment score 44.2, platform score 54.7, public-to-private feasibility 62.1, value creation score 17.9, credit risk 75.3, red flag 76.7, market-cap band Small/mid-cap platform candidate. Tags: credit watch, heightened diligence risk.",28.5,44.2,38.7,54.7,62.1,17.9,75.3,76.7,71.5
UNIT,Uniti Group Inc.,Digital Infrastructure / Telecom Infrastructure,Mid-cap possible public-to-private screen,Distressed / Special Situations Watchlist,credit watch; heightened diligence risk,"Distressed / Special Situations Watchlist: public quality 17.1, investment score 43.8, platform score 44.8, public-to-private feasibility 64.5, value creation score 39.1, credit risk 83.6, red flag 79.0, market-cap band Mid-cap possible public-to-private screen. Tags: credit watch, heightened diligence risk.",17.1,43.8,39.8,44.8,64.5,39.1,83.6,79.0,71.5
MAN,ManpowerGroup Inc.,Business Services,Small/mid-cap platform candidate,Distressed / Special Situations Watchlist,value creation angle; credit watch; heightened diligence risk,"Distressed / Special Situations Watchlist: public quality 15.9, investment score 43.4, platform score 40.7, public-to-private feasibility 49.8, value creation score 68.1, credit risk 83.3, red flag 76.7, market-cap band Small/mid-cap platform candidate. Tags: value creation angle, credit watch, heightened diligence risk.",15.9,43.4,43.7,40.7,49.8,68.1,83.3,76.7,76.8
WYNN,"Wynn Resorts, Limited",Travel / Leisure / Consumer Platforms,Mid-cap possible public-to-private screen,Distressed / Special Situations Watchlist,credit watch; heightened diligence risk; data gaps,"Distressed / Special Situations Watchlist: public quality 20.8, investment score 40.5, platform score 47.5, public-to-private feasibility 63.7, value creation score 9.1, credit risk 77.7, red flag 76.5, market-cap band Mid-cap possible public-to-private screen. Tags: credit watch, heightened diligence risk, data gaps.",20.8,40.5,34.3,47.5,63.7,9.1,77.7,76.5,67.5
NEE,"NextEra Energy, Inc.",Energy Transition,Mega-cap benchmark / public quality comp,Distressed / Special Situations Watchlist,credit watch; heightened diligence risk; data gaps,"Distressed / Special Situations Watchlist: public quality 11.0, investment score 13.6, platform score 6.1, public-to-private feasibility 13.2, value creation score 6.1, credit risk 86.7, red flag 88.4, market-cap band Mega-cap benchmark / public quality comp. Tags: credit watch, heightened diligence risk, data gaps.",11.0,13.6,11.1,6.1,13.2,6.1,86.7,88.4,61.4
JHG,Janus Henderson Group plc,Alternative Asset Managers / Market Infrastructure,Small/mid-cap platform candidate,Low Priority / Reject,public-to-private feasibility; heightened diligence risk; data gaps,"Low Priority / Reject: public quality 17.5, investment score 45.4, platform score 46.6, public-to-private feasibility 69.0, value creation score 23.7, credit risk 49.2, red flag 71.8, market-cap band Small/mid-cap platform candidate. Tags: public-to-private feasibility, heightened diligence risk, data gaps.",17.5,45.4,39.7,46.6,69.0,23.7,49.2,71.8,67.5
IBKR,"Interactive Brokers Group, Inc.",Alternative Asset Managers / Market Infrastructure,Distressed/special situations watchlist,Low Priority / Reject,data gaps,"Low Priority / Reject: public quality 52.1, investment score 42.8, platform score 29.0, public-to-private feasibility 25.9, value creation score 43.3, credit risk 25.0, red flag 26.3, market-cap band Distressed/special situations watchlist. Tags: data gaps.",52.1,42.8,45.5,29.0,25.9,43.3,25.0,26.3,67.5
LNT,Alliant Energy Corporation,Infrastructure / Utilities-Like Assets,Mid-cap possible public-to-private screen,Low Priority / Reject,credit watch; heightened diligence risk,"Low Priority / Reject: public quality 30.1, investment score 42.7, platform score 35.8, public-to-private feasibility 55.4, value creation score 38.9, credit risk 73.2, red flag 69.3, market-cap band Mid-cap possible public-to-private screen. Tags: credit watch, heightened diligence risk.",30.1,42.7,39.3,35.8,55.4,38.9,73.2,69.3,71.5
CMCSA,Comcast Corporation,Digital Infrastructure / Telecom Infrastructure,Mega-cap benchmark / public quality comp,Low Priority / Reject,monitor,"Low Priority / Reject: public quality 39.4, investment score 42.5, platform score 25.3, public-to-private feasibility 32.0, value creation score 53.2, credit risk 26.6, red flag 39.1, market-cap band Mega-cap benchmark / public quality comp. Tags: monitor.",39.4,42.5,44.3,25.3,32.0,53.2,26.6,39.1,71.5
MA,Mastercard Incorporated,Payments / Financial Services,Mega-cap benchmark / public quality comp,Low Priority / Reject,monitor,"Low Priority / Reject: public quality 57.5, investment score 42.5, platform score 38.3, public-to-private feasibility 25.1, value creation score 40.9, credit risk 45.9, red flag 44.9, market-cap band Mega-cap benchmark / public quality comp. Tags: monitor.",57.5,42.5,43.5,38.3,25.1,40.9,45.9,44.9,73.4
SRE,Sempra,Infrastructure / Utilities-Like Assets,Large-cap strategic / unlikely PE target,Low Priority / Reject,monitor,"Low Priority / Reject: public quality 45.7, investment score 42.4, platform score 35.1, public-to-private feasibility 40.1, value creation score 36.2, credit risk 49.3, red flag 58.4, market-cap band Large-cap strategic / unlikely PE target. Tags: monitor.",45.7,42.4,40.3,35.1,40.1,36.2,49.3,58.4,75.5
ABNB,"Airbnb, Inc.",Travel / Leisure / Consumer Platforms,Large-cap strategic / unlikely PE target,Low Priority / Reject,monitor,"Low Priority / Reject: public quality 46.4, investment score 42.4, platform score 40.1, public-to-private feasibility 37.7, value creation score 25.4, credit risk 40.2, red flag 48.4, market-cap band Large-cap strategic / unlikely PE target. Tags: monitor.",46.4,42.4,40.9,40.1,37.7,25.4,40.2,48.4,71.5
DBRG,"DigitalBridge Group, Inc.",Digital Infrastructure / Telecom Infrastructure,Small/mid-cap platform candidate,Low Priority / Reject,monitor,"Low Priority / Reject: public quality 11.6, investment score 42.2, platform score 33.0, public-to-private feasibility 40.8, value creation score 61.1, credit risk 25.3, red flag 54.1, market-cap band Small/mid-cap platform candidate. Tags: monitor.",11.6,42.2,44.2,33.0,40.8,61.1,25.3,54.1,71.5
JCI,Johnson Controls International plc,Industrials,Large-cap strategic / unlikely PE target,Low Priority / Reject,monitor,"Low Priority / Reject: public quality 33.9, investment score 42.0, platform score 28.0, public-to-private feasibility 44.4, value creation score 48.4, credit risk 52.9, red flag 59.6, market-cap band Large-cap strategic / unlikely PE target. Tags: monitor.",33.9,42.0,40.6,28.0,44.4,48.4,52.9,59.6,73.5
TMUS,"T-Mobile US, Inc.",Digital Infrastructure / Telecom Infrastructure,Mega-cap benchmark / public quality comp,Low Priority / Reject,monitor,"Low Priority / Reject: public quality 47.4, investment score 41.9, platform score 28.1, public-to-private feasibility 33.5, value creation score 49.4, credit risk 59.8, red flag 46.3, market-cap band Mega-cap benchmark / public quality comp. Tags: monitor.",47.4,41.9,42.7,28.1,33.5,49.4,59.8,46.3,73.4
ITW,Illinois Tool Works Inc.,Industrials,Large-cap strategic / unlikely PE target,Low Priority / Reject,monitor,"Low Priority / Reject: public quality 38.7, investment score 41.8, platform score 31.4, public-to-private feasibility 42.1, value creation score 41.5, credit risk 56.0, red flag 57.9, market-cap band Large-cap strategic / unlikely PE target. Tags: monitor.",38.7,41.8,40.2,31.4,42.1,41.5,56.0,57.9,75.5
SPGI,S&P Global Inc.,Business Services,Large-cap strategic / unlikely PE target,Low Priority / Reject,monitor,"Low Priority / Reject: public quality 53.1, investment score 41.6, platform score 41.7, public-to-private feasibility 27.6, value creation score 41.8, credit risk 61.5, red flag 56.3, market-cap band Large-cap strategic / unlikely PE target. Tags: monitor.",53.1,41.6,42.0,41.7,27.6,41.8,61.5,56.3,75.5
O,Realty Income Corporation,Real Estate / REITs,Large-cap strategic / unlikely PE target,Low Priority / Reject,data gaps,"Low Priority / Reject: public quality 38.7, investment score 41.5, platform score 30.8, public-to-private feasibility 36.0, value creation score 48.3, credit risk 36.0, red flag 55.8, market-cap band Large-cap strategic / unlikely PE target. Tags: data gaps.",38.7,41.5,41.3,30.8,36.0,48.3,36.0,55.8,67.5
EMR,Emerson Electric Co.,Industrials,Large-cap strategic / unlikely PE target,Low Priority / Reject,monitor,"Low Priority / Reject: public quality 48.9, investment score 41.4, platform score 42.5, public-to-private feasibility 37.5, value creation score 25.8, credit risk 58.0, red flag 63.6, market-cap band Large-cap strategic / unlikely PE target. Tags: monitor.",48.9,41.4,38.5,42.5,37.5,25.8,58.0,63.6,79.5
BXP,"BXP, Inc.",Real Estate / REITs,Mid-cap possible public-to-private screen,Low Priority / Reject,data gaps,"Low Priority / Reject: public quality 22.1, investment score 41.4, platform score 36.9, public-to-private feasibility 54.7, value creation score 24.3, credit risk 38.4, red flag 61.8, market-cap band Mid-cap possible public-to-private screen. Tags: data gaps.",22.1,41.4,37.7,36.9,54.7,24.3,38.4,61.8,65.5
NCLH,Norwegian Cruise Line Holdings Ltd.,Travel / Leisure / Consumer Platforms,Mid-cap possible public-to-private screen,Low Priority / Reject,data gaps,"Low Priority / Reject: public quality 20.2, investment score 41.3, platform score 36.9, public-to-private feasibility 63.1, value creation score 7.5, credit risk 36.5, red flag 59.8, market-cap band Mid-cap possible public-to-private screen. Tags: data gaps.",20.2,41.3,35.4,36.9,63.1,7.5,36.5,59.8,63.5
BLK,"BlackRock, Inc.",Alternative Asset Managers / Market Infrastructure,Mega-cap benchmark / public quality comp,Low Priority / Reject,monitor,"Low Priority / Reject: public quality 47.1, investment score 41.2, platform score 30.9, public-to-private feasibility 20.1, value creation score 58.3, credit risk 31.6, red flag 44.4, market-cap band Mega-cap benchmark / public quality comp. Tags: monitor.",47.1,41.2,44.4,30.9,20.1,58.3,31.6,44.4,71.5
MAA,"Mid-America Apartment Communities, Inc.",Real Estate / REITs,Mid-cap possible public-to-private screen,Low Priority / Reject,public-to-private feasibility; heightened diligence risk; data gaps,"Low Priority / Reject: public quality 14.0, investment score 41.2, platform score 28.1, public-to-private feasibility 67.2, value creation score 23.1, credit risk 41.4, red flag 65.8, market-cap band Mid-cap possible public-to-private screen. Tags: public-to-private feasibility, heightened diligence risk, data gaps.",14.0,41.2,35.4,28.1,67.2,23.1,41.4,65.8,61.5
ADP,"Automatic Data Processing, Inc.",Business Services,Large-cap strategic / unlikely PE target,Low Priority / Reject,data gaps,"Low Priority / Reject: public quality 42.5, investment score 41.1, platform score 34.5, public-to-private feasibility 40.1, value creation score 29.3, credit risk 50.0, red flag 51.6, market-cap band Large-cap strategic / unlikely PE target. Tags: data gaps.",42.5,41.1,39.4,34.5,40.1,29.3,50.0,51.6,69.4
UNH,UnitedHealth Group Incorporated,Healthcare Services,Mega-cap benchmark / public quality comp,Low Priority / Reject,monitor,"Low Priority / Reject: public quality 40.4, investment score 41.0, platform score 28.0, public-to-private feasibility 32.4, value creation score 60.5, credit risk 63.6, red flag 55.7, market-cap band Mega-cap benchmark / public quality comp. Tags: monitor.",40.4,41.0,42.5,28.0,32.4,60.5,63.6,55.7,73.4
GS,"The Goldman Sachs Group, Inc.",Payments / Financial Services,Mid-cap possible public-to-private screen,Low Priority / Reject,heightened diligence risk; data gaps,"Low Priority / Reject: public quality 11.9, investment score 41.0, platform score 37.9, public-to-private feasibility 60.5, value creation score 27.1, credit risk 39.4, red flag 72.0, market-cap band Mid-cap possible public-to-private screen. Tags: heightened diligence risk, data gaps.",11.9,41.0,36.5,37.9,60.5,27.1,39.4,72.0,63.5
BX,Blackstone Inc.,Alternative Asset Managers / Market Infrastructure,Large-cap strategic / unlikely PE target,Low Priority / Reject,monitor,"Low Priority / Reject: public quality 48.8, investment score 40.9, platform score 37.4, public-to-private feasibility 21.6, value creation score 43.0, credit risk 33.8, red flag 43.5, market-cap band Large-cap strategic / unlikely PE target. Tags: monitor.",48.8,40.9,43.0,37.4,21.6,43.0,33.8,43.5,71.5
HON,Honeywell International Inc.,Industrials,Mega-cap benchmark / public quality comp,Low Priority / Reject,monitor,"Low Priority / Reject: public quality 51.2, investment score 40.9, platform score 38.1, public-to-private feasibility 28.8, value creation score 23.6, credit risk 29.3, red flag 47.4, market-cap band Mega-cap benchmark / public quality comp. Tags: monitor.",51.2,40.9,39.6,38.1,28.8,23.6,29.3,47.4,77.4
CSIQ,Canadian Solar Inc.,Energy Transition,Small/mid-cap platform candidate,Low Priority / Reject,heightened diligence risk; data gaps,"Low Priority / Reject: public quality 11.7, investment score 40.6, platform score 46.2, public-to-private feasibility 60.8, value creation score 20.7, credit risk 56.8, red flag 77.5, market-cap band Small/mid-cap platform candidate. Tags: heightened diligence risk, data gaps.",11.7,40.6,35.8,46.2,60.8,20.7,56.8,77.5,66.8
D,"Dominion Energy, Inc.",Infrastructure / Utilities-Like Assets,Large-cap strategic / unlikely PE target,Low Priority / Reject,monitor,"Low Priority / Reject: public quality 43.8, investment score 40.6, platform score 27.5, public-to-private feasibility 35.3, value creation score 39.3, credit risk 47.3, red flag 47.9, market-cap band Large-cap strategic / unlikely PE target. Tags: monitor.",43.8,40.6,40.2,27.5,35.3,39.3,47.3,47.9,71.5
AVB,"AvalonBay Communities, Inc.",Real Estate / REITs,Mid-cap possible public-to-private screen,Low Priority / Reject,data gaps,"Low Priority / Reject: public quality 30.4, investment score 40.6, platform score 43.0, public-to-private feasibility 47.8, value creation score 11.6, credit risk 30.5, red flag 59.7, market-cap band Mid-cap possible public-to-private screen. Tags: data gaps.",30.4,40.6,36.6,43.0,47.8,11.6,30.5,59.7,67.5
MMM,3M Company,Industrials,Large-cap strategic / unlikely PE target,Low Priority / Reject,monitor,"Low Priority / Reject: public quality 29.6, investment score 40.5, platform score 26.6, public-to-private feasibility 43.1, value creation score 51.6, credit risk 59.2, red flag 64.1, market-cap band Large-cap strategic / unlikely PE target. Tags: monitor.",29.6,40.5,39.4,26.6,43.1,51.6,59.2,64.1,75.5
V,Visa Inc.,Payments / Financial Services,Mega-cap benchmark / public quality comp,Low Priority / Reject,monitor,"Low Priority / Reject: public quality 53.6, investment score 40.4, platform score 37.9, public-to-private feasibility 25.2, value creation score 35.8, credit risk 43.9, red flag 52.6, market-cap band Mega-cap benchmark / public quality comp. Tags: monitor.",53.6,40.4,40.4,37.9,25.2,35.8,43.9,52.6,73.4
CBOE,"Cboe Global Markets, Inc.",Alternative Asset Managers / Market Infrastructure,Mid-cap possible public-to-private screen,Low Priority / Reject,heightened diligence risk; data gaps,"Low Priority / Reject: public quality 21.1, investment score 40.3, platform score 38.7, public-to-private feasibility 57.8, value creation score 17.0, credit risk 49.4, red flag 70.8, market-cap band Mid-cap possible public-to-private screen. Tags: heightened diligence risk, data gaps.",21.1,40.3,34.9,38.7,57.8,17.0,49.4,70.8,69.5
JPM,JPMorgan Chase & Co.,Payments / Financial Services,Mega-cap benchmark / public quality comp,Low Priority / Reject,monitor,"Low Priority / Reject: public quality 45.6, investment score 40.3, platform score 36.2, public-to-private feasibility 31.1, value creation score 30.7, credit risk 38.7, red flag 49.4, market-cap band Mega-cap benchmark / public quality comp. Tags: monitor.",45.6,40.3,39.8,36.2,31.1,30.7,38.7,49.4,71.5
CI,The Cigna Group,Healthcare Services,Large-cap strategic / unlikely PE target,Low Priority / Reject,data gaps,"Low Priority / Reject: public quality 30.7, investment score 40.1, platform score 23.9, public-to-private feasibility 39.3, value creation score 48.9, credit risk 42.6, red flag 51.5, market-cap band Large-cap strategic / unlikely PE target. Tags: data gaps.",30.7,40.1,40.3,23.9,39.3,48.9,42.6,51.5,67.5
NFLX,"Netflix, Inc.",Travel / Leisure / Consumer Platforms,Mega-cap benchmark / public quality comp,Low Priority / Reject,monitor,"Low Priority / Reject: public quality 53.8, investment score 40.1, platform score 35.2, public-to-private feasibility 20.8, value creation score 43.6, credit risk 52.4, red flag 46.2, market-cap band Mega-cap benchmark / public quality comp. Tags: monitor.",53.8,40.1,42.0,35.2,20.8,43.6,52.4,46.2,75.5
AES,The AES Corporation,Energy Transition,Mid-cap possible public-to-private screen,Low Priority / Reject,data gaps,"Low Priority / Reject: public quality 20.5, investment score 39.9, platform score 39.6, public-to-private feasibility 51.4, value creation score 21.1, credit risk 42.6, red flag 63.6, market-cap band Mid-cap possible public-to-private screen. Tags: data gaps.",20.5,39.9,36.5,39.6,51.4,21.1,42.6,63.6,65.4
INVH,Invitation Homes Inc.,Real Estate / REITs,Mid-cap possible public-to-private screen,Low Priority / Reject,data gaps,"Low Priority / Reject: public quality 17.7, investment score 39.9, platform score 30.8, public-to-private feasibility 56.2, value creation score 25.7, credit risk 38.1, red flag 61.7, market-cap band Mid-cap possible public-to-private screen. Tags: data gaps.",17.7,39.9,36.2,30.8,56.2,25.7,38.1,61.7,61.5
STT,State Street Corporation,Alternative Asset Managers / Market Infrastructure,Insufficient Data,Low Priority / Reject,data gaps,"Low Priority / Reject: public quality 46.4, investment score 39.7, platform score 29.4, public-to-private feasibility 24.4, value creation score 41.2, credit risk 17.0, red flag 44.8, market-cap band Insufficient Data. Tags: data gaps.",46.4,39.7,40.7,29.4,24.4,41.2,17.0,44.8,64.2
HOOD,"Robinhood Markets, Inc.",Payments / Financial Services,Large-cap strategic / unlikely PE target,Low Priority / Reject,data gaps,"Low Priority / Reject: public quality 51.3, investment score 39.7, platform score 36.2, public-to-private feasibility 24.5, value creation score 25.0, credit risk 33.4, red flag 36.3, market-cap band Large-cap strategic / unlikely PE target. Tags: data gaps.",51.3,39.7,40.5,36.2,24.5,25.0,33.4,36.3,67.5
DLR,"Digital Realty Trust, Inc.",Digital Infrastructure / Telecom Infrastructure,Large-cap strategic / unlikely PE target,Low Priority / Reject,data gaps,"Low Priority / Reject: public quality 40.5, investment score 39.6, platform score 27.9, public-to-private feasibility 33.2, value creation score 31.4, credit risk 25.4, red flag 41.9, market-cap band Large-cap strategic / unlikely PE target. Tags: data gaps.",40.5,39.6,39.4,27.9,33.2,31.4,25.4,41.9,65.4
IIPR,"Innovative Industrial Properties, Inc.",Digital Infrastructure / Telecom Infrastructure,Small/mid-cap platform candidate,Low Priority / Reject,heightened diligence risk; data gaps,"Low Priority / Reject: public quality 21.7, investment score 39.5, platform score 46.0, public-to-private feasibility 45.4, value creation score 22.0, credit risk 38.3, red flag 68.8, market-cap band Small/mid-cap platform candidate. Tags: heightened diligence risk, data gaps.",21.7,39.5,36.6,46.0,45.4,22.0,38.3,68.8,67.5
PENN,"PENN Entertainment, Inc.",Travel / Leisure / Consumer Platforms,Mid-cap possible public-to-private screen,Low Priority / Reject,heightened diligence risk; data gaps,"Low Priority / Reject: public quality 11.4, investment score 39.5, platform score 44.8, public-to-private feasibility 64.4, value creation score 8.7, credit risk 51.7, red flag 77.0, market-cap band Mid-cap possible public-to-private screen. Tags: heightened diligence risk, data gaps.",11.4,39.5,33.2,44.8,64.4,8.7,51.7,77.0,60.8
MAR,"Marriott International, Inc.",Consumer Services,Large-cap strategic / unlikely PE target,Low Priority / Reject,data gaps,"Low Priority / Reject: public quality 34.2, investment score 39.4, platform score 28.1, public-to-private feasibility 30.3, value creation score 50.5, credit risk 31.8, red flag 54.9, market-cap band Large-cap strategic / unlikely PE target. Tags: data gaps.",34.2,39.4,40.2,28.1,30.3,50.5,31.8,54.9,69.4
PSA,Public Storage,Real Estate / REITs,Large-cap strategic / unlikely PE target,Low Priority / Reject,data gaps,"Low Priority / Reject: public quality 30.2, investment score 39.1, platform score 27.4, public-to-private feasibility 38.1, value creation score 46.8, credit risk 37.0, red flag 64.3, market-cap band Large-cap strategic / unlikely PE target. Tags: data gaps.",30.2,39.1,38.0,27.4,38.1,46.8,37.0,64.3,67.5
SBUX,Starbucks Corporation,Consumer Services,Large-cap strategic / unlikely PE target,Low Priority / Reject,monitor,"Low Priority / Reject: public quality 36.0, investment score 39.0, platform score 31.3, public-to-private feasibility 35.6, value creation score 43.1, credit risk 61.3, red flag 61.1, market-cap band Large-cap strategic / unlikely PE target. Tags: monitor.",36.0,39.0,38.4,31.3,35.6,43.1,61.3,61.1,73.4
PH,Parker-Hannifin Corporation,Industrials,Large-cap strategic / unlikely PE target,Low Priority / Reject,data gaps,"Low Priority / Reject: public quality 38.3, investment score 38.5, platform score 30.1, public-to-private feasibility 27.0, value creation score 41.6, credit risk 32.3, red flag 50.7, market-cap band Large-cap strategic / unlikely PE target. Tags: data gaps.",38.3,38.5,39.3,30.1,27.0,41.6,32.3,50.7,69.4
REXR,"Rexford Industrial Realty, Inc.",Real Estate / REITs,Mid-cap possible public-to-private screen,Low Priority / Reject,data gaps,"Low Priority / Reject: public quality 10.3, investment score 38.3, platform score 37.9, public-to-private feasibility 56.6, value creation score 9.3, credit risk 33.4, red flag 61.1, market-cap band Mid-cap possible public-to-private screen. Tags: data gaps.",10.3,38.3,34.0,37.9,56.6,9.3,33.4,61.1,61.5
AKAM,"Akamai Technologies, Inc.",Digital Infrastructure / Telecom Infrastructure,Mid-cap possible public-to-private screen,Low Priority / Reject,data gaps,"Low Priority / Reject: public quality 18.8, investment score 38.2, platform score 35.3, public-to-private feasibility 52.6, value creation score 12.4, credit risk 35.4, red flag 62.1, market-cap band Mid-cap possible public-to-private screen. Tags: data gaps.",18.8,38.2,33.9,35.3,52.6,12.4,35.4,62.1,63.5
CAT,Caterpillar Inc.,Industrials,Mega-cap benchmark / public quality comp,Low Priority / Reject,monitor,"Low Priority / Reject: public quality 40.6, investment score 37.9, platform score 28.0, public-to-private feasibility 28.1, value creation score 43.7, credit risk 52.6, red flag 56.0, market-cap band Mega-cap benchmark / public quality comp. Tags: monitor.",40.6,37.9,38.2,28.0,28.1,43.7,52.6,56.0,73.4
BAC,Bank of America Corporation,Payments / Financial Services,Mega-cap benchmark / public quality comp,Low Priority / Reject,data gaps,"Low Priority / Reject: public quality 40.0, investment score 37.8, platform score 22.8, public-to-private feasibility 25.6, value creation score 39.3, credit risk 28.4, red flag 38.4, market-cap band Mega-cap benchmark / public quality comp. Tags: data gaps.",40.0,37.8,39.4,22.8,25.6,39.3,28.4,38.4,67.5
STEM,"Stem, Inc.",Energy Transition,Distressed/special situations watchlist,Low Priority / Reject,data gaps,"Low Priority / Reject: public quality 37.8, investment score 37.4, platform score 34.9, public-to-private feasibility 25.2, value creation score 28.0, credit risk 38.1, red flag 41.7, market-cap band Distressed/special situations watchlist. Tags: data gaps.",37.8,37.4,38.8,34.9,25.2,28.0,38.1,41.7,68.8
CHTR,"Charter Communications, Inc.",Digital Infrastructure / Telecom Infrastructure,Large-cap strategic / unlikely PE target,Low Priority / Reject,credit watch; heightened diligence risk,"Low Priority / Reject: public quality 34.3, investment score 37.1, platform score 31.7, public-to-private feasibility 35.4, value creation score 40.4, credit risk 75.4, red flag 68.2, market-cap band Large-cap strategic / unlikely PE target. Tags: credit watch, heightened diligence risk.",34.3,37.1,36.0,31.7,35.4,40.4,75.4,68.2,75.5
XEL,Xcel Energy Inc.,Infrastructure / Utilities-Like Assets,Large-cap strategic / unlikely PE target,Low Priority / Reject,data gaps,"Low Priority / Reject: public quality 31.0, investment score 37.0, platform score 27.7, public-to-private feasibility 47.5, value creation score 12.5, credit risk 43.9, red flag 60.8, market-cap band Large-cap strategic / unlikely PE target. Tags: data gaps.",31.0,37.0,32.3,27.7,47.5,12.5,43.9,60.8,67.5
URI,"United Rentals, Inc.",Industrials,Large-cap strategic / unlikely PE target,Low Priority / Reject,heightened diligence risk,"Low Priority / Reject: public quality 42.9, investment score 36.6, platform score 41.2, public-to-private feasibility 29.4, value creation score 16.1, credit risk 39.1, red flag 65.9, market-cap band Large-cap strategic / unlikely PE target. Tags: heightened diligence risk.",42.9,36.6,33.9,41.2,29.4,16.1,39.1,65.9,71.5
WEC,"WEC Energy Group, Inc.",Infrastructure / Utilities-Like Assets,Large-cap strategic / unlikely PE target,Low Priority / Reject,credit watch; heightened diligence risk,"Low Priority / Reject: public quality 34.7, investment score 36.3, platform score 23.0, public-to-private feasibility 39.1, value creation score 40.8, credit risk 75.1, red flag 68.6, market-cap band Large-cap strategic / unlikely PE target. Tags: credit watch, heightened diligence risk.",34.7,36.3,34.3,23.0,39.1,40.8,75.1,68.6,71.5
AMH,American Homes 4 Rent,Real Estate / REITs,Mid-cap possible public-to-private screen,Low Priority / Reject,heightened diligence risk; data gaps,"Low Priority / Reject: public quality 8.9, investment score 35.8, platform score 35.9, public-to-private feasibility 57.1, value creation score 7.9, credit risk 43.6, red flag 70.6, market-cap band Mid-cap possible public-to-private screen. Tags: heightened diligence risk, data gaps.",8.9,35.8,30.6,35.9,57.1,7.9,43.6,70.6,55.5
CPRT,"Copart, Inc.",Business Services,Mid-cap possible public-to-private screen,Low Priority / Reject,data gaps,"Low Priority / Reject: public quality 16.7, investment score 35.7, platform score 30.7, public-to-private feasibility 48.6, value creation score 13.9, credit risk 40.6, red flag 63.5, market-cap band Mid-cap possible public-to-private screen. Tags: data gaps.",16.7,35.7,31.8,30.7,48.6,13.9,40.6,63.5,63.5
APP,AppLovin Corporation,Software / SaaS,Mega-cap benchmark / public quality comp,Low Priority / Reject,monitor,"Low Priority / Reject: public quality 54.7, investment score 35.7, platform score 37.2, public-to-private feasibility 17.0, value creation score 20.5, credit risk 50.0, red flag 48.8, market-cap band Mega-cap benchmark / public quality comp. Tags: monitor.",54.7,35.7,36.0,37.2,17.0,20.5,50.0,48.8,71.5
MCD,McDonald's Corporation,Consumer Services,Mega-cap benchmark / public quality comp,Low Priority / Reject,monitor,"Low Priority / Reject: public quality 47.6, investment score 35.5, platform score 31.4, public-to-private feasibility 23.7, value creation score 29.7, credit risk 59.0, red flag 59.8, market-cap band Mega-cap benchmark / public quality comp. Tags: monitor.",47.6,35.5,34.7,31.4,23.7,29.7,59.0,59.8,73.4
LBRDK,Liberty Broadband Corporation,Digital Infrastructure / Telecom Infrastructure,Small/mid-cap platform candidate,Low Priority / Reject,heightened diligence risk; data gaps,"Low Priority / Reject: public quality 11.4, investment score 35.5, platform score 42.9, public-to-private feasibility 58.8, value creation score 2.8, credit risk 62.0, red flag 77.8, market-cap band Small/mid-cap platform candidate. Tags: heightened diligence risk, data gaps.",11.4,35.5,29.7,42.9,58.8,2.8,62.0,77.8,54.2
VZ,Verizon Communications Inc.,Digital Infrastructure / Telecom Infrastructure,Mega-cap benchmark / public quality comp,Low Priority / Reject,data gaps,"Low Priority / Reject: public quality 30.7, investment score 35.5, platform score 22.5, public-to-private feasibility 33.2, value creation score 40.0, credit risk 50.6, red flag 62.3, market-cap band Mega-cap benchmark / public quality comp. Tags: data gaps.",30.7,35.5,34.5,22.5,33.2,40.0,50.6,62.3,69.4
KKR,KKR & Co. Inc.,Alternative Asset Managers / Market Infrastructure,Large-cap strategic / unlikely PE target,Low Priority / Reject,data gaps,"Low Priority / Reject: public quality 41.4, investment score 34.5, platform score 35.4, public-to-private feasibility 18.7, value creation score 22.0, credit risk 31.1, red flag 51.6, market-cap band Large-cap strategic / unlikely PE target. Tags: data gaps.",41.4,34.5,34.8,35.4,18.7,22.0,31.1,51.6,67.5
TSLA,"Tesla, Inc.",Energy Transition,Mega-cap benchmark / public quality comp,Low Priority / Reject,monitor,"Low Priority / Reject: public quality 34.4, investment score 33.7, platform score 26.9, public-to-private feasibility 23.1, value creation score 24.3, credit risk 26.9, red flag 55.0, market-cap band Mega-cap benchmark / public quality comp. Tags: monitor.",34.4,33.7,33.0,26.9,23.1,24.3,26.9,55.0,73.4
GLW,Corning Incorporated,Digital Infrastructure / Telecom Infrastructure,Mega-cap benchmark / public quality comp,Low Priority / Reject,monitor,"Low Priority / Reject: public quality 35.8, investment score 32.9, platform score 20.2, public-to-private feasibility 16.3, value creation score 41.7, credit risk 39.6, red flag 50.4, market-cap band Mega-cap benchmark / public quality comp. Tags: monitor.",35.8,32.9,34.8,20.2,16.3,41.7,39.6,50.4,71.5
BK,Bank of New York Mellon Corp,Alternative Asset Managers / Market Infrastructure,Distressed/special situations watchlist,Low Priority / Reject,data gaps,"Low Priority / Reject: public quality 21.9, investment score 32.6, platform score 10.2, public-to-private feasibility 29.0, value creation score 39.4, credit risk 31.4, red flag 45.5, market-cap band Distressed/special situations watchlist. Tags: data gaps.",21.9,32.6,33.5,10.2,29.0,39.4,31.4,45.5,63.5
EQR,Equity Residential,Real Estate / REITs,Mid-cap possible public-to-private screen,Low Priority / Reject,heightened diligence risk; data gaps,"Low Priority / Reject: public quality 9.4, investment score 31.7, platform score 24.7, public-to-private feasibility 48.5, value creation score 10.9, credit risk 39.9, red flag 70.6, market-cap band Mid-cap possible public-to-private screen. Tags: heightened diligence risk, data gaps.",9.4,31.7,27.2,24.7,48.5,10.9,39.9,70.6,55.5
WELL,Welltower Inc.,Real Estate / REITs,Mega-cap benchmark / public quality comp,Low Priority / Reject,data gaps,"Low Priority / Reject: public quality 31.2, investment score 31.2, platform score 15.2, public-to-private feasibility 21.0, value creation score 30.6, credit risk 30.9, red flag 46.0, market-cap band Mega-cap benchmark / public quality comp. Tags: data gaps.",31.2,31.2,32.1,15.2,21.0,30.6,30.9,46.0,61.5
PLD,"Prologis, Inc.",Real Estate / REITs,Mega-cap benchmark / public quality comp,Low Priority / Reject,data gaps,"Low Priority / Reject: public quality 35.8, investment score 30.4, platform score 27.0, public-to-private feasibility 18.0, value creation score 16.6, credit risk 29.8, red flag 59.0, market-cap band Mega-cap benchmark / public quality comp. Tags: data gaps.",35.8,30.4,29.4,27.0,18.0,16.6,29.8,59.0,67.5
ARE,"Alexandria Real Estate Equities, Inc.",Real Estate / REITs,Mid-cap possible public-to-private screen,Low Priority / Reject,heightened diligence risk; data gaps,"Low Priority / Reject: public quality 5.0, investment score 29.7, platform score 24.5, public-to-private feasibility 51.4, value creation score 4.3, credit risk 51.8, red flag 75.3, market-cap band Mid-cap possible public-to-private screen. Tags: heightened diligence risk, data gaps.",5.0,29.7,24.4,24.5,51.4,4.3,51.8,75.3,52.8
TJX,"The TJX Companies, Inc.",Consumer Services,Mega-cap benchmark / public quality comp,Low Priority / Reject,heightened diligence risk; data gaps,"Low Priority / Reject: public quality 24.7, investment score 28.9, platform score 18.6, public-to-private feasibility 27.8, value creation score 20.6, credit risk 46.8, red flag 67.2, market-cap band Mega-cap benchmark / public quality comp. Tags: heightened diligence risk, data gaps.",24.7,28.9,26.7,18.6,27.8,20.6,46.8,67.2,67.5
CCOI,"Cogent Communications Holdings, Inc.",Digital Infrastructure / Telecom Infrastructure,Small/mid-cap platform candidate,Low Priority / Reject,heightened diligence risk; data gaps,"Low Priority / Reject: public quality 5.0, investment score 28.5, platform score 33.2, public-to-private feasibility 33.0, value creation score 19.0, credit risk 53.1, red flag 76.8, market-cap band Small/mid-cap platform candidate. Tags: heightened diligence risk, data gaps.",5.0,28.5,27.0,33.2,33.0,19.0,53.1,76.8,60.8
QS,QuantumScape Corporation,Energy Transition,Small/mid-cap platform candidate,Low Priority / Reject,heightened diligence risk; data gaps,"Low Priority / Reject: public quality 6.1, investment score 28.4, platform score 33.4, public-to-private feasibility 33.5, value creation score 14.9, credit risk 52.2, red flag 74.3, market-cap band Small/mid-cap platform candidate. Tags: heightened diligence risk, data gaps.",6.1,28.4,26.7,33.4,33.5,14.9,52.2,74.3,58.2
DUK,Duke Energy Corporation,Infrastructure / Utilities-Like Assets,Mega-cap benchmark / public quality comp,Low Priority / Reject,credit watch; heightened diligence risk; data gaps,"Low Priority / Reject: public quality 26.9, investment score 26.8, platform score 17.7, public-to-private feasibility 26.6, value creation score 16.7, credit risk 67.1, red flag 71.0, market-cap band Mega-cap benchmark / public quality comp. Tags: credit watch, heightened diligence risk, data gaps.",26.9,26.8,24.3,17.7,26.6,16.7,67.1,71.0,67.5
DTE,DTE Energy Company,Infrastructure / Utilities-Like Assets,Large-cap strategic / unlikely PE target,Low Priority / Reject,heightened diligence risk; data gaps,"Low Priority / Reject: public quality 16.0, investment score 26.7, platform score 16.3, public-to-private feasibility 37.0, value creation score 9.2, credit risk 56.9, red flag 74.9, market-cap band Large-cap strategic / unlikely PE target. Tags: heightened diligence risk, data gaps.",16.0,26.7,22.3,16.3,37.0,9.2,56.9,74.9,63.5
DE,Deere & Company,Industrials,Mega-cap benchmark / public quality comp,Low Priority / Reject,data gaps,"Low Priority / Reject: public quality 10.9, investment score 23.2, platform score 7.1, public-to-private feasibility 19.6, value creation score 23.4, credit risk 41.2, red flag 61.6, market-cap band Mega-cap benchmark / public quality comp. Tags: data gaps.",10.9,23.2,23.1,7.1,19.6,23.4,41.2,61.6,63.5
WFC,Wells Fargo & Company,Payments / Financial Services,Mega-cap benchmark / public quality comp,Low Priority / Reject,heightened diligence risk; data gaps,"Low Priority / Reject: public quality 15.5, investment score 20.0, platform score 15.3, public-to-private feasibility 17.8, value creation score 5.7, credit risk 57.3, red flag 78.0, market-cap band Mega-cap benchmark / public quality comp. Tags: heightened diligence risk, data gaps.",15.5,20.0,17.4,15.3,17.8,5.7,57.3,78.0,63.5
MS,Morgan Stanley,Payments / Financial Services,Mega-cap benchmark / public quality comp,Low Priority / Reject,heightened diligence risk; data gaps,"Low Priority / Reject: public quality 10.3, investment score 18.7, platform score 5.8, public-to-private feasibility 15.7, value creation score 11.2, credit risk 40.8, red flag 71.8, market-cap band Mega-cap benchmark / public quality comp. Tags: heightened diligence risk, data gaps.",10.3,18.7,17.0,5.8,15.7,11.2,40.8,71.8,59.5
PINC,"Premier, Inc.",Healthcare Services,Small/mid-cap platform candidate,Insufficient Data,heightened diligence risk; data gaps,"Insufficient Data: public quality 1.4, investment score 25.8, platform score 29.1, public-to-private feasibility 36.3, value creation score 11.2, credit risk 38.2, red flag 71.9, market-cap band Small/mid-cap platform candidate. Tags: heightened diligence risk, data gaps.",1.4,25.8,24.5,29.1,36.3,11.2,38.2,71.9,26.5
TRI,Thomson Reuters Corporation,Business Services,Mid-cap possible public-to-private screen,Insufficient Data,heightened diligence risk; data gaps,"Insufficient Data: public quality 5.6, investment score 23.5, platform score 22.8, public-to-private feasibility 38.1, value creation score 3.1, credit risk 52.9, red flag 77.0, market-cap band Mid-cap possible public-to-private screen. Tags: heightened diligence risk, data gaps.",5.6,23.5,20.3,22.8,38.1,3.1,52.9,77.0,29.1
ASGN,ASGN Inc,Business Services,Small/mid-cap platform candidate,Insufficient Data,heightened diligence risk; data gaps,"Insufficient Data: public quality 1.7, investment score 21.4, platform score 29.2, public-to-private feasibility 29.8, value creation score 2.6, credit risk 55.3, red flag 79.1, market-cap band Small/mid-cap platform candidate. Tags: heightened diligence risk, data gaps.",1.7,21.4,19.7,29.2,29.8,2.6,55.3,79.1,29.1
