ticker,company_name,question,answer,evidence_summary,key_points,risks,diligence_follow_ups,cited_chunks,evidence_strength,generation_mode,model_name,llm_warning,unsupported_claim_warning,citation_coverage,evidence_overlap_score,banned_language_count,no_answer_flag,generated_at,question_id
HUBS,"HubSpot, Inc.",What are the company's main revenue drivers?,"Retrieved evidence indicates that this diligence question is most directly supported by MD&A, Liquidity and Capital Resources filing passages. The strongest passages should be reviewed in the source filing before drawing a diligence conclusion. Cited chunks: HUBS-10-K-200, HUBS-10-K-201, HUBS-10-K-194, HUBS-10-K-021, HUBS-10-K-303.","name, URL, or email address indicate that these subscriptions are managed by the same business entity. Average Subscription Revenue per Customer. We believe that our ability to increase the Average Subscription Revenue per Customer is an indicator of our ability to grow the long-term value of our existing customer relationships. We define Average Subscription Revenue per Customer during a particular period as subscription revenue from our Customers during the period divided by the average Customers during the same period. Net Revenue Retention. We believe that our ability to retain and expand a customer relationship is an indicator of the sta Retained Subscription Revenue by Retention Base Revenue in the given period, calculating the weighted average of these rates using the Retention Base Revenue for the period, and then annualizing the resulting rates. In 2025, we adjusted our calculation to remove the impact of commissions owed to Solutions Partners that are no longer eligible to receive commissions due to our change in duration and eligibility of lifetime commissions to better align with the value delivered to customers. We reported Net Revenue Retention of 102.2% in 2024 and 1","[""name, URL, or email address indicate that these subscriptions are managed by the same business entity. Average Subscription Revenue per Customer. We believe that our ability to increase the Average Subscription Revenue p"", ""Retained Subscription Revenue by Retention Base Revenue in the given period, calculating the weighted average of these rates using the Retention Base Revenue for the period, and then annualizing the resulting rates. In 2"", ""integrated applications to meet the needs of the various customers we serve. We also generate revenue through usage and consumption-based models. Customers pay additional fees if the number of contacts stored and tracked""]","[""Evidence is public filing text and may not cover all diligence topics.""]","[""Review cited filing sections in full."", ""Tie filing statements back to structured financial metrics and peer benchmarks.""]",HUBS-10-K-200; HUBS-10-K-201; HUBS-10-K-194; HUBS-10-K-021; HUBS-10-K-303,0.1295806778433146,deterministic,,,False,1.0,0.7699115044247787,0,False,2026-05-28T16:43:37+00:00,revenue_drivers
HUBS,"HubSpot, Inc.",What does the company say about customer concentration?,"Retrieved evidence indicates that this diligence question is most directly supported by MD&A filing passages. The strongest passages should be reviewed in the source filing before drawing a diligence conclusion. Cited chunks: HUBS-10-K-199, HUBS-10-K-195, HUBS-10-K-029, HUBS-10-K-028, HUBS-10-K-153.","key business metrics used by other companies. Year Ended December 31, 2025 2024 2023 Customers 288,706 247,939 205,091 Average Subscription Revenue per Customer $ 11,414 $ 11,343 $ 11,384 Net Revenue Retention 103.5 % 101.8 % 103.0 % Customers . We believe that our ability to increase our customer base is an indicator of our market penetration, the growth of our business, and our potential future business opportunities as we continue to expand our sales force and invest in marketing efforts. We define our Customers at the end of a particular period as the number of business entities with one or more paid subscriptions to our customer platform to help customers enhance their ability to attract, engage and delight their customers using our customer platform. Professional services and other revenue, which includes revenue from Payments, accounted for 2% of total revenue for the years ended December 31, 2025, 2024, and 2023. We have focused on rapidly growing our business and plan to continue to make investments to help us address some of the challenges facing us to support this growth, such as demand for our customer platform by existing and new customers, significant competition from","[""key business metrics used by other companies. Year Ended December 31, 2025 2024 2023 Customers 288,706 247,939 205,091 Average Subscription Revenue per Customer $ 11,414 $ 11,343 $ 11,384 Net Revenue Retention 103.5 % 10"", ""to help customers enhance their ability to attract, engage and delight their customers using our customer platform. Professional services and other revenue, which includes revenue from Payments, accounted for 2% of total"", ""the needs of our customers as their businesses grow. Businesses that want to use software outside of our customer platform can leverage our ecosystem of third-party integrations from our platform application partners to ""]","[""Evidence is public filing text and may not cover all diligence topics.""]","[""Review cited filing sections in full."", ""Tie filing statements back to structured financial metrics and peer benchmarks.""]",HUBS-10-K-199; HUBS-10-K-195; HUBS-10-K-029; HUBS-10-K-028; HUBS-10-K-153,0.1439177703955975,deterministic,,,False,1.0,0.8070175438596491,0,False,2026-05-28T16:43:37+00:00,customer_concentration
HUBS,"HubSpot, Inc.",What are the main liquidity risks?,"Retrieved evidence indicates that this diligence question is most directly supported by MD&A filing passages. The strongest passages should be reviewed in the source filing before drawing a diligence conclusion. Cited chunks: HUBS-10-K-083, HUBS-10-K-176, HUBS-10-K-045, HUBS-10-K-021, HUBS-10-K-183.","market value of certain securities in our portfolio and investments in some financial instruments could pose risks arising from market liquidity and credit concerns, which could adversely affect our financial results. Economic uncertainty may lead to decreased demand for our products and services and otherwise harm our business and results of operations. Our overall performance depends, in part, on worldwide economic conditions. Impacts of economic weakness include: • falling overall demand for goods and services, leading to reduced profitability; • reduced credit availability; • higher borrowing costs; • reduced liquidity; • changes in the l are not within our control, including the emergence and spread of more transmissible variants and the degree of transmissibility and severity thereof. The extent to which global pandemics, impact our financial condition or results of operations will depend on factors, such as the duration and scope of the pandemic, as well as whether there is a material impact on the businesses or productivity of our customers, partners, employees, suppliers and other partners. To the extent that a pandemic, harms our business and results of operations, many o","[""market value of certain securities in our portfolio and investments in some financial instruments could pose risks arising from market liquidity and credit concerns, which could adversely affect our financial results. Ec"", ""are not within our control, including the emergence and spread of more transmissible variants and the degree of transmissibility and severity thereof. The extent to which global pandemics, impact our financial condition "", ""by reference into this Annual Report on Form 10-K or in any other report or document we file with the SEC, and any references to our websites are intended to be inactive textual references only. 15 Item 1A. RI SK FACTORS""]","[""Evidence is public filing text and may not cover all diligence topics.""]","[""Review cited filing sections in full."", ""Tie filing statements back to structured financial metrics and peer benchmarks.""]",HUBS-10-K-083; HUBS-10-K-176; HUBS-10-K-045; HUBS-10-K-021; HUBS-10-K-183,0.1325259863827227,deterministic,,,False,1.0,0.8372093023255814,0,False,2026-05-28T16:43:37+00:00,liquidity_risks
HUBS,"HubSpot, Inc.",What does management say about debt obligations?,"Retrieved evidence indicates that this diligence question is most directly supported by Liquidity and Capital Resources, MD&A filing passages. The strongest passages should be reviewed in the source filing before drawing a diligence conclusion. Cited chunks: HUBS-10-K-266, HUBS-10-K-185, HUBS-10-K-284, HUBS-10-K-181, HUBS-10-K-268.","classified as long-term in the consolidated balance sheets. The Company classifies its debt investments with readily determinable market values as available-for-sale. These debt investments are classified as investments on the consolidated balance sheets and are carried at fair market value. For available-for-sale debt securities, any realized gains and losses are determined based on the specific identification method and are reported in other income (expense) in the consolidated statements of operations. For securities in an unrealized loss position, the Company first assesses whether it intends to sell or if it is more likely than not that matters to the board of directors. As appropriate, the board of directors also receives information regarding cybersecurity incidents as well as ongoing updates regarding mitigation of any such incidents until they have been resolved. Management’s role in assessing and managing cybersecurity risk : Our risk management program for cybersecurity is led by the HubSpot Security & Privacy Committee, which we refer to as the Committee. The Committee oversees our information and technology risk management, compliance, and control functions, and serve","[""classified as long-term in the consolidated balance sheets. The Company classifies its debt investments with readily determinable market values as available-for-sale. These debt investments are classified as investments "", ""matters to the board of directors. As appropriate, the board of directors also receives information regarding cybersecurity incidents as well as ongoing updates regarding mitigation of any such incidents until they have "", ""same periods when the hedged transactions are recognized in the consolidated statements of operations. For derivative instruments not designated as cash flow hedges, changes in the value of the foreign exchange contracts""]","[""Evidence is public filing text and may not cover all diligence topics.""]","[""Review cited filing sections in full."", ""Tie filing statements back to structured financial metrics and peer benchmarks.""]",HUBS-10-K-266; HUBS-10-K-185; HUBS-10-K-284; HUBS-10-K-181; HUBS-10-K-268,0.1147864063956072,deterministic,,,False,1.0,0.8,0,False,2026-05-28T16:43:37+00:00,debt_obligations
HUBS,"HubSpot, Inc.",What risks could pressure margins?,"Retrieved evidence indicates that this diligence question is most directly supported by MD&A filing passages. The strongest passages should be reviewed in the source filing before drawing a diligence conclusion. Cited chunks: HUBS-10-K-063, HUBS-10-K-176, HUBS-10-K-045, HUBS-10-K-082, HUBS-10-K-084.","to our customer platform to mid-sized businesses, but we have sold and will continue to sell to organizations ranging from small businesses to enterprises. Our gross margins can vary depending on numerous factors related to the implementation and use of our customer platform, including the sophistication and intensity of our customers’ use of our platform and the level of professional services and support required by a customer. Sales to enterprise customers may entail longer sales cycles and more significant selling efforts. Selling to small businesses may involve greater credit risk and uncertainty. If there are changes in the mix of busine are not within our control, including the emergence and spread of more transmissible variants and the degree of transmissibility and severity thereof. The extent to which global pandemics, impact our financial condition or results of operations will depend on factors, such as the duration and scope of the pandemic, as well as whether there is a material impact on the businesses or productivity of our customers, partners, employees, suppliers and other partners. To the extent that a pandemic, harms our business and results of operations, many o","[""to our customer platform to mid-sized businesses, but we have sold and will continue to sell to organizations ranging from small businesses to enterprises. Our gross margins can vary depending on numerous factors related"", ""are not within our control, including the emergence and spread of more transmissible variants and the degree of transmissibility and severity thereof. The extent to which global pandemics, impact our financial condition "", ""by reference into this Annual Report on Form 10-K or in any other report or document we file with the SEC, and any references to our websites are intended to be inactive textual references only. 15 Item 1A. RI SK FACTORS""]","[""Evidence is public filing text and may not cover all diligence topics.""]","[""Review cited filing sections in full."", ""Tie filing statements back to structured financial metrics and peer benchmarks.""]",HUBS-10-K-063; HUBS-10-K-176; HUBS-10-K-045; HUBS-10-K-082; HUBS-10-K-084,0.1225560789072992,deterministic,,,False,1.0,0.8225806451612904,0,False,2026-05-28T16:43:37+00:00,margin_pressure
HUBS,"HubSpot, Inc.",What capex or investment requirements are disclosed?,"Retrieved evidence indicates that this diligence question is most directly supported by MD&A, Liquidity and Capital Resources filing passages. The strongest passages should be reviewed in the source filing before drawing a diligence conclusion. Cited chunks: HUBS-10-K-151, HUBS-10-K-269, HUBS-10-K-150, HUBS-10-K-069, HUBS-10-K-164.","stock may decrease significantly. From time to time, we may invest funds in social impact investment funds, and may receive no return on our investment or lose our entire investment. From time to time, we may invest in social impact investment funds. As of December 31, 2025, we have invested $12.2 million in the National Strategic Investments Impact Fund (f/k/a the Black Economic Development Fund) and $7.5 million in support of Minority Depository Institutions to help close the racial wealth, health and opportunity gap. There is no guarantee as to the performance of this investment or any similar investments we make in the future. Depending o in orderly transactions for the identical or a similar investment of the same issuer. On a quarterly basis, the Company performs a qualitative assessment to evaluate whether the investment is impaired. If there are sufficient indicators that the fair value of the investment is less than the carrying value, the carrying value of the investment is reduced and an impairment is recorded in the consolidated statements of operations in other income (expense). T he Company has certain other non-marketable strategic investments that do not qualify for","[""stock may decrease significantly. From time to time, we may invest funds in social impact investment funds, and may receive no return on our investment or lose our entire investment. From time to time, we may invest in s"", ""in orderly transactions for the identical or a similar investment of the same issuer. On a quarterly basis, the Company performs a qualitative assessment to evaluate whether the investment is impaired. If there are suffi"", ""become consistently profitable, and, even if we do, we may not be able to maintain or increase our level of profitability. We have spent and intend to continue to expend significant funds on our marketing, sales, custome""]","[""Evidence is public filing text and may not cover all diligence topics.""]","[""Review cited filing sections in full."", ""Tie filing statements back to structured financial metrics and peer benchmarks.""]",HUBS-10-K-151; HUBS-10-K-269; HUBS-10-K-150; HUBS-10-K-069; HUBS-10-K-164,0.1560349769024345,deterministic,,,False,1.0,0.8032786885245902,0,False,2026-05-28T16:43:37+00:00,capex_requirements
HUBS,"HubSpot, Inc.",What does management say about competition?,"Retrieved evidence indicates that this diligence question is most directly supported by Business, Legal / Regulatory Matters, Risk Factors filing passages. The strongest passages should be reviewed in the source filing before drawing a diligence conclusion. Cited chunks: HUBS-10-K-012, HUBS-10-K-014, HUBS-10-K-013, HUBS-10-K-185, HUBS-10-K-181.","ITEM 1. Business 7 Legal Proceedings 45 ITEM 4. Mine Safety Disclosures 45 PART II ITEM 5. Market for Registrant’s Common Equity, Related Stockholder Matters and Issuer Purchases of Equity Securities 46 ITEM 6. [Reserved] 47 ITEM 1A. Risk Factors 16 ITEM 1B. Unresolved Staff Comments 44 ITEM 1C. Cybersecurity 44 ITEM 2. Properties 45 ITEM 3.","[""ITEM 1. Business 7"", ""Legal Proceedings 45 ITEM 4. Mine Safety Disclosures 45 PART II ITEM 5. Market for Registrant\u2019s Common Equity, Related Stockholder Matters and Issuer Purchases of Equity Securities 46 ITEM 6. [Reserved] 47"", ""ITEM 1A. Risk Factors 16 ITEM 1B. Unresolved Staff Comments 44 ITEM 1C. Cybersecurity 44 ITEM 2. Properties 45 ITEM 3.""]","[""Evidence is public filing text and may not cover all diligence topics.""]","[""Review cited filing sections in full."", ""Tie filing statements back to structured financial metrics and peer benchmarks.""]",HUBS-10-K-012; HUBS-10-K-014; HUBS-10-K-013; HUBS-10-K-185; HUBS-10-K-181,0.08,deterministic,,,False,1.0,0.5283018867924528,0,False,2026-05-28T16:43:37+00:00,competition
HUBS,"HubSpot, Inc.",Are there regulatory or litigation risks?,"Retrieved evidence indicates that this diligence question is most directly supported by MD&A, Legal / Regulatory Matters, Risk Factors filing passages. The strongest passages should be reviewed in the source filing before drawing a diligence conclusion. Cited chunks: HUBS-10-K-171, HUBS-10-K-176, HUBS-10-K-014, HUBS-10-K-013, HUBS-10-K-012.","civil and criminal penalties or injunctions. Adverse litigation results could affect our business. From time to time we may become involved in legal proceedings or be subject to claims arising in the ordinary course of our business. Litigation can be lengthy, expensive and disruptive to our operations, and can divert our management’s attention away from running our core business. The results of our litigation also cannot be predicted with certainty. Even a favorable judgment may be subject to appeals leading to protracted litigation, additional costs and the prospect that our desired outcome will be overturned. An adverse decision could resul are not within our control, including the emergence and spread of more transmissible variants and the degree of transmissibility and severity thereof. The extent to which global pandemics, impact our financial condition or results of operations will depend on factors, such as the duration and scope of the pandemic, as well as whether there is a material impact on the businesses or productivity of our customers, partners, employees, suppliers and other partners. To the extent that a pandemic, harms our business and results of operations, many o","[""civil and criminal penalties or injunctions. Adverse litigation results could affect our business. From time to time we may become involved in legal proceedings or be subject to claims arising in the ordinary course of o"", ""are not within our control, including the emergence and spread of more transmissible variants and the degree of transmissibility and severity thereof. The extent to which global pandemics, impact our financial condition "", ""Legal Proceedings 45 ITEM 4. Mine Safety Disclosures 45 PART II ITEM 5. Market for Registrant\u2019s Common Equity, Related Stockholder Matters and Issuer Purchases of Equity Securities 46 ITEM 6. [Reserved] 47""]","[""Evidence is public filing text and may not cover all diligence topics.""]","[""Review cited filing sections in full."", ""Tie filing statements back to structured financial metrics and peer benchmarks.""]",HUBS-10-K-171; HUBS-10-K-176; HUBS-10-K-014; HUBS-10-K-013; HUBS-10-K-012,0.0850157441693072,deterministic,,,False,1.0,0.8120300751879699,0,False,2026-05-28T16:43:37+00:00,regulatory_litigation
HUBS,"HubSpot, Inc.",What are the key risk factors?,"Retrieved evidence indicates that this diligence question is most directly supported by Risk Factors, MD&A filing passages. The strongest passages should be reviewed in the source filing before drawing a diligence conclusion. Cited chunks: HUBS-10-K-013, HUBS-10-K-019, HUBS-10-K-074, HUBS-10-K-181, HUBS-10-K-198.","ITEM 1A. Risk Factors 16 ITEM 1B. Unresolved Staff Comments 44 ITEM 1C. Cybersecurity 44 ITEM 2. Properties 45 ITEM 3. reflect events or circumstances after the date of this Annual Report on Form 10-K or to reflect new information or the occurrence of unanticipated events, except as required by law. We may not actually achieve the plans, intentions or expectations disclosed in our forward-looking statements and you should not place undue reliance on our forward-looking statements. Our forward-looking statements do not reflect the potential impact of any future acquisitions, mergers, dispositions, joint ventures, or investments we may make. In this Annual Report on Form 10-K, the terms “HubSpot,” “we,” “us,” and “our” refer to HubSpot, Inc. and its subsidiarie team and other key employees, and the loss of one or more key employees could harm our business. Our success and future growth depend upon the continued services of our management team, including our co-founder, Dharmesh Shah, our chief executive officer, Yamini Rangan, and other key employees in the areas of research and development, 22 marketing, sales, services, operations, and general and administrative functions. From tim","[""ITEM 1A. Risk Factors 16 ITEM 1B. Unresolved Staff Comments 44 ITEM 1C. Cybersecurity 44 ITEM 2. Properties 45 ITEM 3."", ""reflect events or circumstances after the date of this Annual Report on Form 10-K or to reflect new information or the occurrence of unanticipated events, except as required by law. We may not actually achieve the plans,"", ""team and other key employees, and the loss of one or more key employees could harm our business. Our success and future growth depend upon the continued services of our management team, including our co-founder, Dharmesh""]","[""Evidence is public filing text and may not cover all diligence topics.""]","[""Review cited filing sections in full."", ""Tie filing statements back to structured financial metrics and peer benchmarks.""]",HUBS-10-K-013; HUBS-10-K-019; HUBS-10-K-074; HUBS-10-K-181; HUBS-10-K-198,0.1549912438846197,deterministic,,,False,1.0,0.794392523364486,0,False,2026-05-28T16:43:37+00:00,key_risk_factors
HUBS,"HubSpot, Inc.",What does management say about cash flows and capital allocation?,"Retrieved evidence indicates that this diligence question is most directly supported by Liquidity and Capital Resources filing passages. The strongest passages should be reviewed in the source filing before drawing a diligence conclusion. Cited chunks: HUBS-10-K-220, HUBS-10-K-272, HUBS-10-K-278, HUBS-10-K-261, HUBS-10-K-221.","Liquidity and Capital Resources Our principal sources of liquidity to date have been cash and cash equivalents, net accounts receivable, our common stock offerings, and our convertible notes offerings. The following table shows cash and cash equivalents, working capital, net cash and cash equivalents provided by operating activities, net cash and cash equivalents provided by (used in) investing activities, and net cash and cash equivalents (used in) provided by financing activities for the years ended December 31, 2025, 2024 and 2023: Year Ended December 31, 2025 2024 2023 (in thousands) Cash and cash equivalents $ 882,242 $ 512,667 $ 387,987 Year ended December 31, 2023 $ 3,266 $ 18,887 $ ( 16,637 ) $ 5,516 (1) Deductions include actual accounts written-off, net of recoveries. Restricted Cash —The Company had restricted cash of $ 2.7 million at December 31, 2025 and $ 4.1 million at December 31, 2024 , related to letters of credit for its leased facilities. The following table provides a reconciliation of the cash, cash equivalents and restricted cash within the consolidated balance sheets that sum to the total of the same such amounts shown in the statement of cash flows for the","[""Liquidity and Capital Resources Our principal sources of liquidity to date have been cash and cash equivalents, net accounts receivable, our common stock offerings, and our convertible notes offerings. The following tabl"", ""Year ended December 31, 2023 $ 3,266 $ 18,887 $ ( 16,637 ) $ 5,516 (1) Deductions include actual accounts written-off, net of recoveries. Restricted Cash \u2014The Company had restricted cash of $ 2.7 million at December 31, "", ""unit exceeds its fair value, an impairment loss is recognized. Based on the quantitative assessment performed on November 30, 2025 , the fair value exceeded the carrying value, and as such, there was no impairment of goo""]","[""Evidence is public filing text and may not cover all diligence topics.""]","[""Review cited filing sections in full."", ""Tie filing statements back to structured financial metrics and peer benchmarks.""]",HUBS-10-K-220; HUBS-10-K-272; HUBS-10-K-278; HUBS-10-K-261; HUBS-10-K-221,0.1420695131325726,deterministic,,,False,1.0,0.74,0,False,2026-05-28T16:43:37+00:00,cash_flows_capital_allocation
ROKU,"Roku, Inc.",What are the company's main revenue drivers?,"Retrieved evidence indicates that this diligence question is most directly supported by Segment Information filing passages. The strongest passages should be reviewed in the source filing before drawing a diligence conclusion. Cited chunks: ROKU-10-K-354, ROKU-10-K-346, ROKU-10-K-353, ROKU-10-K-355, ROKU-10-K-340.","million and $ 4.0 million during the years ended December 31, 2025 and 2024 , respectively, primarily due to timing of fulfillment of performance obligations related to advertising arrangements, growth in Premium Subscriptions, and a business combination. See Note 4 for additional details. Revenue recognized during the year ended December 31, 2025 from amounts included in total deferred revenue as of December 31, 2024 was $ 87.2 million. Revenue recognized during the year ended December 31, 2024 from amounts included in total deferred revenue as of December 31, 2023 was $ 102.2 million. Revenue allocated to remaining performance obligations r costs and the related amortization expenses are not material for any of the periods presented. Deferred Revenue The Company’s deferred revenue reflects fees billed or received in advance of revenue recognition from products or services. Deferred revenue is recognized as revenue when transfer of control to customers has occurred. Deferred revenue balances primarily consist of the amount of Devices revenue allocated to unspecified upgrades and updates on a when-and-if available basis, and advance billings to and payments from advertisers and con","[""million and $ 4.0 million during the years ended December 31, 2025 and 2024 , respectively, primarily due to timing of fulfillment of performance obligations related to advertising arrangements, growth in Premium Subscri"", ""costs and the related amortization expenses are not material for any of the periods presented. Deferred Revenue The Company\u2019s deferred revenue reflects fees billed or received in advance of revenue recognition from produ"", ""assets (included in Prepaid expenses and other current assets) 995 1,687 Deferred revenue: Deferred revenue, current portion $ 120,912 $ 105,718 Deferred revenue, non-current portion 28,848 25,050 Total deferred revenue ""]","[""Evidence is public filing text and may not cover all diligence topics.""]","[""Review cited filing sections in full."", ""Tie filing statements back to structured financial metrics and peer benchmarks.""]",ROKU-10-K-354; ROKU-10-K-346; ROKU-10-K-353; ROKU-10-K-355; ROKU-10-K-340,0.1308828807503851,deterministic,,,False,1.0,0.7373737373737373,0,False,2026-05-28T16:43:37+00:00,revenue_drivers
ROKU,"Roku, Inc.",What does the company say about customer concentration?,"Retrieved evidence indicates that this diligence question is most directly supported by Segment Information, MD&A filing passages. The strongest passages should be reviewed in the source filing before drawing a diligence conclusion. Cited chunks: ROKU-10-K-415, ROKU-10-K-414, ROKU-10-K-131, ROKU-10-K-336, ROKU-10-K-325.","interface, and related services), as well as streaming services distribution (including subscription and transaction revenue shares, the sale of Premium Subscriptions, the sale of owned and operated subscription services, and the sale of branded app buttons on remote controls). Devices Devices revenue is generated from the sale of streaming players, Roku-made TVs, smart home products and services, audio products, and related accessories. Customers accounting for 10% or more of segment revenue, net, were as follows: Years Ended December 31, 2025 2024 2023 Platform segment revenue: Customer I * * 13 % Customer J 13 % 12 % * Devices segment reve Note 7) and stock-based compensation expense (refer to Note 12) charged to Cost of revenue, platform. The Company disclosed charges related to the inventory provision and inventory losses on purchase commitments (refer to Note 2) and stock-based compensation expense (refer to Note 12) included within Cost of revenue, devices. The Company reports its financial results consistent with the manner in which financial information is viewed by management for decision-making purposes. The Company does not manage operating expenses such as research and","[""interface, and related services), as well as streaming services distribution (including subscription and transaction revenue shares, the sale of Premium Subscriptions, the sale of owned and operated subscription services"", ""Note 7) and stock-based compensation expense (refer to Note 12) charged to Cost of revenue, platform. The Company disclosed charges related to the inventory provision and inventory losses on purchase commitments (refer t"", ""quality customer support, we could lose users, advertisers, content partners, and licensed Roku TV partners, which could harm our business. A high level of support is critical for the success of our business, and our use""]","[""Evidence is public filing text and may not cover all diligence topics.""]","[""Review cited filing sections in full."", ""Tie filing statements back to structured financial metrics and peer benchmarks.""]",ROKU-10-K-415; ROKU-10-K-414; ROKU-10-K-131; ROKU-10-K-336; ROKU-10-K-325,0.1256152654835674,deterministic,,,False,1.0,0.8166666666666667,0,False,2026-05-28T16:43:37+00:00,customer_concentration
ROKU,"Roku, Inc.",What are the main liquidity risks?,"Retrieved evidence indicates that this diligence question is most directly supported by Debt / Contractual Obligations, MD&A, Liquidity and Capital Resources filing passages. The strongest passages should be reviewed in the source filing before drawing a diligence conclusion. Cited chunks: ROKU-10-K-160, ROKU-10-K-059, ROKU-10-K-283, ROKU-10-K-159, ROKU-10-K-152.","failures, events involving limited liquidity, defaults, non-performance, or other adverse developments that affect financial institutions, or concerns or rumors about such events, may lead to liquidity constraints. For example, in 2023, Silicon Valley Bank failed and was taken into receivership by the FDIC. The failure of a bank, or other adverse conditions in the financial or credit markets impacting financial institutions at which we maintain balances, could adversely impact our liquidity and financial performance. There can be no assurance that our deposits in excess of the FDIC or other comparable insurance limits will be backstopped by t other information in this Annual Report, including “Management’s Discussion and Analysis of Financial Condition and Results of Operations” and the consolidated financial statements and the related notes. If any of the following risks actually occur, our business, reputation, financial condition, results of operations, revenue, key performance metrics, and future prospects could be seriously harmed. In addition, you should consider the interrelationship and compounding effects of two or more risks occurring simultaneously. Unless otherwise indi","[""failures, events involving limited liquidity, defaults, non-performance, or other adverse developments that affect financial institutions, or concerns or rumors about such events, may lead to liquidity constraints. For e"", ""other information in this Annual Report, including \u201cManagement\u2019s Discussion and Analysis of Financial Condition and Results of Operations\u201d and the consolidated financial statements and the related notes. If any of the fo"", ""and building related costs at the same level as we have in the last few fiscal years, we will continue to incur expenses on the maintenance of our facilities and purchases of computer systems, and other property and equi""]","[""Evidence is public filing text and may not cover all diligence topics.""]","[""Review cited filing sections in full."", ""Tie filing statements back to structured financial metrics and peer benchmarks.""]",ROKU-10-K-160; ROKU-10-K-059; ROKU-10-K-283; ROKU-10-K-159; ROKU-10-K-152,0.152245439510803,deterministic,,,False,1.0,0.8134328358208955,0,False,2026-05-28T16:43:37+00:00,liquidity_risks
ROKU,"Roku, Inc.",What does management say about debt obligations?,"Retrieved evidence indicates that this diligence question is most directly supported by Liquidity and Capital Resources, Debt / Contractual Obligations, MD&A filing passages. The strongest passages should be reviewed in the source filing before drawing a diligence conclusion. Cited chunks: ROKU-10-K-291, ROKU-10-K-289, ROKU-10-K-157, ROKU-10-K-083, ROKU-10-K-005.","be required in determining whether products contain multiple distinct performance obligations and whether each should be accounted for separately or as one combined performance obligation. For arrangements with multiple performance obligations, we allocate revenue to each distinct performance obligation based on its relative stand-alone selling price (“SSP”). Our process for determining SSP requires judgment. For performance obligations routinely sold separately, we consider multiple factors that may vary over time depending upon the unique facts and circumstances related to each performance obligation. We determine SSP based on prices charge to net settle equity awards vested during the period and $150.0 million in repurchases of our common stock, partially offset by proceeds from the exercise of employee stock options of $34.7 million. Material Cash Requirements from Known Contractual Obligations For a description of our purchase obligations and operating lease obligations, refer to Note 13 and Note 10 to our Consolidated Financial Statements in Part II, Item 8 of this Annual Report, respectively. In addition, we have $5.2 million of uncertain tax positions as of December 31, 202","[""be required in determining whether products contain multiple distinct performance obligations and whether each should be accounted for separately or as one combined performance obligation. For arrangements with multiple "", ""to net settle equity awards vested during the period and $150.0 million in repurchases of our common stock, partially offset by proceeds from the exercise of employee stock options of $34.7 million. Material Cash Require"", ""products and enhance our streaming platform, continue to expand the content on our platform, maintain adequate levels of inventory to support our retail partners\u2019 demand requirements, improve our operating infrastructure""]","[""Evidence is public filing text and may not cover all diligence topics.""]","[""Review cited filing sections in full."", ""Tie filing statements back to structured financial metrics and peer benchmarks.""]",ROKU-10-K-291; ROKU-10-K-289; ROKU-10-K-157; ROKU-10-K-083; ROKU-10-K-005,0.1047375888632275,deterministic,,,False,1.0,0.816793893129771,0,False,2026-05-28T16:43:37+00:00,debt_obligations
ROKU,"Roku, Inc.",What risks could pressure margins?,"Retrieved evidence indicates that this diligence question is most directly supported by MD&A filing passages. The strongest passages should be reviewed in the source filing before drawing a diligence conclusion. Cited chunks: ROKU-10-K-070, ROKU-10-K-059, ROKU-10-K-137, ROKU-10-K-135, ROKU-10-K-071.","other products and services. We may not have sufficient resources to continue to make the investments needed to maintain our competitive position. In addition, some of our competitors have longer operating histories, greater name recognition, larger customer bases, and significantly greater financial, technical, sales, marketing, and other resources than us, which provide them with advantages in developing, marketing, or servicing new products and offerings. Our competitors also may enter into business combinations or partnerships that strengthen their competitive positions. As a result, they may be able to respond more quickly to market dema other information in this Annual Report, including “Management’s Discussion and Analysis of Financial Condition and Results of Operations” and the consolidated financial statements and the related notes. If any of the following risks actually occur, our business, reputation, financial condition, results of operations, revenue, key performance metrics, and future prospects could be seriously harmed. In addition, you should consider the interrelationship and compounding effects of two or more risks occurring simultaneously. Unless otherwise indi","[""other products and services. We may not have sufficient resources to continue to make the investments needed to maintain our competitive position. In addition, some of our competitors have longer operating histories, gre"", ""other information in this Annual Report, including \u201cManagement\u2019s Discussion and Analysis of Financial Condition and Results of Operations\u201d and the consolidated financial statements and the related notes. If any of the fo"", ""we are able to continue to increase our platform segment revenue and grow our user base, we may be unable to grow gross profit and our business will be harmed. For example, from time to time, global supply chain disrupti""]","[""Evidence is public filing text and may not cover all diligence topics.""]","[""Review cited filing sections in full."", ""Tie filing statements back to structured financial metrics and peer benchmarks.""]",ROKU-10-K-070; ROKU-10-K-059; ROKU-10-K-137; ROKU-10-K-135; ROKU-10-K-071,0.1259215860561133,deterministic,,,False,1.0,0.8148148148148148,0,False,2026-05-28T16:43:37+00:00,margin_pressure
ROKU,"Roku, Inc.",What capex or investment requirements are disclosed?,"Retrieved evidence indicates that this diligence question is most directly supported by Debt / Contractual Obligations, MD&A filing passages. The strongest passages should be reviewed in the source filing before drawing a diligence conclusion. Cited chunks: ROKU-10-K-192, ROKU-10-K-253, ROKU-10-K-191, ROKU-10-K-259, ROKU-10-K-059.","we may not be able to obtain adequate remedies for such breaches. We cannot guarantee that our trade secrets and other confidential proprietary information will not be disclosed or that competitors will not otherwise gain access to our trade secrets or independently develop substantially equivalent information and techniques. Detecting the disclosure or misappropriation of a trade secret and enforcing a claim that a party illegally disclosed or misappropriated a trade secret is difficult, time-consuming, and could result in substantial costs, and the outcome of such a claim is unpredictable. Further, some foreign jurisdictions do not provide on a variety of factors, including general market conditions, the trading price of our Class A common stock, corporate and regulatory requirements, the availability of funds, other investment opportunities, and other considerations we deem relevant. The stock repurchase program may be modified, suspended, or terminated at any time. Dividend Policy We have never declared or paid any dividends on our Class A or Class B common stock. We currently intend to retain all available funds and any future earnings for use in our business and therefore we","[""we may not be able to obtain adequate remedies for such breaches. We cannot guarantee that our trade secrets and other confidential proprietary information will not be disclosed or that competitors will not otherwise gai"", ""on a variety of factors, including general market conditions, the trading price of our Class A common stock, corporate and regulatory requirements, the availability of funds, other investment opportunities, and other con"", ""patents, trade secrets, copyrights, trademarks, trade dress, domain names, and other intellectual property or proprietary rights as critical to our success. We strive to protect our intellectual property rights by relyin""]","[""Evidence is public filing text and may not cover all diligence topics.""]","[""Review cited filing sections in full."", ""Tie filing statements back to structured financial metrics and peer benchmarks.""]",ROKU-10-K-192; ROKU-10-K-253; ROKU-10-K-191; ROKU-10-K-259; ROKU-10-K-059,0.1264215115641684,deterministic,,,False,1.0,0.803030303030303,0,False,2026-05-28T16:43:37+00:00,capex_requirements
ROKU,"Roku, Inc.",What does management say about competition?,"Retrieved evidence indicates that this diligence question is most directly supported by MD&A, Risk Factors, Business filing passages. The strongest passages should be reviewed in the source filing before drawing a diligence conclusion. Cited chunks: ROKU-10-K-049, ROKU-10-K-002, ROKU-10-K-001, ROKU-10-K-003, ROKU-10-K-147.","we believe it will facilitate our product 6 Table of Contents offerings or business. For information about the intellectual property risks applicable to our business, see Item 1A, Risk Factors, elsewhere in this Annual Report. Competition The TV streaming industry is highly competitive and, as it continues to evolve, we will continue to face strong competition in every aspect of our business. We compete with much larger companies which have resources and brand recognition that pose significant competitive challenges. In the face of this competition, we believe our success depends on building scale by growing our user base, growing engagement Item 1A Risk Factors 8 Item 1B Unresolved Staff Comments 39 Item 1C Cybersecurity 39 Item 2 Properties 40 Item 3 Item 1 Business 1","[""we believe it will facilitate our product 6 Table of Contents offerings or business. For information about the intellectual property risks applicable to our business, see Item 1A, Risk Factors, elsewhere in this Annual R"", ""Item 1A Risk Factors 8 Item 1B Unresolved Staff Comments 39 Item 1C Cybersecurity 39 Item 2 Properties 40 Item 3"", ""Item 1 Business 1""]","[""Evidence is public filing text and may not cover all diligence topics.""]","[""Review cited filing sections in full."", ""Tie filing statements back to structured financial metrics and peer benchmarks.""]",ROKU-10-K-049; ROKU-10-K-002; ROKU-10-K-001; ROKU-10-K-003; ROKU-10-K-147,0.0812331636596187,deterministic,,,False,1.0,0.7380952380952381,0,False,2026-05-28T16:43:37+00:00,competition
ROKU,"Roku, Inc.",Are there regulatory or litigation risks?,"Retrieved evidence indicates that this diligence question is most directly supported by Business, Risk Factors, Legal / Regulatory Matters filing passages. The strongest passages should be reviewed in the source filing before drawing a diligence conclusion. Cited chunks: ROKU-10-K-001, ROKU-10-K-002, ROKU-10-K-003, ROKU-10-K-059, ROKU-10-K-128.","Item 1 Business 1 Item 1A Risk Factors 8 Item 1B Unresolved Staff Comments 39 Item 1C Cybersecurity 39 Item 2 Properties 40 Item 3 Legal Proceedings 40 Item 4 Mine Safety Disclosures 40 PART II Item 5 Market for Registrant's Common Equity, Related Stockholder Matters and Issuer Purchases of Equity Securities 41 Item 6 Reserved 42","[""Item 1 Business 1"", ""Item 1A Risk Factors 8 Item 1B Unresolved Staff Comments 39 Item 1C Cybersecurity 39 Item 2 Properties 40 Item 3"", ""Legal Proceedings 40 Item 4 Mine Safety Disclosures 40 PART II Item 5 Market for Registrant's Common Equity, Related Stockholder Matters and Issuer Purchases of Equity Securities 41 Item 6 Reserved 42""]","[""Evidence is public filing text and may not cover all diligence topics.""]","[""Review cited filing sections in full."", ""Tie filing statements back to structured financial metrics and peer benchmarks.""]",ROKU-10-K-001; ROKU-10-K-002; ROKU-10-K-003; ROKU-10-K-059; ROKU-10-K-128,0.08,deterministic,,,False,1.0,0.5660377358490566,0,False,2026-05-28T16:43:37+00:00,regulatory_litigation
ROKU,"Roku, Inc.",What are the key risk factors?,"Retrieved evidence indicates that this diligence question is most directly supported by Risk Factors, MD&A filing passages. The strongest passages should be reviewed in the source filing before drawing a diligence conclusion. Cited chunks: ROKU-10-K-002, ROKU-10-K-059, ROKU-10-K-013, ROKU-10-K-048, ROKU-10-K-146.","Item 1A Risk Factors 8 Item 1B Unresolved Staff Comments 39 Item 1C Cybersecurity 39 Item 2 Properties 40 Item 3 other information in this Annual Report, including “Management’s Discussion and Analysis of Financial Condition and Results of Operations” and the consolidated financial statements and the related notes. If any of the following risks actually occur, our business, reputation, financial condition, results of operations, revenue, key performance metrics, and future prospects could be seriously harmed. In addition, you should consider the interrelationship and compounding effects of two or more risks occurring simultaneously. Unless otherwise indicated, references to our business being harmed in these risk factors will include harm to our busines ability to address potential and actual cybersecurity incidents and system failures involving our products, systems, and operations; • our ability to maintain, protect, and enhance our intellectual property; • our ability to obtain financing on favorable terms, or at all; • our ability to repurchase shares of our common stock; • our ability to manage the selling prices of our products to increase Streaming Households, and, in turn,","[""Item 1A Risk Factors 8 Item 1B Unresolved Staff Comments 39 Item 1C Cybersecurity 39 Item 2 Properties 40 Item 3"", ""other information in this Annual Report, including \u201cManagement\u2019s Discussion and Analysis of Financial Condition and Results of Operations\u201d and the consolidated financial statements and the related notes. If any of the fo"", ""ability to address potential and actual cybersecurity incidents and system failures involving our products, systems, and operations; \u2022 our ability to maintain, protect, and enhance our intellectual property; \u2022 our abilit""]","[""Evidence is public filing text and may not cover all diligence topics.""]","[""Review cited filing sections in full."", ""Tie filing statements back to structured financial metrics and peer benchmarks.""]",ROKU-10-K-002; ROKU-10-K-059; ROKU-10-K-013; ROKU-10-K-048; ROKU-10-K-146,0.1582088647741078,deterministic,,,False,1.0,0.7787610619469026,0,False,2026-05-28T16:43:37+00:00,key_risk_factors
ROKU,"Roku, Inc.",What does management say about cash flows and capital allocation?,"Retrieved evidence indicates that this diligence question is most directly supported by Liquidity and Capital Resources, Debt / Contractual Obligations filing passages. The strongest passages should be reviewed in the source filing before drawing a diligence conclusion. Cited chunks: ROKU-10-K-287, ROKU-10-K-267, ROKU-10-K-283, ROKU-10-K-288, ROKU-10-K-266.","in Part II, Item 8 of this Annual Report for additional details. Share Repurchases During the year ended December 31, 2025, we repurchased 1.5 million shares of our Class A common stock through our stock repurchase program. All share repurchases were made using cash resources. As of December 31, 2025, $250.0 million remained of our $400 million stock repurchase program. See Note 12 to our Consolidated Financial Statements in Part II, Item 8 of this Annual Report for additional details. Cash Flows The following table summarizes our cash flows for the periods presented (in thousands): Years Ended December 31, 2025 2024 Consolidated Statements o equipment and effects of exchange rates on cash from the cash flows from operating activities, in each case where applicable. We believe Free Cash Flow is useful as a supplement in evaluating our ongoing operational performance and enhancing an overall understanding of our past financial performance. However, this non-GAAP financial measure has limitations, and should not be considered in isolation or as a substitute for our GAAP financial information, such as GAAP cash flows from operating activities. For additional information about cash flo","[""in Part II, Item 8 of this Annual Report for additional details. Share Repurchases During the year ended December 31, 2025, we repurchased 1.5 million shares of our Class A common stock through our stock repurchase progr"", ""equipment and effects of exchange rates on cash from the cash flows from operating activities, in each case where applicable. We believe Free Cash Flow is useful as a supplement in evaluating our ongoing operational perf"", ""and building related costs at the same level as we have in the last few fiscal years, we will continue to incur expenses on the maintenance of our facilities and purchases of computer systems, and other property and equi""]","[""Evidence is public filing text and may not cover all diligence topics.""]","[""Review cited filing sections in full."", ""Tie filing statements back to structured financial metrics and peer benchmarks.""]",ROKU-10-K-287; ROKU-10-K-267; ROKU-10-K-283; ROKU-10-K-288; ROKU-10-K-266,0.1950729775005013,deterministic,,,False,1.0,0.7777777777777778,0,False,2026-05-28T16:43:37+00:00,cash_flows_capital_allocation
FSLR,"First Solar, Inc.",What are the company's main revenue drivers?,"Retrieved evidence indicates that this diligence question is most directly supported by MD&A filing passages. The strongest passages should be reviewed in the source filing before drawing a diligence conclusion. Cited chunks: FSLR-10-K-140, FSLR-10-K-139, FSLR-10-K-045, FSLR-10-K-023, FSLR-10-K-084.","Tellurium, one of the main components of CdTe, is mainly produced as a by-product of copper refining, and therefore, its supply is largely dependent upon demand for copper. If our competitors begin to use or increase their demand for tellurium, our requirements for tellurium increase, new applications for tellurium emerge, or adverse trade laws or policies restrict our ability to obtain tellurium from foreign vendors or make doing so cost prohibitive, the supply of tellurium, products containing tellurium, and related CdTe compounds could be reduced and prices could increase. For example, in early February 2025, China announced that it would increasing demand for raw materials and components as we expand or seek to expand our business. We may be unable to identify new suppliers or qualify their products for use on our production lines in a timely manner and on commercially reasonable terms. A constraint on our production may result in our inability to meet our capacity plans and/or our obligations under our customer contracts, which would have an adverse impact on our business. Additionally, reductions in our production volume may put pressure on suppliers, resulting in increased","[""Tellurium, one of the main components of CdTe, is mainly produced as a by-product of copper refining, and therefore, its supply is largely dependent upon demand for copper. If our competitors begin to use or increase the"", ""increasing demand for raw materials and components as we expand or seek to expand our business. We may be unable to identify new suppliers or qualify their products for use on our production lines in a timely manner and "", ""of PV solar products, which may significantly reduce demand for our modules.\u201d For more information about 7 Table of Contents pending and ongoing developments related to IRA regulations post-OBBBA, see Item 7. \u201cManagement""]","[""Evidence is public filing text and may not cover all diligence topics.""]","[""Review cited filing sections in full."", ""Tie filing statements back to structured financial metrics and peer benchmarks.""]",FSLR-10-K-140; FSLR-10-K-139; FSLR-10-K-045; FSLR-10-K-023; FSLR-10-K-084,0.1141547090689642,deterministic,,,False,1.0,0.8346456692913385,0,False,2026-05-28T16:43:37+00:00,revenue_drivers
FSLR,"First Solar, Inc.",What does the company say about customer concentration?,"Retrieved evidence indicates that this diligence question is most directly supported by Liquidity and Capital Resources, MD&A filing passages. The strongest passages should be reviewed in the source filing before drawing a diligence conclusion. Cited chunks: FSLR-10-K-479, FSLR-10-K-097, FSLR-10-K-024, FSLR-10-K-023, FSLR-10-K-021.","the physical location of the assets (in thousands): 2025 2024 United States $ 4,392,571 $ 3,911,923 Malaysia 574,255 646,111 Vietnam 434,749 500,568 India 433,661 471,736 All other foreign countries 62,337 52,345 Long-lived assets $ 5,897,573 $ 5,582,683 22. Concentrations of Risks Customer Concentration Risk. The following customers each comprised 10 % or more of our total net sales for the years ended December 31, 2025, 2024, and 2023: % of Net Sales 2025 2024 2023 Customer #1 11 % * * Customer #2 10 % * * Customer #3 * * 10 % —————————— * Net sales for these customers were less than 10 % of our total net sales for the period. Supplier Conc for our modules; or by impacting our own costs or disrupting our manufacturing or supply chains, and consequently negatively impacting demand and/or price levels for our solar modules, reducing our net sales, or affecting potential profitability of fulfilling customer contracts. We are therefore potentially subject to various risks, which include the following: • any tariffs that reduce the profitability of contracts, whereby the cost of tariffs exceeds the amount able to be, or willing to be, absorbed by either us or the customer under the pr","[""the physical location of the assets (in thousands): 2025 2024 United States $ 4,392,571 $ 3,911,923 Malaysia 574,255 646,111 Vietnam 434,749 500,568 India 433,661 471,736 All other foreign countries 62,337 52,345 Long-li"", ""for our modules; or by impacting our own costs or disrupting our manufacturing or supply chains, and consequently negatively impacting demand and/or price levels for our solar modules, reducing our net sales, or affectin"", ""this Annual Report on Form 10-K. 2 Table of Contents PART I Item 1. Business Company Overview We are America\u2019s leading PV solar technology and manufacturing company. The only U.S.-headquartered company among the world\u2019s ""]","[""Evidence is public filing text and may not cover all diligence topics.""]","[""Review cited filing sections in full."", ""Tie filing statements back to structured financial metrics and peer benchmarks.""]",FSLR-10-K-479; FSLR-10-K-097; FSLR-10-K-024; FSLR-10-K-023; FSLR-10-K-021,0.1442534202707458,deterministic,,,False,1.0,0.773109243697479,0,False,2026-05-28T16:43:37+00:00,customer_concentration
FSLR,"First Solar, Inc.",What are the main liquidity risks?,"Retrieved evidence indicates that this diligence question is most directly supported by MD&A, Liquidity and Capital Resources filing passages. The strongest passages should be reviewed in the source filing before drawing a diligence conclusion. Cited chunks: FSLR-10-K-140, FSLR-10-K-139, FSLR-10-K-249, FSLR-10-K-282, FSLR-10-K-085.","Tellurium, one of the main components of CdTe, is mainly produced as a by-product of copper refining, and therefore, its supply is largely dependent upon demand for copper. If our competitors begin to use or increase their demand for tellurium, our requirements for tellurium increase, new applications for tellurium emerge, or adverse trade laws or policies restrict our ability to obtain tellurium from foreign vendors or make doing so cost prohibitive, the supply of tellurium, products containing tellurium, and related CdTe compounds could be reduced and prices could increase. For example, in early February 2025, China announced that it would increasing demand for raw materials and components as we expand or seek to expand our business. We may be unable to identify new suppliers or qualify their products for use on our production lines in a timely manner and on commercially reasonable terms. A constraint on our production may result in our inability to meet our capacity plans and/or our obligations under our customer contracts, which would have an adverse impact on our business. Additionally, reductions in our production volume may put pressure on suppliers, resulting in increased","[""Tellurium, one of the main components of CdTe, is mainly produced as a by-product of copper refining, and therefore, its supply is largely dependent upon demand for copper. If our competitors begin to use or increase the"", ""increasing demand for raw materials and components as we expand or seek to expand our business. We may be unable to identify new suppliers or qualify their products for use on our production lines in a timely manner and "", ""under Section 232. For more information about the context of these developments, see Item 1A. \u201cRisk Factors \u2013 The modification, reduction, elimination, or expiration of government subsidies, economic incentives, eligibil""]","[""Evidence is public filing text and may not cover all diligence topics.""]","[""Review cited filing sections in full."", ""Tie filing statements back to structured financial metrics and peer benchmarks.""]",FSLR-10-K-140; FSLR-10-K-139; FSLR-10-K-249; FSLR-10-K-282; FSLR-10-K-085,0.1233515327192767,deterministic,,,False,1.0,0.8333333333333334,0,False,2026-05-28T16:43:37+00:00,liquidity_risks
FSLR,"First Solar, Inc.",What does management say about debt obligations?,"Retrieved evidence indicates that this diligence question is most directly supported by Liquidity and Capital Resources filing passages. The strongest passages should be reviewed in the source filing before drawing a diligence conclusion. Cited chunks: FSLR-10-K-390, FSLR-10-K-308, FSLR-10-K-425, FSLR-10-K-279, FSLR-10-K-387.","Foreign government obligations 67,091 — 12,935 54,156 Supranational debt 30,123 59 1,906 28,276 U.S. government obligations 24,274 — 4,884 19,390 Total $ 264,278 $ 59 $ 47,165 $ 217,172 As of December 31, 2024 Amortized Cost Unrealized Gains Unrealized Losses Fair Value U.S. debt $ 144,652 $ — $ 35,497 $ 109,155 Foreign government obligations 62,595 — 13,571 49,024 Supranational debt 25,351 — 2,542 22,809 U.S. government obligations 24,368 — 6,220 18,148 Total $ 256,966 $ — $ 57,830 $ 199,136 As of December 31, 2025, the contractual maturities of these securities were between 5 years and 14 years, and restricted marketable securities with unr will economically offset all or part of the transaction gains and losses that we recognize in earnings on the related foreign currency denominated assets and liabilities. For additional details on our economic hedging instruments and activities, see Note 9. “Derivative Financial Instruments” to our consolidated financial statements. As of December 31, 2025, a 10% change in the U.S. dollar relative to our primary foreign currency exposures would have resulted in a $3.5 million change to our net foreign currency income or loss, including the eff","[""Foreign government obligations 67,091 \u2014 12,935 54,156 Supranational debt 30,123 59 1,906 28,276 U.S. government obligations 24,274 \u2014 4,884 19,390 Total $ 264,278 $ 59 $ 47,165 $ 217,172 As of December 31, 2024 Amortized "", ""will economically offset all or part of the transaction gains and losses that we recognize in earnings on the related foreign currency denominated assets and liabilities. For additional details on our economic hedging in"", ""India Treasury bill rate plus 1.3% 6.57 % India Citibank Working Capital Facility (1) India Treasury bill rate plus 1.25% 6.42 % \u2014\u2014\u2014\u2014\u2014\u2014\u2014\u2014\u2014\u2014 (1) The weighted-average interest rate for our outstanding short-term debt arran""]","[""Evidence is public filing text and may not cover all diligence topics.""]","[""Review cited filing sections in full."", ""Tie filing statements back to structured financial metrics and peer benchmarks.""]",FSLR-10-K-390; FSLR-10-K-308; FSLR-10-K-425; FSLR-10-K-279; FSLR-10-K-387,0.1202555584192778,deterministic,,,False,1.0,0.7378640776699029,0,False,2026-05-28T16:43:37+00:00,debt_obligations
FSLR,"First Solar, Inc.",What risks could pressure margins?,"Retrieved evidence indicates that this diligence question is most directly supported by MD&A filing passages. The strongest passages should be reviewed in the source filing before drawing a diligence conclusion. Cited chunks: FSLR-10-K-092, FSLR-10-K-124, FSLR-10-K-054, FSLR-10-K-091, FSLR-10-K-085.","capacity will continue to put pressure on pricing. Module average selling prices in many global markets have declined. However, recent module pricing in the United States, our primary market, has remained stable due, in part, to the rising demand for domestically manufactured modules as a result of the IRA, energy tax credit eligibility restrictions (including foreign-entity-related limitations) as amended by the OBBBA, and tariffs on modules imported into the United States. There may be additional pressure on global demand and average selling prices in the future resulting from fluctuating demand in certain major solar markets, such as China remain that way for an extended period of time. The solar industry may experience periods of structural imbalance between global PV module supply and demand that result in periods of pricing volatility, which could have a material adverse effect on our business, financial condition, and results of operations.” In addition, we believe any significant decrease in the cost of silicon feedstock or polysilicon would reduce the manufacturing cost of crystalline silicon modules and lead to further pricing pressure for solar modules and potentially an","[""capacity will continue to put pressure on pricing. Module average selling prices in many global markets have declined. However, recent module pricing in the United States, our primary market, has remained stable due, in "", ""remain that way for an extended period of time. The solar industry may experience periods of structural imbalance between global PV module supply and demand that result in periods of pricing volatility, which could have "", ""also expect to compete with future entrants into the PV solar industry and existing market participants that offer new or differentiated technological solutions. For additional information, see Item 1A. \u201cRisk Factors \u2013 O""]","[""Evidence is public filing text and may not cover all diligence topics.""]","[""Review cited filing sections in full."", ""Tie filing statements back to structured financial metrics and peer benchmarks.""]",FSLR-10-K-092; FSLR-10-K-124; FSLR-10-K-054; FSLR-10-K-091; FSLR-10-K-085,0.1433938538708606,deterministic,,,False,1.0,0.8333333333333334,0,False,2026-05-28T16:43:37+00:00,margin_pressure
FSLR,"First Solar, Inc.",What capex or investment requirements are disclosed?,"Retrieved evidence indicates that this diligence question is most directly supported by MD&A, Liquidity and Capital Resources filing passages. The strongest passages should be reviewed in the source filing before drawing a diligence conclusion. Cited chunks: FSLR-10-K-117, FSLR-10-K-118, FSLR-10-K-160, FSLR-10-K-281, FSLR-10-K-038.","each case, could cause these customers to seek alternative investments. We may be unable to execute our long-term strategic plans, which could have a material adverse effect on our business, financial condition, or results of operations. We face numerous difficulties in executing on our long-term strategic plans, particularly in new foreign jurisdictions, including the following: • difficulty in competing against companies who may have greater financial resources and/or a more effective or established localized business presence and/or an ability to operate with minimal or negative operating margins for sustained periods of time; • difficulty policies in countries we operate in and/or are pursuing, including local content requirements, the imposition of trade remedies, the removal of trade barriers, the imposition of tariffs, or capital investment requirements; • business climates, such as that in China, that may have the effect of putting foreign companies at a disadvantage relative to domestic companies; • unstable or adverse economic, social, and/or operating environments, including social unrest, currency, inflation, and interest rate uncertainties; • the possibility of applyin","[""each case, could cause these customers to seek alternative investments. We may be unable to execute our long-term strategic plans, which could have a material adverse effect on our business, financial condition, or resul"", ""policies in countries we operate in and/or are pursuing, including local content requirements, the imposition of trade remedies, the removal of trade barriers, the imposition of tariffs, or capital investment requirement"", ""risk of nationalization or other expropriation of private enterprises; \u2022 changes in general economic and political conditions in the countries in which we operate, including changes in government incentive provisions and""]","[""Evidence is public filing text and may not cover all diligence topics.""]","[""Review cited filing sections in full."", ""Tie filing statements back to structured financial metrics and peer benchmarks.""]",FSLR-10-K-117; FSLR-10-K-118; FSLR-10-K-160; FSLR-10-K-281; FSLR-10-K-038,0.1690289925882238,deterministic,,,False,1.0,0.8076923076923077,0,False,2026-05-28T16:43:37+00:00,capex_requirements
FSLR,"First Solar, Inc.",What does management say about competition?,"Retrieved evidence indicates that this diligence question is most directly supported by Business, Risk Factors, Legal / Regulatory Matters filing passages. The strongest passages should be reviewed in the source filing before drawing a diligence conclusion. Cited chunks: FSLR-10-K-013, FSLR-10-K-014, FSLR-10-K-015, FSLR-10-K-121, FSLR-10-K-055.","Item 1. Business 3 Information about Our Executive Officers 14 Item 1A. Risk Factors 17 Item 1B. Unresolved Staff Comments 45 Item 1C. Cybersecurity 45 Item 2. Properties 46 Item 3. Legal Proceedings 47 Item 4. Mine Safety Disclosures 49 PART II Item 5. Market for Registrant’s Common Equity, Related Stockholder Matters, and Issuer Purchases of Equity Securities 50 Item 6. Reserved 51","[""Item 1. Business 3 Information about Our Executive Officers 14"", ""Item 1A. Risk Factors 17 Item 1B. Unresolved Staff Comments 45 Item 1C. Cybersecurity 45 Item 2. Properties 46 Item 3."", ""Legal Proceedings 47 Item 4. Mine Safety Disclosures 49 PART II Item 5. Market for Registrant\u2019s Common Equity, Related Stockholder Matters, and Issuer Purchases of Equity Securities 50 Item 6. Reserved 51""]","[""Evidence is public filing text and may not cover all diligence topics.""]","[""Review cited filing sections in full."", ""Tie filing statements back to structured financial metrics and peer benchmarks.""]",FSLR-10-K-013; FSLR-10-K-014; FSLR-10-K-015; FSLR-10-K-121; FSLR-10-K-055,0.08,deterministic,,,False,1.0,0.543859649122807,0,False,2026-05-28T16:43:37+00:00,competition
FSLR,"First Solar, Inc.",Are there regulatory or litigation risks?,"Retrieved evidence indicates that this diligence question is most directly supported by MD&A, Risk Factors, Legal / Regulatory Matters filing passages. The strongest passages should be reviewed in the source filing before drawing a diligence conclusion. Cited chunks: FSLR-10-K-155, FSLR-10-K-014, FSLR-10-K-015, FSLR-10-K-013, FSLR-10-K-089.","petition with the USITC asserting that entities affiliated with Axitec Solar, Canadian Solar, JA Solar, JinkoSolar, Mundra, Philadelphia Solar, Hanwha QCells, Runergy, Trina Solar, and VSUN directly and indirectly infringe a First Solar patent through the importation and sale of certain TOPCon solar products. We cannot ensure that the outcome of such litigation will be in our favor, and such litigation may be costly and may divert management attention and other resources away from our business. An adverse determination in any such litigation or the related ex parte reexaminations may impair our intellectual property rights and may harm our bu Item 1A. Risk Factors 17 Item 1B. Unresolved Staff Comments 45 Item 1C. Cybersecurity 45 Item 2. Properties 46 Item 3. Legal Proceedings 47 Item 4. Mine Safety Disclosures 49 PART II Item 5. Market for Registrant’s Common Equity, Related Stockholder Matters, and Issuer Purchases of Equity Securities 50 Item 6. Reserved 51","[""petition with the USITC asserting that entities affiliated with Axitec Solar, Canadian Solar, JA Solar, JinkoSolar, Mundra, Philadelphia Solar, Hanwha QCells, Runergy, Trina Solar, and VSUN directly and indirectly infrin"", ""Item 1A. Risk Factors 17 Item 1B. Unresolved Staff Comments 45 Item 1C. Cybersecurity 45 Item 2. Properties 46 Item 3."", ""Legal Proceedings 47 Item 4. Mine Safety Disclosures 49 PART II Item 5. Market for Registrant\u2019s Common Equity, Related Stockholder Matters, and Issuer Purchases of Equity Securities 50 Item 6. Reserved 51""]","[""Evidence is public filing text and may not cover all diligence topics.""]","[""Review cited filing sections in full."", ""Tie filing statements back to structured financial metrics and peer benchmarks.""]",FSLR-10-K-155; FSLR-10-K-014; FSLR-10-K-015; FSLR-10-K-013; FSLR-10-K-089,0.0880267177837269,deterministic,,,False,1.0,0.7523809523809524,0,False,2026-05-28T16:43:37+00:00,regulatory_litigation
FSLR,"First Solar, Inc.",What are the key risk factors?,"Retrieved evidence indicates that this diligence question is most directly supported by Risk Factors, MD&A filing passages. The strongest passages should be reviewed in the source filing before drawing a diligence conclusion. Cited chunks: FSLR-10-K-014, FSLR-10-K-044, FSLR-10-K-064, FSLR-10-K-023, FSLR-10-K-085.","Item 1A. Risk Factors 17 Item 1B. Unresolved Staff Comments 45 Item 1C. Cybersecurity 45 Item 2. Properties 46 Item 3. and state levels and may take the form of investment and production tax credits, sales and property tax exemptions and abatements, and/or renewable energy targets. However, the current U.S. presidential administration and control of the U.S. Congress present uncertainty as to such incentive programs. For more information about certain risks associated with such incentives, see Item 1A. “Risk Factors – We have received and expect to continue to receive certain financial benefits as a result of tax incentives enacted by the Inflation Reduction Act of 2022 and amended by the One Big Beautiful Bill Act of 2025. If these financial benefits vary si condition, and results of operations. See Item 1A. “Risk Factors – Existing regulations and policies, changes thereto, and new regulations and policies may present technical, regulatory, and economic barriers to the purchase and use of PV solar products, which may significantly reduce demand for our modules.” We are also subject to the application of various anti-bribery laws, some of which prohibit improper payments to govern","[""Item 1A. Risk Factors 17 Item 1B. Unresolved Staff Comments 45 Item 1C. Cybersecurity 45 Item 2. Properties 46 Item 3."", ""and state levels and may take the form of investment and production tax credits, sales and property tax exemptions and abatements, and/or renewable energy targets. However, the current U.S. presidential administration an"", ""condition, and results of operations. See Item 1A. \u201cRisk Factors \u2013 Existing regulations and policies, changes thereto, and new regulations and policies may present technical, regulatory, and economic barriers to the purc""]","[""Evidence is public filing text and may not cover all diligence topics.""]","[""Review cited filing sections in full."", ""Tie filing statements back to structured financial metrics and peer benchmarks.""]",FSLR-10-K-014; FSLR-10-K-044; FSLR-10-K-064; FSLR-10-K-023; FSLR-10-K-085,0.1553056545479271,deterministic,,,False,1.0,0.8103448275862069,0,False,2026-05-28T16:43:37+00:00,key_risk_factors
FSLR,"First Solar, Inc.",What does management say about cash flows and capital allocation?,"Retrieved evidence indicates that this diligence question is most directly supported by Liquidity and Capital Resources, MD&A filing passages. The strongest passages should be reviewed in the source filing before drawing a diligence conclusion. Cited chunks: FSLR-10-K-305, FSLR-10-K-358, FSLR-10-K-148, FSLR-10-K-385, FSLR-10-K-371.","affect our results of operations. Additionally, the amount expected to be received from transfers to third parties may fluctuate based on market conditions or other factors that impact whether, and for how much, buyers are willing to purchase such credits. 69 Table of Contents Item 7A. Quantitative and Qualitative Disclosures about Market Risk Foreign Currency Exchange Risk Cash Flow Exposure. We expect certain of our subsidiaries to have future cash flows that will be denominated in currencies other than the subsidiaries’ functional currencies. Changes in the exchange rates between the functional currencies of our subsidiaries and the other of such losses or a projection of future losses associated with the use of a long-lived asset; or a current expectation that, more likely than not, a long-lived asset will be sold or otherwise disposed of significantly before the end of its previously estimated useful life. For purposes of recognition and measurement of an impairment loss, long-lived assets are grouped with other assets and liabilities at the lowest level for which identifiable cash flows are largely independent of the cash flows of other assets and liabilities. When impairmen","[""affect our results of operations. Additionally, the amount expected to be received from transfers to third parties may fluctuate based on market conditions or other factors that impact whether, and for how much, buyers a"", ""of such losses or a projection of future losses associated with the use of a long-lived asset; or a current expectation that, more likely than not, a long-lived asset will be sold or otherwise disposed of significantly b"", ""investments in manufacturing capacity and product development. Our business and our future plans for expansion are capital-intensive, and we anticipate that our operating and capital expenditure requirements may increase""]","[""Evidence is public filing text and may not cover all diligence topics.""]","[""Review cited filing sections in full."", ""Tie filing statements back to structured financial metrics and peer benchmarks.""]",FSLR-10-K-305; FSLR-10-K-358; FSLR-10-K-148; FSLR-10-K-385; FSLR-10-K-371,0.1540111339631025,deterministic,,,False,1.0,0.8015267175572519,0,False,2026-05-28T16:43:37+00:00,cash_flows_capital_allocation
OKTA,"Okta, Inc.",What are the company's main revenue drivers?,"Retrieved evidence indicates that this diligence question is most directly supported by MD&A filing passages. The strongest passages should be reviewed in the source filing before drawing a diligence conclusion. Cited chunks: OKTA-10-K-127, OKTA-10-K-198, OKTA-10-K-207, OKTA-10-K-208, OKTA-10-K-205.","time, effort and expense, harm our reputation and customer relationships and negatively affect our business. Risks Related to Legal, Accounting and Tax Matters Because we generally recognize revenue from our subscriptions and support services over the term of the relevant service period, a decrease in sales during a reporting period may not be immediately reflected in our results of operations for that period. We generally recognize revenue from subscriptions and related support services revenue ratably over the relevant service period. Net new revenue from new subscriptions, upsells and renewals entered into during a period can generally be recognized, inclusive of deferred revenue that has been invoiced and non-cancelable amounts that will be invoiced and recognized as revenue in future periods. Current RPO represents the portion of RPO expected to be recognized during the next 12 months. RPO fluctuates due to a number of factors, including the timing, duration and dollar amount of customer contracts and fluctuations in foreign currency exchange rates. Components of Results of Operations Revenue Subscription Revenue. Subscription revenue primarily consists of fees for access to","[""time, effort and expense, harm our reputation and customer relationships and negatively affect our business. Risks Related to Legal, Accounting and Tax Matters Because we generally recognize revenue from our subscription"", ""recognized, inclusive of deferred revenue that has been invoiced and non-cancelable amounts that will be invoiced and recognized as revenue in future periods. Current RPO represents the portion of RPO expected to be reco"", ""fiscal 2025 is presented below. A discussion regarding our financial condition and results of operations for fiscal 2025 compared to fiscal 2024 can be found under Item 7 in our Annual Report on Form 10-K for fiscal 2025""]","[""Evidence is public filing text and may not cover all diligence topics.""]","[""Review cited filing sections in full."", ""Tie filing statements back to structured financial metrics and peer benchmarks.""]",OKTA-10-K-127; OKTA-10-K-198; OKTA-10-K-207; OKTA-10-K-208; OKTA-10-K-205,0.124050157357108,deterministic,,,False,1.0,0.7966101694915254,0,False,2026-05-28T16:43:37+00:00,revenue_drivers
OKTA,"Okta, Inc.",What does the company say about customer concentration?,"Retrieved evidence indicates that this diligence question is most directly supported by MD&A filing passages. The strongest passages should be reviewed in the source filing before drawing a diligence conclusion. Cited chunks: OKTA-10-K-195, OKTA-10-K-036, OKTA-10-K-051, OKTA-10-K-056, OKTA-10-K-041.","business unit of a large company that has an active contract with us or one of our partners to access our platforms. For purposes of determining our customer count, we do not include customers that use our platforms under self-service arrangements only. Dollar-Based Net Retention Rate Part of our ability to generate revenue is dependent upon our ability to maintain our relationships with our customers and to increase their utilization of our platforms. We believe we can achieve these goals by focusing on delivering value and functionality that enables us to both retain our existing customers and expand the number of users and solutions used w our annual customer conference, Oktane, which features customers sharing their success stories, new product and feature announcements and hands-on product labs. We also host a number of other events where we engage with both existing customers and new prospects, as well as deliver product training. Research and Development Our research and development organization is responsible for the design, architecture, creation and quality of our platforms. The research and development organization also works closely with our technical operations team to","[""business unit of a large company that has an active contract with us or one of our partners to access our platforms. For purposes of determining our customer count, we do not include customers that use our platforms unde"", ""our annual customer conference, Oktane, which features customers sharing their success stories, new product and feature announcements and hands-on product labs. We also host a number of other events where we engage with "", ""of risks associated with our business. It does not contain all of the information that may be important to you, and you should read this risk factor summary together with the more detailed discussion of risks and uncerta""]","[""Evidence is public filing text and may not cover all diligence topics.""]","[""Review cited filing sections in full."", ""Tie filing statements back to structured financial metrics and peer benchmarks.""]",OKTA-10-K-195; OKTA-10-K-036; OKTA-10-K-051; OKTA-10-K-056; OKTA-10-K-041,0.1151999409645287,deterministic,,,False,1.0,0.8091603053435115,0,False,2026-05-28T16:43:37+00:00,customer_concentration
OKTA,"Okta, Inc.",What are the main liquidity risks?,"Retrieved evidence indicates that this diligence question is most directly supported by Liquidity and Capital Resources, MD&A filing passages. The strongest passages should be reviewed in the source filing before drawing a diligence conclusion. Cited chunks: OKTA-10-K-217, OKTA-10-K-050, OKTA-10-K-137, OKTA-10-K-051, OKTA-10-K-167.","Liquidity and Capital Resources As of January 31, 2026, our principal sources of liquidity were cash, cash equivalents and short-term investments totaling $2,553 million, which were held for working capital and general corporate purposes, including potential future acquisition activity. Our cash equivalents and investments consisted primarily of U.S. treasury securities, money market funds, corporate debt securities and certificates of deposit. Recent macroeconomic events, including changes in interest rates, global inflation and bank failures, have led to further economic uncertainty in the global economy. To mitigate risk, our cash and cash references only. 14 Item 1A. Risk Factors A description of the risks and uncertainties associated with our business is set forth below. You should carefully consider the risks and uncertainties described below, as well as the other information in this Annual Report on Form 10-K, including our consolidated financial statements and the related notes and “Management’s Discussion and Analysis of Financial Condition and Results of Operations.” The occurrence of any of the events or developments described below, or of additional risks and uncertaint","[""Liquidity and Capital Resources As of January 31, 2026, our principal sources of liquidity were cash, cash equivalents and short-term investments totaling $2,553 million, which were held for working capital and general c"", ""references only. 14 Item 1A. Risk Factors A description of the risks and uncertainties associated with our business is set forth below. You should carefully consider the risks and uncertainties described below, as well a"", ""solutions to our customers. Further, these events could decrease the capital we have available to operate our business. Any or all of these events could harm our business and financial performance. For example, various l""]","[""Evidence is public filing text and may not cover all diligence topics.""]","[""Review cited filing sections in full."", ""Tie filing statements back to structured financial metrics and peer benchmarks.""]",OKTA-10-K-217; OKTA-10-K-050; OKTA-10-K-137; OKTA-10-K-051; OKTA-10-K-167,0.1271259625927603,deterministic,,,False,1.0,0.808,0,False,2026-05-28T16:43:37+00:00,liquidity_risks
OKTA,"Okta, Inc.",What does management say about debt obligations?,"Retrieved evidence indicates that this diligence question is most directly supported by MD&A, Liquidity and Capital Resources filing passages. The strongest passages should be reviewed in the source filing before drawing a diligence conclusion. Cited chunks: OKTA-10-K-163, OKTA-10-K-269, OKTA-10-K-101, OKTA-10-K-237, OKTA-10-K-162.","flow, we may be required to adopt one or more alternatives, such as selling assets, restructuring debt or obtaining additional debt financing or equity capital on terms that may be onerous or highly dilutive. Our ability to refinance or raise any future indebtedness will depend on the capital markets and our financial condition at such time. We may not be able to engage in any of these activities or engage in these activities on desirable terms, which could result in a default on our debt obligations. In addition, any of our future debt agreements may contain restrictive covenants that may prohibit us from adopting any of these alternatives. performance obligations in the contract; and • Recognition of revenue when, or as, the performance obligations are satisfied. The Company recognizes revenue net of any applicable value added or sales tax. Subscription Revenue Subscription revenue, which includes support, is recognized on a straight-line basis over the non-cancellable contractual term of the arrangement, generally beginning on the date that the Company’s service is made available to the customer. Professional Services Revenue Professional services principally consist of custome","[""flow, we may be required to adopt one or more alternatives, such as selling assets, restructuring debt or obtaining additional debt financing or equity capital on terms that may be onerous or highly dilutive. Our ability"", ""performance obligations in the contract; and \u2022 Recognition of revenue when, or as, the performance obligations are satisfied. The Company recognizes revenue net of any applicable value added or sales tax. Subscription Re"", ""our customers may limit the use and adoption of our service and reduce overall demand for it. These privacy and data security related laws and regulations are evolving and may result in increasing regulatory and public s""]","[""Evidence is public filing text and may not cover all diligence topics.""]","[""Review cited filing sections in full."", ""Tie filing statements back to structured financial metrics and peer benchmarks.""]",OKTA-10-K-163; OKTA-10-K-269; OKTA-10-K-101; OKTA-10-K-237; OKTA-10-K-162,0.1655954540899616,deterministic,,,False,1.0,0.7874015748031497,0,False,2026-05-28T16:43:37+00:00,debt_obligations
OKTA,"Okta, Inc.",What risks could pressure margins?,"Retrieved evidence indicates that this diligence question is most directly supported by MD&A filing passages. The strongest passages should be reviewed in the source filing before drawing a diligence conclusion. Cited chunks: OKTA-10-K-050, OKTA-10-K-080, OKTA-10-K-051, OKTA-10-K-013, OKTA-10-K-060.","references only. 14 Item 1A. Risk Factors A description of the risks and uncertainties associated with our business is set forth below. You should carefully consider the risks and uncertainties described below, as well as the other information in this Annual Report on Form 10-K, including our consolidated financial statements and the related notes and “Management’s Discussion and Analysis of Financial Condition and Results of Operations.” The occurrence of any of the events or developments described below, or of additional risks and uncertainties not presently known to us or that we currently deem immaterial, could materially and adversely af be subject to increased liability from our customers, investigation by regulators or termination rights. Even if we do meet them, the additional costs associated with providing our service to public sector entities could harm our margins. Moreover, changes in underlying regulatory requirements could be an impediment to our ability to efficiently provide our service to government customers and to grow or maintain our customer base. Any of these risks related to contracting with, or as a subcontractor supporting, public sector entities could adv","[""references only. 14 Item 1A. Risk Factors A description of the risks and uncertainties associated with our business is set forth below. You should carefully consider the risks and uncertainties described below, as well a"", ""be subject to increased liability from our customers, investigation by regulators or termination rights. Even if we do meet them, the additional costs associated with providing our service to public sector entities could"", ""of risks associated with our business. It does not contain all of the information that may be important to you, and you should read this risk factor summary together with the more detailed discussion of risks and uncerta""]","[""Evidence is public filing text and may not cover all diligence topics.""]","[""Review cited filing sections in full."", ""Tie filing statements back to structured financial metrics and peer benchmarks.""]",OKTA-10-K-050; OKTA-10-K-080; OKTA-10-K-051; OKTA-10-K-013; OKTA-10-K-060,0.1160784125173266,deterministic,,,False,1.0,0.8067226890756303,0,False,2026-05-28T16:43:37+00:00,margin_pressure
OKTA,"Okta, Inc.",What capex or investment requirements are disclosed?,"Retrieved evidence indicates that this diligence question is most directly supported by MD&A, Liquidity and Capital Resources filing passages. The strongest passages should be reviewed in the source filing before drawing a diligence conclusion. Cited chunks: OKTA-10-K-112, OKTA-10-K-095, OKTA-10-K-239, OKTA-10-K-240, OKTA-10-K-074.","significantly in the past several years and is expected to continue to increase. While we have created mobile applications and mobile versions of our solutions that are accessible on third-party application stores, if these mobile applications and solutions do not perform well, our business may suffer. Third-party application stores may also impose new requirements, including, for example, updates to their terms of access or policies on how we or our channel partners must collect, use and share data. Compliance with any such requirements could be costly or burdensome, and could prevent us from timely updating our current mobile applications o partners, as well as trigger service availability, indemnification and other contractual obligations. For example, our customers have in the past published public criticisms of our security practices in connection with security incidents, and these postings harm our reputation and brand. Security incidents may also cause us to incur significant investigation, mitigation, remediation, notification and other expenses. Furthermore, as a well-known provider of identity and security solutions that form a part of our customers’ security software sup","[""significantly in the past several years and is expected to continue to increase. While we have created mobile applications and mobile versions of our solutions that are accessible on third-party application stores, if th"", ""partners, as well as trigger service availability, indemnification and other contractual obligations. For example, our customers have in the past published public criticisms of our security practices in connection with s"", ""with respect to foreign currency risk or other derivative financial instruments. During fiscal 2026, 2025 and 2024, a hypothetical 10% change in foreign currency exchange rates applicable to our business would not have h""]","[""Evidence is public filing text and may not cover all diligence topics.""]","[""Review cited filing sections in full."", ""Tie filing statements back to structured financial metrics and peer benchmarks.""]",OKTA-10-K-112; OKTA-10-K-095; OKTA-10-K-239; OKTA-10-K-240; OKTA-10-K-074,0.1036260393042837,deterministic,,,False,1.0,0.8046875,0,False,2026-05-28T16:43:37+00:00,capex_requirements
OKTA,"Okta, Inc.",What does management say about competition?,"Retrieved evidence indicates that this diligence question is most directly supported by Legal / Regulatory Matters filing passages. The strongest passages should be reviewed in the source filing before drawing a diligence conclusion. Cited chunks: OKTA-10-K-008, OKTA-10-K-007, OKTA-10-K-009, OKTA-10-K-002, OKTA-10-K-003.","of the Exchange Act. ☐ Indicate by check mark whether the Registrant has filed a report on and attestation to its management’s assessment of the effectiveness of its internal control over financial reporting under Section 404(b) of the Sarbanes-Oxley Act (15 U.S.C. 7262(b)) by the registered public accounting firm that prepared or issued its audit report. ☒ If securities are registered pursuant to Section 12(b) of the Act, indicate by check mark whether the financial statements of the Registrant included in the filing reflect the correction of an error to previously issued financial statements. ☐ Indicate by check mark whether any of those er every Interactive Data File required to be submitted pursuant to Rule 405 of Regulation S-T (§232.405 of this chapter) during the preceding 12 months (or for such shorter period that the Registrant was required to submit such files). Yes ☒ No ☐ Indicate by check mark whether the Registrant is a large accelerated filer, an accelerated filer, a non-accelerated filer, smaller reporting company, or an emerging growth company. See the definitions of “large accelerated filer,” “accelerated filer,” “smaller reporting company,” and “emerging growth co","[""of the Exchange Act. \u2610 Indicate by check mark whether the Registrant has filed a report on and attestation to its management\u2019s assessment of the effectiveness of its internal control over financial reporting under Sectio"", ""every Interactive Data File required to be submitted pursuant to Rule 405 of Regulation S-T (\u00a7232.405 of this chapter) during the preceding 12 months (or for such shorter period that the Registrant was required to submit"", ""in Rule 12b-2 of the Act). Yes \u2610 No \u2612 The aggregate market value of the stock of the Registrant as of July 31, 2025 (based on a closing price of $97.80 per share) held by non-affiliates was approximately $ 16.4 billion. ""]","[""Evidence is public filing text and may not cover all diligence topics.""]","[""Review cited filing sections in full."", ""Tie filing statements back to structured financial metrics and peer benchmarks.""]",OKTA-10-K-008; OKTA-10-K-007; OKTA-10-K-009; OKTA-10-K-002; OKTA-10-K-003,0.0850487157028074,deterministic,,,False,1.0,0.7596153846153846,0,False,2026-05-28T16:43:37+00:00,competition
OKTA,"Okta, Inc.",Are there regulatory or litigation risks?,"Retrieved evidence indicates that this diligence question is most directly supported by Legal / Regulatory Matters filing passages. The strongest passages should be reviewed in the source filing before drawing a diligence conclusion. Cited chunks: OKTA-10-K-009, OKTA-10-K-004, OKTA-10-K-005, OKTA-10-K-006, OKTA-10-K-007.","in Rule 12b-2 of the Act). Yes ☐ No ☒ The aggregate market value of the stock of the Registrant as of July 31, 2025 (based on a closing price of $97.80 per share) held by non-affiliates was approximately $ 16.4 billion. As of February 27, 2026, there were 169,200,461 shares of the Registrant’s Class A Common Stock and 7,687,471 shares of the Registrant's Class B Common Stock outstanding. DOCUMENTS INCORPORATED BY REFERENCE Portions of the registrant's definitive Proxy Statement relating to the 2026 Annual Meeting of Stockholders are incorporated herein by reference in Part III of this Annual Report on Form 10-K to the extent stated herein. Su stpr:NY 2025-02-01 2026-01-31 0001660134 us-gaap:StateAndLocalTaxJurisdictionOtherMember 2025-02-01 2026-01-31 0001660134 country:IN 2025-02-01 2026-01-31 0001660134 country:IL 2025-02-01 2026-01-31 0001660134 country:JP 2025-02-01 2026-01-31 0001660134 us-gaap:CommonClassAMember 2024-02-01 2025-01-31 0001660134 us-gaap:CommonClassBMember 2024-02-01 2025-01-31 0001660134 us-gaap:CommonClassAMember 2023-02-01 2024-01-31 0001660134 us-gaap:CommonClassBMember 2023-02-01 2024-01-31 0001660134 us-gaap:StockCompensationPlanMember 2025-02-01 2026-01-","[""in Rule 12b-2 of the Act). Yes \u2610 No \u2612 The aggregate market value of the stock of the Registrant as of July 31, 2025 (based on a closing price of $97.80 per share) held by non-affiliates was approximately $ 16.4 billion. "", ""stpr:NY 2025-02-01 2026-01-31 0001660134 us-gaap:StateAndLocalTaxJurisdictionOtherMember 2025-02-01 2026-01-31 0001660134 country:IN 2025-02-01 2026-01-31 0001660134 country:IL 2025-02-01 2026-01-31 0001660134 country:JP"", ""UNITED STATES SECURITIES AND EXCHANGE COMMISSION Washington, D.C. 20549 FORM 10-K (Mark One) \u2612 ANNUAL REPORT PURSUANT TO SECTION 13 OR 15(d) OF THE SECURITIES EXCHANGE ACT OF 1934 For the fiscal year ended January 31 , 2""]","[""Evidence is public filing text and may not cover all diligence topics.""]","[""Review cited filing sections in full."", ""Tie filing statements back to structured financial metrics and peer benchmarks.""]",OKTA-10-K-009; OKTA-10-K-004; OKTA-10-K-005; OKTA-10-K-006; OKTA-10-K-007,0.08,deterministic,,,False,1.0,0.7159090909090909,0,False,2026-05-28T16:43:37+00:00,regulatory_litigation
OKTA,"Okta, Inc.",What are the key risk factors?,"Retrieved evidence indicates that this diligence question is most directly supported by Risk Factors, MD&A filing passages. The strongest passages should be reviewed in the source filing before drawing a diligence conclusion. Cited chunks: OKTA-10-K-011, OKTA-10-K-178, OKTA-10-K-175, OKTA-10-K-193, OKTA-10-K-171.","Item 1A. Risk Factors 15 Item 1B. Unresolved Staff Comments 40 Item 1C. Cybersecurity 40 Item 2. Properties 42 Item 3. Legal Proceedings 42 Item 4. Mine Safety Disclosures 42 Part II Item 5. Market for Registrant’s Common Equity, Related Stockholder Matters and Issuer Purchases of Equity Securities 43 Item 6. [Reserved] 44 under Part I, Item I of this Annual Report on Form 10-K. Our cybersecurity risk management program consists of technical and organizational safeguards aimed at protecting the confidentiality, integrity and availability of our systems and platforms. From time to time, management will engage external consultants and advisors to perform independent assessments and testing of the cybersecurity risk management program, or otherwise assist with aspects of the program and security controls. Key features of our cybersecurity risk management program include: • Designated security governance, risk and compliance team . Our security governance, risk and an important part of our overall risk management efforts. We have an established cybersecurity risk management program intended to protect the confidentiality, integrity and availability of our systems, internal networks and","[""Item 1A. Risk Factors 15 Item 1B. Unresolved Staff Comments 40 Item 1C. Cybersecurity 40 Item 2. Properties 42 Item 3. Legal Proceedings 42 Item 4. Mine Safety Disclosures 42 Part II Item 5. Market for Registrant\u2019s Commo"", ""under Part I, Item I of this Annual Report on Form 10-K. Our cybersecurity risk management program consists of technical and organizational safeguards aimed at protecting the confidentiality, integrity and availability o"", ""an important part of our overall risk management efforts. We have an established cybersecurity risk management program intended to protect the confidentiality, integrity and availability of our systems, internal networks""]","[""Evidence is public filing text and may not cover all diligence topics.""]","[""Review cited filing sections in full."", ""Tie filing statements back to structured financial metrics and peer benchmarks.""]",OKTA-10-K-011; OKTA-10-K-178; OKTA-10-K-175; OKTA-10-K-193; OKTA-10-K-171,0.1302205487899968,deterministic,,,False,1.0,0.7425742574257426,0,False,2026-05-28T16:43:37+00:00,key_risk_factors
OKTA,"Okta, Inc.",What does management say about cash flows and capital allocation?,"Retrieved evidence indicates that this diligence question is most directly supported by Liquidity and Capital Resources filing passages. The strongest passages should be reviewed in the source filing before drawing a diligence conclusion. Cited chunks: OKTA-10-K-225, OKTA-10-K-266, OKTA-10-K-264, OKTA-10-K-265, OKTA-10-K-243.","of January 31, 2026, we had deferred revenue of $1,905 million, of which $1,875 million was recorded as a current liability and is expected to be recorded as revenue in the next 12 months, provided all other revenue recognition criteria have been met. Cash Flows The following table summarizes our cash flows for the periods indicated: Year Ended January 31, 2026 2025 2024 (dollars in millions) Net cash provided by operating activities $ 884 $ 750 $ 512 Net cash provided by (used in) investing activities 271 (314) 441 Net cash used in financing activities (720) (359) (883) Effects of changes in foreign currency exchange rates on cash, cash equi inform resource allocation to support strategic priorities and capital allocation needs. The profit and loss measure most consistent with GAAP used by the CODM is consolidated net income. The CODM is regularly provided with budgeted expense information and consolidated expense data. Accordingly, significant segment expenses are inherently reflected in the consolidated financial statements and related notes. Use of Estimates The preparation of consolidated financial statements in conformity with GAAP requires estimates, judgments and assumption","[""of January 31, 2026, we had deferred revenue of $1,905 million, of which $1,875 million was recorded as a current liability and is expected to be recorded as revenue in the next 12 months, provided all other revenue reco"", ""inform resource allocation to support strategic priorities and capital allocation needs. The profit and loss measure most consistent with GAAP used by the CODM is consolidated net income. The CODM is regularly provided w"", ""Cash, cash equivalents and restricted cash at end of year $ 864 $ 415 $ 342 68 Year Ended January 31, 2026 2025 2024 Supplementary cash flow disclosure: Non-cash investing and financing activities: Unsettled common stock""]","[""Evidence is public filing text and may not cover all diligence topics.""]","[""Review cited filing sections in full."", ""Tie filing statements back to structured financial metrics and peer benchmarks.""]",OKTA-10-K-225; OKTA-10-K-266; OKTA-10-K-264; OKTA-10-K-265; OKTA-10-K-243,0.1537261895353199,deterministic,,,False,1.0,0.782608695652174,0,False,2026-05-28T16:43:37+00:00,cash_flows_capital_allocation
TOST,"Toast, Inc.",What are the company's main revenue drivers?,"Retrieved evidence indicates that this diligence question is most directly supported by Segment Information filing passages. The strongest passages should be reviewed in the source filing before drawing a diligence conclusion. Cited chunks: TOST-10-K-402, TOST-10-K-401, TOST-10-K-348, TOST-10-K-352, TOST-10-K-372.","period $ 63 $ 41 Deferred revenue, end of period $ 69 $ 63 Revenue recognized in the period from amounts included in deferred revenue at the beginning of period $ 59 $ 39 Deferred revenue includes amounts classified within other long-term liabilities on our Consolidated Balance Sheets. As of December 31, 2025, $ 999 million of revenue is expected to be recognized from remaining performance obligations for customer contracts. We expect to recognize revenue of approximately $ 936 million of these remaining performance obligations over the next 24 months, with the balance recognized thereafter. 106 Table of Contents The following table summarize ) 22.37 Forfeited ( 3 ) 22.42 Outstanding balance as of December 31, 2025 15 $ 26.80 Expected to vest as of December 31, 2025 13 $ 26.19 The weighted-average grant-date fair value per share of RSUs granted during the fiscal years ended December 31, 2024 and 2023 was $ 24.77 and $ 18.58 , respectively. The fair value of RSUs vested during the fiscal years ended December 31, 2025, 2024, and 2023 was $ 405 million, $ 284 million, and $ 208 million, respectively. As of December 31, 2025, total unrecognized stock-based compensation expense related","[""period $ 63 $ 41 Deferred revenue, end of period $ 69 $ 63 Revenue recognized in the period from amounts included in deferred revenue at the beginning of period $ 59 $ 39 Deferred revenue includes amounts classified with"", "") 22.37 Forfeited ( 3 ) 22.42 Outstanding balance as of December 31, 2025 15 $ 26.80 Expected to vest as of December 31, 2025 13 $ 26.19 The weighted-average grant-date fair value per share of RSUs granted during the fis"", ""allocation method based on each distinct performance obligation\u2019s standalone selling price, or SSP. We allocate variable fees earned from financial technology services revenue to those distinct performance obligations wh""]","[""Evidence is public filing text and may not cover all diligence topics.""]","[""Review cited filing sections in full."", ""Tie filing statements back to structured financial metrics and peer benchmarks.""]",TOST-10-K-402; TOST-10-K-401; TOST-10-K-348; TOST-10-K-352; TOST-10-K-372,0.1110286261913702,deterministic,,,False,1.0,0.7592592592592593,0,False,2026-05-28T16:43:37+00:00,revenue_drivers
TOST,"Toast, Inc.",What does the company say about customer concentration?,"Retrieved evidence indicates that this diligence question is most directly supported by MD&A, Liquidity and Capital Resources, Segment Information filing passages. The strongest passages should be reviewed in the source filing before drawing a diligence conclusion. Cited chunks: TOST-10-K-034, TOST-10-K-345, TOST-10-K-370, TOST-10-K-036, TOST-10-K-037.","relationship management, loyalty, mobile pay, gift cards, online ordering, and more. We intend to continue expanding our technology and channel partnerships to deliver even more value to our customers and increase the strategic nature of our platform. • Selectively pursue inorganic growth. We intend to selectively explore inorganic product and technology growth opportunities to build out our portfolio and strengthen our ecosystem advantage. We believe that the scale of our partner ecosystem provides additional visibility into what products would be most valuable to our customers. 10 Table of Contents Customer Success Our customer success team or can be corroborated by observable market data. • Level 3 —Unobservable inputs that are supported by little or no market activity and that are significant to determining the fair value of the assets or liabilities, including pricing models, discounted cash flow methodologies and similar techniques. The fair value of our marketable securities is determined based on quoted market prices of similar assets and classified as Level 2 within the fair value hierarchy. (See Note 3, “Financial Instruments”). The carrying values of accounts receivable,","[""relationship management, loyalty, mobile pay, gift cards, online ordering, and more. We intend to continue expanding our technology and channel partnerships to deliver even more value to our customers and increase the st"", ""or can be corroborated by observable market data. \u2022 Level 3 \u2014Unobservable inputs that are supported by little or no market activity and that are significant to determining the fair value of the assets or liabilities, inc"", ""or avoid an impairment charge. This change has been applied prospectively as retrospective application is deemed impracticable due to the inability to objectively determine the assumptions and significant estimates used ""]","[""Evidence is public filing text and may not cover all diligence topics.""]","[""Review cited filing sections in full."", ""Tie filing statements back to structured financial metrics and peer benchmarks.""]",TOST-10-K-034; TOST-10-K-345; TOST-10-K-370; TOST-10-K-036; TOST-10-K-037,0.1184655065510269,deterministic,,,False,1.0,0.8043478260869565,0,False,2026-05-28T16:43:37+00:00,customer_concentration
TOST,"Toast, Inc.",What are the main liquidity risks?,"Retrieved evidence indicates that this diligence question is most directly supported by Liquidity and Capital Resources, Debt / Contractual Obligations, MD&A filing passages. The strongest passages should be reviewed in the source filing before drawing a diligence conclusion. Cited chunks: TOST-10-K-303, TOST-10-K-136, TOST-10-K-008, TOST-10-K-011, TOST-10-K-005.","for any given period. The following table presents a reconciliation of net cash provided by operating activities to the free cash flow for each of the periods presented: Year Ended December 31, (in millions) 2025 2024 Net cash provided by operating activities $ 661 $ 360 Capital expenditures (53) (54) Free cash flow $ 608 $ 306 LIQUIDITY AND CAPITAL RESOURCES Our principal sources of liquidity are cash and cash equivalents and marketable securities. We also have access to external sources of liquidity through a credit facility as further described below. The following tables present selected financial information related to our liquidity: Yea expose us to increased scrutiny from the investment community, regulatory authorities, and others or subject us to liability. We rely primarily on third-party insurance policies to insure our operations-related risks. If our insurance coverage does not cover a particular loss or is insufficient for the needs of our business or our insurance providers are unable to meet their obligations, we may not be able to mitigate the risks facing our business, which could adversely affect our business, financial condition, and results of operations. 34 Ta","[""for any given period. The following table presents a reconciliation of net cash provided by operating activities to the free cash flow for each of the periods presented: Year Ended December 31, (in millions) 2025 2024 Ne"", ""expose us to increased scrutiny from the investment community, regulatory authorities, and others or subject us to liability. We rely primarily on third-party insurance policies to insure our operations-related risks. If"", ""rates, capital market disruptions, tariffs, sanctions, or economic slowdowns or recessions, on our business and the industries we serve; \u2022 our ability to source, finance, and integrate companies and assets that we have o""]","[""Evidence is public filing text and may not cover all diligence topics.""]","[""Review cited filing sections in full."", ""Tie filing statements back to structured financial metrics and peer benchmarks.""]",TOST-10-K-303; TOST-10-K-136; TOST-10-K-008; TOST-10-K-011; TOST-10-K-005,0.135312991059221,deterministic,,,False,1.0,0.828125,0,False,2026-05-28T16:43:37+00:00,liquidity_risks
TOST,"Toast, Inc.",What does management say about debt obligations?,"Retrieved evidence indicates that this diligence question is most directly supported by Liquidity and Capital Resources, Debt / Contractual Obligations filing passages. The strongest passages should be reviewed in the source filing before drawing a diligence conclusion. Cited chunks: TOST-10-K-302, TOST-10-K-218, TOST-10-K-297, TOST-10-K-265, TOST-10-K-259.","flow is a meaningful indicator of our sources of liquidity and capital requirements that provides information to management and investors in evaluating the cash flow trends of our business. Once our business needs and obligations are met, cash can be used to maintain a strong balance sheet and invest in future growth. Free cash flow has limitations as an analytical tool and should not be considered in isolation or as a substitute for analysis of our results as reported under GAAP. Other companies may calculate free cash flow or similarly titled non-GAAP measures differently, which could reduce the usefulness of free cash flow as a tool for co affecting multinational corporations could significantly influence our operations, lead to an increase in our global effective tax rate and adversely impact our financial performance. Under state tax law, we may be deemed responsible for collecting and remitting sales taxes directly to certain states. State tax authorities may raise questions about, or challenge or disagree with, our calculation, reporting, or collection of taxes and may require us to collect taxes or to remit additional taxes and interest and could impose associated penalties","[""flow is a meaningful indicator of our sources of liquidity and capital requirements that provides information to management and investors in evaluating the cash flow trends of our business. Once our business needs and ob"", ""affecting multinational corporations could significantly influence our operations, lead to an increase in our global effective tax rate and adversely impact our financial performance. Under state tax law, we may be deeme"", ""widely used by investors and securities analysts to measure a company\u2019s operating performance without regard to items such as depreciation and amortization, interest expense, and interest income, which can vary substanti""]","[""Evidence is public filing text and may not cover all diligence topics.""]","[""Review cited filing sections in full."", ""Tie filing statements back to structured financial metrics and peer benchmarks.""]",TOST-10-K-302; TOST-10-K-218; TOST-10-K-297; TOST-10-K-265; TOST-10-K-259,0.1183047229944957,deterministic,,,False,1.0,0.8321167883211679,0,False,2026-05-28T16:43:37+00:00,debt_obligations
TOST,"Toast, Inc.",What risks could pressure margins?,"Retrieved evidence indicates that this diligence question is most directly supported by MD&A filing passages. The strongest passages should be reviewed in the source filing before drawing a diligence conclusion. Cited chunks: TOST-10-K-011, TOST-10-K-008, TOST-10-K-018, TOST-10-K-021, TOST-10-K-046.","cautioned not to unduly rely upon these statements. 3 Table of Contents RISK FACTORS SUMMARY The following is a summary of the principal risks that could materially adversely affect our business, results of operations, and financial condition. Additional discussion of the risks included in this summary, and other risks that we face, can be found below and should be carefully considered, together with other information in this Annual Report on Form 10-K in its entirety before making investment decisions regarding our Class A common stock. This summary should not be relied upon as an exhaustive summary of the material risks facing our business. rates, capital market disruptions, tariffs, sanctions, or economic slowdowns or recessions, on our business and the industries we serve; • our ability to source, finance, and integrate companies and assets that we have or may acquire; and • the sufficiency of our cash, cash equivalents and investments to meet our liquidity needs. You should not rely upon forward-looking statements as predictions of future events. We have based the forward-looking statements contained in this Annual Report on Form 10-K primarily on our current expectations and","[""cautioned not to unduly rely upon these statements. 3 Table of Contents RISK FACTORS SUMMARY The following is a summary of the principal risks that could materially adversely affect our business, results of operations, a"", ""rates, capital market disruptions, tariffs, sanctions, or economic slowdowns or recessions, on our business and the industries we serve; \u2022 our ability to source, finance, and integrate companies and assets that we have o"", ""solutions, including integrated payment processing, restaurant-grade hardware, and a broad ecosystem of third-party partners. We serve as the restaurant operating system, connecting front of house and back of house opera""]","[""Evidence is public filing text and may not cover all diligence topics.""]","[""Review cited filing sections in full."", ""Tie filing statements back to structured financial metrics and peer benchmarks.""]",TOST-10-K-011; TOST-10-K-008; TOST-10-K-018; TOST-10-K-021; TOST-10-K-046,0.116887926118718,deterministic,,,False,1.0,0.8396946564885496,0,False,2026-05-28T16:43:37+00:00,margin_pressure
TOST,"Toast, Inc.",What capex or investment requirements are disclosed?,"Retrieved evidence indicates that this diligence question is most directly supported by Debt / Contractual Obligations, MD&A, Liquidity and Capital Resources filing passages. The strongest passages should be reviewed in the source filing before drawing a diligence conclusion. Cited chunks: TOST-10-K-182, TOST-10-K-049, TOST-10-K-050, TOST-10-K-310, TOST-10-K-062.","are able to do so, we could be required to make product and service changes in order to obtain and maintain such licenses, which could have a material and adverse effect on our business. As we obtain such licenses, we are and will become subject to many additional requirements and limitations, including those with respect to the custody of customer funds; record-keeping requirements; disclosure requirements; examination requirements; annual or biennial activity reporting and license renewal requirements; notification and approval requirements for changes in our officers, directors, stock ownership, or corporate control; permissible investment we refer to as AML/CFT, and to control for the AML/CFT risks inherent to our business. The AML Program is also designed to prevent our platform from being used to facilitate business with certain individuals, entities, countries, and territories that are targets of economic or trade sanctions, including those imposed by the Treasury Department’s Office of Foreign Assets Control. State Licensing Requirements Certain of our payment technology solutions are or may become subject to state money transmitter or payroll processor laws and regulations","[""are able to do so, we could be required to make product and service changes in order to obtain and maintain such licenses, which could have a material and adverse effect on our business. As we obtain such licenses, we ar"", ""we refer to as AML/CFT, and to control for the AML/CFT risks inherent to our business. The AML Program is also designed to prevent our platform from being used to facilitate business with certain individuals, entities, c"", ""in our officers, directors, stock ownership or corporate control; permissible investment requirements; capital or minimum net worth requirements; bonding; restrictions on marketing and advertising; qualified individual r""]","[""Evidence is public filing text and may not cover all diligence topics.""]","[""Review cited filing sections in full."", ""Tie filing statements back to structured financial metrics and peer benchmarks.""]",TOST-10-K-182; TOST-10-K-049; TOST-10-K-050; TOST-10-K-310; TOST-10-K-062,0.2565627750499932,deterministic,,,False,1.0,0.8153846153846154,0,False,2026-05-28T16:43:37+00:00,capex_requirements
TOST,"Toast, Inc.",What does management say about competition?,"Retrieved evidence indicates that this diligence question is most directly supported by Business, Legal / Regulatory Matters, Risk Factors filing passages. The strongest passages should be reviewed in the source filing before drawing a diligence conclusion. Cited chunks: TOST-10-K-001, TOST-10-K-003, TOST-10-K-002, TOST-10-K-425, TOST-10-K-038.","Item 1. Business 6 Legal Proceedings 62 Item 4. Mine Safety Disclosures 62 PART II Item 5. Market for Registrant’s Common Equity, Related Stockholder Matters and Issuer Purchases of Equity Securities 62 Item 6. [Reserved] 64 Item 1A. Risk Factors 18 Item 1B. Unresolved Staff Comments 61 Item 1C. Cybersecurity 61 Item 2. Properties 62 Item 3.","[""Item 1. Business 6"", ""Legal Proceedings 62 Item 4. Mine Safety Disclosures 62 PART II Item 5. Market for Registrant\u2019s Common Equity, Related Stockholder Matters and Issuer Purchases of Equity Securities 62 Item 6. [Reserved] 64"", ""Item 1A. Risk Factors 18 Item 1B. Unresolved Staff Comments 61 Item 1C. Cybersecurity 61 Item 2. Properties 62 Item 3.""]","[""Evidence is public filing text and may not cover all diligence topics.""]","[""Review cited filing sections in full."", ""Tie filing statements back to structured financial metrics and peer benchmarks.""]",TOST-10-K-001; TOST-10-K-003; TOST-10-K-002; TOST-10-K-425; TOST-10-K-038,0.08,deterministic,,,False,1.0,0.5283018867924528,0,False,2026-05-28T16:43:37+00:00,competition
TOST,"Toast, Inc.",Are there regulatory or litigation risks?,"Retrieved evidence indicates that this diligence question is most directly supported by Business, Risk Factors, Legal / Regulatory Matters filing passages. The strongest passages should be reviewed in the source filing before drawing a diligence conclusion. Cited chunks: TOST-10-K-001, TOST-10-K-002, TOST-10-K-003, TOST-10-K-011, TOST-10-K-005.","Item 1. Business 6 Item 1A. Risk Factors 18 Item 1B. Unresolved Staff Comments 61 Item 1C. Cybersecurity 61 Item 2. Properties 62 Item 3. Legal Proceedings 62 Item 4. Mine Safety Disclosures 62 PART II Item 5. Market for Registrant’s Common Equity, Related Stockholder Matters and Issuer Purchases of Equity Securities 62 Item 6. [Reserved] 64","[""Item 1. Business 6"", ""Item 1A. Risk Factors 18 Item 1B. Unresolved Staff Comments 61 Item 1C. Cybersecurity 61 Item 2. Properties 62 Item 3."", ""Legal Proceedings 62 Item 4. Mine Safety Disclosures 62 PART II Item 5. Market for Registrant\u2019s Common Equity, Related Stockholder Matters and Issuer Purchases of Equity Securities 62 Item 6. [Reserved] 64""]","[""Evidence is public filing text and may not cover all diligence topics.""]","[""Review cited filing sections in full."", ""Tie filing statements back to structured financial metrics and peer benchmarks.""]",TOST-10-K-001; TOST-10-K-002; TOST-10-K-003; TOST-10-K-011; TOST-10-K-005,0.08,deterministic,,,False,1.0,0.5660377358490566,0,False,2026-05-28T16:43:37+00:00,regulatory_litigation
TOST,"Toast, Inc.",What are the key risk factors?,"Retrieved evidence indicates that this diligence question is most directly supported by Risk Factors, MD&A, Legal / Regulatory Matters filing passages. The strongest passages should be reviewed in the source filing before drawing a diligence conclusion. Cited chunks: TOST-10-K-002, TOST-10-K-046, TOST-10-K-008, TOST-10-K-040, TOST-10-K-003.","Item 1A. Risk Factors 18 Item 1B. Unresolved Staff Comments 61 Item 1C. Cybersecurity 61 Item 2. Properties 62 Item 3. have registered domain names for websites that we use in our business, such as www.toasttab.com and other variations. We intend to pursue additional intellectual property protection to the extent we believe it would be beneficial and cost effective. Despite our efforts to protect our intellectual property rights, they may not be respected in the future or may be invalidated, circumvented, or challenged. See the sections titled “Risk Factors,” including the section(s) titled “Risk Factors—Risks Related to Our Intellectual Property” for a description of the risks related to our intellectual property. 13 Table of Contents Government Regulation V rates, capital market disruptions, tariffs, sanctions, or economic slowdowns or recessions, on our business and the industries we serve; • our ability to source, finance, and integrate companies and assets that we have or may acquire; and • the sufficiency of our cash, cash equivalents and investments to meet our liquidity needs. You should not rely upon forward-looking statements as predictions of future events. We have based","[""Item 1A. Risk Factors 18 Item 1B. Unresolved Staff Comments 61 Item 1C. Cybersecurity 61 Item 2. Properties 62 Item 3."", ""have registered domain names for websites that we use in our business, such as www.toasttab.com and other variations. We intend to pursue additional intellectual property protection to the extent we believe it would be b"", ""rates, capital market disruptions, tariffs, sanctions, or economic slowdowns or recessions, on our business and the industries we serve; \u2022 our ability to source, finance, and integrate companies and assets that we have o""]","[""Evidence is public filing text and may not cover all diligence topics.""]","[""Review cited filing sections in full."", ""Tie filing statements back to structured financial metrics and peer benchmarks.""]",TOST-10-K-002; TOST-10-K-046; TOST-10-K-008; TOST-10-K-040; TOST-10-K-003,0.1543745813726739,deterministic,,,False,1.0,0.7946428571428571,0,False,2026-05-28T16:43:37+00:00,key_risk_factors
TOST,"Toast, Inc.",What does management say about cash flows and capital allocation?,"Retrieved evidence indicates that this diligence question is most directly supported by Liquidity and Capital Resources filing passages. The strongest passages should be reviewed in the source filing before drawing a diligence conclusion. Cited chunks: TOST-10-K-338, TOST-10-K-339, TOST-10-K-304, TOST-10-K-302, TOST-10-K-303.","Cash paid for acquisition, net of cash acquired — — ( 9 ) Capital expenditures ( 53 ) ( 54 ) ( 42 ) Purchases of marketable securities ( 633 ) ( 473 ) ( 623 ) Proceeds from the sale of marketable securities 178 126 35 Maturities of marketable securities 336 362 556 Other investing activities — — ( 3 ) Net cash (used in) investing activities ( 172 ) ( 39 ) ( 86 ) Cash flows from financing activities: Payments of issuance costs of the revolving credit facility ( 3 ) — — Proceeds from issuance of common stock 81 99 36 Change in customer funds obligations, net 36 36 27 Warrant repurchase — ( 61 ) — Repurchases of Class A common stock ( 107 ) ( 56 exchange rate changes on cash and cash equivalents and restricted cash 2 ( 1 ) — Net increase in cash, cash equivalents, cash held on behalf of customers and restricted cash 498 338 112 Cash, cash equivalents, cash held on behalf of customers and restricted cash at beginning of period 1,085 747 635 Cash, cash equivalents, cash held on behalf of customers and restricted cash at end of period $ 1,583 $ 1,085 $ 747 Reconciliation of cash, cash equivalents, cash held on behalf of customers and restricted cash Cash and cash equivalents $ 1,353 $ 90","[""Cash paid for acquisition, net of cash acquired \u2014 \u2014 ( 9 ) Capital expenditures ( 53 ) ( 54 ) ( 42 ) Purchases of marketable securities ( 633 ) ( 473 ) ( 623 ) Proceeds from the sale of marketable securities 178 126 35 Ma"", ""exchange rate changes on cash and cash equivalents and restricted cash 2 ( 1 ) \u2014 Net increase in cash, cash equivalents, cash held on behalf of customers and restricted cash 498 338 112 Cash, cash equivalents, cash held "", ""$ 1,742 (1) Excludes $159 million of cash held on behalf of customers and $71 million of restricted cash. (2) Excludes $123 million of cash held on behalf of customers and $59 million of restricted cash. 74 Table of Cont""]","[""Evidence is public filing text and may not cover all diligence topics.""]","[""Review cited filing sections in full."", ""Tie filing statements back to structured financial metrics and peer benchmarks.""]",TOST-10-K-338; TOST-10-K-339; TOST-10-K-304; TOST-10-K-302; TOST-10-K-303,0.1395157875561298,deterministic,,,False,1.0,0.6835443037974683,0,False,2026-05-28T16:43:37+00:00,cash_flows_capital_allocation
ETSY,"Etsy, Inc.",What are the company's main revenue drivers?,"Retrieved evidence indicates that this diligence question is most directly supported by MD&A filing passages. The strongest passages should be reviewed in the source filing before drawing a diligence conclusion. Cited chunks: ETSY-10-K-243, ETSY-10-K-244, ETSY-10-K-252, ETSY-10-K-032, ETSY-10-K-030.","% (4.5) % 0.1 % Results of Operations Comparison of 2025 and 2024 Revenue Our revenue is diversified and generated from a mix of marketplace activities and other optional services we provide primarily to sellers to help them generate more sales and scale their businesses. Marketplace revenue is primarily comprised of the fees a seller pays for marketplace activities, including transaction fees (inclusive of offsite advertising), payments processing fees, and listing fees. Services revenue is primarily comprised of the fees a marketplace seller pays us for our optional services, including on-site advertising and shipping labels. Year Ended Dec revenue $ 2,883,501 $ 2,808,332 $ 75,169 2.7 % Total revenue increased primarily due to an increase in services revenue, partially offset by a decrease in marketplace revenue. Services revenue increased primarily due to a $62.2 million increase in advertising revenue, largely driven by an increase in average price per click on Etsy Ads. Marketplace revenue decreased primarily due to a $47.1 million decrease related to the sale of the Reverb marketplace on June 2, 2025 and a decrease of $16.8 million in transaction fee revenue, which was driven","[""% (4.5) % 0.1 % Results of Operations Comparison of 2025 and 2024 Revenue Our revenue is diversified and generated from a mix of marketplace activities and other optional services we provide primarily to sellers to help "", ""revenue $ 2,883,501 $ 2,808,332 $ 75,169 2.7 % Total revenue increased primarily due to an increase in services revenue, partially offset by a decrease in marketplace revenue. Services revenue increased primarily due to "", ""represents the estimated amount of federal, state, and foreign income taxes incurred in the U.S. and the other jurisdictions in which we operate. The provision includes the effect of uncertain tax position reserves and c""]","[""Evidence is public filing text and may not cover all diligence topics.""]","[""Review cited filing sections in full."", ""Tie filing statements back to structured financial metrics and peer benchmarks.""]",ETSY-10-K-243; ETSY-10-K-244; ETSY-10-K-252; ETSY-10-K-032; ETSY-10-K-030,0.1313785583282584,deterministic,,,False,1.0,0.7821782178217822,0,False,2026-05-28T16:43:37+00:00,revenue_drivers
ETSY,"Etsy, Inc.",What does the company say about customer concentration?,"Retrieved evidence indicates that this diligence question is most directly supported by MD&A filing passages. The strongest passages should be reviewed in the source filing before drawing a diligence conclusion. Cited chunks: ETSY-10-K-039, ETSY-10-K-040, ETSY-10-K-041, ETSY-10-K-255, ETSY-10-K-038.","marketplace to access tools and services that help them run and grow their creative businesses and drive sales. In 2025, the number of active sellers declined year-over-year, yet stabilized beginning in the second quarter. This reflects the anticipated and intentional impact of the seller set-up fee introduced in 2024, which was designed to encourage a higher standard of seller commitment on the platform. In addition, the retention rate of prior year active sellers improved throughout the year, signaling improving overall seller health and engagement. According to our latest Seller Census 1 , about half of sellers sell exclusively on Etsy, an • 59% sold for the first time on Etsy; • 70% consider their shop a business; • 51% are multi-channel sellers; • 29% say creative business (on and off Etsy) is their sole occupation; • 38% use income from their creative business to cover household expenses like bills, rent, and food; • 90% source supplies domestically; and • 52% of their business time, on average, is spent making/designing and the rest on administrative tasks. 1 The Etsy Seller Census is a biennial survey. Data reflected herein is from the 2024 survey. Going forward, the detail","[""marketplace to access tools and services that help them run and grow their creative businesses and drive sales. In 2025, the number of active sellers declined year-over-year, yet stabilized beginning in the second quarte"", ""\u2022 59% sold for the first time on Etsy; \u2022 70% consider their shop a business; \u2022 51% are multi-channel sellers; \u2022 29% say creative business (on and off Etsy) is their sole occupation; \u2022 38% use income from their creative b"", ""1, 2024 and October 16, 2024. The survey and data analysis of the results were conducted by Ipsos, a leading Research and Public Opinion firm, in partnership with Etsy. The total global sample size was 2,402 sellers. Res""]","[""Evidence is public filing text and may not cover all diligence topics.""]","[""Review cited filing sections in full."", ""Tie filing statements back to structured financial metrics and peer benchmarks.""]",ETSY-10-K-039; ETSY-10-K-040; ETSY-10-K-041; ETSY-10-K-255; ETSY-10-K-038,0.1214561206492667,deterministic,,,False,1.0,0.8549618320610687,0,False,2026-05-28T16:43:37+00:00,customer_concentration
ETSY,"Etsy, Inc.",What are the main liquidity risks?,"Retrieved evidence indicates that this diligence question is most directly supported by MD&A filing passages. The strongest passages should be reviewed in the source filing before drawing a diligence conclusion. Cited chunks: ETSY-10-K-021, ETSY-10-K-218, ETSY-10-K-020, ETSY-10-K-223, ETSY-10-K-085.","materially and adversely from those anticipated or implied in the forward-looking statements. In addition, the global economic climate and general market, political, economic, and business conditions may amplify many of these risks. Forward-looking statements represent our beliefs and assumptions only as of the date of this Annual Report. We disclaim any obligation to update forward-looking statements. Summary Risk Factors Our business is subject to numerous risks. The following summary highlights some of the risks we are exposed to in the normal course of our business activities. This summary is not complete and the risks summarized below ar our management. In addition, Section 203 of the Delaware General Corporation Law may delay or prevent a change in control of our company by imposing certain restrictions on mergers, business combinations, and other transactions between us and holders of 15% or more of our common stock. Anti-takeover provisions could depress the price of our common stock by acting to delay or prevent a change in control of our company. Item 1B. Unresolved Staff Comments. None. Item 1C. Cybersecurity. Cybersecurity Risk Management and Strategy Etsy recognizes th","[""materially and adversely from those anticipated or implied in the forward-looking statements. In addition, the global economic climate and general market, political, economic, and business conditions may amplify many of "", ""our management. In addition, Section 203 of the Delaware General Corporation Law may delay or prevent a change in control of our company by imposing certain restrictions on mergers, business combinations, and other trans"", ""information available to us as of the date of this Annual Report and, although we believe such information forms a reasonable basis for such statements, such information may be limited or incomplete, and our statements s""]","[""Evidence is public filing text and may not cover all diligence topics.""]","[""Review cited filing sections in full."", ""Tie filing statements back to structured financial metrics and peer benchmarks.""]",ETSY-10-K-021; ETSY-10-K-218; ETSY-10-K-020; ETSY-10-K-223; ETSY-10-K-085,0.15940479816796,deterministic,,,False,1.0,0.8083333333333333,0,False,2026-05-28T16:43:37+00:00,liquidity_risks
ETSY,"Etsy, Inc.",What does management say about debt obligations?,"Retrieved evidence indicates that this diligence question is most directly supported by MD&A, Liquidity and Capital Resources filing passages. The strongest passages should be reviewed in the source filing before drawing a diligence conclusion. Cited chunks: ETSY-10-K-172, ETSY-10-K-263, ETSY-10-K-264, ETSY-10-K-171, ETSY-10-K-389.","result, we may not be able to engage in any of these activities or engage in these activities on desirable terms, which could result in a default on our debt obligations. Based on the daily closing prices of the Company’s stock during the quarter ended December 31, 2025, holders of the Notes are not eligible to convert their Notes during the first quarter of 2026. See Part II, Item 8, “Financial Statements and Supplementary Data—Note 12—Debt” for more information on the Notes. In addition, we and our subsidiaries may be able to incur substantial additional debt in the future, subject to the restrictions contained in our debt instruments, some ongoing operations including investing in the areas outlined in Part I, Item 1, “Business—Overview—Core Business Drivers.” We also have the ability to draw down on the 2023 Credit Agreement. See Part II, Item 8, “Financial Statements and Supplementary Data—Note 12—Debt” for more information on the 2023 Credit Agreement. 59 Table of Contents Material Cash Requirements Our cash commitments as of December 31, 2025 were as follows (in thousands): Total Short-Term Long-Term Debt obligations (1) $ 2,999,887 $ 649,887 $ 2,350,000 Interest payments (1","[""result, we may not be able to engage in any of these activities or engage in these activities on desirable terms, which could result in a default on our debt obligations. Based on the daily closing prices of the Company\u2019"", ""ongoing operations including investing in the areas outlined in Part I, Item 1, \u201cBusiness\u2014Overview\u2014Core Business Drivers.\u201d We also have the ability to draw down on the 2023 Credit Agreement. See Part II, Item 8, \u201cFinanci"", ""when a conversion notice is received, we have the option to pay by delivery of cash, shares of our common stock, or a combination thereof. Interest payments consist of interest due in connection with our convertible seni""]","[""Evidence is public filing text and may not cover all diligence topics.""]","[""Review cited filing sections in full."", ""Tie filing statements back to structured financial metrics and peer benchmarks.""]",ETSY-10-K-172; ETSY-10-K-263; ETSY-10-K-264; ETSY-10-K-171; ETSY-10-K-389,0.1861545302681974,deterministic,,,False,1.0,0.776,0,False,2026-05-28T16:43:37+00:00,debt_obligations
ETSY,"Etsy, Inc.",What risks could pressure margins?,"Retrieved evidence indicates that this diligence question is most directly supported by MD&A filing passages. The strongest passages should be reviewed in the source filing before drawing a diligence conclusion. Cited chunks: ETSY-10-K-021, ETSY-10-K-218, ETSY-10-K-086, ETSY-10-K-020, ETSY-10-K-223.","materially and adversely from those anticipated or implied in the forward-looking statements. In addition, the global economic climate and general market, political, economic, and business conditions may amplify many of these risks. Forward-looking statements represent our beliefs and assumptions only as of the date of this Annual Report. We disclaim any obligation to update forward-looking statements. Summary Risk Factors Our business is subject to numerous risks. The following summary highlights some of the risks we are exposed to in the normal course of our business activities. This summary is not complete and the risks summarized below ar our management. In addition, Section 203 of the Delaware General Corporation Law may delay or prevent a change in control of our company by imposing certain restrictions on mergers, business combinations, and other transactions between us and holders of 15% or more of our common stock. Anti-takeover provisions could depress the price of our common stock by acting to delay or prevent a change in control of our company. Item 1B. Unresolved Staff Comments. None. Item 1C. Cybersecurity. Cybersecurity Risk Management and Strategy Etsy recognizes th","[""materially and adversely from those anticipated or implied in the forward-looking statements. In addition, the global economic climate and general market, political, economic, and business conditions may amplify many of "", ""our management. In addition, Section 203 of the Delaware General Corporation Law may delay or prevent a change in control of our company by imposing certain restrictions on mergers, business combinations, and other trans"", ""or elsewhere in our reports address all potential risks that we may face. These risk factors also serve to describe factors which may cause our results to differ materially from those described in forward-looking stateme""]","[""Evidence is public filing text and may not cover all diligence topics.""]","[""Review cited filing sections in full."", ""Tie filing statements back to structured financial metrics and peer benchmarks.""]",ETSY-10-K-021; ETSY-10-K-218; ETSY-10-K-086; ETSY-10-K-020; ETSY-10-K-223,0.1548646262005128,deterministic,,,False,1.0,0.8145161290322581,0,False,2026-05-28T16:43:37+00:00,margin_pressure
ETSY,"Etsy, Inc.",What capex or investment requirements are disclosed?,"Retrieved evidence indicates that this diligence question is most directly supported by MD&A, Liquidity and Capital Resources filing passages. The strongest passages should be reviewed in the source filing before drawing a diligence conclusion. Cited chunks: ETSY-10-K-076, ETSY-10-K-363, ETSY-10-K-183, ETSY-10-K-195, ETSY-10-K-194.","identified as Black, Latinx, or Native American ◦ 40.6% of U.S.-based software engineers identified as women or marginalized genders ◦ 13.4% of Mexico-based software engineers identified as women or marginalized genders ◦ 27.9% of Ireland-based software engineers identified as women or marginalized genders ◦ 13.2% of our U.S. and U.K. employees disclosed that they have or have had a disability ◦ 0.6% of our U.S. employees disclosed that they are veterans that served in the armed forces ◦ 11.8% of our U.S. employees disclosed that they identify as LGBTQIA+ ◦ 29.7% of our U.S., Mexico, and Ireland employees disclosed that they are parents of ch the extent to which the fair value is less than the amortized cost basis, the credit rating, including whether there has been any changes to the rating of the security by a rating agency, available information relevant to the collectibility of the security, and management’s intended holding period and time horizon for selling the security. The Company did not recognize a credit loss in 2025, 2024, or 2023. Outside of the Company’s Impact Investment Fund, the Company typically invests in short- and long-term instruments, including fixed-income","[""identified as Black, Latinx, or Native American \u25e6 40.6% of U.S.-based software engineers identified as women or marginalized genders \u25e6 13.4% of Mexico-based software engineers identified as women or marginalized genders "", ""the extent to which the fair value is less than the amortized cost basis, the credit rating, including whether there has been any changes to the rating of the security by a rating agency, available information relevant t"", ""compliance obligations and/or impeding our business. For example, some of these requirements may introduce friction into the user experience on our platforms, restrict our ability to use data in ways that could benefit o""]","[""Evidence is public filing text and may not cover all diligence topics.""]","[""Review cited filing sections in full."", ""Tie filing statements back to structured financial metrics and peer benchmarks.""]",ETSY-10-K-076; ETSY-10-K-363; ETSY-10-K-183; ETSY-10-K-195; ETSY-10-K-194,0.1740411757404712,deterministic,,,False,1.0,0.7796610169491526,0,False,2026-05-28T16:43:37+00:00,capex_requirements
ETSY,"Etsy, Inc.",What does management say about competition?,"Retrieved evidence indicates that this diligence question is most directly supported by MD&A, Business, Legal / Regulatory Matters filing passages. The strongest passages should be reviewed in the source filing before drawing a diligence conclusion. Cited chunks: ETSY-10-K-140, ETSY-10-K-012, ETSY-10-K-014, ETSY-10-K-013, ETSY-10-K-039.","multiple tax years subject to audit by various taxing jurisdictions. As a result, we could be subject to higher than anticipated tax liabilities as well as ongoing variability in our quarterly tax rates as audits close and exposures are re-evaluated. Strategic Risks Related to Our Business and Industry We face intense competition and may not be able to compete effectively. Operating e-commerce marketplaces is highly competitive, and we expect competition to increase in the future. We face competition from a wide range of online and offline competitors on both sides of our two-sided marketplace, which connects buyers and sellers to facilitate Item 1. Business 18 Legal Proceedings 49 Item 4. Mine Safety Disclosures Part II - Other Information 50 Item 5. Market for Registrant’s Common Equity, Related Stockholder Matters and Issuer Purchases of Equity Securities 51 Item 6. [Reserved] 52","[""multiple tax years subject to audit by various taxing jurisdictions. As a result, we could be subject to higher than anticipated tax liabilities as well as ongoing variability in our quarterly tax rates as audits close a"", ""Item 1. Business 18"", ""Legal Proceedings 49 Item 4. Mine Safety Disclosures Part II - Other Information 50 Item 5. Market for Registrant\u2019s Common Equity, Related Stockholder Matters and Issuer Purchases of Equity Securities 51 Item 6. [Reserve""]","[""Evidence is public filing text and may not cover all diligence topics.""]","[""Review cited filing sections in full."", ""Tie filing statements back to structured financial metrics and peer benchmarks.""]",ETSY-10-K-140; ETSY-10-K-012; ETSY-10-K-014; ETSY-10-K-013; ETSY-10-K-039,0.0806088466476529,deterministic,,,False,1.0,0.7766990291262136,0,False,2026-05-28T16:43:37+00:00,competition
ETSY,"Etsy, Inc.",Are there regulatory or litigation risks?,"Retrieved evidence indicates that this diligence question is most directly supported by MD&A filing passages. The strongest passages should be reviewed in the source filing before drawing a diligence conclusion. Cited chunks: ETSY-10-K-021, ETSY-10-K-218, ETSY-10-K-179, ETSY-10-K-026, ETSY-10-K-204.","materially and adversely from those anticipated or implied in the forward-looking statements. In addition, the global economic climate and general market, political, economic, and business conditions may amplify many of these risks. Forward-looking statements represent our beliefs and assumptions only as of the date of this Annual Report. We disclaim any obligation to update forward-looking statements. Summary Risk Factors Our business is subject to numerous risks. The following summary highlights some of the risks we are exposed to in the normal course of our business activities. This summary is not complete and the risks summarized below ar our management. In addition, Section 203 of the Delaware General Corporation Law may delay or prevent a change in control of our company by imposing certain restrictions on mergers, business combinations, and other transactions between us and holders of 15% or more of our common stock. Anti-takeover provisions could depress the price of our common stock by acting to delay or prevent a change in control of our company. Item 1B. Unresolved Staff Comments. None. Item 1C. Cybersecurity. Cybersecurity Risk Management and Strategy Etsy recognizes th","[""materially and adversely from those anticipated or implied in the forward-looking statements. In addition, the global economic climate and general market, political, economic, and business conditions may amplify many of "", ""our management. In addition, Section 203 of the Delaware General Corporation Law may delay or prevent a change in control of our company by imposing certain restrictions on mergers, business combinations, and other trans"", ""and/or suffer reputational or other harm. Any of these, or similar, consequences could have a material adverse impact on our business, including by making our platform less attractive to buyers or sellers, reducing our r""]","[""Evidence is public filing text and may not cover all diligence topics.""]","[""Review cited filing sections in full."", ""Tie filing statements back to structured financial metrics and peer benchmarks.""]",ETSY-10-K-021; ETSY-10-K-218; ETSY-10-K-179; ETSY-10-K-026; ETSY-10-K-204,0.1051114724898082,deterministic,,,False,1.0,0.8267716535433071,0,False,2026-05-28T16:43:37+00:00,regulatory_litigation
ETSY,"Etsy, Inc.",What are the key risk factors?,"Retrieved evidence indicates that this diligence question is most directly supported by MD&A, Risk Factors filing passages. The strongest passages should be reviewed in the source filing before drawing a diligence conclusion. Cited chunks: ETSY-10-K-085, ETSY-10-K-013, ETSY-10-K-222, ETSY-10-K-086, ETSY-10-K-021.","free of charge as soon as reasonably practicable after we have filed or furnished them to the SEC. 17 Table of Contents Item 1A. Risk Factors. Investing in our securities involves a high degree of risk. You should consider carefully the risks and uncertainties described below, our Consolidated Financial Statements and related notes, and the other information in this Annual Report. If any of these risks actually occur, our business, financial condition, results of operations, and prospects could be adversely affected. As a result, the price of our securities could decline and you could lose part or all of your investment. In addition, factors Item 1A. Risk Factors 47 Item 1B. Unresolved Staff Comments 47 Item 1C. Cybersecurity 49 Item 2. Properties 49 Item 3. and risk management process. Our information security team serves as a first line of defense, including managing cyber risk strategy execution and owning the day-to-day management of these risks. Our enterprise risk management program serves as a second line of defense, 47 Table of Contents bringing holistic risk oversight and serving as a partner to the business to help first line teams strategically manage risk. Our enterpri","[""free of charge as soon as reasonably practicable after we have filed or furnished them to the SEC. 17 Table of Contents Item 1A. Risk Factors. Investing in our securities involves a high degree of risk. You should consid"", ""Item 1A. Risk Factors 47 Item 1B. Unresolved Staff Comments 47 Item 1C. Cybersecurity 49 Item 2. Properties 49 Item 3."", ""and risk management process. Our information security team serves as a first line of defense, including managing cyber risk strategy execution and owning the day-to-day management of these risks. Our enterprise risk mana""]","[""Evidence is public filing text and may not cover all diligence topics.""]","[""Review cited filing sections in full."", ""Tie filing statements back to structured financial metrics and peer benchmarks.""]",ETSY-10-K-085; ETSY-10-K-013; ETSY-10-K-222; ETSY-10-K-086; ETSY-10-K-021,0.1825051913984725,deterministic,,,False,1.0,0.7807017543859649,0,False,2026-05-28T16:43:37+00:00,key_risk_factors
ETSY,"Etsy, Inc.",What does management say about cash flows and capital allocation?,"Retrieved evidence indicates that this diligence question is most directly supported by Liquidity and Capital Resources, MD&A filing passages. The strongest passages should be reviewed in the source filing before drawing a diligence conclusion. Cited chunks: ETSY-10-K-267, ETSY-10-K-259, ETSY-10-K-261, ETSY-10-K-296, ETSY-10-K-369.","expectations and assumptions, in light of current macroeconomic conditions, our future capital requirements and the adequacy of available funds will depend on many factors, including those described in Part I, Item 1A, “Risk Factors” in this Annual Report. Cash Flows Year Ended December 31, (in thousands) 2025 2024 Cash provided by (used in): Operating activities $ 693,414 $ 752,469 Investing activities 32,081 (53,101) Financing activities (169,875) (787,168) Net Cash Provided by Operating Activities Our cash flows from operations are largely dependent on revenue generation and net income, as well as working capital movements and non-cash ite from our business operations, is an important financial measure for use in evaluating our financial performance. Free cash flow has limitations as an analytical tool, as it omits certain components of the Consolidated Statements of Cash Flows and does not represent the residual cash flow available for discretionary expenditures. Other companies, including companies in our industry, may calculate free cash flow differently, which reduces its usefulness as a comparative measure. As a result of these limitations, free cash flow should be consider","[""expectations and assumptions, in light of current macroeconomic conditions, our future capital requirements and the adequacy of available funds will depend on many factors, including those described in Part I, Item 1A, \u201c"", ""from our business operations, is an important financial measure for use in evaluating our financial performance. Free cash flow has limitations as an analytical tool, as it omits certain components of the Consolidated St"", ""Liquidity and Capital Resources Cash and cash equivalents and short-term investments were $1.6 billion as of December 31, 2025. Additionally, we have $134.4 million in long-term investments, a majority of which we can li""]","[""Evidence is public filing text and may not cover all diligence topics.""]","[""Review cited filing sections in full."", ""Tie filing statements back to structured financial metrics and peer benchmarks.""]",ETSY-10-K-267; ETSY-10-K-259; ETSY-10-K-261; ETSY-10-K-296; ETSY-10-K-369,0.1545947358282185,deterministic,,,False,1.0,0.8050847457627118,0,False,2026-05-28T16:43:37+00:00,cash_flows_capital_allocation
DOCU,"DocuSign, Inc.",What are the company's main revenue drivers?,"Retrieved evidence indicates that this diligence question is most directly supported by MD&A filing passages. The strongest passages should be reviewed in the source filing before drawing a diligence conclusion. Cited chunks: DOCU-10-K-204, DOCU-10-K-102, DOCU-10-K-202, DOCU-10-K-193, DOCU-10-K-103.","primarily consisted of: • $30.5 million in information technology costs, particularly hosting costs as we continued our transition from co-located data centers to public cloud infrastructure to support future growth of our platform, including IAM; • $10.7 million in partner and reseller fees to support our customer base due to higher transaction volume and merchant processing fees; and • $6.7 million in personnel costs due to an increase in commissions as part of our ongoing focus on expansion and driving customer acquisition. Sales and Marketing Year Ended January 31, 2026 vs 2025 (in thousands) 2026 2025 Sales and marketing $ 1,203,885 $ 1, products and services; and ▪ evolving customer demands. Because we recognize revenue from subscriptions over the term of the relevant contract, downturns or upturns in sales contracts are not immediately reflected in full in our operating results. We recognize revenue over the term of each of our contracts, which are typically one year in length but may be up to three years or longer. As a result, much of our revenue is generated from the recognition of contract liabilities from contracts entered into during previous periods. Consequently, a s","[""primarily consisted of: \u2022 $30.5 million in information technology costs, particularly hosting costs as we continued our transition from co-located data centers to public cloud infrastructure to support future growth of o"", ""products and services; and \u25aa evolving customer demands. Because we recognize revenue from subscriptions over the term of the relevant contract, downturns or upturns in sales contracts are not immediately reflected in ful"", ""income $ 309,085 10 % $ 1,067,885 36 % For a comparison of our results of operations for the fiscal years ended January 31, 2025 and 2024, see Item 7, Management\u2019s Discussion and Analysis of Financial Condition and Resul""]","[""Evidence is public filing text and may not cover all diligence topics.""]","[""Review cited filing sections in full."", ""Tie filing statements back to structured financial metrics and peer benchmarks.""]",DOCU-10-K-204; DOCU-10-K-102; DOCU-10-K-202; DOCU-10-K-193; DOCU-10-K-103,0.1370194889691635,deterministic,,,False,1.0,0.8016528925619835,0,False,2026-05-28T16:43:37+00:00,revenue_drivers
DOCU,"DocuSign, Inc.",What does the company say about customer concentration?,"Retrieved evidence indicates that this diligence question is most directly supported by MD&A filing passages. The strongest passages should be reviewed in the source filing before drawing a diligence conclusion. Cited chunks: DOCU-10-K-019, DOCU-10-K-186, DOCU-10-K-018, DOCU-10-K-042, DOCU-10-K-040.","already use so that they can create, commit, and manage agreements directly within these applications. We have a diverse customer base spanning across virtually all industries and around the world with no significant customer concentration. No single customer accounted for more than 10% of total revenue in any of the periods presented. We focused initially on selling our products to commercial businesses and VSBs and later expanded our focus to target enterprise customers. As of January 31, 2026, we had a total of over 1.8 million customers, including approximately 280,000 direct enterprise and commercial customers managed through our sales f our partner channel, and digital self-service purchasing. We expect that Docusign’s IAM platform will increasingly be offered across all three channels. We offer subscriptions to our products to businesses of all sizes, from global enterprises down to local, very small businesses (“VSBs”). We offer more than 1,100 active partner integrations with the applications that many of our customers already use so that they can create, commit and manage agreements directly within these applications. We have a diverse customer base spanning across virtua","[""already use so that they can create, commit, and manage agreements directly within these applications. We have a diverse customer base spanning across virtually all industries and around the world with no significant cus"", ""our partner channel, and digital self-service purchasing. We expect that Docusign\u2019s IAM platform will increasingly be offered across all three channels. We offer subscriptions to our products to businesses of all sizes, "", ""solution, and contract lifecycle management (\u201cCLM\u201d) solution \u2014 allow organizations to boost productivity, accelerate contract review cycles, and transform agreement data into insights and actions, while providing a custo""]","[""Evidence is public filing text and may not cover all diligence topics.""]","[""Review cited filing sections in full."", ""Tie filing statements back to structured financial metrics and peer benchmarks.""]",DOCU-10-K-019; DOCU-10-K-186; DOCU-10-K-018; DOCU-10-K-042; DOCU-10-K-040,0.1693420754401357,deterministic,,,False,1.0,0.8095238095238095,0,False,2026-05-28T16:43:37+00:00,customer_concentration
DOCU,"DocuSign, Inc.",What are the main liquidity risks?,"Retrieved evidence indicates that this diligence question is most directly supported by Liquidity and Capital Resources, MD&A, Debt / Contractual Obligations filing passages. The strongest passages should be reviewed in the source filing before drawing a diligence conclusion. Cited chunks: DOCU-10-K-372, DOCU-10-K-053, DOCU-10-K-051, DOCU-10-K-204, DOCU-10-K-004.","10.9 May 1, 2018 10.9# Form of Performance Stock Unit Grant Notice under 2018 Equity Incentive Plan. 10-Q 001-38465 10.5 June 9, 2022 10.10 Office Lease 221 Main Street and related amendments . S-1 333-223990 10.12 March 28, 2018 10.11† 11th Amendment to Office Lease 221 Main Street. 10-K 001-38465 10.12 March 27, 2023 10.12† 12th Amendment to Office Lease 221 Main Street. 10-Q 001-38465 10.1 December 5, 2025 10.13# Non-Employee Director Compensation Policy, amended and restated as of August 29, 2023. 10-Q 001-38465 10.1 September 7, 2023 10.14# Offer Letter dated September 13, 2022 by and between the Registrant and Allan Thygesen. 8-K 001-38 growth and objectives. • Any limits on our ability to use our net operating loss carryforwards to offset future taxable income. Legal and Regulatory Risks • Any actual or perceived failure to comply with laws and regulations affecting our business. • Legal proceedings against us by third parties for various claims, including any current or future legal proceedings. • Any failure to adequately protect our proprietary rights, including intellectual property rights. Risks Related to our Common Stock • Any volatility in the market price of our com","[""10.9 May 1, 2018 10.9# Form of Performance Stock Unit Grant Notice under 2018 Equity Incentive Plan. 10-Q 001-38465 10.5 June 9, 2022 10.10 Office Lease 221 Main Street and related amendments . S-1 333-223990 10.12 March"", ""growth and objectives. \u2022 Any limits on our ability to use our net operating loss carryforwards to offset future taxable income. Legal and Regulatory Risks \u2022 Any actual or perceived failure to comply with laws and regulat"", ""and amendments to these reports filed pursuant to Sections 13(a) and 15(d) of the Exchange Act are filed with the SEC. Such reports and other information filed or furnished by us with the SEC are available free of charge""]","[""Evidence is public filing text and may not cover all diligence topics.""]","[""Review cited filing sections in full."", ""Tie filing statements back to structured financial metrics and peer benchmarks.""]",DOCU-10-K-372; DOCU-10-K-053; DOCU-10-K-051; DOCU-10-K-204; DOCU-10-K-004,0.1362672149167199,deterministic,,,False,1.0,0.7786885245901639,0,False,2026-05-28T16:43:37+00:00,liquidity_risks
DOCU,"DocuSign, Inc.",What does management say about debt obligations?,"Retrieved evidence indicates that this diligence question is most directly supported by MD&A, Liquidity and Capital Resources filing passages. The strongest passages should be reviewed in the source filing before drawing a diligence conclusion. Cited chunks: DOCU-10-K-042, DOCU-10-K-301, DOCU-10-K-272, DOCU-10-K-170, DOCU-10-K-112.","recognizing that every individual brings unique perspectives and experiences to the table. Our mission is to redefine how the world comes together and agrees. Over the last two years, our company has evolved at an extraordinary pace — new products, new ways of working, and much higher expectations from our customers. To keep growing with clarity and consistency, we have developed shared principles that guide how we think, how we collaborate, and how we make decisions every day. The Docusign Principles give us a common language and a clear standard for what “great” looks like as we move into the next chapter. • Customer First: Start with the c making operating decisions, allocating resources, and evaluating financial performance. As such, we have determined that we operate in one operating and one reportable segment. Convertible Debt We account for our convertible debt instruments as a single liability measured at its amortized cost. At issuance, the carrying amount is calculated as the proceeds, net of initial purchasers’ discounts and transaction costs. The difference between the principal amount and carrying value is amortized to interest expense over the term of the convertible","[""recognizing that every individual brings unique perspectives and experiences to the table. Our mission is to redefine how the world comes together and agrees. Over the last two years, our company has evolved at an extrao"", ""making operating decisions, allocating resources, and evaluating financial performance. As such, we have determined that we operate in one operating and one reportable segment. Convertible Debt We account for our convert"", ""from subscription services. Professional services do not result in significant customization of the subscription service. Revenue from professional services provided on a time and materials basis is recognized as the ser""]","[""Evidence is public filing text and may not cover all diligence topics.""]","[""Review cited filing sections in full."", ""Tie filing statements back to structured financial metrics and peer benchmarks.""]",DOCU-10-K-042; DOCU-10-K-301; DOCU-10-K-272; DOCU-10-K-170; DOCU-10-K-112,0.1202139502146189,deterministic,,,False,1.0,0.8226950354609929,0,False,2026-05-28T16:43:37+00:00,debt_obligations
DOCU,"DocuSign, Inc.",What risks could pressure margins?,"Retrieved evidence indicates that this diligence question is most directly supported by MD&A filing passages. The strongest passages should be reviewed in the source filing before drawing a diligence conclusion. Cited chunks: DOCU-10-K-053, DOCU-10-K-051, DOCU-10-K-016, DOCU-10-K-173, DOCU-10-K-052.","growth and objectives. • Any limits on our ability to use our net operating loss carryforwards to offset future taxable income. Legal and Regulatory Risks • Any actual or perceived failure to comply with laws and regulations affecting our business. • Legal proceedings against us by third parties for various claims, including any current or future legal proceedings. • Any failure to adequately protect our proprietary rights, including intellectual property rights. Risks Related to our Common Stock • Any volatility in the market price of our common stock. General Risks • Unfavorable conditions in our industry or the global economy or reductions and amendments to these reports filed pursuant to Sections 13(a) and 15(d) of the Exchange Act are filed with the SEC. Such reports and other information filed or furnished by us with the SEC are available free of charge on our website at investor.docusign.com, as soon as reasonably practicable after we file such material with, or furnish it to, the SEC, when such reports are available on the SEC’s website at www.sec.gov. We use our website, including our investor relations website at investor.docusign.com, as a means of disclosing material no","[""growth and objectives. \u2022 Any limits on our ability to use our net operating loss carryforwards to offset future taxable income. Legal and Regulatory Risks \u2022 Any actual or perceived failure to comply with laws and regulat"", ""and amendments to these reports filed pursuant to Sections 13(a) and 15(d) of the Exchange Act are filed with the SEC. Such reports and other information filed or furnished by us with the SEC are available free of charge"", ""trade policies and practices; and our ability to maintain proper and effective internal controls. You should not rely upon forward-looking statements as predictions of future events. We have based the forward-looking sta""]","[""Evidence is public filing text and may not cover all diligence topics.""]","[""Review cited filing sections in full."", ""Tie filing statements back to structured financial metrics and peer benchmarks.""]",DOCU-10-K-053; DOCU-10-K-051; DOCU-10-K-016; DOCU-10-K-173; DOCU-10-K-052,0.125654365837369,deterministic,,,False,1.0,0.8114754098360656,0,False,2026-05-28T16:43:37+00:00,margin_pressure
DOCU,"DocuSign, Inc.",What capex or investment requirements are disclosed?,"Retrieved evidence indicates that this diligence question is most directly supported by MD&A, Liquidity and Capital Resources filing passages. The strongest passages should be reviewed in the source filing before drawing a diligence conclusion. Cited chunks: DOCU-10-K-146, DOCU-10-K-286, DOCU-10-K-145, DOCU-10-K-138, DOCU-10-K-147.","the Dodd-Frank Wall Street Reform and Consumer Protection Act, the listing requirements of Nasdaq and other applicable securities rules and regulations that impose various requirements on public companies. Our management and other personnel devote a substantial amount of time to compliance with these requirements and such compliance has increased, and will continue to increase, our legal, accounting and financial costs. The Sarbanes-Oxley Act requires, among other things, that we maintain effective disclosure controls and procedures and internal control over financial reporting. In order to maintain and improve the effectiveness of such contr credit rating. Estimated credit losses are determined using a discounted cash flow model and recorded as an allowance, with changes in expected credit losses on our investments recorded in “Interest income and other income, net” in the consolidated statements of operations and comprehensive loss. Unrealized gains and losses related to noncredit factors are reflected in “Accumulated other comprehensive loss” on the consolidated balance sheets. Strategic Investments Our strategic investments consist of non-marketable equity investments in privat","[""the Dodd-Frank Wall Street Reform and Consumer Protection Act, the listing requirements of Nasdaq and other applicable securities rules and regulations that impose various requirements on public companies. Our management"", ""credit rating. Estimated credit losses are determined using a discounted cash flow model and recorded as an allowance, with changes in expected credit losses on our investments recorded in \u201cInterest income and other inco"", ""a Base Erosion and Profit Shifting Project that, if implemented, would change various aspects of the existing framework under which our tax obligations are determined in many of the countries in which we do business. A n""]","[""Evidence is public filing text and may not cover all diligence topics.""]","[""Review cited filing sections in full."", ""Tie filing statements back to structured financial metrics and peer benchmarks.""]",DOCU-10-K-146; DOCU-10-K-286; DOCU-10-K-145; DOCU-10-K-138; DOCU-10-K-147,0.1272433791952396,deterministic,,,False,1.0,0.7883211678832117,0,False,2026-05-28T16:43:37+00:00,capex_requirements
DOCU,"DocuSign, Inc.",What does management say about competition?,"Retrieved evidence indicates that this diligence question is most directly supported by MD&A, Risk Factors, Business filing passages. The strongest passages should be reviewed in the source filing before drawing a diligence conclusion. Cited chunks: DOCU-10-K-042, DOCU-10-K-010, DOCU-10-K-009, DOCU-10-K-011, DOCU-10-K-170.","recognizing that every individual brings unique perspectives and experiences to the table. Our mission is to redefine how the world comes together and agrees. Over the last two years, our company has evolved at an extraordinary pace — new products, new ways of working, and much higher expectations from our customers. To keep growing with clarity and consistency, we have developed shared principles that guide how we think, how we collaborate, and how we make decisions every day. The Docusign Principles give us a common language and a clear standard for what “great” looks like as we move into the next chapter. • Customer First: Start with the c Item 1A. Risk Factors 14 Item 1B. Unresolved Staff Comments 38 Item 1C. Cybersecurity 39 Item 2. Properties 40 Item 3. Item 1. Business 4","[""recognizing that every individual brings unique perspectives and experiences to the table. Our mission is to redefine how the world comes together and agrees. Over the last two years, our company has evolved at an extrao"", ""Item 1A. Risk Factors 14 Item 1B. Unresolved Staff Comments 38 Item 1C. Cybersecurity 39 Item 2. Properties 40 Item 3."", ""Item 1. Business 4""]","[""Evidence is public filing text and may not cover all diligence topics.""]","[""Review cited filing sections in full."", ""Tie filing statements back to structured financial metrics and peer benchmarks.""]",DOCU-10-K-042; DOCU-10-K-010; DOCU-10-K-009; DOCU-10-K-011; DOCU-10-K-170,0.0838364283212814,deterministic,,,False,1.0,0.7395833333333334,0,False,2026-05-28T16:43:37+00:00,competition
DOCU,"DocuSign, Inc.",Are there regulatory or litigation risks?,"Retrieved evidence indicates that this diligence question is most directly supported by MD&A, Risk Factors, Business filing passages. The strongest passages should be reviewed in the source filing before drawing a diligence conclusion. Cited chunks: DOCU-10-K-053, DOCU-10-K-177, DOCU-10-K-067, DOCU-10-K-010, DOCU-10-K-009.","growth and objectives. • Any limits on our ability to use our net operating loss carryforwards to offset future taxable income. Legal and Regulatory Risks • Any actual or perceived failure to comply with laws and regulations affecting our business. • Legal proceedings against us by third parties for various claims, including any current or future legal proceedings. • Any failure to adequately protect our proprietary rights, including intellectual property rights. Risks Related to our Common Stock • Any volatility in the market price of our common stock. General Risks • Unfavorable conditions in our industry or the global economy or reductions in Europe, Asia, Latin America, Israel, Egypt and Australia. We lease all of our facilities and do not own any real property. We believe our facilities are adequate and suitable for our current needs and that, should it be needed, suitable additional or alternative space will be available to accommodate our operations. ITEM 3. LEGAL PROCEEDINGS We are subject to legal proceedings and claims from time to time in the ordinary course of business. We have received, and may in the future continue to receive claims from third parties asserting, amon","[""growth and objectives. \u2022 Any limits on our ability to use our net operating loss carryforwards to offset future taxable income. Legal and Regulatory Risks \u2022 Any actual or perceived failure to comply with laws and regulat"", ""in Europe, Asia, Latin America, Israel, Egypt and Australia. We lease all of our facilities and do not own any real property. We believe our facilities are adequate and suitable for our current needs and that, should it "", ""us or our customers, identity theft for our customers, the inability to expand our business, additional scrutiny, restrictions, fines or penalties from regulatory or governmental authorities, loss of customers and custom""]","[""Evidence is public filing text and may not cover all diligence topics.""]","[""Review cited filing sections in full."", ""Tie filing statements back to structured financial metrics and peer benchmarks.""]",DOCU-10-K-053; DOCU-10-K-177; DOCU-10-K-067; DOCU-10-K-010; DOCU-10-K-009,0.088287490720796,deterministic,,,False,1.0,0.792,0,False,2026-05-28T16:43:37+00:00,regulatory_litigation
DOCU,"DocuSign, Inc.",What are the key risk factors?,"Retrieved evidence indicates that this diligence question is most directly supported by Risk Factors, MD&A filing passages. The strongest passages should be reviewed in the source filing before drawing a diligence conclusion. Cited chunks: DOCU-10-K-010, DOCU-10-K-051, DOCU-10-K-053, DOCU-10-K-173, DOCU-10-K-076.","Item 1A. Risk Factors 14 Item 1B. Unresolved Staff Comments 38 Item 1C. Cybersecurity 39 Item 2. Properties 40 Item 3. and amendments to these reports filed pursuant to Sections 13(a) and 15(d) of the Exchange Act are filed with the SEC. Such reports and other information filed or furnished by us with the SEC are available free of charge on our website at investor.docusign.com, as soon as reasonably practicable after we file such material with, or furnish it to, the SEC, when such reports are available on the SEC’s website at www.sec.gov. We use our website, including our investor relations website at investor.docusign.com, as a means of disclosing material non-public information and for complying with our disclosure obligations under Regulation FD. Docusign, growth and objectives. • Any limits on our ability to use our net operating loss carryforwards to offset future taxable income. Legal and Regulatory Risks • Any actual or perceived failure to comply with laws and regulations affecting our business. • Legal proceedings against us by third parties for various claims, including any current or future legal proceedings. • Any failure to adequately protect our proprietary rights, in","[""Item 1A. Risk Factors 14 Item 1B. Unresolved Staff Comments 38 Item 1C. Cybersecurity 39 Item 2. Properties 40 Item 3."", ""and amendments to these reports filed pursuant to Sections 13(a) and 15(d) of the Exchange Act are filed with the SEC. Such reports and other information filed or furnished by us with the SEC are available free of charge"", ""growth and objectives. \u2022 Any limits on our ability to use our net operating loss carryforwards to offset future taxable income. Legal and Regulatory Risks \u2022 Any actual or perceived failure to comply with laws and regulat""]","[""Evidence is public filing text and may not cover all diligence topics.""]","[""Review cited filing sections in full."", ""Tie filing statements back to structured financial metrics and peer benchmarks.""]",DOCU-10-K-010; DOCU-10-K-051; DOCU-10-K-053; DOCU-10-K-173; DOCU-10-K-076,0.1599652385445861,deterministic,,,False,1.0,0.7766990291262136,0,False,2026-05-28T16:43:37+00:00,key_risk_factors
DOCU,"DocuSign, Inc.",What does management say about cash flows and capital allocation?,"Retrieved evidence indicates that this diligence question is most directly supported by Liquidity and Capital Resources filing passages. The strongest passages should be reviewed in the source filing before drawing a diligence conclusion. Cited chunks: DOCU-10-K-212, DOCU-10-K-262, DOCU-10-K-213, DOCU-10-K-209, DOCU-10-K-287.","our board of directors has authorized a stock repurchase program, which commenced in March 2022. During the year ended January 31, 2026, we repurchased and settled 11.8 million shares of common stock for $869.1 million through our stock repurchase program. The program has no minimum purchase and no mandated end date. The repurchase program may be suspended or discontinued at any time at our discretion. We expect that our existing sources of liquidity, including our existing cash, cash equivalents and investments, expected future operating cash flows, and the borrowing capacity of our credit facility, will finance the repurchase of common stoc withholding obligation on net RSU settlement and ESPP purchase ( 269,713 ) ( 213,282 ) ( 144,218 ) Proceeds from exercise of stock options 1,250 22,705 13,991 Proceeds from employee stock purchase plan 40,780 35,314 32,994 Net cash used in financing activities ( 1,099,902 ) ( 838,791 ) ( 946,039 ) Effect of foreign exchange on cash, cash equivalents and restricted cash 20,272 ( 7,550 ) 199 Net increase (decrease) in cash, cash equivalents and restricted cash ( 41,404 ) ( 141,945 ) 78,298 Cash, cash equivalents and restricted cash at beginning","[""our board of directors has authorized a stock repurchase program, which commenced in March 2022. During the year ended January 31, 2026, we repurchased and settled 11.8 million shares of common stock for $869.1 million t"", ""withholding obligation on net RSU settlement and ESPP purchase ( 269,713 ) ( 213,282 ) ( 144,218 ) Proceeds from exercise of stock options 1,250 22,705 13,991 Proceeds from employee stock purchase plan 40,780 35,314 32,9"", ""flows for the periods indicated: Year Ended January 31, (in thousands) 2026 2025 Net cash provided by (used in): Operating activities $ 1,165,007 $ 1,017,272 Investing activities (126,781) (312,876) Financing activities ""]","[""Evidence is public filing text and may not cover all diligence topics.""]","[""Review cited filing sections in full."", ""Tie filing statements back to structured financial metrics and peer benchmarks.""]",DOCU-10-K-212; DOCU-10-K-262; DOCU-10-K-213; DOCU-10-K-209; DOCU-10-K-287,0.1470615036606236,deterministic,,,False,1.0,0.7575757575757576,0,False,2026-05-28T16:43:37+00:00,cash_flows_capital_allocation
BILL,"BILL Holdings, Inc.",What are the company's main revenue drivers?,"Retrieved evidence indicates that this diligence question is most directly supported by MD&A filing passages. The strongest passages should be reviewed in the source filing before drawing a diligence conclusion. Cited chunks: BILL-10-K-059, BILL-10-K-110, BILL-10-K-270, BILL-10-K-277, BILL-10-K-276.","employ individuals on a temporary basis and use the services of contractors as necessary. None of our employees are represented by a labor union in connection with their employment. We know our success is tied to recruiting, developing, and retaining our employees. Our Chief People Officer is responsible for creating and implementing our initiatives around our employees and our board of directors has ultimate oversight and receives updates on these initiatives periodically. To support hiring the best talent for BILL, we have a rigorous interview process with training for hiring managers and interviewers, interview guides tailored specifically payments and technology continues to evolve. For fiscal 2025, 2024, and 2023, we generated $161.8 million, $167.4 million, and $113.8 million, respectively, in revenue from interest earned on funds held in trust on behalf of customers while payment transactions were clearing, or approximately 11%, 13%, and 11% of our total revenue for such periods, respectively. While these payments are clearing, we deposit the funds in highly liquid, investment-grade marketable securities, and generate revenue that is correlated to the federal funds rate. As","[""employ individuals on a temporary basis and use the services of contractors as necessary. None of our employees are represented by a labor union in connection with their employment. We know our success is tied to recruit"", ""payments and technology continues to evolve. For fiscal 2025, 2024, and 2023, we generated $161.8 million, $167.4 million, and $113.8 million, respectively, in revenue from interest earned on funds held in trust on behal"", ""that macroeconomic factors, banking sector dynamics, or ongoing global geopolitical conflicts will have on our future results of operations, liquidity, and financial condition due to numerous uncertainties, including cha""]","[""Evidence is public filing text and may not cover all diligence topics.""]","[""Review cited filing sections in full."", ""Tie filing statements back to structured financial metrics and peer benchmarks.""]",BILL-10-K-059; BILL-10-K-110; BILL-10-K-270; BILL-10-K-277; BILL-10-K-276,0.1350407826703452,deterministic,,,False,1.0,0.8235294117647058,0,False,2026-05-28T16:43:37+00:00,revenue_drivers
BILL,"BILL Holdings, Inc.",What does the company say about customer concentration?,"Retrieved evidence indicates that this diligence question is most directly supported by MD&A filing passages. The strongest passages should be reviewed in the source filing before drawing a diligence conclusion. Cited chunks: BILL-10-K-117, BILL-10-K-048, BILL-10-K-108, BILL-10-K-088, BILL-10-K-086.","which makes it difficult for us to forecast our future operating results. Further, the revenue that we derive from interest income on customer funds is dependent on interest rates, which we do not control. Moreover, we expect to continue to spend substantial financial and other resources on our technology infrastructure, product development, and sales, marketing and customer success. As usage of our platform grows, we will also need to devote additional resources to improving and maintaining our infrastructure and third-party integrations to maintain performance. In addition, we will need to appropriately scale our internal business systems a social media. As part of our marketing efforts for our spend and expense management solution, we offer a card rewards program to drive card adoption, incent card usage, and drive card loyalty with spending businesses. Under the card rewards program, spending businesses can earn rewards based on transaction volume on the cards issued to them and can redeem those rewards for statement credits, cash, travel, and gift cards. 10 Customer Success SMBs have unique needs and customer support contact expectations. With more than a decade of experience","[""which makes it difficult for us to forecast our future operating results. Further, the revenue that we derive from interest income on customer funds is dependent on interest rates, which we do not control. Moreover, we e"", ""social media. As part of our marketing efforts for our spend and expense management solution, we offer a card rewards program to drive card adoption, incent card usage, and drive card loyalty with spending businesses. Un"", ""access customer funds could have an adverse impact on our cash position and operating results, could require us to obtain additional sources of liquidity, and could adversely affect our business, operating results, and f""]","[""Evidence is public filing text and may not cover all diligence topics.""]","[""Review cited filing sections in full."", ""Tie filing statements back to structured financial metrics and peer benchmarks.""]",BILL-10-K-117; BILL-10-K-048; BILL-10-K-108; BILL-10-K-088; BILL-10-K-086,0.1137959700957572,deterministic,,,False,1.0,0.837037037037037,0,False,2026-05-28T16:43:37+00:00,customer_concentration
BILL,"BILL Holdings, Inc.",What are the main liquidity risks?,"Retrieved evidence indicates that this diligence question is most directly supported by MD&A, Liquidity and Capital Resources filing passages. The strongest passages should be reviewed in the source filing before drawing a diligence conclusion. Cited chunks: BILL-10-K-105, BILL-10-K-338, BILL-10-K-021, BILL-10-K-097, BILL-10-K-255.","omissions, there can be no assurance that our insurance will cover all losses or our coverage will be sufficient to cover our losses. If we suffer significant losses or reputational harm as a result, our business, operating results, and financial condition could be adversely affected. Funds that we hold for the benefit of our customers are subject to market, interest rate, credit, foreign exchange, and liquidity risks, as well as general political and economic conditions. The loss of any of these funds could adversely affect our business, operating results and financial condition. We invest funds that we hold for the benefit of our customers, from contractual maturity dates. Our investment policy governs the types of investments we make. We classify all of our investments in marketable securities as available-for-sale. As part of our customer funds investment strategy, we use funds collected daily from our customers to satisfy the obligations of other unrelated customers, rather than liquidating investments purchased with previously collected funds. There is risk that we may not be able to satisfy customer obligations in full or on time 77 due to insufficient liquidity or due to a","[""omissions, there can be no assurance that our insurance will cover all losses or our coverage will be sufficient to cover our losses. If we suffer significant losses or reputational harm as a result, our business, operat"", ""from contractual maturity dates. Our investment policy governs the types of investments we make. We classify all of our investments in marketable securities as available-for-sale. As part of our customer funds investment"", ""notes, including the related capped call transactions, and any potential repurchases of convertible senior notes; and \u2022 the future market prices of our common stock. We caution you that the foregoing list may not contain""]","[""Evidence is public filing text and may not cover all diligence topics.""]","[""Review cited filing sections in full."", ""Tie filing statements back to structured financial metrics and peer benchmarks.""]",BILL-10-K-105; BILL-10-K-338; BILL-10-K-021; BILL-10-K-097; BILL-10-K-255,0.2526877723078904,deterministic,,,False,1.0,0.792,0,False,2026-05-28T16:43:37+00:00,liquidity_risks
BILL,"BILL Holdings, Inc.",What does management say about debt obligations?,"Retrieved evidence indicates that this diligence question is most directly supported by MD&A, Liquidity and Capital Resources filing passages. The strongest passages should be reviewed in the source filing before drawing a diligence conclusion. Cited chunks: BILL-10-K-224, BILL-10-K-225, BILL-10-K-153, BILL-10-K-228, BILL-10-K-419.","which is subject to economic, financial, competitive, and other factors beyond our control. Moreover, our obligations under the Revolving Credit Facilities are secured by our BILL Divvy Card receivables and certain other collateral, and subject to a limited guarantee by BILL Holdings, Inc. Our business may not generate cash flow from operations in the future sufficient to service our debt and make necessary capital expenditures. If we are unable to generate such cash flow, we may be required to adopt one or more alternatives, such as selling assets, restructuring debt, or obtaining additional debt financing or equity capital on terms that may desirable terms, which could result in a default on our debt obligations. In addition, any of our future debt agreements may contain restrictive covenants that may prohibit us from adopting any of these alternatives. Our failure to comply with these covenants could result in an event of default which, if not cured or waived, could result in the acceleration of our debt. In addition, our indebtedness, combined with our other financial obligations and contractual commitments, could have other important consequences. For example, it could: • make","[""which is subject to economic, financial, competitive, and other factors beyond our control. Moreover, our obligations under the Revolving Credit Facilities are secured by our BILL Divvy Card receivables and certain other"", ""desirable terms, which could result in a default on our debt obligations. In addition, any of our future debt agreements may contain restrictive covenants that may prohibit us from adopting any of these alternatives. Our"", ""primarily through equity and equity-linked securities offerings, sales of subscriptions to our products, transaction fees, interest earned on customer funds, and debt financings. We cannot be certain when or if our opera""]","[""Evidence is public filing text and may not cover all diligence topics.""]","[""Review cited filing sections in full."", ""Tie filing statements back to structured financial metrics and peer benchmarks.""]",BILL-10-K-224; BILL-10-K-225; BILL-10-K-153; BILL-10-K-228; BILL-10-K-419,0.1658478176094581,deterministic,,,False,1.0,0.784,0,False,2026-05-28T16:43:37+00:00,debt_obligations
BILL,"BILL Holdings, Inc.",What risks could pressure margins?,"Retrieved evidence indicates that this diligence question is most directly supported by MD&A filing passages. The strongest passages should be reviewed in the source filing before drawing a diligence conclusion. Cited chunks: BILL-10-K-078, BILL-10-K-021, BILL-10-K-097, BILL-10-K-255, BILL-10-K-087.","impact our business and financial condition. If challenging macroeconomic conditions for SMBs persist, or if additional economic or political factors create greater pressure on SMBs, our customers and spending businesses may be disproportionately impacted and, as a result, the overall demand for our products and services could be materially and adversely affected. We expect fluctuations in our financial results, making it difficult to project future results, and if we fail to meet the expectations of securities analysts or investors with respect to our operating results, our stock price and the value of your investment could decline. Our oper notes, including the related capped call transactions, and any potential repurchases of convertible senior notes; and • the future market prices of our common stock. We caution you that the foregoing list may not contain all of the forward-looking statements made in this Annual Report on Form 10-K. 1 These forward-looking statements are subject to a number of risks, uncertainties, and assumptions, including those described in the section titled “Risk Factors” in Part I, Item 1A of this Annual Report on Form 10-K. Moreover, we operate in a very","[""impact our business and financial condition. If challenging macroeconomic conditions for SMBs persist, or if additional economic or political factors create greater pressure on SMBs, our customers and spending businesses"", ""notes, including the related capped call transactions, and any potential repurchases of convertible senior notes; and \u2022 the future market prices of our common stock. We caution you that the foregoing list may not contain"", ""able to identify all risks created by such new products or functionality. Our risk management policies, procedures, techniques, and processes may not be sufficient to identify all of the risks to which we are exposed, to""]","[""Evidence is public filing text and may not cover all diligence topics.""]","[""Review cited filing sections in full."", ""Tie filing statements back to structured financial metrics and peer benchmarks.""]",BILL-10-K-078; BILL-10-K-021; BILL-10-K-097; BILL-10-K-255; BILL-10-K-087,0.117399492029866,deterministic,,,False,1.0,0.8181818181818182,0,False,2026-05-28T16:43:37+00:00,margin_pressure
BILL,"BILL Holdings, Inc.",What capex or investment requirements are disclosed?,"Retrieved evidence indicates that this diligence question is most directly supported by MD&A, Liquidity and Capital Resources filing passages. The strongest passages should be reviewed in the source filing before drawing a diligence conclusion. Cited chunks: BILL-10-K-049, BILL-10-K-204, BILL-10-K-050, BILL-10-K-342, BILL-10-K-337.","onboarding implementation support, as well as ongoing support and training. We periodically contact businesses using our solutions to discuss their utilization of our platform, highlight additional features that may interest them, and identify any additional tools that may be needed. Regulatory Environment We operate in a rapidly-evolving regulatory environment. Payments and Banking Regulation In order to conduct the payment services we offer, we are required to be licensed to offer money transmission services in most U.S. states. We have procured and continue to maintain money transmitter licenses from the states and territories that require or if we suffer a ransomware or advanced persistent threat attack, or if any of the foregoing is reported or perceived to have occurred, our reputation and business could be damaged. Recent high-profile security breaches and related disclosures of sensitive data by large institutions suggest that the risk of such events is significant, even if privacy, data protection, and information security measures are implemented and enforced. If sensitive information is lost or improperly disclosed or threatened to be disclosed, we could incur significan","[""onboarding implementation support, as well as ongoing support and training. We periodically contact businesses using our solutions to discuss their utilization of our platform, highlight additional features that may inte"", ""or if we suffer a ransomware or advanced persistent threat attack, or if any of the foregoing is reported or perceived to have occurred, our reputation and business could be damaged. Recent high-profile security breaches"", ""anti-terrorist financing requirements, the U.S. Department of Treasury's Office of Foreign Assets Control (OFAC) sanctions obligations, record-keeping requirements, reporting requirements, bonding requirements, minimum c""]","[""Evidence is public filing text and may not cover all diligence topics.""]","[""Review cited filing sections in full."", ""Tie filing statements back to structured financial metrics and peer benchmarks.""]",BILL-10-K-049; BILL-10-K-204; BILL-10-K-050; BILL-10-K-342; BILL-10-K-337,0.1410765205852308,deterministic,,,False,1.0,0.8156028368794326,0,False,2026-05-28T16:43:37+00:00,capex_requirements
BILL,"BILL Holdings, Inc.",What does management say about competition?,"Retrieved evidence indicates that this diligence question is most directly supported by Risk Factors, Business, Legal / Regulatory Matters filing passages. The strongest passages should be reviewed in the source filing before drawing a diligence conclusion. Cited chunks: BILL-10-K-015, BILL-10-K-014, BILL-10-K-016, BILL-10-K-130, BILL-10-K-044.","Item 1A. Risk Factors 16 Item 1B. Unresolved Staff Comments 54 Item 1C. Cybersecurity 54 Item 2. Properties 56 Item 3. Item 1. Business 3 Legal Proceedings 56 Item 4. Mine Safety Disclosures 56 PART II Item 5. Market for Registrant’s Common Equity, Related Stockholder Matters and Issuer Purchases of Equity Securities 57 Item 6. Reserved 59","[""Item 1A. Risk Factors 16 Item 1B. Unresolved Staff Comments 54 Item 1C. Cybersecurity 54 Item 2. Properties 56 Item 3."", ""Item 1. Business 3"", ""Legal Proceedings 56 Item 4. Mine Safety Disclosures 56 PART II Item 5. Market for Registrant\u2019s Common Equity, Related Stockholder Matters and Issuer Purchases of Equity Securities 57 Item 6. Reserved 59""]","[""Evidence is public filing text and may not cover all diligence topics.""]","[""Review cited filing sections in full."", ""Tie filing statements back to structured financial metrics and peer benchmarks.""]",BILL-10-K-015; BILL-10-K-014; BILL-10-K-016; BILL-10-K-130; BILL-10-K-044,0.08,deterministic,,,False,1.0,0.5283018867924528,0,False,2026-05-28T16:43:37+00:00,competition
BILL,"BILL Holdings, Inc.",Are there regulatory or litigation risks?,"Retrieved evidence indicates that this diligence question is most directly supported by MD&A, Legal / Regulatory Matters, Risk Factors filing passages. The strongest passages should be reviewed in the source filing before drawing a diligence conclusion. Cited chunks: BILL-10-K-189, BILL-10-K-016, BILL-10-K-015, BILL-10-K-014, BILL-10-K-056.","state, and local laws; • result in additional compliance and licensure requirements; • increase regulatory scrutiny of our business; and • restrict our operations and force us to change our business practices or compliance program, make product or operational changes, or delay planned product launches or improvements. The complexity of U.S. federal and state regulatory and enforcement regimes, coupled with the scope of our international operations and the evolving regulatory environment, could result in a single event giving rise to many overlapping investigations and legal and regulatory proceedings by multiple government authorities in diff Legal Proceedings 56 Item 4. Mine Safety Disclosures 56 PART II Item 5. Market for Registrant’s Common Equity, Related Stockholder Matters and Issuer Purchases of Equity Securities 57 Item 6. Reserved 59 Item 1A. Risk Factors 16 Item 1B. Unresolved Staff Comments 54 Item 1C. Cybersecurity 54 Item 2. Properties 56 Item 3.","[""state, and local laws; \u2022 result in additional compliance and licensure requirements; \u2022 increase regulatory scrutiny of our business; and \u2022 restrict our operations and force us to change our business practices or complian"", ""Legal Proceedings 56 Item 4. Mine Safety Disclosures 56 PART II Item 5. Market for Registrant\u2019s Common Equity, Related Stockholder Matters and Issuer Purchases of Equity Securities 57 Item 6. Reserved 59"", ""Item 1A. Risk Factors 16 Item 1B. Unresolved Staff Comments 54 Item 1C. Cybersecurity 54 Item 2. Properties 56 Item 3.""]","[""Evidence is public filing text and may not cover all diligence topics.""]","[""Review cited filing sections in full."", ""Tie filing statements back to structured financial metrics and peer benchmarks.""]",BILL-10-K-189; BILL-10-K-016; BILL-10-K-015; BILL-10-K-014; BILL-10-K-056,0.082393872235186,deterministic,,,False,1.0,0.76,0,False,2026-05-28T16:43:37+00:00,regulatory_litigation
BILL,"BILL Holdings, Inc.",What are the key risk factors?,"Retrieved evidence indicates that this diligence question is most directly supported by Risk Factors, MD&A filing passages. The strongest passages should be reviewed in the source filing before drawing a diligence conclusion. Cited chunks: BILL-10-K-015, BILL-10-K-131, BILL-10-K-068, BILL-10-K-130, BILL-10-K-057.","Item 1A. Risk Factors 16 Item 1B. Unresolved Staff Comments 54 Item 1C. Cybersecurity 54 Item 2. Properties 56 Item 3. and key employees are employed on an at-will basis. We currently do not have “key person” insurance for any of our employees. Certain of our key employees have been with us for a long period of time and have fully vested stock options or other long-term equity incentives that may become valuable and are publicly tradable. The loss of our founder, or one or more of our senior management, key members of senior management of acquired companies or other key employees could harm our business, and we may not be able to find adequate replacements. We cannot ensure that we will be able to retain the services of any members of our senior management or the URLs for these websites are intended to be inactive textual references only. 15 Item 1A. Risk Factors Investing in our common stock involves a high degree of risk. You should consider carefully the risks and uncertainties described below, together with all of the other information in this Annual Report on Form 10-K, including “ Management’s Discussion and Analysis of Financial Condition and Results of Operations ,” our con","[""Item 1A. Risk Factors 16 Item 1B. Unresolved Staff Comments 54 Item 1C. Cybersecurity 54 Item 2. Properties 56 Item 3."", ""and key employees are employed on an at-will basis. We currently do not have \u201ckey person\u201d insurance for any of our employees. Certain of our key employees have been with us for a long period of time and have fully vested"", ""the URLs for these websites are intended to be inactive textual references only. 15 Item 1A. Risk Factors Investing in our common stock involves a high degree of risk. You should consider carefully the risks and uncertai""]","[""Evidence is public filing text and may not cover all diligence topics.""]","[""Review cited filing sections in full."", ""Tie filing statements back to structured financial metrics and peer benchmarks.""]",BILL-10-K-015; BILL-10-K-131; BILL-10-K-068; BILL-10-K-130; BILL-10-K-057,0.1543355598779113,deterministic,,,False,1.0,0.7927927927927928,0,False,2026-05-28T16:43:37+00:00,key_risk_factors
BILL,"BILL Holdings, Inc.",What does management say about cash flows and capital allocation?,"Retrieved evidence indicates that this diligence question is most directly supported by Liquidity and Capital Resources, MD&A filing passages. The strongest passages should be reviewed in the source filing before drawing a diligence conclusion. Cited chunks: BILL-10-K-373, BILL-10-K-377, BILL-10-K-309, BILL-10-K-317, BILL-10-K-376.","(decrease) in cash, cash equivalents, restricted cash, and restricted cash equivalents 199,486 ( 873,442 ) 682,125 Cash, cash equivalents, restricted cash, and restricted cash equivalents, beginning of year 3,351,398 4,224,840 3,542,715 Cash, cash equivalents, restricted cash, and restricted cash equivalents, end of year $ 3,550,884 $ 3,351,398 $ 4,224,840 Reconciliation of cash, cash equivalents, restricted cash, and restricted cash equivalents within the consolidated balance sheets to the amounts shown in the consolidated statements of cash flows above: Cash and cash equivalents $ 1,038,346 $ 985,941 $ 1,617,151 Restricted cash included in purposes of making decisions regarding allocating resources and assessing performance. The CODM uses this measure to evaluate the Company’s operational efficiency and profitability, make strategic capital allocation decisions, and assess progress against financial targets, and is regularly provided with financial results comparing actual performance to budgeted targets and prior periods. The CODM does not evaluate the performance of the operating segment using asset information. On a regular basis, the Company’s CODM is provided with significa","[""(decrease) in cash, cash equivalents, restricted cash, and restricted cash equivalents 199,486 ( 873,442 ) 682,125 Cash, cash equivalents, restricted cash, and restricted cash equivalents, beginning of year 3,351,398 4,2"", ""purposes of making decisions regarding allocating resources and assessing performance. The CODM uses this measure to evaluate the Company\u2019s operational efficiency and profitability, make strategic capital allocation deci"", ""Free cash flow is useful to investors as a liquidity measure because it measures our ability to generate or use cash in the ordinary course of business. One limitation of free cash flow is that it does not reflect our fu""]","[""Evidence is public filing text and may not cover all diligence topics.""]","[""Review cited filing sections in full."", ""Tie filing statements back to structured financial metrics and peer benchmarks.""]",BILL-10-K-373; BILL-10-K-377; BILL-10-K-309; BILL-10-K-317; BILL-10-K-376,0.1380705421616757,deterministic,,,False,1.0,0.7524752475247525,0,False,2026-05-28T16:43:37+00:00,cash_flows_capital_allocation
