ticker,company_name,sector_theme,sector,industry,market_cap,enterprise_value,latest_price,price_52w_high,price_52w_low,drawdown_from_52w_high,realised_volatility,beta,ev_to_sales_yfinance,trailing_pe,market_source_type,market_data_mode,data_source,market_data_timestamp,fiscal_year,filing_date,cik,revenue,gross_profit,operating_income,net_income,cash_and_equivalents,total_debt,operating_cash_flow,capex,revenue_growth_yoy,revenue_cagr_3y,gross_margin,operating_margin,net_margin,operating_cash_flow_conversion,free_cash_flow_proxy,fcf_conversion,capex_intensity,cash_to_revenue,debt_to_ebit_proxy,net_debt_to_ebit_proxy,margin_trend,revenue_trend,leverage_trend,fundamentals_source_type,fundamentals_data_mode,uses_ebit_proxy,ebitda_available,ev_to_sales,ev_to_ebit_proxy,yfinance_field_completeness_ratio,sec_field_completeness_ratio,data_completeness_ratio,filing_staleness_days,proxy_usage_penalty,market_cap_band,source_type,metrics_refresh_timestamp,revenue_growth_yoy_score,revenue_cagr_3y_score,gross_margin_score,operating_margin_score,net_margin_score,operating_cash_flow_conversion_score,fcf_conversion_score,cash_to_revenue_score,margin_trend_score,revenue_trend_score,data_completeness_ratio_score,capex_intensity_score,debt_to_ebit_proxy_score,net_debt_to_ebit_proxy_score,ev_to_sales_score,ev_to_ebit_proxy_score,drawdown_from_52w_high_score,realised_volatility_score,leverage_trend_score,market_cap_scale_score,platform_size_feasibility_score,public_to_private_size_score,data_quality_score,peer_count,revenue_growth_yoy_peer_median,operating_margin_peer_median,fcf_conversion_peer_median,debt_to_ebit_proxy_peer_median,ev_to_sales_peer_median,operating_margin_gap_to_median,fcf_conversion_gap_to_median,ev_to_sales_premium_discount_to_median,margin_gap_to_peer_score,cash_conversion_gap_to_peer_score,valuation_discount_to_peer_score,filing_chunk_count,real_filing_chunk_count,sample_fallback_chunk_count,filing_source_score,data_gap_risk_score,data_quality_explanation,debt_to_ebit_risk_score,net_debt_to_ebit_risk_score,fcf_conversion_risk_score,cash_to_revenue_risk_score,margin_trend_risk_score,drawdown_risk_score,volatility_risk_score,negative_growth_risk_score,margin_deterioration_risk_score,weak_fcf_risk_score,leverage_risk_score,liquidity_risk_score,valuation_without_growth_risk_score,red_flag_inverse_score,credit_risk_score,credit_risk_inverse_score,red_flag_score,public_quality_score,platform_candidate_score,public_to_private_feasibility_score,value_creation_potential_score,investment_screening_score,diligence_priority_score,investment_screening_explanation,platform_candidate_explanation,value_creation_explanation,red_flag_explanation
AMP,"Ameriprise Financial, Inc.",Alternative Asset Managers / Market Infrastructure,Financial Services,Asset Management,39526850560.0,34837692416.0,439.6900024414063,541.9134521484375,428.8338623046875,0.1886342723210917,0.2471237503182513,1.201,1.804,10.951182,live_yfinance,live_api,yfinance,2026-05-28T16:35:39+00:00,2025.0,2026-02-19,820027.0,18911000000.0,,4504000000.0,3563000000.0,11158000000.0,,8323000000.0,162000000.0,0.0549481200490906,0.0964389762104847,,0.2381682618581777,0.1884088625667601,1.84791296625222,8485000000.0,1.8838809946714032,0.0085664428110623,0.5900269684310718,,,0.0163797346399439,0.0964389762104847,,live_sec_companyfacts,live_api,True,False,1.8421919737718788,7.734834017761989,1.0,0.7333333333333333,0.84,98.0,8.0,Mid-cap possible public-to-private screen,live_public_data,2026-05-28T16:37:54+00:00,35.40856031128405,58.661417322834644,0.0,70.90163934426229,69.53125,75.96899224806202,64.92890995260665,82.87937743190662,46.44351464435147,58.661417322834644,34.62897526501767,82.03883495145631,0.0,0.0,83.984375,80.98859315589354,39.57597173144877,68.79432624113475,0.0,62.544169611307424,65.0,75.0,71.5,24,0.0797559421373135,0.3292279035097623,1.0893481438254222,0.760251200551384,4.686534282297973,-0.0910596416515846,0.794532850845981,-0.6069180629425404,82.37704918032787,22.748815165876778,85.15625,0.0,0.0,0.0,35.0,28.5,Market fields 100%; SEC fields 73%; filing age 98 days; peer count 24; source live_public_data; real filing chunks 0; EBIT proxy used instead of EBITDA.,0.0,0.0,35.071090047393355,17.12062256809338,53.55648535564853,60.42402826855123,31.20567375886525,64.59143968871595,53.55648535564853,35.071090047393355,0.0,17.12062256809338,16.015625,68.46600863491315,21.6,78.43964562111665,31.5,46.2,51.1,64.5,61.4,60.3,60.3,Screen is supported by strong free cash flow conversion proxy; key caution is no major structured red flag from the cached screen.,"Platform screen reflects scale, margins, cash conversion and leverage discipline; it is not a transaction recommendation.",Value creation screen looks for peer margin or cash-conversion gaps with enough growth and risk control for further diligence.,"Red flag screen combines leverage, weak cash conversion, liquidity, valuation support, volatility, trend and data-gap indicators."
APO,"Apollo Global Management, Inc.",Alternative Asset Managers / Market Infrastructure,Financial Services,Asset Management,74272751616.0,94170939392.0,128.8300018310547,153.59413146972656,99.8788070678711,0.1612309624183323,0.3498667297776991,1.519,3.01,81.025154,live_yfinance,live_api,yfinance,2026-05-28T16:35:39+00:00,2025.0,2026-02-25,1858681.0,32049000000.0,,6677000000.0,5401000000.0,20591000000.0,,7246000000.0,,0.2272727272727273,0.4296476468757257,,0.2083372336110331,0.1685231988517582,1.085217912236034,,,,0.6424849449280788,,,0.7385159352886407,0.4296476468757257,,live_sec_companyfacts,live_api,True,False,2.938342519017754,14.10378004972293,1.0,0.6,0.76,92.0,8.0,Large-cap strategic / unlikely PE target,live_public_data,2026-05-28T16:37:54+00:00,85.60311284046692,96.45669291338582,0.0,64.34426229508196,62.890625,44.57364341085272,0.0,84.8249027237354,94.97907949790795,96.45669291338582,16.431095406360424,0.0,0.0,0.0,65.625,73.76425855513308,45.583038869257955,43.26241134751773,0.0,74.55830388692578,20.0,35.0,67.5,24,0.0797559421373135,0.3292279035097623,1.0893481438254222,0.760251200551384,4.686534282297973,-0.1208906698987292,,-0.3730244265754136,85.24590163934425,0.0,75.0,0.0,0.0,0.0,35.0,32.5,Market fields 100%; SEC fields 60%; filing age 92 days; peer count 24; source live_public_data; real filing chunks 0; EBIT proxy used instead of EBITDA.,0.0,0.0,100.0,15.175097276264594,5.0209205020920535,54.416961130742045,56.73758865248227,14.39688715953308,5.0209205020920535,100.0,0.0,15.175097276264594,34.375,68.89955236435678,28.3,71.69619307136625,31.1,48.0,32.7,37.0,56.1,47.5,49.8,Screen is supported by above-peer latest revenue growth; key caution is incomplete public data coverage.,"Platform screen reflects scale, margins, cash conversion and leverage discipline; it is not a transaction recommendation.",Value creation screen looks for peer margin or cash-conversion gaps with enough growth and risk control for further diligence.,"Red flag screen combines leverage, weak cash conversion, liquidity, valuation support, volatility, trend and data-gap indicators."
ARES,Ares Management Corporation,Alternative Asset Managers / Market Infrastructure,Financial Services,Asset Management,41923506176.0,47073685504.0,127.0999984741211,187.76791381835932,95.20386505126952,0.3231005452983115,0.4038809782689486,1.521,7.966,58.84259,live_yfinance,live_api,yfinance,2026-05-28T16:35:40+00:00,2025.0,2026-02-25,1176948.0,5601482000.0,,1286893000.0,834454000.0,488896000.0,,3266959000.0,,0.4419041897085061,0.2238915025219234,,0.2297415219757914,0.14897021895277,2.5386407416933654,,,,0.0872797591780175,,,0.0625624909809405,0.2238915025219234,,live_sec_companyfacts,live_api,True,False,8.403791265240164,36.5793313849714,1.0,0.6,0.76,92.0,8.0,Mid-cap possible public-to-private screen,live_public_data,2026-05-28T16:37:54+00:00,95.3307392996109,87.00787401574803,0.0,70.08196721311475,56.640625,84.49612403100775,0.0,33.46303501945525,64.85355648535564,87.00787401574803,16.431095406360424,0.0,0.0,0.0,23.046875,20.912547528517113,24.734982332155475,34.75177304964539,0.0,64.31095406360424,65.0,75.0,67.5,24,0.0797559421373135,0.3292279035097623,1.0893481438254222,0.760251200551384,4.686534282297973,-0.0994863815339709,,0.7931782334299896,83.19672131147541,0.0,22.265625,0.0,0.0,0.0,35.0,32.5,Market fields 100%; SEC fields 60%; filing age 92 days; peer count 24; source live_public_data; real filing chunks 0; EBIT proxy used instead of EBITDA.,0.0,0.0,100.0,66.53696498054475,35.14644351464436,75.26501766784452,65.24822695035462,4.669260700389103,35.14644351464436,100.0,0.0,66.53696498054475,76.953125,56.163549041804686,40.2,59.75455992805737,43.8,45.6,46.6,45.7,44.1,48.9,48.9,Screen is supported by above-peer latest revenue growth; key caution is incomplete public data coverage.,"Platform screen reflects scale, margins, cash conversion and leverage discipline; it is not a transaction recommendation.",Value creation screen looks for peer margin or cash-conversion gaps with enough growth and risk control for further diligence.,"Red flag screen combines leverage, weak cash conversion, liquidity, valuation support, volatility, trend and data-gap indicators."
BEN,"Franklin Resources, Inc.",Alternative Asset Managers / Market Infrastructure,Financial Services,Asset Management,16293222400.0,19807309824.0,31.354999542236328,32.349998474121094,20.14709854125977,0.0307573100097896,0.2695853690684028,1.591,2.194,23.935116,live_yfinance,live_api,yfinance,2026-05-28T16:35:40+00:00,2025.0,2025-11-10,38777.0,8770700000.0,,786800000.0,548900000.0,3573900000.0,,1066100000.0,154500000.0,0.0345246520405755,0.0195695027983868,,0.0897077770303396,0.0625833741890613,1.354982206405694,1220600000.0,1.5513472292831725,0.0176154696888503,0.4074817289383972,,,-0.1192755830895351,0.0195695027983868,,live_sec_companyfacts,live_api,True,False,2.258349940597672,25.174516807320792,1.0,0.7333333333333333,0.84,199.0,8.0,Mid-cap possible public-to-private screen,live_public_data,2026-05-28T16:37:54+00:00,24.124513618677042,20.078740157480315,0.0,32.37704918032787,28.515625,57.751937984496124,54.976303317535546,72.37354085603113,10.87866108786611,20.078740157480315,34.62897526501767,64.5631067961165,0.0,0.0,75.78125,47.90874524714829,81.62544169611307,61.34751773049645,0.0,39.2226148409894,100.0,100.0,71.5,24,0.0797559421373135,0.3292279035097623,1.0893481438254222,0.760251200551384,4.686534282297973,-0.2395201264794227,0.4619990854577502,-0.5181194024061799,93.85245901639344,28.436018957345972,81.640625,0.0,0.0,0.0,35.0,28.5,Market fields 100%; SEC fields 73%; filing age 199 days; peer count 24; source live_public_data; real filing chunks 0; EBIT proxy used instead of EBITDA.,0.0,0.0,45.023696682464454,27.626459143968873,89.1213389121339,18.374558303886925,38.652482269503544,75.87548638132296,100.0,45.023696682464454,0.0,27.626459143968873,24.21875,56.099411213836845,24.4,75.63924513036706,43.9,28.3,50.7,76.3,63.7,60.0,58.6,Screen is supported by strong free cash flow conversion proxy; key caution is no major structured red flag from the cached screen.,"Platform screen reflects scale, margins, cash conversion and leverage discipline; it is not a transaction recommendation.",Value creation screen looks for peer margin or cash-conversion gaps with enough growth and risk control for further diligence.,"Red flag screen combines leverage, weak cash conversion, liquidity, valuation support, volatility, trend and data-gap indicators."
BK,Bank of New York Mellon Corp,Alternative Asset Managers / Market Infrastructure,Financial Services,Banks - Diversified,94143750144.0,-66076041216.0,139.74000549316406,141.0500030517578,86.70077514648438,0.0092874691970977,0.1969767308591736,1.068,-3.184,17.01737,live_yfinance,live_api,yfinance,2026-05-28T16:35:41+00:00,2025.0,2026-02-25,1390777.0,20080000000.0,,,5583000000.0,7959000000.0,,6730000000.0,1553000000.0,0.0784682313765507,0.0703105012397509,,,0.2780378486055777,,8283000000.0,,0.0773406374501992,0.3963645418326693,,,,0.0703105012397509,,live_sec_companyfacts,live_api,True,False,-3.2906395027888444,,1.0,0.4666666666666667,0.6799999999999999,92.0,8.0,Distressed/special situations watchlist,live_public_data,2026-05-28T16:37:54+00:00,45.91439688715953,44.09448818897638,0.0,0.0,80.859375,0.0,0.0,71.59533073929961,0.0,44.09448818897638,8.657243816254418,27.184466019417474,0.0,0.0,99.21875,0.0,90.81272084805654,86.87943262411348,0.0,83.03886925795054,0.0,0.0,63.5,24,0.0797559421373135,0.3292279035097623,1.0893481438254222,0.760251200551384,4.686534282297973,,,-1.7021477502508158,0.0,0.0,99.609375,0.0,0.0,0.0,35.0,36.5,Market fields 100%; SEC fields 47%; filing age 92 days; peer count 24; source live_public_data; real filing chunks 0; EBIT proxy used instead of EBITDA.,0.0,0.0,100.0,28.404669260700388,100.0,9.187279151943462,13.120567375886525,54.08560311284047,100.0,100.0,0.0,28.404669260700388,0.78125,54.45806618580457,31.4,68.62306638345069,45.5,21.9,10.2,29.0,39.4,32.6,33.5,Screen is supported by balanced but not standout structured metrics; key caution is incomplete public data coverage.,"Platform screen reflects scale, margins, cash conversion and leverage discipline; it is not a transaction recommendation.",Value creation screen looks for peer margin or cash-conversion gaps with enough growth and risk control for further diligence.,"Red flag screen combines leverage, weak cash conversion, liquidity, valuation support, volatility, trend and data-gap indicators."
BLK,"BlackRock, Inc.",Alternative Asset Managers / Market Infrastructure,Financial Services,Asset Management,163327672320.0,174601142272.0,1052.138671875,1190.13916015625,922.9000244140624,0.1159532371518069,0.2525518964428289,1.456,6.81,26.49556,live_yfinance,live_api,yfinance,2026-05-28T16:35:41+00:00,2025.0,2026-02-25,2012383.0,24216000000.0,,7619000000.0,5942000000.0,11490000000.0,,3927000000.0,375000000.0,0.1866516391434312,0.1866516391434312,,0.3146266930954741,0.2453749587049884,0.5154219713873212,4302000000.0,0.5646410290064313,0.0154856293359762,0.4744796828543112,,,-0.0918514761601734,0.1866516391434312,,live_sec_companyfacts,live_api,True,False,7.210156188965973,22.9165431515947,1.0,0.7333333333333333,0.84,92.0,8.0,Mega-cap benchmark / public quality comp,live_public_data,2026-05-28T16:37:54+00:00,80.54474708171206,83.46456692913385,0.0,80.32786885245902,77.34375,18.6046511627907,18.48341232227488,77.431906614786,12.552301255230125,83.46456692913385,34.62897526501767,67.96116504854368,0.0,0.0,29.296875,51.71102661596958,55.47703180212014,67.37588652482269,0.0,91.87279151943463,5.0,3.0,71.5,24,0.0797559421373135,0.3292279035097623,1.0893481438254222,0.760251200551384,4.686534282297973,-0.0146012104142882,-0.5247071148189909,0.5384836116958006,56.14754098360656,75.35545023696683,28.125,0.0,0.0,0.0,35.0,28.5,Market fields 100%; SEC fields 73%; filing age 92 days; peer count 24; source live_public_data; real filing chunks 0; EBIT proxy used instead of EBITDA.,0.0,0.0,81.51658767772511,22.568093385214,87.44769874476988,44.522968197879855,32.62411347517731,19.45525291828794,100.0,81.51658767772511,0.0,22.568093385214,70.703125,55.627454588102324,31.6,68.44217899305914,44.4,47.1,30.9,20.1,58.3,41.2,44.4,Screen is supported by above-peer latest revenue growth; key caution is no major structured red flag from the cached screen.,"Platform screen reflects scale, margins, cash conversion and leverage discipline; it is not a transaction recommendation.",Value creation screen looks for peer margin or cash-conversion gaps with enough growth and risk control for further diligence.,"Red flag screen combines leverage, weak cash conversion, liquidity, valuation support, volatility, trend and data-gap indicators."
BX,Blackstone Inc.,Alternative Asset Managers / Market Infrastructure,Financial Services,Asset Management,142833532928.0,118554214400.0,116.86000061035156,183.1742248535156,101.18245697021484,0.3620281417661001,0.3338823289882556,1.634,8.234,29.887468,live_yfinance,live_api,yfinance,2026-05-28T16:35:42+00:00,2025.0,2026-02-27,1393818.0,14450265000.0,,7171646000.0,6046623000.0,2854682000.0,,4663161000.0,115703000.0,0.0922373357214469,0.19266447326106,,0.4962985799914396,0.418443744803296,0.650221859807358,4778864000.0,0.6663552551255318,0.0080069811868502,0.1975522248207905,,,0.0898743136454552,0.19266447326106,,live_sec_companyfacts,live_api,True,False,8.204293443753453,16.530962961640885,1.0,0.7333333333333333,0.84,90.0,8.0,Large-cap strategic / unlikely PE target,live_public_data,2026-05-28T16:37:54+00:00,53.30739299610895,84.25196850393701,0.0,90.1639344262295,89.84375,22.48062015503876,19.90521327014218,53.69649805447471,67.78242677824268,84.25196850393701,34.62897526501767,83.98058252427184,0.0,0.0,25.0,69.20152091254752,20.49469964664311,46.45390070921985,0.0,89.39929328621908,20.0,15.0,71.5,24,0.0797559421373135,0.3292279035097623,1.0893481438254222,0.760251200551384,4.686534282297973,0.1670706764816772,-0.4229928886998904,0.7506099282667785,16.39344262295082,73.93364928909952,23.4375,0.0,0.0,0.0,35.0,28.5,Market fields 100%; SEC fields 73%; filing age 90 days; peer count 24; source live_public_data; real filing chunks 0; EBIT proxy used instead of EBITDA.,0.0,0.0,80.09478672985782,46.30350194552529,32.21757322175732,79.50530035335689,53.54609929078015,46.69260700389105,32.21757322175732,80.09478672985782,0.0,46.30350194552529,75.0,56.50951861373921,33.8,66.17243858898587,43.5,48.8,37.4,21.6,43.0,40.9,43.0,"Screen is supported by above-peer latest revenue growth, above-peer EBIT margin proxy; key caution is material share price drawdown.","Platform screen reflects scale, margins, cash conversion and leverage discipline; it is not a transaction recommendation.",Value creation screen looks for peer margin or cash-conversion gaps with enough growth and risk control for further diligence.,"Red flag screen combines leverage, weak cash conversion, liquidity, valuation support, volatility, trend and data-gap indicators."
CBOE,"Cboe Global Markets, Inc.",Alternative Asset Managers / Market Infrastructure,Financial Services,Financial Data & Stock Exchanges,36153696256.0,35835473920.0,345.4599914550781,366.7000122070313,219.0092010498047,0.0579220617531952,0.2325623995932184,0.372,7.478,29.476109,live_yfinance,live_api,yfinance,2026-05-28T16:35:42+00:00,2025.0,2026-02-20,1374310.0,,2429100000.0,1566600000.0,1100000000.0,3868800000.0,1442900000.0,1752600000.0,71000000.0,,,,,,1.118728456530065,1823600000.0,1.1640495340227244,,,0.9210391931571555,-1.5485127026681986,,,-3.102984830866869,live_sec_companyfacts,live_api,True,False,,22.874680148091407,1.0,0.6666666666666666,0.8,97.0,8.0,Mid-cap possible public-to-private screen,live_public_data,2026-05-28T16:37:54+00:00,0.0,0.0,0.0,0.0,0.0,46.51162790697674,40.28436018957346,0.0,0.0,0.0,22.968197879858657,0.0,61.43790849673203,82.35294117647058,0.0,52.09125475285171,72.43816254416961,76.24113475177306,81.29496402877699,59.717314487632514,65.0,75.0,69.5,24,0.0797559421373135,0.3292279035097623,1.0893481438254222,0.760251200551384,4.686534282297973,,0.0747013901973021,,0.0,42.65402843601896,0.0,0.0,0.0,0.0,35.0,30.5,Market fields 100%; SEC fields 67%; filing age 97 days; peer count 24; source live_public_data; real filing chunks 0; EBIT proxy used instead of EBITDA.,38.56209150326798,17.647058823529413,59.71563981042654,100.0,100.0,27.56183745583039,23.75886524822695,100.0,100.0,59.71563981042654,38.56209150326798,100.0,100.0,29.163611939885357,49.4,50.585990285805586,70.8,21.1,38.7,57.8,17.0,40.3,34.9,Screen is supported by strong free cash flow conversion proxy; key caution is incomplete public data coverage.,"Platform screen reflects scale, margins, cash conversion and leverage discipline; it is not a transaction recommendation.",Value creation screen looks for peer margin or cash-conversion gaps with enough growth and risk control for further diligence.,"Red flag screen combines leverage, weak cash conversion, liquidity, valuation support, volatility, trend and data-gap indicators."
CME,CME Group Inc.,Alternative Asset Managers / Market Infrastructure,Financial Services,Financial Data & Stock Exchanges,101202886656.0,102361292800.0,280.0899963378906,318.8379211425781,251.62696838378903,0.1215285956759208,0.1944056483161614,0.26,15.179,23.898464,live_yfinance,live_api,yfinance,2026-05-28T16:35:43+00:00,2025.0,2026-02-26,1156375.0,6520600000.0,,5330500000.0,4072200000.0,164079500000.0,0.0,4277100000.0,83500000.0,0.0637020603252802,0.0911352454850196,,0.8174861209091188,0.624513081618256,0.8023825157114717,4360600000.0,0.8180470875152425,0.0128055700395669,25.16325184798945,0.0,-30.78125879373417,0.1221241254514943,0.0911352454850196,-0.0045841331690685,live_sec_companyfacts,live_api,True,False,15.698140171149896,19.202943963980864,1.0,0.8666666666666667,0.92,91.0,8.0,Large-cap strategic / unlikely PE target,live_public_data,2026-05-28T16:37:54+00:00,37.7431906614786,56.69291338582677,0.0,95.49180327868852,94.53125,26.356589147286826,22.274881516587676,99.22178988326849,74.05857740585773,56.69291338582677,69.6113074204947,74.27184466019418,85.94771241830065,98.0392156862745,11.328125,62.3574144486692,53.35689045936396,87.94326241134752,38.12949640287769,84.45229681978799,20.0,15.0,75.5,24,0.0797559421373135,0.3292279035097623,1.0893481438254222,0.760251200551384,4.686534282297973,0.4882582173993564,-0.2713010563101797,2.3496266591807675,6.557377049180328,68.72037914691943,10.9375,0.0,0.0,0.0,35.0,24.5,Market fields 100%; SEC fields 87%; filing age 91 days; peer count 24; source live_public_data; real filing chunks 0; EBIT proxy used instead of EBITDA.,14.052287581699346,1.9607843137254901,77.72511848341233,0.7782101167315147,25.941422594142267,46.64310954063604,12.056737588652481,62.2568093385214,25.941422594142267,77.72511848341233,14.052287581699346,0.7782101167315147,100.0,58.43932060183945,24.8,75.2410676603638,41.6,54.7,44.9,33.5,37.7,46.8,46.9,"Screen is supported by above-peer EBIT margin proxy, strong free cash flow conversion proxy; key caution is no major structured red flag from the cached screen.","Platform screen reflects scale, margins, cash conversion and leverage discipline; it is not a transaction recommendation.",Value creation screen looks for peer margin or cash-conversion gaps with enough growth and risk control for further diligence.,"Red flag screen combines leverage, weak cash conversion, liquidity, valuation support, volatility, trend and data-gap indicators."
EVR,Evercore Inc.,Alternative Asset Managers / Market Infrastructure,Financial Services,Capital Markets,13469241344.0,13668732928.0,348.20001220703125,382.13568115234375,229.689453125,0.0888052872816751,0.3517266890564484,1.49,3.002,19.583801,live_yfinance,live_api,yfinance,2026-05-28T16:35:43+00:00,2025.0,2026-02-20,1360901.0,3880084000.0,,793814000.0,640707000.0,1436140000.0,,1256464000.0,74002000.0,0.2949320859535951,0.11769379656636,,0.2045868079144678,0.165127095186599,1.5828191490701853,1330466000.0,1.6760424986205835,0.0190722675076106,0.3701311621088615,,,-0.0487657800538563,0.11769379656636,,live_sec_companyfacts,live_api,True,False,3.522793044686661,17.219062561254905,1.0,0.7333333333333333,0.84,97.0,8.0,Mid-cap possible public-to-private screen,live_public_data,2026-05-28T16:37:54+00:00,92.21789883268482,66.53543307086615,0.0,62.704918032786885,62.109375,67.82945736434108,60.18957345971564,70.03891050583657,16.736401673640167,66.53543307086615,34.62897526501767,61.165048543689316,0.0,0.0,60.15625,66.92015209125475,62.544169611307424,42.553191489361694,0.0,37.102473498233216,100.0,100.0,71.5,24,0.0797559421373135,0.3292279035097623,1.0893481438254222,0.760251200551384,4.686534282297973,-0.1246410955952945,0.5866943547951613,-0.2483159553546867,86.47540983606558,26.540284360189574,66.796875,0.0,0.0,0.0,35.0,28.5,Market fields 100%; SEC fields 73%; filing age 97 days; peer count 24; source live_public_data; real filing chunks 0; EBIT proxy used instead of EBITDA.,0.0,0.0,39.81042654028436,29.96108949416343,83.26359832635984,37.455830388692576,57.446808510638306,7.782101167315176,100.0,39.81042654028436,0.0,29.96108949416343,39.84375,64.52896693651667,26.6,73.36731346189859,35.5,46.9,61.7,73.0,66.3,65.0,64.6,"Screen is supported by above-peer latest revenue growth, strong free cash flow conversion proxy; key caution is no major structured red flag from the cached screen.","Platform screen reflects scale, margins, cash conversion and leverage discipline; it is not a transaction recommendation.",Value creation screen looks for peer margin or cash-conversion gaps with enough growth and risk control for further diligence.,"Red flag screen combines leverage, weak cash conversion, liquidity, valuation support, volatility, trend and data-gap indicators."
IBKR,"Interactive Brokers Group, Inc.",Alternative Asset Managers / Market Infrastructure,Financial Services,Capital Markets,138044719104.0,-40493006848.0,81.19999694824219,88.27999877929688,50.34943389892578,0.0801993875051464,0.370034555809735,1.322,-6.283,34.849785,live_yfinance,live_api,yfinance,2026-05-28T16:35:43+00:00,2025.0,2026-02-27,1381197.0,2440000000.0,,4771000000.0,4357000000.0,55295000000.0,,15811000000.0,,0.2341932220536167,0.1745052204984654,,1.955327868852459,1.785655737704918,3.313980297631524,,,,22.66188524590164,,,0.6286346417608255,0.1745052204984654,,live_sec_companyfacts,live_api,True,False,-16.595494609836067,-8.487320655627752,1.0,0.6,0.76,90.0,8.0,Distressed/special situations watchlist,live_public_data,2026-05-28T16:37:54+00:00,87.54863813229572,81.49606299212599,0.0,97.54098360655738,96.484375,91.47286821705426,0.0,98.83268482490273,94.56066945606695,81.49606299212599,16.431095406360424,0.0,0.0,0.0,99.609375,88.212927756654,65.37102473498233,39.71631205673759,0.0,88.69257950530034,0.0,0.0,67.5,24,0.0797559421373135,0.3292279035097623,1.0893481438254222,0.760251200551384,4.686534282297973,1.6260999653426966,,-4.541101720416458,2.8688524590163933,0.0,100.0,0.0,0.0,0.0,35.0,32.5,Market fields 100%; SEC fields 60%; filing age 90 days; peer count 24; source live_public_data; real filing chunks 0; EBIT proxy used instead of EBITDA.,0.0,0.0,100.0,1.1673151750972721,5.439330543933053,34.62897526501767,60.28368794326241,12.451361867704279,5.439330543933053,100.0,0.0,1.1673151750972721,0.390625,73.66778677204597,25.0,75.03039656263226,26.3,52.1,29.0,25.9,43.3,42.8,45.5,"Screen is supported by above-peer latest revenue growth, above-peer EBIT margin proxy; key caution is incomplete public data coverage.","Platform screen reflects scale, margins, cash conversion and leverage discipline; it is not a transaction recommendation.",Value creation screen looks for peer margin or cash-conversion gaps with enough growth and risk control for further diligence.,"Red flag screen combines leverage, weak cash conversion, liquidity, valuation support, volatility, trend and data-gap indicators."
ICE,"Intercontinental Exchange, Inc.",Alternative Asset Managers / Market Infrastructure,Financial Services,Financial Data & Stock Exchanges,84289642496.0,104868872192.0,149.0500030517578,186.76258850097656,144.68960571289062,0.2019279436632008,0.2130068850307388,0.964,10.05,21.69578,live_yfinance,live_api,yfinance,2026-05-28T16:35:44+00:00,2025.0,2026-02-05,1571949.0,12640000000.0,,4346000000.0,3370000000.0,78614000000.0,19644000000.0,4662000000.0,373000000.0,0.0747385426409319,0.0946705327442019,,0.3438291139240506,0.2666139240506329,1.072710538426139,5035000000.0,1.1585365853658536,0.029509493670886,6.219462025316456,4.520018407731247,-13.568798895536125,0.1561993920477534,0.0946705327442019,-5.503211680764328,live_sec_companyfacts,live_api,True,False,8.296587989873418,24.129975193741373,1.0,0.8666666666666667,0.92,112.0,8.0,Large-cap strategic / unlikely PE target,live_public_data,2026-05-28T16:37:54+00:00,43.190661478599225,57.48031496062992,0.0,81.9672131147541,79.6875,43.41085271317829,39.81042654028436,96.88715953307393,78.24267782426779,57.48031496062992,69.6113074204947,52.42718446601942,27.450980392156865,94.11764705882352,23.828125,49.42965779467681,38.16254416961131,82.62411347517731,85.61151079136691,79.85865724381625,20.0,15.0,75.5,24,0.0797559421373135,0.3292279035097623,1.0893481438254222,0.760251200551384,4.686534282297973,0.0146012104142882,0.0691884415404313,0.7703034887019555,44.67213114754098,43.127962085308056,22.65625,0.0,0.0,0.0,35.0,24.5,Market fields 100%; SEC fields 87%; filing age 112 days; peer count 24; source live_public_data; real filing chunks 0; EBIT proxy used instead of EBITDA.,72.54901960784314,5.88235294117647,60.18957345971564,3.112840466926073,21.757322175732213,61.83745583038869,17.375886524822697,56.809338521400775,21.757322175732213,60.18957345971564,72.54901960784314,3.112840466926073,100.0,51.51397048032868,39.7,60.325010040365484,48.5,51.2,44.8,29.5,41.2,44.2,45.0,"Screen is supported by above-peer EBIT margin proxy, strong free cash flow conversion proxy; key caution is elevated debt to EBIT proxy.","Platform screen reflects scale, margins, cash conversion and leverage discipline; it is not a transaction recommendation.",Value creation screen looks for peer margin or cash-conversion gaps with enough growth and risk control for further diligence.,"Red flag screen combines leverage, weak cash conversion, liquidity, valuation support, volatility, trend and data-gap indicators."
JHG,Janus Henderson Group plc,Alternative Asset Managers / Market Infrastructure,Financial Services,Asset Management,7974183424.0,6321543168.0,51.755001068115234,53.209999084472656,35.328365325927734,0.0273444473105057,0.2202779193512044,1.358,1.997,10.248515,live_yfinance,live_api,yfinance,2026-05-28T16:35:44+00:00,2025.0,2026-02-25,1274173.0,,,1153300000.0,907600000.0,1293500000.0,395500000.0,719500000.0,8600000.0,,,,,,0.6238619613283621,728100000.0,0.6313188242434753,,,0.3429289863868898,-0.7786352206711177,,,-0.4761972789301054,live_sec_companyfacts,live_api,True,False,,5.48126521113327,1.0,0.6,0.76,92.0,8.0,Small/mid-cap platform candidate,live_public_data,2026-05-28T16:37:54+00:00,0.0,0.0,0.0,0.0,0.0,20.930232558139537,19.431279620853083,0.0,0.0,0.0,16.431095406360424,0.0,73.8562091503268,75.16339869281046,0.0,83.65019011406845,85.51236749116607,80.1418439716312,58.992805755395686,24.02826855123675,100.0,100.0,67.5,24,0.0797559421373135,0.3292279035097623,1.0893481438254222,0.760251200551384,4.686534282297973,,-0.4580293195819469,,0.0,74.88151658767772,0.0,0.0,0.0,0.0,35.0,32.5,Market fields 100%; SEC fields 60%; filing age 92 days; peer count 24; source live_public_data; real filing chunks 0; EBIT proxy used instead of EBITDA.,26.143790849673206,24.836601307189543,80.56872037914692,100.0,100.0,14.487632508833922,19.858156028368796,100.0,100.0,80.56872037914692,26.143790849673206,100.0,100.0,28.21446990412582,49.2,50.80361514997444,71.8,17.5,46.6,69.0,23.7,45.4,39.7,Screen is supported by balanced but not standout structured metrics; key caution is incomplete public data coverage.,"Platform screen reflects scale, margins, cash conversion and leverage discipline; it is not a transaction recommendation.",Value creation screen looks for peer margin or cash-conversion gaps with enough growth and risk control for further diligence.,"Red flag screen combines leverage, weak cash conversion, liquidity, valuation support, volatility, trend and data-gap indicators."
KKR,KKR & Co. Inc.,Alternative Asset Managers / Market Infrastructure,Financial Services,Asset Management,87854645248.0,148658880512.0,94.22000122070312,151.15573120117188,83.7157211303711,0.3766693431206619,0.3663565243673521,1.852,5.863,32.04762,live_yfinance,live_api,yfinance,2026-05-28T16:35:45+00:00,2025.0,2026-02-27,1404912.0,19464307000.0,,7099160000.0,6145412000.0,17151790000.0,,477760000.0,,-0.1103535045824024,0.5040100276159223,,0.36472708738102,0.3157272437184637,0.0672981028741428,,,,0.8811919170818668,,,0.5498632346369692,0.5040100276159223,,live_sec_companyfacts,live_api,True,False,7.637512114456476,20.940347944263827,1.0,0.6,0.76,90.0,8.0,Large-cap strategic / unlikely PE target,live_public_data,2026-05-28T16:37:54+00:00,4.280155642023346,97.63779527559055,0.0,82.78688524590164,85.546875,15.503875968992247,0.0,86.38132295719845,93.72384937238493,97.63779527559055,16.431095406360424,0.0,0.0,0.0,26.953125,58.55513307984791,19.081272084805654,40.42553191489362,0.0,82.3321554770318,20.0,15.0,67.5,24,0.0797559421373135,0.3292279035097623,1.0893481438254222,0.760251200551384,4.686534282297973,0.0354991838712576,,0.6296716623422488,39.75409836065574,0.0,25.390625,0.0,0.0,0.0,35.0,32.5,Market fields 100%; SEC fields 60%; filing age 90 days; peer count 24; source live_public_data; real filing chunks 0; EBIT proxy used instead of EBITDA.,0.0,0.0,100.0,13.61867704280155,6.276150627615067,80.91872791519434,59.57446808510638,100.0,6.276150627615067,100.0,0.0,13.61867704280155,100.0,48.39351376104522,31.1,68.88031345377436,51.6,41.4,35.4,18.7,22.0,34.5,34.8,"Screen is supported by above-peer EBIT margin proxy; key caution is material share price drawdown, incomplete public data coverage.","Platform screen reflects scale, margins, cash conversion and leverage discipline; it is not a transaction recommendation.",Value creation screen looks for peer margin or cash-conversion gaps with enough growth and risk control for further diligence.,"Red flag screen combines leverage, weak cash conversion, liquidity, valuation support, volatility, trend and data-gap indicators."
LAZ,"Lazard, Inc.",Alternative Asset Managers / Market Infrastructure,Financial Services,Capital Markets,4734852608.0,6082944000.0,48.09999847412109,56.4072380065918,38.70328140258789,0.1472725810737251,0.3655549240524675,1.427,1.902,19.087301,live_yfinance,live_api,yfinance,2026-05-28T16:35:45+00:00,2025.0,2026-02-23,1311370.0,3186466000.0,,327598000.0,251020000.0,1469416000.0,,519325000.0,31946000.0,0.0148291157946229,0.0372808095486929,,0.1028091936333229,0.0787769271663341,1.5852508257071167,551271000.0,1.6827666835572868,0.0100255267120377,0.4611428460244045,,,-0.0782174839565138,0.0372808095486929,,live_sec_companyfacts,live_api,True,False,1.9089938508680149,18.568318487902857,1.0,0.7333333333333333,0.84,94.0,8.0,Small/mid-cap platform candidate,live_public_data,2026-05-28T16:37:54+00:00,15.17509727626459,27.165354330708663,0.0,36.47540983606557,33.984375,68.6046511627907,60.66350710900474,76.26459143968872,12.97071129707113,27.165354330708663,34.62897526501767,79.12621359223301,0.0,0.0,82.03125,63.49809885931559,47.34982332155477,40.78014184397163,0.0,16.607773851590103,100.0,100.0,71.5,24,0.0797559421373135,0.3292279035097623,1.0893481438254222,0.760251200551384,4.686534282297973,-0.2264187098764394,0.5934185397318645,-0.5926640592220382,93.44262295081968,25.59241706161137,83.984375,0.0,0.0,0.0,35.0,28.5,Market fields 100%; SEC fields 73%; filing age 94 days; peer count 24; source live_public_data; real filing chunks 0; EBIT proxy used instead of EBITDA.,0.0,0.0,39.33649289099526,23.735408560311285,87.02928870292887,52.65017667844523,59.21985815602837,84.8249027237354,100.0,39.33649289099526,0.0,23.735408560311285,17.96875,54.9461721931297,27.8,72.15237691958373,45.1,27.6,52.9,73.7,60.7,58.9,57.7,Screen is supported by strong free cash flow conversion proxy; key caution is no major structured red flag from the cached screen.,"Platform screen reflects scale, margins, cash conversion and leverage discipline; it is not a transaction recommendation.",Value creation screen looks for peer margin or cash-conversion gaps with enough growth and risk control for further diligence.,"Red flag screen combines leverage, weak cash conversion, liquidity, valuation support, volatility, trend and data-gap indicators."
MKTX,MarketAxess Holdings Inc.,Alternative Asset Managers / Market Infrastructure,Financial Services,Capital Markets,4697249280.0,4481376768.0,132.1699981689453,222.7555694580078,130.94000244140625,0.4066590636071122,0.2685799697582344,0.92,5.145,15.64142,live_yfinance,live_api,yfinance,2026-05-28T16:35:46+00:00,2025.0,2026-02-24,1278021.0,846268000.0,,366995000.0,246912000.0,675851000.0,220000000.0,382139000.0,8204000.0,0.0357007797115886,0.0561704624976686,,0.4336628585743523,0.291765729059825,1.0412648673687652,390343000.0,1.0636193953596098,0.00969432851059,0.7986252581924402,0.5994632079456124,-1.242117740023706,-0.037293566317754,0.0561704624976686,,live_sec_companyfacts,live_api,True,False,5.29545813855658,12.211002242537363,1.0,0.8666666666666667,0.92,93.0,8.0,Small/mid-cap platform candidate,live_public_data,2026-05-28T16:37:54+00:00,25.291828793774318,38.582677165354326,0.0,87.29508196721312,81.25,40.310077519379846,33.649289099526065,85.99221789883269,20.0836820083682,38.582677165354326,69.6113074204947,80.09708737864078,67.97385620915033,80.3921568627451,42.1875,75.66539923954373,16.607773851590103,62.05673758865249,0.0,15.901060070671377,85.0,60.0,75.5,24,0.0797559421373135,0.3292279035097623,1.0893481438254222,0.760251200551384,4.686534282297973,0.1044349550645899,-0.0257287484658124,0.1299305242593958,24.18032786885246,52.13270142180095,40.234375,0.0,0.0,0.0,35.0,24.5,Market fields 100%; SEC fields 87%; filing age 93 days; peer count 24; source live_public_data; real filing chunks 0; EBIT proxy used instead of EBITDA.,32.02614379084967,19.607843137254903,66.35071090047393,14.007782101167308,79.9163179916318,83.3922261484099,37.94326241134752,74.70817120622569,100.0,66.35071090047393,32.02614379084967,14.007782101167308,57.8125,45.48838377755058,43.5,56.480427846545325,54.5,41.4,61.8,52.6,38.7,51.8,50.4,"Screen is supported by above-peer EBIT margin proxy, strong free cash flow conversion proxy; key caution is material share price drawdown.","Platform screen reflects scale, margins, cash conversion and leverage discipline; it is not a transaction recommendation.",Value creation screen looks for peer margin or cash-conversion gaps with enough growth and risk control for further diligence.,"Red flag screen combines leverage, weak cash conversion, liquidity, valuation support, volatility, trend and data-gap indicators."
MSCI,MSCI Inc.,Alternative Asset Managers / Market Infrastructure,Financial Services,Financial Data & Stock Exchanges,45032198144.0,50123714560.0,619.1900024414062,620.0581665039062,507.99615478515625,0.0014001332607148,0.2822422975789828,1.235,15.473,35.382286,live_yfinance,live_api,yfinance,2026-05-28T16:35:46+00:00,2025.0,2026-02-06,1408198.0,3134459000.0,,1494256000.0,1202305000.0,515332000.0,6202286000.0,1588446000.0,39319000.0,0.0974504644049567,0.1170782375160075,,0.4767189489478088,0.3835765597827248,1.0630347142658283,1627765000.0,1.0893481438254222,0.0125441104828616,0.164408594912232,4.150751946119005,3.8058766369350367,0.0125003558511326,0.1170782375160075,-0.171693713708497,live_sec_companyfacts,live_api,True,False,15.991185260359124,33.54426186677517,1.0,0.8666666666666667,0.92,111.0,8.0,Large-cap strategic / unlikely PE target,live_public_data,2026-05-28T16:37:54+00:00,57.19844357976653,65.35433070866141,0.0,89.34426229508196,89.453125,42.63565891472868,35.07109004739337,49.0272373540856,43.93305439330544,65.35433070866141,69.6113074204947,75.24271844660194,30.718954248366014,26.1437908496732,10.546875,26.23574144486692,95.0530035335689,58.51063829787234,47.48201438848921,65.7243816254417,20.0,35.0,75.5,24,0.0797559421373135,0.3292279035097623,1.0893481438254222,0.760251200551384,4.686534282297973,0.1474910454380464,0.0,2.4121558271239363,18.442622950819672,50.23696682464455,10.546875,0.0,0.0,0.0,35.0,24.5,Market fields 100%; SEC fields 87%; filing age 111 days; peer count 24; source live_public_data; real filing chunks 0; EBIT proxy used instead of EBITDA.,69.28104575163398,73.8562091503268,64.92890995260663,50.9727626459144,56.06694560669456,4.946996466431095,41.48936170212766,42.80155642023347,56.06694560669456,64.92890995260663,69.28104575163398,50.9727626459144,89.453125,43.12142705935257,57.2,42.76691020410676,56.9,49.7,39.5,39.1,41.0,44.1,42.8,"Screen is supported by above-peer latest revenue growth, above-peer EBIT margin proxy, strong free cash flow conversion proxy; key caution is elevated debt to EBIT proxy.","Platform screen reflects scale, margins, cash conversion and leverage discipline; it is not a transaction recommendation.",Value creation screen looks for peer margin or cash-conversion gaps with enough growth and risk control for further diligence.,"Red flag screen combines leverage, weak cash conversion, liquidity, valuation support, volatility, trend and data-gap indicators."
NDAQ,"Nasdaq, Inc.",Alternative Asset Managers / Market Infrastructure,Financial Services,Financial Data & Stock Exchanges,51543388160.0,60189409280.0,91.13999938964844,100.6612319946289,78.76058197021484,0.0945868872883306,0.2382524584380456,0.99,11.107,27.451807,live_yfinance,live_api,yfinance,2026-05-28T16:35:46+00:00,2025.0,2026-02-12,1120193.0,8262000000.0,5249000000.0,2145000000.0,1787000000.0,3934000000.0,9004000000.0,2255000000.0,266000000.0,0.1164864864864865,0.0989013108210579,0.6353183248608085,0.2596223674655047,0.2162914548535463,1.051282051282051,2521000000.0,1.1752913752913754,0.0321955942870975,0.476155894456548,4.197668997668997,2.363636363636364,0.0227126340893402,0.0989013108210579,0.5373300146181501,live_sec_companyfacts,live_api,True,False,7.285089479544904,28.060330666666665,1.0,1.0,1.0,105.0,8.0,Large-cap strategic / unlikely PE target,live_public_data,2026-05-28T16:37:54+00:00,64.98054474708171,59.84251968503938,66.26506024096386,75.0,75.0,40.69767441860465,41.70616113744076,77.82101167315176,49.7907949790795,59.84251968503938,94.69964664310953,49.029126213592235,29.411764705882348,36.60130718954249,28.90625,38.78326996197718,61.130742049469966,73.40425531914893,31.654676258992808,68.90459363957598,20.0,35.0,79.5,24,0.0797559421373135,0.3292279035097623,1.0893481438254222,0.760251200551384,4.686534282297973,-0.0696055360442576,0.0859432314659531,0.5544726744157662,76.63934426229508,42.18009478672986,26.953125,0.0,0.0,0.0,35.0,20.5,Market fields 100%; SEC fields 100%; filing age 105 days; peer count 24; source live_public_data; real filing chunks 0; EBIT proxy used instead of EBITDA.,70.58823529411765,63.39869281045751,58.29383886255924,22.17898832684824,50.2092050209205,38.869257950530034,26.595744680851062,35.01945525291829,50.2092050209205,58.29383886255924,70.58823529411765,22.17898832684824,71.09375,52.239768478500636,52.8,47.21129542880266,47.8,59.6,46.9,40.8,53.7,50.7,50.8,"Screen is supported by above-peer latest revenue growth, strong free cash flow conversion proxy; key caution is elevated debt to EBIT proxy.","Platform screen reflects scale, margins, cash conversion and leverage discipline; it is not a transaction recommendation.",Value creation screen looks for peer margin or cash-conversion gaps with enough growth and risk control for further diligence.,"Red flag screen combines leverage, weak cash conversion, liquidity, valuation support, volatility, trend and data-gap indicators."
PIPR,Piper Sandler Companies,Alternative Asset Managers / Market Infrastructure,Financial Services,Capital Markets,5372405760.0,5117825536.0,79.5,92.74488067626952,61.22167205810547,0.1428098303614344,0.3420892743295414,1.472,2.538,20.075758,live_yfinance,live_api,yfinance,2026-05-28T16:35:47+00:00,2025.0,2026-02-26,1230245.0,1834064000.0,,188763000.0,142964000.0,809415000.0,15000000.0,586627000.0,,2.7785835544640944,0.670659763383354,,0.1029206178192255,0.0779492972982404,3.1077435726281104,,,,0.4413232035523297,0.0794647256083024,-4.208531332941307,-0.0055650072634035,0.670659763383354,,live_sec_companyfacts,live_api,True,False,2.7904290886250425,27.112440128626904,1.0,0.7333333333333333,0.84,91.0,8.0,Small/mid-cap platform candidate,live_public_data,2026-05-28T16:37:54+00:00,98.44357976653697,99.21259842519686,0.0,36.885245901639344,33.59375,89.92248062015504,0.0,74.31906614785993,33.054393305439326,99.21259842519686,34.62897526501767,0.0,78.43137254901961,90.19607843137256,67.578125,41.825095057034225,47.70318021201413,45.03546099290781,0.0,19.081272084805654,100.0,100.0,71.5,24,0.0797559421373135,0.3292279035097623,1.0893481438254222,0.760251200551384,4.686534282297973,-0.2263072856905368,,-0.4045857939917178,93.0327868852459,0.0,78.125,0.0,0.0,0.0,35.0,28.5,Market fields 100%; SEC fields 73%; filing age 91 days; peer count 24; source live_public_data; real filing chunks 0; EBIT proxy used instead of EBITDA.,21.568627450980394,9.803921568627452,100.0,25.680933852140072,66.94560669456067,52.29681978798587,54.96453900709219,1.5564202334630295,100.0,100.0,21.568627450980394,25.680933852140072,32.421875,53.38117581568806,42.8,57.22433314931331,46.6,44.9,64.1,74.3,58.4,62.6,60.8,Screen is supported by above-peer latest revenue growth; key caution is no major structured red flag from the cached screen.,"Platform screen reflects scale, margins, cash conversion and leverage discipline; it is not a transaction recommendation.",Value creation screen looks for peer margin or cash-conversion gaps with enough growth and risk control for further diligence.,"Red flag screen combines leverage, weak cash conversion, liquidity, valuation support, volatility, trend and data-gap indicators."
RJF,"Raymond James Financial, Inc.",Alternative Asset Managers / Market Infrastructure,Financial Services,Asset Management,27691905024.0,17512992768.0,142.09500122070312,174.6734619140625,140.3645477294922,0.1865106487062564,0.2450338384441378,0.995,1.189,13.417847,live_yfinance,live_api,yfinance,2026-05-28T16:35:47+00:00,2025.0,2025-11-25,720005.0,15912000000.0,,,2135000000.0,14787000000.0,,2434000000.0,188000000.0,0.0662735374924612,0.1205889185434359,,,0.134175465057818,,2622000000.0,,0.0118149824032176,0.9292986425339368,,,,0.1205889185434359,,live_sec_companyfacts,live_api,True,False,1.1006154328808446,,1.0,0.4666666666666667,0.6799999999999999,184.0,8.0,Mid-cap possible public-to-private screen,live_public_data,2026-05-28T16:37:54+00:00,40.07782101167315,66.92913385826772,0.0,0.0,53.125,0.0,0.0,87.54863813229572,0.0,66.92913385826772,8.657243816254418,76.69902912621359,0.0,0.0,90.625,0.0,40.282685512367486,70.56737588652481,0.0,53.71024734982333,100.0,100.0,63.5,24,0.0797559421373135,0.3292279035097623,1.0893481438254222,0.760251200551384,4.686534282297973,,,-0.7651536579945439,0.0,0.0,95.3125,0.0,0.0,0.0,35.0,36.5,Market fields 100%; SEC fields 47%; filing age 184 days; peer count 24; source live_public_data; real filing chunks 0; EBIT proxy used instead of EBITDA.,0.0,0.0,100.0,12.451361867704279,100.0,59.717314487632514,29.432624113475175,59.92217898832685,100.0,100.0,0.0,12.451361867704279,9.375,52.955205246019254,35.8,64.17949519803422,47.0,21.8,45.1,69.0,37.7,50.6,48.2,Screen is supported by balanced but not standout structured metrics; key caution is incomplete public data coverage.,"Platform screen reflects scale, margins, cash conversion and leverage discipline; it is not a transaction recommendation.",Value creation screen looks for peer margin or cash-conversion gaps with enough growth and risk control for further diligence.,"Red flag screen combines leverage, weak cash conversion, liquidity, valuation support, volatility, trend and data-gap indicators."
SCHW,The Charles Schwab Corporation,Alternative Asset Managers / Market Infrastructure,Financial Services,Capital Markets,146556944384.0,118633390080.0,84.2699966430664,106.4671401977539,84.2699966430664,0.2084882106672363,0.2382334855030326,0.797,4.783,16.753477,live_yfinance,live_api,yfinance,2026-05-28T16:35:48+00:00,2025.0,2026-02-25,316709.0,23921000000.0,,11459000000.0,8852000000.0,69661000000.0,,9311000000.0,602000000.0,0.2200856880546771,0.0483429560308108,,0.4790351573930855,0.3700514192550478,0.8125490880530587,9913000000.0,0.8650842132821364,0.0251661719827766,2.912127419422265,,,0.0268629196510568,0.0483429560308108,,live_sec_companyfacts,live_api,True,False,4.959382554241043,10.352857149838554,1.0,0.7333333333333333,0.84,92.0,8.0,Large-cap strategic / unlikely PE target,live_public_data,2026-05-28T16:37:54+00:00,84.8249027237354,34.25196850393701,0.0,89.75409836065575,88.671875,26.744186046511626,25.59241706161137,95.71984435797665,52.30125523012552,34.25196850393701,34.62897526501767,56.79611650485437,0.0,0.0,46.09375,79.46768060836501,37.10247349823321,73.75886524822694,0.0,90.10600706713781,20.0,15.0,71.5,24,0.0797559421373135,0.3292279035097623,1.0893481438254222,0.760251200551384,4.686534282297973,0.1498072538833231,-0.2242639305432858,0.0582196257421342,18.0327868852459,64.45497630331754,44.921875,0.0,0.0,0.0,35.0,28.5,Market fields 100%; SEC fields 73%; filing age 92 days; peer count 24; source live_public_data; real filing chunks 0; EBIT proxy used instead of EBITDA.,0.0,0.0,74.40758293838863,4.280155642023345,47.69874476987448,62.89752650176679,26.24113475177305,15.175097276264594,47.69874476987448,74.40758293838863,0.0,4.280155642023345,53.90625,68.79101555352888,25.6,74.42225014550905,31.2,47.8,31.5,28.0,50.0,44.1,46.8,"Screen is supported by above-peer latest revenue growth, above-peer EBIT margin proxy, strong free cash flow conversion proxy; key caution is no major structured red flag from the cached screen.","Platform screen reflects scale, margins, cash conversion and leverage discipline; it is not a transaction recommendation.",Value creation screen looks for peer margin or cash-conversion gaps with enough growth and risk control for further diligence.,"Red flag screen combines leverage, weak cash conversion, liquidity, valuation support, volatility, trend and data-gap indicators."
SEIC,SEI Investments Company,Alternative Asset Managers / Market Infrastructure,Financial Services,Asset Management,10724741120.0,10766754816.0,89.16999816894531,93.22515106201172,75.18000030517578,0.0434984856218574,0.2213289454262006,0.999,4.546,15.2167225,live_yfinance,live_api,yfinance,2026-05-28T16:35:48+00:00,2025.0,2026-02-23,350894.0,2297381000.0,808134000.0,916333000.0,717550000.0,399804000.0,,607662000.0,22644000.0,0.0810436528980764,0.0488609054230957,0.3517631598763984,0.3988598321305869,0.3123339141396224,0.6631453849201109,630306000.0,0.6878569253753821,0.0098564408776776,0.1740259887236814,,,0.0928484420861026,0.0488609054230957,,live_sec_companyfacts,live_api,True,False,4.686534282297973,11.749827645626644,1.0,0.8666666666666667,0.92,94.0,8.0,Mid-cap possible public-to-private screen,live_public_data,2026-05-28T16:37:54+00:00,47.47081712062256,35.43307086614173,33.734939759036145,85.24590163934425,84.375,22.868217054263564,20.379146919431278,50.19455252918288,68.6192468619247,35.43307086614173,69.6113074204947,79.6116504854369,0.0,0.0,49.21875,77.18631178707224,77.73851590106007,79.07801418439716,0.0,32.86219081272085,100.0,100.0,75.5,24,0.0797559421373135,0.3292279035097623,1.0893481438254222,0.760251200551384,4.686534282297973,0.0696319286208245,-0.4014912184500401,0.0,29.508196721311474,72.98578199052133,50.1953125,0.0,0.0,0.0,35.0,24.5,Market fields 100%; SEC fields 87%; filing age 94 days; peer count 24; source live_public_data; real filing chunks 0; EBIT proxy used instead of EBITDA.,0.0,0.0,79.62085308056872,49.80544747081712,31.380753138075306,22.261484098939928,20.921985815602838,52.52918287937744,31.380753138075306,79.62085308056872,0.0,49.80544747081712,50.78125,60.77026019474813,25.8,74.2460272216612,39.2,46.1,60.3,69.4,54.8,61.9,60.4,"Screen is supported by above-peer latest revenue growth, above-peer EBIT margin proxy; key caution is no major structured red flag from the cached screen.","Platform screen reflects scale, margins, cash conversion and leverage discipline; it is not a transaction recommendation.",Value creation screen looks for peer margin or cash-conversion gaps with enough growth and risk control for further diligence.,"Red flag screen combines leverage, weak cash conversion, liquidity, valuation support, volatility, trend and data-gap indicators."
STT,State Street Corporation,Alternative Asset Managers / Market Infrastructure,Financial Services,Asset Management,43648929792.0,,157.7100067138672,158.52000427246094,93.38369750976562,0.0051097497903264,0.2471512304032959,1.46,,16.011168,live_yfinance,live_api,yfinance,2026-05-28T16:35:49+00:00,2025.0,2026-02-19,93751.0,13944000000.0,,3731000000.0,2945000000.0,4433000000.0,,11898000000.0,1055000000.0,0.0726153846153845,0.0470341904720312,,0.267570281124498,0.2112019506597819,3.1889573840793357,12953000000.0,3.4717233985526668,0.0756597819850831,0.3179145152036718,,,-0.0063019612199208,0.0470341904720312,,live_sec_companyfacts,live_api,True,False,,,0.7777777777777778,0.6666666666666666,0.711111111111111,98.0,8.0,Insufficient Data,live_public_data,2026-05-28T16:37:54+00:00,42.80155642023346,33.46456692913386,0.0,76.22950819672131,73.828125,90.31007751937985,81.99052132701422,65.75875486381322,32.63598326359833,33.46456692913386,10.60070671378092,28.155339805825243,0.0,0.0,0.0,0.0,92.93286219081271,68.43971631205675,0.0,65.01766784452296,0.0,0.0,64.2,24,0.0797559421373135,0.3292279035097623,1.0893481438254222,0.760251200551384,4.686534282297973,-0.0616576223852643,2.3823752547272443,,74.18032786885246,10.90047393364929,0.0,0.0,0.0,0.0,35.0,35.83333333333334,Market fields 78%; SEC fields 67%; filing age 98 days; peer count 24; source live_public_data; real filing chunks 0; EBIT proxy used instead of EBITDA.,0.0,0.0,18.00947867298578,34.24124513618678,67.36401673640168,7.06713780918728,31.560283687943265,57.19844357976654,100.0,18.00947867298578,0.0,34.24124513618678,100.0,55.15111856423882,17.0,83.0415958463855,44.8,46.4,29.4,24.4,41.2,39.7,40.7,Screen is supported by strong free cash flow conversion proxy; key caution is incomplete public data coverage.,"Platform screen reflects scale, margins, cash conversion and leverage discipline; it is not a transaction recommendation.",Value creation screen looks for peer margin or cash-conversion gaps with enough growth and risk control for further diligence.,"Red flag screen combines leverage, weak cash conversion, liquidity, valuation support, volatility, trend and data-gap indicators."
TROW,"T. Rowe Price Group, Inc.",Alternative Asset Managers / Market Infrastructure,Financial Services,Asset Management,22268729344.0,20218460160.0,103.93000030517578,107.41034698486328,86.19000244140625,0.032402340904624,0.2370703553401121,1.532,2.729,11.151288,live_yfinance,live_api,yfinance,2026-05-28T16:35:49+00:00,2025.0,2026-02-13,1113169.0,7314800000.0,,2875500000.0,2208300000.0,3417300000.0,,1753400000.0,274200000.0,0.0311830382316453,0.0407704351692572,,0.3931071252802537,0.3018947886476732,0.6097722135280821,2027600000.0,0.7051295426882281,0.0374856455405479,0.4671761360529338,,,0.0928482016627209,0.0407704351692572,,live_sec_companyfacts,live_api,True,False,2.7640482528572208,7.031285049556599,1.0,0.7333333333333333,0.84,104.0,8.0,Mid-cap possible public-to-private screen,live_public_data,2026-05-28T16:37:54+00:00,23.346303501945524,29.527559055118108,0.0,84.42622950819673,83.203125,20.155038759689923,20.85308056872038,76.65369649805449,68.20083682008368,29.527559055118108,34.62897526501767,42.71844660194175,0.0,0.0,68.359375,82.12927756653993,80.91872791519434,74.11347517730496,0.0,46.64310954063604,65.0,100.0,71.5,24,0.0797559421373135,0.3292279035097623,1.0893481438254222,0.760251200551384,4.686534282297973,0.0638792217704913,-0.3842186011371941,-0.4102148653222034,30.327868852459016,71.56398104265402,79.6875,0.0,0.0,0.0,35.0,28.5,Market fields 100%; SEC fields 73%; filing age 104 days; peer count 24; source live_public_data; real filing chunks 0; EBIT proxy used instead of EBITDA.,0.0,0.0,79.14691943127963,23.346303501945513,31.79916317991632,19.081272084805654,25.886524822695034,76.65369649805447,31.79916317991632,79.14691943127963,0.0,23.346303501945513,31.640625,60.7704037701081,22.6,77.375970958474,39.2,37.8,44.0,73.0,54.5,58.3,56.0,Screen is supported by above-peer EBIT margin proxy; key caution is no major structured red flag from the cached screen.,"Platform screen reflects scale, margins, cash conversion and leverage discipline; it is not a transaction recommendation.",Value creation screen looks for peer margin or cash-conversion gaps with enough growth and risk control for further diligence.,"Red flag screen combines leverage, weak cash conversion, liquidity, valuation support, volatility, trend and data-gap indicators."
ADP,"Automatic Data Processing, Inc.",Business Services,Technology,Software - Application,87703699456.0,88171765760.0,219.40499877929688,318.79315185546875,188.7899932861328,0.3117637643647737,0.2354386636551685,0.841,4.082,20.447811,live_yfinance,live_api,yfinance,2026-05-28T16:35:50+00:00,2025.0,2025-08-06,8670.0,20560900000.0,,5310100000.0,4079700000.0,5054600000.0,3974700000.0,4939700000.0,,0.0707352129399143,0.0761371928036849,,0.2582620410585139,0.1984203026132124,0.9302461347243932,,,,0.2458355422184826,0.7485169770814109,-0.203367168226587,0.027686769666916,0.0761371928036849,-0.0367147465851593,live_sec_companyfacts,live_api,True,False,4.288322289393947,16.604539605657145,1.0,0.7333333333333333,0.84,295.0,8.0,Large-cap strategic / unlikely PE target,live_public_data,2026-05-28T16:37:54+00:00,41.245136186770424,46.45669291338583,0.0,74.59016393442623,72.265625,32.55813953488372,0.0,58.754863813229576,52.719665271966534,46.45669291338583,34.62897526501767,0.0,65.359477124183,67.3202614379085,52.34375,68.8212927756654,25.441696113074208,75.177304964539,40.28776978417267,81.97879858657244,20.0,35.0,69.4,24,0.0538760703313943,0.1863644460988288,1.1893278807091372,2.1734102657458214,4.336998668147913,0.0718975949596851,,-0.0112235171090687,29.098360655737704,0.0,52.734375,7.0,0.0,7.0,64.0,30.599999999999994,Market fields 100%; SEC fields 73%; filing age 295 days; peer count 24; source live_public_data; real filing chunks 0; EBIT proxy used instead of EBITDA.,34.64052287581699,32.6797385620915,100.0,41.245136186770424,47.280334728033466,74.55830388692578,24.822695035460992,58.754863813229576,47.280334728033466,100.0,34.64052287581699,41.245136186770424,47.65625,48.4207265887976,50.0,49.99201530436585,51.6,42.5,34.5,40.1,29.3,41.1,39.4,"Screen is supported by above-peer latest revenue growth, above-peer EBIT margin proxy; key caution is incomplete public data coverage.","Platform screen reflects scale, margins, cash conversion and leverage discipline; it is not a transaction recommendation.",Value creation screen looks for peer margin or cash-conversion gaps with enough growth and risk control for further diligence.,"Red flag screen combines leverage, weak cash conversion, liquidity, valuation support, volatility, trend and data-gap indicators."
ASGN,ASGN Inc,Business Services,Technology,Information Technology Services,833931008.0,2102061056.0,20.049999237060547,55.650001525878906,17.350000381469727,0.6397125123574938,0.7016854859052267,0.894,0.528,8.68,live_yfinance,live_api,yfinance,2026-05-28T16:35:50+00:00,,,,,,,,,,,,,,,,,,,,,,,,,,,,,,,,,1.0,0.0,0.4,,8.0,Small/mid-cap platform candidate,sample_fallback,2026-05-28T16:37:54+00:00,0.0,0.0,0.0,0.0,0.0,0.0,0.0,0.0,0.0,0.0,0.88339222614841,0.0,0.0,0.0,0.0,0.0,1.7667844522968212,7.092198581560282,0.0,2.1201413427561837,85.0,60.0,29.1,24,0.0538760703313943,0.1863644460988288,1.1893278807091372,2.1734102657458214,4.336998668147913,,,,0.0,0.0,0.0,0.0,0.0,0.0,35.0,70.86,Market fields 100%; SEC fields 0%; filing age nan days; peer count 24; source sample_fallback; real filing chunks 0; EBIT proxy used instead of EBITDA.,0.0,0.0,100.0,100.0,100.0,98.23321554770318,92.90780141843972,100.0,100.0,100.0,0.0,100.0,100.0,20.898575886524824,55.3,44.744054331754505,79.1,1.7,29.2,29.8,2.6,21.4,19.7,"Screen is supported by balanced but not standout structured metrics; key caution is material share price drawdown, incomplete public data coverage.","Platform screen reflects scale, margins, cash conversion and leverage discipline; it is not a transaction recommendation.",Value creation screen looks for peer margin or cash-conversion gaps with enough growth and risk control for further diligence.,"Red flag screen combines leverage, weak cash conversion, liquidity, valuation support, volatility, trend and data-gap indicators."
BAH,Booz Allen Hamilton Holding Corporation,Business Services,Industrials,Consulting Services,9803616256.0,13091041280.0,81.87000274658203,113.75732421875,71.58999633789062,0.2803100520442108,0.3712068830848749,0.319,1.167,11.865217,live_yfinance,live_api,yfinance,2026-05-28T16:35:50+00:00,2026.0,2026-05-22,1443646.0,11217000000.0,,862000000.0,851000000.0,728000000.0,3940000000.0,1041000000.0,90000000.0,-0.0636894824707846,0.0660369795707771,,0.0768476419720067,0.0758669876080948,1.2076566125290022,1131000000.0,1.3120649651972158,0.0080235357047338,0.0649014888116252,4.5707656612529,3.726218097447796,0.037107655271627,0.0660369795707771,-3.071991894821447,live_sec_companyfacts,live_api,True,False,1.16707152358028,15.18682283062645,1.0,0.8666666666666667,0.92,6.0,8.0,Mid-cap possible public-to-private screen,live_public_data,2026-05-28T16:37:54+00:00,5.836575875486381,42.51968503937008,0.0,29.098360655737704,32.8125,49.6124031007752,49.28909952606635,27.237354085603112,56.06694560669456,42.51968503937008,69.6113074204947,83.49514563106796,26.797385620915037,26.797385620915037,90.234375,72.24334600760456,27.915194346289752,39.36170212765957,80.57553956834532,30.03533568904594,100.0,100.0,75.5,24,0.0538760703313943,0.1863644460988288,1.1893278807091372,2.1734102657458214,4.336998668147913,-0.109516804126822,0.1227370844880786,-0.7309034166527263,84.42622950819673,39.81042654028436,92.578125,0.0,0.0,0.0,35.0,24.5,Market fields 100%; SEC fields 87%; filing age 6 days; peer count 24; source live_public_data; real filing chunks 0; EBIT proxy used instead of EBITDA.,73.20261437908496,73.20261437908496,50.71090047393365,72.76264591439688,43.93305439330544,72.08480565371025,60.63829787234043,100.0,43.93305439330544,50.71090047393365,73.20261437908496,72.76264591439688,9.765625,41.495266799645634,65.5,34.4927382531568,58.5,31.6,55.5,74.5,58.7,57.0,54.7,Screen is supported by strong free cash flow conversion proxy; key caution is elevated debt to EBIT proxy.,"Platform screen reflects scale, margins, cash conversion and leverage discipline; it is not a transaction recommendation.",Value creation screen looks for peer margin or cash-conversion gaps with enough growth and risk control for further diligence.,"Red flag screen combines leverage, weak cash conversion, liquidity, valuation support, volatility, trend and data-gap indicators."
CPRT,"Copart, Inc.",Business Services,Industrials,Specialty Business Services,31948124160.0,26667810816.0,33.165000915527344,52.04999923706055,32.29999923706055,0.3628241805638056,0.2314998842089376,1.02,5.749,20.85849,live_yfinance,live_api,yfinance,2026-05-28T16:35:51+00:00,2025.0,2025-09-26,900075.0,,,1895581000.0,1548363000.0,2780531000.0,,1799750000.0,570213000.0,,,,,,0.949445051411678,2369963000.0,1.2502567814300731,,,,,,,,live_sec_companyfacts,live_api,True,False,,14.068410063194346,1.0,0.4666666666666667,0.6799999999999999,244.0,8.0,Mid-cap possible public-to-private screen,live_public_data,2026-05-28T16:37:54+00:00,0.0,0.0,0.0,0.0,0.0,34.10852713178294,45.497630331753555,0.0,0.0,0.0,8.657243816254418,0.0,0.0,0.0,0.0,74.1444866920152,20.141342756183743,76.95035460992908,0.0,57.59717314487632,65.0,75.0,63.5,24,0.0538760703313943,0.1863644460988288,1.1893278807091372,2.1734102657458214,4.336998668147913,,0.0609289007209359,,0.0,44.07582938388626,0.0,0.0,0.0,0.0,35.0,36.5,Market fields 100%; SEC fields 47%; filing age 244 days; peer count 24; source live_public_data; real filing chunks 0; EBIT proxy used instead of EBITDA.,0.0,0.0,54.502369668246445,100.0,100.0,79.85865724381625,23.04964539007092,100.0,100.0,54.502369668246445,0.0,100.0,100.0,36.515649221874895,40.6,59.44978349749327,63.5,16.7,30.7,48.6,13.9,35.7,31.8,"Screen is supported by strong free cash flow conversion proxy; key caution is material share price drawdown, incomplete public data coverage.","Platform screen reflects scale, margins, cash conversion and leverage discipline; it is not a transaction recommendation.",Value creation screen looks for peer margin or cash-conversion gaps with enough growth and risk control for further diligence.,"Red flag screen combines leverage, weak cash conversion, liquidity, valuation support, volatility, trend and data-gap indicators."
CTAS,Cintas Corporation,Business Services,Industrials,Specialty Business Services,69539790848.0,70693781504.0,173.7899932861328,225.5198211669922,163.10650634765625,0.2293804048494462,0.1939276440429735,0.962,6.411,36.66456,live_yfinance,live_api,yfinance,2026-05-28T16:35:51+00:00,2025.0,2025-07-28,723254.0,10340181000.0,5174164000.0,2264202000.0,1812281000.0,263973000.0,2424999000.0,2165905000.0,408884000.0,0.0774821121822642,0.0959833453757812,0.5003939486165667,0.2189712153007766,0.1752658875120271,0.9565864706417536,2574789000.0,1.137172831752644,0.0395432149591965,0.0255288567966073,1.071017073564991,0.9544316275667984,0.0281537446131073,0.0959833453757812,-0.7941855461866982,live_sec_companyfacts,live_api,True,False,6.8368030989012665,31.22238276620196,1.0,1.0,1.0,304.0,8.0,Large-cap strategic / unlikely PE target,live_public_data,2026-05-28T16:37:54+00:00,45.525291828793776,58.26771653543307,62.65060240963856,67.21311475409836,64.453125,35.27131782945737,37.91469194312796,13.229571984435799,53.13807531380753,58.26771653543307,94.69964664310953,40.77669902912622,57.51633986928104,48.366013071895416,31.640625,31.558935361216733,34.275618374558306,88.29787234042553,64.02877697841727,72.79151943462897,20.0,35.0,77.4,24,0.0538760703313943,0.1863644460988288,1.1893278807091372,2.1734102657458214,4.336998668147913,0.0326067692019478,-0.0521550489564932,0.57639040775193,40.98360655737705,54.976303317535546,26.5625,7.0,0.0,7.0,64.0,22.599999999999994,Market fields 100%; SEC fields 100%; filing age 304 days; peer count 24; source live_public_data; real filing chunks 0; EBIT proxy used instead of EBITDA.,42.48366013071895,51.633986928104584,62.08530805687204,86.7704280155642,46.86192468619247,65.7243816254417,11.702127659574469,54.474708171206224,46.86192468619247,62.08530805687204,42.48366013071895,86.7704280155642,68.359375,48.885518609588736,52.9,47.11922922405765,51.1,58.2,45.7,41.8,41.8,48.4,47.1,"Screen is supported by above-peer latest revenue growth, above-peer EBIT margin proxy, strong free cash flow conversion proxy; key caution is no major structured red flag from the cached screen.","Platform screen reflects scale, margins, cash conversion and leverage discipline; it is not a transaction recommendation.",Value creation screen looks for peer margin or cash-conversion gaps with enough growth and risk control for further diligence.,"Red flag screen combines leverage, weak cash conversion, liquidity, valuation support, volatility, trend and data-gap indicators."
EXPO,"Exponent, Inc.",Business Services,Industrials,Engineering & Construction,2848117760.0,2731528704.0,58.709999084472656,79.45718383789062,53.66999816894531,0.2611115037218861,0.3072069135573426,0.781,4.956,27.434578,live_yfinance,live_api,yfinance,2026-05-28T16:35:52+00:00,2025.0,2026-02-27,851520.0,582014000.0,,147297000.0,106009000.0,221930000.0,,131730000.0,9390000.0,0.0420759372191208,0.0427720050086817,,0.2530815409938592,0.1821416666953028,0.8943155665084829,141120000.0,0.9580643190289008,0.0161336325243035,0.3813138515568354,,,-0.0045374017932038,0.0427720050086817,,live_sec_companyfacts,live_api,True,False,4.693235392963056,18.54436074054461,1.0,0.7333333333333333,0.84,90.0,8.0,Small/mid-cap platform candidate,live_public_data,2026-05-28T16:37:54+00:00,26.848249027237355,31.10236220472441,0.0,72.95081967213115,67.578125,29.844961240310074,27.014218009478675,71.20622568093385,34.30962343096235,31.10236220472441,34.62897526501767,67.4757281553398,0.0,0.0,48.828125,63.87832699619772,30.388692579505307,54.255319148936174,0.0,9.89399293286219,85.0,60.0,71.5,24,0.0538760703313943,0.1863644460988288,1.1893278807091372,2.1734102657458214,4.336998668147913,0.0667170948950304,-0.2312635616802364,0.0821389979737465,29.918032786885245,65.87677725118483,42.96875,0.0,0.0,0.0,35.0,28.5,Market fields 100%; SEC fields 73%; filing age 90 days; peer count 24; source live_public_data; real filing chunks 0; EBIT proxy used instead of EBITDA.,0.0,0.0,72.98578199052133,28.793774319066145,65.69037656903765,69.6113074204947,45.744680851063826,73.15175097276264,100.0,72.98578199052133,0.0,28.793774319066145,51.171875,48.68185532588284,32.3,67.6772790961903,51.3,32.2,49.7,45.9,43.7,47.4,47.4,"Screen is supported by above-peer EBIT margin proxy, strong free cash flow conversion proxy; key caution is no major structured red flag from the cached screen.","Platform screen reflects scale, margins, cash conversion and leverage discipline; it is not a transaction recommendation.",Value creation screen looks for peer margin or cash-conversion gaps with enough growth and risk control for further diligence.,"Red flag screen combines leverage, weak cash conversion, liquidity, valuation support, volatility, trend and data-gap indicators."
FCN,"FTI Consulting, Inc.",Business Services,Industrials,Consulting Services,4685439488.0,5374921216.0,155.43499755859375,187.02999877929688,143.75999450683594,0.1689301257922079,0.2689388260968843,0.001,1.387,18.504168,live_yfinance,live_api,yfinance,2026-05-28T16:35:52+00:00,2025.0,2026-02-26,887936.0,3788857000.0,1217475000.0,371011000.0,270871000.0,265091000.0,365000000.0,152132000.0,58531000.0,0.0243886150954455,0.0774754343520904,0.3213304170624544,0.0979216159385271,0.0714914814678938,0.4100471414594176,210663000.0,0.5678079625671476,0.0154481945346578,0.0699659554319416,0.98379832403891,0.2692885116613793,-0.0003808085656176,0.0774754343520904,-0.0747174056528774,live_sec_companyfacts,live_api,True,False,1.4186128470934638,14.487228723676656,1.0,1.0,1.0,91.0,8.0,Small/mid-cap platform candidate,live_public_data,2026-05-28T16:37:54+00:00,19.06614785992218,47.63779527559055,28.915662650602407,33.19672131147541,30.859375,18.217054263565892,18.95734597156398,29.18287937743191,37.238493723849366,47.63779527559055,94.69964664310953,68.44660194174756,60.7843137254902,57.51633986928104,87.890625,73.00380228136882,43.81625441696113,61.702127659574465,44.60431654676259,15.547703180212014,100.0,100.0,79.5,24,0.0538760703313943,0.1863644460988288,1.1893278807091372,2.1734102657458214,4.336998668147913,-0.0884428301603016,-0.6215199181419896,-0.6729044771186723,81.55737704918032,76.77725118483413,88.671875,0.0,0.0,0.0,35.0,20.5,Market fields 100%; SEC fields 100%; filing age 91 days; peer count 24; source live_public_data; real filing chunks 0; EBIT proxy used instead of EBITDA.,39.21568627450981,42.48366013071895,81.04265402843602,70.8171206225681,62.761506276150634,56.18374558303887,38.297872340425535,80.93385214007782,100.0,81.04265402843602,39.21568627450981,70.8171206225681,12.109375,40.028456134135155,54.3,45.733628652687116,60.0,35.7,59.9,76.4,65.4,60.7,58.2,Screen is supported by balanced but not standout structured metrics; key caution is no major structured red flag from the cached screen.,"Platform screen reflects scale, margins, cash conversion and leverage discipline; it is not a transaction recommendation.",Value creation screen looks for peer margin or cash-conversion gaps with enough growth and risk control for further diligence.,"Red flag screen combines leverage, weak cash conversion, liquidity, valuation support, volatility, trend and data-gap indicators."
FDS,FactSet Research Systems Inc.,Business Services,Financial Services,Financial Data & Stock Exchanges,8784820224.0,9856300032.0,241.134994506836,458.9059753417969,189.08428955078125,0.4745437900928689,0.3938253728126206,0.69,4.105,15.527044,live_yfinance,live_api,yfinance,2026-05-28T16:35:52+00:00,2025.0,2025-10-22,1013237.0,2321748000.0,,720958000.0,597040000.0,351695000.0,1368260000.0,726260000.0,108806000.0,0.0538760703313943,0.07984113351802,,0.3105237950027307,0.2571510775501906,1.0073541038451617,835066000.0,1.1582727426562989,0.0468638284602807,0.1514785411681198,1.8978359349643117,1.4100197237564462,0.0699489674097914,0.07984113351802,-2.571169506948789,live_sec_companyfacts,live_api,True,False,4.2452066425813655,13.671115421425382,1.0,0.8666666666666667,0.92,218.0,8.0,Small/mid-cap platform candidate,live_public_data,2026-05-28T16:37:54+00:00,34.24124513618677,49.21259842519685,0.0,79.50819672131148,78.90625,38.372093023255815,39.33649289099526,46.30350194552529,65.69037656903765,49.21259842519685,69.6113074204947,37.37864077669902,49.673202614379086,45.09803921568627,53.125,74.52471482889733,9.893992932862194,35.815602836879435,76.97841726618705,27.208480565371023,100.0,100.0,75.5,24,0.0538760703313943,0.1863644460988288,1.1893278807091372,2.1734102657458214,4.336998668147913,0.1241593489039019,-0.0310551380528383,-0.0211648728971703,21.311475409836063,53.55450236966824,53.515625,0.0,0.0,0.0,35.0,24.5,Market fields 100%; SEC fields 87%; filing age 218 days; peer count 24; source live_public_data; real filing chunks 0; EBIT proxy used instead of EBITDA.,50.326797385620914,54.90196078431373,60.66350710900474,53.69649805447471,34.30962343096235,90.10600706713781,64.18439716312056,65.75875486381324,34.30962343096235,60.66350710900474,50.326797385620914,53.69649805447471,46.875,48.758365696105514,56.7,43.306624011724715,51.2,44.5,64.0,69.5,38.1,57.2,54.1,"Screen is supported by above-peer EBIT margin proxy, strong free cash flow conversion proxy; key caution is material share price drawdown.","Platform screen reflects scale, margins, cash conversion and leverage discipline; it is not a transaction recommendation.",Value creation screen looks for peer margin or cash-conversion gaps with enough growth and risk control for further diligence.,"Red flag screen combines leverage, weak cash conversion, liquidity, valuation support, volatility, trend and data-gap indicators."
G,Genpact Limited,Business Services,Technology,Information Technology Services,5469975040.0,6180767744.0,32.27000045776367,48.26193237304688,28.940000534057617,0.3313570578084501,0.3443896998037967,0.617,1.198,9.898773,live_yfinance,live_api,yfinance,2026-05-28T16:35:53+00:00,2025.0,2026-02-26,1398659.0,5079879000.0,1831012000.0,730147000.0,552494000.0,853836000.0,1542301000.0,812856000.0,78203000.0,0.0656032895201923,0.0513609057599067,0.3604440184500457,0.1437331479745875,0.1087612519904509,1.1132771893878903,891059000.0,1.2203830187619753,0.0153946580223662,0.1680819562828169,2.1123157391593748,0.9429128654914696,0.0373003651877285,0.0513609057599067,-0.6288500347704158,live_sec_companyfacts,live_api,True,False,1.2167155446025388,8.465100512636496,1.0,1.0,1.0,91.0,8.0,Small/mid-cap platform candidate,live_public_data,2026-05-28T16:37:54+00:00,39.688715953307394,36.22047244094488,38.55421686746988,48.77049180327869,43.75,46.12403100775194,44.07582938388626,49.416342412451364,56.48535564853556,36.22047244094488,94.69964664310953,68.93203883495146,47.71241830065359,49.01960784313726,89.84375,80.6083650190114,22.968197879858653,44.326241134751776,60.431654676258994,19.434628975265017,100.0,100.0,79.5,24,0.0538760703313943,0.1863644460988288,1.1893278807091372,2.1734102657458214,4.336998668147913,-0.0426312981242412,0.0310551380528381,-0.7194567862013826,68.85245901639344,46.91943127962085,91.40625,0.0,0.0,0.0,35.0,20.5,Market fields 100%; SEC fields 100%; filing age 91 days; peer count 24; source live_public_data; real filing chunks 0; EBIT proxy used instead of EBITDA.,52.28758169934641,50.98039215686274,55.92417061611374,50.583657587548636,43.51464435146444,77.03180212014135,55.673758865248224,60.311284046692606,43.51464435146444,55.92417061611374,52.28758169934641,50.583657587548636,10.15625,53.73062087088889,54.3,45.70230660447016,46.3,44.3,63.9,76.5,60.0,63.3,61.5,"Screen is supported by above-peer latest revenue growth, strong free cash flow conversion proxy; key caution is no major structured red flag from the cached screen.","Platform screen reflects scale, margins, cash conversion and leverage discipline; it is not a transaction recommendation.",Value creation screen looks for peer margin or cash-conversion gaps with enough growth and risk control for further diligence.,"Red flag screen combines leverage, weak cash conversion, liquidity, valuation support, volatility, trend and data-gap indicators."
HRI,Herc Holdings Inc.,Business Services,Industrials,Rental & Leasing Services,4629946368.0,14205903872.0,138.64999389648438,180.27545166015625,91.04000091552734,0.2308992010855783,0.6011087679344973,1.906,3.052,,live_yfinance,live_api,yfinance,2026-05-28T16:35:53+00:00,2025.0,2026-02-17,1364479.0,862000000.0,,1000000.0,1000000.0,52000000.0,,1085000000.0,157000000.0,-0.7584080717488789,,,0.0011600928074245,0.0011600928074245,1085.0,1242000000.0,1242.0,0.1821345707656612,0.0603248259860788,,,,,,live_sec_companyfacts,live_api,True,False,16.48016690487239,14205.903872,0.8888888888888888,0.7333333333333333,0.7955555555555556,100.0,8.0,Mid-cap possible public-to-private screen,live_public_data,2026-05-28T16:37:54+00:00,0.7782101167315175,0.0,0.0,13.934426229508196,13.28125,100.0,100.0,26.848249027237355,0.0,0.0,21.73144876325088,15.048543689320393,0.0,0.0,10.15625,0.0,33.92226148409894,13.475177304964536,0.0,15.19434628975265,100.0,100.0,68.8,24,0.0538760703313943,0.1863644460988288,1.1893278807091372,2.1734102657458214,4.336998668147913,-0.1852043532914043,1240.8106721192908,2.7999013063820324,91.39344262295081,0.47393364928909953,8.984375,0.0,0.0,0.0,35.0,31.16666666666667,Market fields 89%; SEC fields 73%; filing age 100 days; peer count 24; source live_public_data; real filing chunks 0; EBIT proxy used instead of EBITDA.,0.0,0.0,0.0,73.15175097276264,100.0,66.07773851590106,86.52482269503547,100.0,100.0,0.0,0.0,73.15175097276264,100.0,43.26950575378756,32.3,67.69203021607554,56.7,22.5,50.8,65.4,32.8,49.6,46.3,Screen is supported by strong free cash flow conversion proxy; key caution is incomplete public data coverage.,"Platform screen reflects scale, margins, cash conversion and leverage discipline; it is not a transaction recommendation.",Value creation screen looks for peer margin or cash-conversion gaps with enough growth and risk control for further diligence.,"Red flag screen combines leverage, weak cash conversion, liquidity, valuation support, volatility, trend and data-gap indicators."
MAN,ManpowerGroup Inc.,Business Services,Industrials,Staffing & Employment Services,1394522752.0,2677165056.0,29.98500061035156,44.555912017822266,25.75,0.3270253204926514,0.4859538175790418,0.722,0.146,,live_yfinance,live_api,yfinance,2026-05-28T16:35:54+00:00,2025.0,2026-02-23,871763.0,17957100000.0,2997600000.0,93400000.0,-13300000.0,871000000.0,1642500000.0,-104100000.0,57300000.0,0.0057802496933443,-0.0324886224032086,0.166931185993284,0.0052012852854859,-0.0007406541145285,-1.114561027837259,-46800000.0,-0.5010706638115632,0.0031909384031942,0.0485044912597245,17.585653104925054,8.26017130620985,-0.0228960542681642,-0.0324886224032086,15.853468577910157,live_sec_companyfacts,live_api,True,False,0.1490867153382227,28.66343743040685,0.8888888888888888,1.0,0.9555555555555556,94.0,8.0,Small/mid-cap platform candidate,live_public_data,2026-05-28T16:37:54+00:00,13.229571984435799,9.84251968503937,9.63855421686747,14.344262295081966,12.5,10.852713178294573,15.639810426540285,22.56809338521401,23.01255230125523,9.84251968503937,87.45583038869258,93.68932038834951,6.5359477124183,18.300653594771244,97.65625,37.262357414448665,23.674911660777386,22.69503546099291,5.035971223021585,4.593639575971731,85.0,60.0,76.8,24,0.0538760703313943,0.1863644460988288,1.1893278807091372,2.1734102657458214,4.336998668147913,-0.1811631608133428,-1.6903985445207004,-0.9656244498221418,90.98360655737704,81.51658767772511,98.828125,0.0,0.0,0.0,35.0,23.16666666666667,Market fields 89%; SEC fields 100%; filing age 94 days; peer count 24; source live_public_data; real filing chunks 0; EBIT proxy used instead of EBITDA.,93.4640522875817,81.69934640522875,84.36018957345972,77.43190661478599,76.98744769874477,76.32508833922262,77.30496453900709,86.7704280155642,100.0,100.0,93.4640522875817,77.43190661478599,2.34375,23.277905947812528,83.3,16.688354159842405,76.7,15.9,40.7,49.8,68.1,43.4,43.7,Screen is supported by balanced but not standout structured metrics; key caution is elevated debt to EBIT proxy.,"Platform screen reflects scale, margins, cash conversion and leverage discipline; it is not a transaction recommendation.",Value creation screen looks for peer margin or cash-conversion gaps with enough growth and risk control for further diligence.,"Red flag screen combines leverage, weak cash conversion, liquidity, valuation support, volatility, trend and data-gap indicators."
MCO,Moody's Corporation,Business Services,Financial Services,Financial Data & Stock Exchanges,79273402368.0,84918894592.0,453.8299865722656,537.1644287109375,410.36175537109375,0.1551376779334663,0.2605057777655274,1.37,10.786,32.532616,live_yfinance,live_api,yfinance,2026-05-28T16:35:54+00:00,2025.0,2026-02-18,1059556.0,7718000000.0,,3130000000.0,2462000000.0,2384000000.0,6994000000.0,2901000000.0,326000000.0,0.0888826185101581,0.1217396973837405,,0.4055454781031355,0.3189945581756931,0.9268370607028754,3227000000.0,1.0309904153354632,0.0422389220005182,0.3088883130344649,2.2345047923322685,1.4728434504792332,0.0836727641309336,0.1217396973837405,-1.963790662213186,live_sec_companyfacts,live_api,True,False,11.002707254729204,27.13063724984025,1.0,0.8666666666666667,0.92,99.0,8.0,Large-cap strategic / unlikely PE target,live_public_data,2026-05-28T16:37:54+00:00,51.75097276264592,67.32283464566929,0.0,86.47540983606558,86.328125,32.17054263565892,31.753554502369667,63.81322957198443,67.36401673640168,67.32283464566929,69.6113074204947,38.834951456310684,46.40522875816993,43.790849673202615,19.53125,41.064638783269956,46.996466431095406,64.53900709219857,74.10071942446044,76.67844522968198,20.0,35.0,75.5,24,0.0538760703313943,0.1863644460988288,1.1893278807091372,2.1734102657458214,4.336998668147913,0.2191810320043067,-0.158337465373674,1.536940427382662,11.885245901639344,58.29383886255924,14.84375,0.0,0.0,0.0,35.0,24.5,Market fields 100%; SEC fields 87%; filing age 99 days; peer count 24; source live_public_data; real filing chunks 0; EBIT proxy used instead of EBITDA.,53.59477124183007,56.209150326797385,68.24644549763033,36.18677042801557,32.63598326359832,53.003533568904594,35.46099290780142,48.24902723735408,32.63598326359832,68.24644549763033,53.59477124183007,36.18677042801557,80.46875,50.68219640654364,50.7,49.285037571443524,49.3,52.3,40.7,38.1,35.2,44.6,43.5,"Screen is supported by above-peer latest revenue growth, above-peer EBIT margin proxy, strong free cash flow conversion proxy; key caution is no major structured red flag from the cached screen.","Platform screen reflects scale, margins, cash conversion and leverage discipline; it is not a transaction recommendation.",Value creation screen looks for peer margin or cash-conversion gaps with enough growth and risk control for further diligence.,"Red flag screen combines leverage, weak cash conversion, liquidity, valuation support, volatility, trend and data-gap indicators."
MMS,"Maximus, Inc.",Business Services,Industrials,Specialty Business Services,3310568192.0,4729612800.0,63.0099983215332,97.9447784423828,59.11269760131836,0.3566783311618843,0.3163646343759065,0.598,0.889,9.460961,live_yfinance,live_api,yfinance,2026-05-28T16:35:55+00:00,2025.0,2025-11-20,1032220.0,5431276000.0,1333443000.0,444849000.0,319034000.0,260459000.0,1334273000.0,429372000.0,63213000.0,0.0235722495791241,0.0545693251020473,0.2455119202191161,0.0819050624567781,0.0587401560885508,0.965208419036572,492585000.0,1.107308322599354,0.0116387014764118,0.0479553975898113,2.999384060658785,2.4138842618506504,0.0220698383224733,0.0545693251020473,-1.893978576386592,live_sec_companyfacts,live_api,True,False,0.870810616142505,10.63195106654168,1.0,1.0,1.0,189.0,8.0,Small/mid-cap platform candidate,live_public_data,2026-05-28T16:37:54+00:00,17.898832684824903,37.00787401574803,19.27710843373494,29.918032786885245,28.125,36.04651162790697,36.018957345971565,22.17898832684825,49.37238493723849,37.00787401574803,94.69964664310953,77.18446601941747,39.21568627450981,35.94771241830066,91.796875,79.08745247148289,20.848056537102476,50.70921985815603,72.66187050359711,11.307420494699647,85.0,60.0,79.5,24,0.0538760703313943,0.1863644460988288,1.1893278807091372,2.1734102657458214,4.336998668147913,-0.1044593836420507,-0.0820195581097831,-0.7992135384919592,84.01639344262296,55.92417061611374,95.703125,0.0,0.0,0.0,35.0,20.5,Market fields 100%; SEC fields 100%; filing age 189 days; peer count 24; source live_public_data; real filing chunks 0; EBIT proxy used instead of EBITDA.,60.78431372549019,64.05228758169935,63.981042654028435,77.82101167315176,50.62761506276151,79.15194346289752,49.29078014184397,82.1011673151751,50.62761506276151,63.981042654028435,60.78431372549019,77.82101167315176,8.203125,44.412127746889894,63.8,36.16996017733048,55.6,33.6,52.0,57.1,62.8,52.7,52.9,Screen is supported by strong free cash flow conversion proxy; key caution is material share price drawdown.,"Platform screen reflects scale, margins, cash conversion and leverage discipline; it is not a transaction recommendation.",Value creation screen looks for peer margin or cash-conversion gaps with enough growth and risk control for further diligence.,"Red flag screen combines leverage, weak cash conversion, liquidity, valuation support, volatility, trend and data-gap indicators."
NSP,"Insperity, Inc.",Business Services,Industrials,Staffing & Employment Services,1291645184.0,1132674560.0,33.84000015258789,61.09067535400391,19.89999961853028,0.4460693067068867,0.6553235205950446,0.622,0.165,,live_yfinance,live_api,yfinance,2026-05-28T16:35:55+00:00,2025.0,2026-02-11,1000753.0,6812000000.0,900000000.0,-4000000.0,-7000000.0,945000000.0,369000000.0,-278000000.0,31000000.0,0.0351010484728764,0.0467867280923086,0.1321197886083382,-0.0005871990604815,-0.0010275983558426,69.5,-247000000.0,61.75,0.0045507927187316,0.1387257780387551,-92.25,144.0,-0.0419127624975156,0.0467867280923086,-93.75514413772028,live_sec_companyfacts,live_api,True,False,0.166276359365825,-283.16864,0.8888888888888888,1.0,0.9555555555555556,106.0,8.0,Small/mid-cap platform candidate,live_public_data,2026-05-28T16:37:54+00:00,24.90272373540856,33.07086614173229,6.024096385542169,13.524590163934427,12.109375,99.6124031007752,99.52606635071089,43.57976653696498,18.410041841004183,33.07086614173229,87.45583038869258,91.2621359223301,99.34640522875817,0.0,97.265625,97.71863117870723,12.014134275618371,8.510638297872342,99.28057553956835,3.8869257950530036,85.0,60.0,76.8,24,0.0538760703313943,0.1863644460988288,1.1893278807091372,2.1734102657458214,4.336998668147913,-0.1869516451593103,60.560672119290864,-0.9616609613954916,92.21311475409836,0.9478672985781991,98.4375,0.0,0.0,0.0,35.0,23.16666666666667,Market fields 89%; SEC fields 100%; filing age 106 days; peer count 24; source live_public_data; real filing chunks 0; EBIT proxy used instead of EBITDA.,0.6535947712418301,100.0,0.4739336492891084,56.42023346303502,81.58995815899581,87.98586572438163,91.48936170212765,75.09727626459144,100.0,0.4739336492891084,0.6535947712418301,56.42023346303502,2.734375,58.70301623914853,49.3,50.7070766355187,41.3,39.0,51.4,68.1,58.3,58.0,57.1,Screen is supported by strong free cash flow conversion proxy; key caution is material share price drawdown.,"Platform screen reflects scale, margins, cash conversion and leverage discipline; it is not a transaction recommendation.",Value creation screen looks for peer margin or cash-conversion gaps with enough growth and risk control for further diligence.,"Red flag screen combines leverage, weak cash conversion, liquidity, valuation support, volatility, trend and data-gap indicators."
PAYX,"Paychex, Inc.",Business Services,Technology,Software - Application,34232901632.0,37064417280.0,95.54499816894533,153.46881103515625,84.48336791992188,0.3774305181327162,0.2585360275909895,,9.341,21.09161,live_yfinance,live_api,yfinance,2026-05-28T16:35:56+00:00,2025.0,2025-07-11,723531.0,5410000000.0,,2175900000.0,1657300000.0,2734300000.0,4948200000.0,1900900000.0,191800000.0,0.054169914263445,0.0590945818751567,,0.4021996303142329,0.3063401109057301,0.8736155154189071,2092700000.0,0.9617629486649204,0.035452865064695,0.5054158964879852,2.274093478560596,1.017464037869387,0.0015408687859061,0.0590945818751567,1.8321335969427068,live_sec_companyfacts,live_api,True,False,6.851093767097967,17.034062815386736,0.8888888888888888,0.8666666666666667,0.8755555555555556,321.0,8.0,Mid-cap possible public-to-private screen,live_public_data,2026-05-28T16:37:54+00:00,35.019455252918284,39.37007874015748,0.0,85.65573770491804,83.984375,29.069767441860467,27.488151658767773,79.76653696498055,38.49372384937239,39.37007874015748,48.93992932862191,46.116504854368934,45.751633986928105,47.71241830065359,31.25,68.06083650190114,18.37455830388692,66.66666666666667,23.741007194244602,59.36395759717315,65.0,75.0,70.7,24,0.0538760703313943,0.1863644460988288,1.1893278807091372,2.1734102657458214,4.336998668147913,0.2158351842154041,-0.2275649320442168,0.5796854671444207,12.295081967213115,65.40284360189574,25.78125,7.0,0.0,7.0,64.0,29.266666666666666,Market fields 89%; SEC fields 87%; filing age 321 days; peer count 24; source live_public_data; real filing chunks 0; EBIT proxy used instead of EBITDA.,54.248366013071895,52.28758169934641,72.51184834123222,20.233463035019454,61.50627615062761,81.62544169611307,33.33333333333333,64.98054474708172,61.50627615062761,72.51184834123222,54.248366013071895,20.233463035019454,68.75,45.71928625892702,54.5,45.47391038057873,54.3,43.0,50.9,54.7,34.2,49.0,46.6,"Screen is supported by above-peer latest revenue growth, above-peer EBIT margin proxy, strong free cash flow conversion proxy; key caution is material share price drawdown.","Platform screen reflects scale, margins, cash conversion and leverage discipline; it is not a transaction recommendation.",Value creation screen looks for peer margin or cash-conversion gaps with enough growth and risk control for further diligence.,"Red flag screen combines leverage, weak cash conversion, liquidity, valuation support, volatility, trend and data-gap indicators."
ROL,"Rollins, Inc.",Business Services,Consumer Cyclical,Personal Services,24063553536.0,25206736896.0,49.97999954223633,65.17926025390625,49.97999954223633,0.2331916725114875,0.2340694082315786,0.792,6.556,45.85321,live_yfinance,live_api,yfinance,2026-05-28T16:35:56+00:00,2025.0,2026-02-12,84839.0,3761050000.0,,700926000.0,526705000.0,100004000.0,123683000.0,678107000.0,28086000.0,0.1098772747607643,0.1173929088277419,,0.1863644460988288,0.1400420095452068,0.9674444948539505,706193000.0,1.00751434530892,0.0074675954853033,0.0265893832839233,0.1764565731617888,0.0337824534972308,0.001294061284989,0.1173929088277419,,live_sec_companyfacts,live_api,True,False,6.70204780473538,35.96205148047012,1.0,0.8666666666666667,0.92,105.0,8.0,Mid-cap possible public-to-private screen,live_public_data,2026-05-28T16:37:54+00:00,62.64591439688716,65.74803149606299,0.0,60.245901639344254,55.078125,36.434108527131784,29.85781990521327,13.618677042801556,38.07531380753138,65.74803149606299,69.6113074204947,85.4368932038835,76.47058823529412,62.745098039215684,32.8125,23.574144486692017,32.86219081272085,75.53191489361703,0.0,49.11660777385159,65.0,75.0,75.5,24,0.0538760703313943,0.1863644460988288,1.1893278807091372,2.1734102657458214,4.336998668147913,0.0,-0.1818135354002172,0.5453193135513332,50.204918032786885,60.18957345971564,27.734375,0.0,0.0,0.0,35.0,24.5,Market fields 100%; SEC fields 87%; filing age 105 days; peer count 24; source live_public_data; real filing chunks 0; EBIT proxy used instead of EBITDA.,23.52941176470588,37.254901960784316,70.14218009478674,86.38132295719845,61.92468619246862,67.13780918727915,24.46808510638298,37.35408560311284,61.92468619246862,70.14218009478674,23.52941176470588,86.38132295719845,67.1875,50.62151819951291,49.3,50.72426667172019,49.4,48.5,52.9,60.2,50.9,55.3,53.6,"Screen is supported by above-peer latest revenue growth, strong free cash flow conversion proxy; key caution is no major structured red flag from the cached screen.","Platform screen reflects scale, margins, cash conversion and leverage discipline; it is not a transaction recommendation.",Value creation screen looks for peer margin or cash-conversion gaps with enough growth and risk control for further diligence.,"Red flag screen combines leverage, weak cash conversion, liquidity, valuation support, volatility, trend and data-gap indicators."
ROP,"Roper Technologies, Inc.",Business Services,Technology,Software - Application,32060436480.0,42033553408.0,317.69000244140625,568.6783447265625,314.7276916503906,0.4413537892072168,0.242102682998302,0.803,5.18,19.830835,live_yfinance,live_api,yfinance,2026-05-28T16:35:56+00:00,2025.0,2026-02-24,882835.0,7902500000.0,5472000000.0,1936100000.0,1536300000.0,297400000.0,9301000000.0,2540300000.0,,3.2099515209631875,0.7676043985918963,0.6924391015501423,0.2449984182220816,0.1944068332806074,1.3120706575073602,,,,0.0376336602341031,4.803987397345178,4.650379629151387,-0.6509412001998907,0.7676043985918963,-0.3923464560089558,live_sec_companyfacts,live_api,True,False,5.319019728946536,21.71042477557977,1.0,0.8666666666666667,0.92,93.0,8.0,Mid-cap possible public-to-private screen,live_public_data,2026-05-28T16:37:54+00:00,99.22178988326849,100.0,69.87951807228916,71.72131147540983,71.875,55.03875968992248,0.0,18.28793774319066,2.510460251046025,100.0,69.6113074204947,0.0,24.836601307189543,22.22222222222222,41.40625,57.03422053231939,12.720848056537104,71.27659574468085,56.11510791366907,57.95053003533569,65.0,75.0,75.5,24,0.0538760703313943,0.1863644460988288,1.1893278807091372,2.1734102657458214,4.336998668147913,0.0586339721232528,,0.2264287208596234,31.147540983606557,0.0,37.109375,0.0,0.0,0.0,35.0,24.5,Market fields 100%; SEC fields 87%; filing age 93 days; peer count 24; source live_public_data; real filing chunks 0; EBIT proxy used instead of EBITDA.,75.16339869281046,77.77777777777779,100.0,81.71206225680933,97.48953974895397,87.27915194346289,28.723404255319153,0.7782101167315147,100.0,100.0,75.16339869281046,81.71206225680933,58.59375,38.057621050510605,80.1,19.877327359384935,61.9,57.0,59.7,50.8,31.6,49.6,46.7,"Screen is supported by above-peer latest revenue growth, above-peer EBIT margin proxy; key caution is elevated debt to EBIT proxy, material share price drawdown.","Platform screen reflects scale, margins, cash conversion and leverage discipline; it is not a transaction recommendation.",Value creation screen looks for peer margin or cash-conversion gaps with enough growth and risk control for further diligence.,"Red flag screen combines leverage, weak cash conversion, liquidity, valuation support, volatility, trend and data-gap indicators."
RSG,"Republic Services, Inc.",Business Services,Industrials,Waste Management,63244972032.0,77225738240.0,205.56500244140625,255.2679748535156,197.72999572753903,0.1947090011609611,0.180374957765088,0.438,4.626,29.492828,live_yfinance,live_api,yfinance,2026-05-28T16:35:57+00:00,2025.0,2026-02-18,1060391.0,16591000000.0,,2594000000.0,2139000000.0,249000000.0,,4296000000.0,1887000000.0,0.0348677644710579,0.0708413726948229,,0.1563498282201193,0.1289253209571454,1.6561295296838858,6183000000.0,2.3835774865073245,0.1137363630884214,0.0150081369417153,,,0.0207966246053672,0.0708413726948229,,live_sec_companyfacts,live_api,True,False,4.654676525827256,29.770909113338472,1.0,0.7333333333333333,0.84,99.0,8.0,Large-cap strategic / unlikely PE target,live_public_data,2026-05-28T16:37:54+00:00,24.5136186770428,44.881889763779526,0.0,51.63934426229508,51.5625,70.93023255813954,71.09004739336493,6.614785992217899,48.95397489539749,44.881889763779526,34.62897526501767,21.844660194174757,0.0,0.0,49.609375,34.60076045627376,38.869257950530034,91.84397163120568,0.0,71.73144876325088,20.0,35.0,71.5,24,0.0538760703313943,0.1863644460988288,1.1893278807091372,2.1734102657458214,4.336998668147913,-0.0300146178787094,1.1942496057981873,0.0732483180159713,63.52459016393443,18.48341232227488,43.359375,0.0,0.0,0.0,35.0,28.5,Market fields 100%; SEC fields 73%; filing age 99 days; peer count 24; source live_public_data; real filing chunks 0; EBIT proxy used instead of EBITDA.,0.0,0.0,28.909952606635073,93.3852140077821,51.04602510460251,61.130742049469966,8.156028368794328,75.4863813229572,51.04602510460251,28.909952606635073,0.0,93.3852140077821,50.390625,58.840076886339126,27.7,72.29802291709375,41.2,43.1,33.0,42.4,41.2,45.6,45.0,Screen is supported by strong free cash flow conversion proxy; key caution is no major structured red flag from the cached screen.,"Platform screen reflects scale, margins, cash conversion and leverage discipline; it is not a transaction recommendation.",Value creation screen looks for peer margin or cash-conversion gaps with enough growth and risk control for further diligence.,"Red flag screen combines leverage, weak cash conversion, liquidity, valuation support, volatility, trend and data-gap indicators."
SPGI,S&P Global Inc.,Business Services,Financial Services,Financial Data & Stock Exchanges,124617482240.0,140198805504.0,421.0050048828125,560.7598266601562,389.8537902832031,0.2492240262818273,0.2710149343576201,1.105,8.913,26.645885,live_yfinance,live_api,yfinance,2026-05-28T16:35:57+00:00,2025.0,2026-02-11,64040.0,15336000000.0,,6227000000.0,4820000000.0,1745000000.0,12370000000.0,5651000000.0,195000000.0,0.2271745218852525,0.165997857578408,,0.4060380803338549,0.3142931664058425,0.907499598522563,5846000000.0,0.9388148386060704,0.012715179968701,0.1137845592070944,1.9865103581178736,1.7062791071141803,-0.0958300647788363,0.165997857578408,0.9985180430362216,live_sec_companyfacts,live_api,True,False,9.14181047887324,22.5146628398908,1.0,0.8666666666666667,0.92,106.0,8.0,Large-cap strategic / unlikely PE target,live_public_data,2026-05-28T16:37:54+00:00,85.21400778210116,80.70866141732283,0.0,86.88524590163934,85.15625,30.620155038759687,26.540284360189574,39.688715953307394,11.715481171548117,80.70866141732283,69.6113074204947,74.75728155339806,49.01960784313726,41.83006535947712,21.484375,54.752851711026615,31.448763250883395,60.63829787234043,26.618705035971225,87.63250883392226,20.0,15.0,75.5,24,0.0538760703313943,0.1863644460988288,1.1893278807091372,2.1734102657458214,4.336998668147913,0.2196736342350261,-0.2505130421030668,1.1078656412816446,11.475409836065573,66.82464454976304,17.1875,0.0,0.0,0.0,35.0,24.5,Market fields 100%; SEC fields 87%; filing age 106 days; peer count 24; source live_public_data; real filing chunks 0; EBIT proxy used instead of EBITDA.,50.98039215686274,58.16993464052288,73.45971563981043,60.311284046692606,88.28451882845188,68.55123674911661,39.361702127659576,14.785992217898837,100.0,73.45971563981043,50.98039215686274,60.311284046692606,78.515625,43.7125890796492,61.5,38.45108948797918,56.3,53.1,41.7,27.6,41.8,41.6,42.0,"Screen is supported by above-peer latest revenue growth, above-peer EBIT margin proxy, strong free cash flow conversion proxy; key caution is no major structured red flag from the cached screen.","Platform screen reflects scale, margins, cash conversion and leverage discipline; it is not a transaction recommendation.",Value creation screen looks for peer margin or cash-conversion gaps with enough growth and risk control for further diligence.,"Red flag screen combines leverage, weak cash conversion, liquidity, valuation support, volatility, trend and data-gap indicators."
TNET,"TriNet Group, Inc.",Business Services,Industrials,Staffing & Employment Services,2069806208.0,2610105344.0,45.04999923706055,81.79254913330078,33.580535888671875,0.4492163440995015,0.4419495449321726,1.014,0.535,13.328402,live_yfinance,live_api,yfinance,2026-05-28T16:35:58+00:00,2025.0,2026-02-12,937098.0,5010000000.0,,217000000.0,155000000.0,1902000000.0,895000000.0,303000000.0,69000000.0,-0.0085097961606965,0.0084577764565076,,0.043313373253493,0.030938123752495,1.3963133640552996,372000000.0,1.7142857142857142,0.0137724550898203,0.3796407185628742,4.124423963133641,-4.640552995391705,-0.0553560228570494,0.0084577764565076,3.0953783199801137,live_sec_companyfacts,live_api,True,False,0.5209791105788423,12.028135225806452,1.0,0.8666666666666667,0.92,105.0,8.0,Small/mid-cap platform candidate,live_public_data,2026-05-28T16:37:54+00:00,9.33852140077821,18.89763779527559,0.0,22.950819672131146,21.09375,60.85271317829457,61.61137440758294,70.8171206225681,14.644351464435147,18.89763779527559,69.6113074204947,72.81553398058253,31.372549019607842,91.50326797385621,94.921875,76.42585551330798,11.660777385159015,29.432624113475182,18.705035971223015,7.773851590106007,85.0,60.0,75.5,24,0.0538760703313943,0.1863644460988288,1.1893278807091372,2.1734102657458214,4.336998668147913,-0.1430510728453358,0.524957833576577,-0.8798756581584741,87.70491803278688,27.488151658767773,97.265625,0.0,0.0,0.0,35.0,24.5,Market fields 100%; SEC fields 87%; filing age 105 days; peer count 24; source live_public_data; real filing chunks 0; EBIT proxy used instead of EBITDA.,68.62745098039215,8.49673202614379,38.38862559241706,29.182879377431902,85.35564853556485,88.33922261484098,70.56737588652481,100.0,100.0,38.38862559241706,68.62745098039215,29.182879377431902,5.078125,40.47338822007751,52.0,47.96844817435103,59.5,25.7,54.7,57.2,56.2,51.1,50.8,"Screen is supported by strong free cash flow conversion proxy; key caution is elevated debt to EBIT proxy, material share price drawdown.","Platform screen reflects scale, margins, cash conversion and leverage discipline; it is not a transaction recommendation.",Value creation screen looks for peer margin or cash-conversion gaps with enough growth and risk control for further diligence.,"Red flag screen combines leverage, weak cash conversion, liquidity, valuation support, volatility, trend and data-gap indicators."
TRI,Thomson Reuters Corporation,Business Services,Industrials,Specialty Business Services,37086158848.0,38080397312.0,84.95500183105469,206.1783599853516,78.44731140136719,0.5879538384285794,0.4086374775061929,0.201,4.969,24.412357,live_yfinance,live_api,yfinance,2026-05-28T16:35:58+00:00,,,,,,,,,,,,,,,,,,,,,,,,,,,,,,,,,1.0,0.0,0.4,,8.0,Mid-cap possible public-to-private screen,sample_fallback,2026-05-28T16:37:54+00:00,0.0,0.0,0.0,0.0,0.0,0.0,0.0,0.0,0.0,0.0,0.88339222614841,0.0,0.0,0.0,0.0,0.0,4.59363957597173,33.333333333333336,0.0,60.7773851590106,65.0,75.0,29.1,24,0.0538760703313943,0.1863644460988288,1.1893278807091372,2.1734102657458214,4.336998668147913,,,,0.0,0.0,0.0,0.0,0.0,0.0,35.0,70.86,Market fields 100%; SEC fields 0%; filing age nan days; peer count 24; source sample_fallback; real filing chunks 0; EBIT proxy used instead of EBITDA.,0.0,0.0,100.0,100.0,100.0,95.40636042402826,66.66666666666666,100.0,100.0,100.0,0.0,100.0,100.0,22.997866666666667,52.9,47.12603062426384,77.0,5.6,22.8,38.1,3.1,23.5,20.3,"Screen is supported by balanced but not standout structured metrics; key caution is material share price drawdown, incomplete public data coverage.","Platform screen reflects scale, margins, cash conversion and leverage discipline; it is not a transaction recommendation.",Value creation screen looks for peer margin or cash-conversion gaps with enough growth and risk control for further diligence.,"Red flag screen combines leverage, weak cash conversion, liquidity, valuation support, volatility, trend and data-gap indicators."
VRSK,"Verisk Analytics, Inc.",Business Services,Industrials,Consulting Services,22703464448.0,26571044864.0,173.27999877929688,318.8477783203125,156.83999633789062,0.4565431827935747,0.3096245432038188,0.726,8.565,26.454962,live_yfinance,live_api,yfinance,2026-05-28T16:35:59+00:00,2025.0,2026-02-18,1442145.0,3072700000.0,,1171300000.0,908300000.0,2178200000.0,,1436000000.0,244100000.0,0.0662803206440643,0.0716028813751701,,0.3811956910860155,0.2956032154131545,1.225988218219073,1680100000.0,1.4343891402714932,0.0794415335047352,0.7088879487096039,,,-0.1243709889300037,0.0716028813751701,,live_sec_companyfacts,live_api,True,False,8.647458217203111,22.68508910099889,1.0,0.7333333333333333,0.84,99.0,8.0,Mid-cap possible public-to-private screen,live_public_data,2026-05-28T16:37:54+00:00,40.46692607003891,45.2755905511811,0.0,84.01639344262296,82.421875,50.775193798449614,51.65876777251185,85.21400778210116,10.460251046025103,45.2755905511811,34.62897526501767,26.21359223300971,0.0,0.0,22.265625,53.99239543726235,10.954063604240282,53.546099290780134,0.0,47.349823321554766,65.0,75.0,71.5,24,0.0538760703313943,0.1863644460988288,1.1893278807091372,2.1734102657458214,4.336998668147913,0.1948312449871866,0.245061259562356,0.9938807638361464,14.344262295081966,32.22748815165877,18.75,0.0,0.0,0.0,35.0,28.5,Market fields 100%; SEC fields 73%; filing age 99 days; peer count 24; source live_public_data; real filing chunks 0; EBIT proxy used instead of EBITDA.,0.0,0.0,48.34123222748815,14.785992217898837,89.5397489539749,89.04593639575971,46.45390070921986,59.53307392996109,100.0,48.34123222748815,0.0,14.785992217898837,100.0,51.26519973628065,31.1,68.91620318574299,48.7,40.8,49.7,50.9,26.6,47.9,45.5,"Screen is supported by above-peer latest revenue growth, above-peer EBIT margin proxy, strong free cash flow conversion proxy; key caution is material share price drawdown.","Platform screen reflects scale, margins, cash conversion and leverage discipline; it is not a transaction recommendation.",Value creation screen looks for peer margin or cash-conversion gaps with enough growth and risk control for further diligence.,"Red flag screen combines leverage, weak cash conversion, liquidity, valuation support, volatility, trend and data-gap indicators."
WEX,WEX Inc.,Business Services,Technology,Software - Infrastructure,5008333312.0,4782277632.0,144.46499633789062,184.92999267578125,131.6300048828125,0.2188125125210692,0.3756065169395851,0.871,1.773,16.286922,live_yfinance,live_api,yfinance,2026-05-28T16:35:59+00:00,2025.0,2026-02-13,1309108.0,1845400000.0,,420200000.0,304100000.0,1678400000.0,3586700000.0,454300000.0,58600000.0,-0.0117281636587586,0.0298246969044173,,0.2277013113688089,0.1647881218164083,1.081151832460733,512900000.0,1.220609233698239,0.0317546331418662,0.9095047144250568,8.535697287006187,4.541408852927177,0.0735015143676282,0.0298246969044173,-1.9225097090712813,live_sec_companyfacts,live_api,True,False,2.5914585629131897,11.380955811518325,1.0,0.8666666666666667,0.92,104.0,8.0,Small/mid-cap platform candidate,live_public_data,2026-05-28T16:37:54+00:00,8.949416342412452,22.440944881889763,0.0,69.26229508196722,61.71875,44.18604651162791,44.54976303317535,87.15953307392996,66.10878661087865,22.440944881889763,69.6113074204947,50.0,18.300653594771244,22.87581699346405,72.265625,77.56653992395437,35.68904593639576,38.297872340425535,73.38129496402878,17.6678445229682,85.0,60.0,75.5,24,0.0538760703313943,0.1863644460988288,1.1893278807091372,2.1734102657458214,4.336998668147913,0.04133686526998,0.0312813529891018,-0.4024765140128911,37.704918032786885,46.44549763033176,77.34375,0.0,0.0,0.0,35.0,24.5,Market fields 100%; SEC fields 87%; filing age 104 days; peer count 24; source live_public_data; real filing chunks 0; EBIT proxy used instead of EBITDA.,81.69934640522875,77.12418300653596,55.45023696682465,12.840466926070036,33.89121338912135,64.31095406360424,61.702127659574465,100.0,33.89121338912135,55.45023696682465,81.69934640522875,12.840466926070036,27.734375,44.72365545251693,60.3,39.70653608960518,55.3,34.8,52.7,53.8,44.6,49.3,48.4,"Screen is supported by above-peer EBIT margin proxy, strong free cash flow conversion proxy; key caution is elevated debt to EBIT proxy.","Platform screen reflects scale, margins, cash conversion and leverage discipline; it is not a transaction recommendation.",Value creation screen looks for peer margin or cash-conversion gaps with enough growth and risk control for further diligence.,"Red flag screen combines leverage, weak cash conversion, liquidity, valuation support, volatility, trend and data-gap indicators."
WM,"Waste Management, Inc.",Business Services,Industrials,Waste Management,86880911360.0,109309714432.0,216.3500061035156,245.53370666503903,195.23580932617188,0.1188582250392867,0.1839646597666848,0.495,4.301,31.264452,live_yfinance,live_api,yfinance,2026-05-28T16:36:00+00:00,2025.0,2026-02-09,823768.0,25204000000.0,,3426000000.0,2709000000.0,297000000.0,,6043000000.0,3227000000.0,0.1423650455513756,0.0856315247317422,,0.135930804634185,0.1074829392159974,1.7638645650904845,9270000000.0,2.705779334500876,0.1280352325027773,0.011783843834312,,,-0.0122060620527882,0.0856315247317422,,live_sec_companyfacts,live_api,True,False,4.336998668147913,31.905929489784004,1.0,0.7333333333333333,0.84,108.0,8.0,Large-cap strategic / unlikely PE target,live_public_data,2026-05-28T16:37:54+00:00,72.37354085603113,53.14960629921261,0.0,45.90163934426229,43.359375,72.09302325581395,72.98578199052133,4.280155642023346,30.543933054393307,53.14960629921261,34.62897526501767,19.417475728155342,0.0,0.0,51.953125,28.89733840304183,54.77031802120141,90.78014184397163,0.0,81.2720848056537,20.0,15.0,71.5,24,0.0538760703313943,0.1863644460988288,1.1893278807091372,2.1734102657458214,4.336998668147913,-0.0504336414646438,1.5164514537917388,0.0,71.72131147540983,14.691943127962084,50.1953125,0.0,0.0,0.0,35.0,28.5,Market fields 100%; SEC fields 73%; filing age 108 days; peer count 24; source live_public_data; real filing chunks 0; EBIT proxy used instead of EBITDA.,0.0,0.0,27.014218009478668,95.71984435797665,69.4560669456067,45.22968197879859,9.219858156028367,27.626459143968873,100.0,27.014218009478668,0.0,95.71984435797665,48.046875,59.863231067168456,28.0,71.98518025060342,40.1,48.1,33.5,35.6,50.7,45.9,46.8,"Screen is supported by above-peer latest revenue growth, strong free cash flow conversion proxy; key caution is no major structured red flag from the cached screen.","Platform screen reflects scale, margins, cash conversion and leverage discipline; it is not a transaction recommendation.",Value creation screen looks for peer margin or cash-conversion gaps with enough growth and risk control for further diligence.,"Red flag screen combines leverage, weak cash conversion, liquidity, valuation support, volatility, trend and data-gap indicators."
BKNG,Booking Holdings Inc.,Consumer Services,Consumer Cyclical,Travel Services,130898665472.0,133618278400.0,168.92799377441406,231.2659149169922,154.1300048828125,0.2695508378956447,0.3175021125337876,1.102,4.826,22.286015,live_yfinance,live_api,yfinance,2026-05-28T16:36:00+00:00,2025.0,2026-02-18,1075531.0,26917000000.0,,6832000000.0,,17269000000.0,18736000000.0,9409000000.0,322000000.0,0.1338725304351489,0.1634869878187224,,0.2538172901883568,,1.377195550351288,9731000000.0,1.4243266978922715,0.01196270015232,0.641564810342906,2.7423887587822016,0.2147248243559719,0.0242678460689887,0.1634869878187224,-0.4401246238331437,live_sec_companyfacts,live_api,True,False,4.964085091206301,19.55771053864169,1.0,0.8,0.88,99.0,8.0,Large-cap strategic / unlikely PE target,live_public_data,2026-05-28T16:37:54+00:00,70.42801556420234,80.31496062992126,0.0,73.36065573770492,0.0,58.91472868217055,51.18483412322274,84.43579766536965,50.627615062761514,80.31496062992126,52.65017667844523,75.72815533980582,41.83006535947712,58.82352941176471,45.703125,61.596958174904934,28.97526501766784,50.0,56.83453237410072,87.98586572438163,20.0,15.0,71.4,23,0.0571802160632111,0.1272690755190577,1.3835460127523054,0.5339627613815845,3.1952831666212616,0.1265482146692991,0.0407806851399661,0.5535665643228096,20.491803278688526,45.497630331753555,27.34375,7.0,0.0,7.0,64.0,28.599999999999994,Market fields 100%; SEC fields 80%; filing age 99 days; peer count 23; source live_public_data; real filing chunks 0; EBIT proxy used instead of EBITDA.,58.16993464052288,41.17647058823529,48.81516587677726,15.564202334630352,49.372384937238486,71.02473498233216,50.0,29.57198443579766,49.372384937238486,48.81516587677726,58.16993464052288,15.564202334630352,54.296875,56.80122609001747,48.3,51.746209475184635,43.2,54.8,44.1,30.5,41.7,44.8,46.0,"Screen is supported by above-peer latest revenue growth, above-peer EBIT margin proxy, strong free cash flow conversion proxy; key caution is no major structured red flag from the cached screen.","Platform screen reflects scale, margins, cash conversion and leverage discipline; it is not a transaction recommendation.",Value creation screen looks for peer margin or cash-conversion gaps with enough growth and risk control for further diligence.,"Red flag screen combines leverage, weak cash conversion, liquidity, valuation support, volatility, trend and data-gap indicators."
BURL,"Burlington Stores, Inc.",Consumer Services,Consumer Cyclical,Apparel Retail,18963433472.0,24989083648.0,301.82000732421875,347.82000732421875,222.8500061035156,0.1322523116305995,0.3723107907363317,1.478,2.162,31.670515,live_yfinance,live_api,yfinance,2026-05-28T16:36:01+00:00,2025.0,2026-03-19,1579298.0,11549607000.0,,816118000.0,610153000.0,1232525000.0,50600000.0,1231382000.0,1059793000.0,0.0878672489293561,0.0996978575176685,,0.070661971441972,0.0528288971217808,1.5088283802097249,2291175000.0,2.8074065269973216,0.0917600919234741,0.1067157523195378,0.0620008381140962,-1.4482280748617231,0.0352532079431358,0.0996978575176685,,live_sec_companyfacts,live_api,True,False,2.163630645441009,30.619449207099954,1.0,0.8666666666666667,0.92,70.0,8.0,Mid-cap possible public-to-private screen,live_public_data,2026-05-28T16:37:54+00:00,50.583657587548636,60.23622047244095,0.0,28.688524590163933,26.171875,65.11627906976744,76.30331753554502,37.7431906614786,55.23012552301255,60.23622047244095,69.6113074204947,24.271844660194176,79.73856209150327,81.69934640522875,78.515625,33.07984790874525,50.17667844522968,38.652482269503544,0.0,40.98939929328622,65.0,100.0,75.5,23,0.0571802160632111,0.1272690755190577,1.3835460127523054,0.5339627613815845,3.1952831666212616,-0.0566071040770856,1.4238605142450165,-0.3228673226702273,72.95081967213115,15.639810426540285,71.875,0.0,0.0,0.0,35.0,24.5,Market fields 100%; SEC fields 87%; filing age 70 days; peer count 23; source live_public_data; real filing chunks 0; EBIT proxy used instead of EBITDA.,20.26143790849673,18.30065359477124,23.69668246445498,62.2568093385214,44.76987447698745,49.82332155477032,61.347517730496456,49.416342412451364,44.76987447698745,23.69668246445498,20.26143790849673,62.2568093385214,21.484375,63.145154917095475,34.2,65.80850116018117,36.9,47.9,55.3,82.5,52.9,64.5,61.2,"Screen is supported by above-peer latest revenue growth, strong free cash flow conversion proxy; key caution is no major structured red flag from the cached screen.","Platform screen reflects scale, margins, cash conversion and leverage discipline; it is not a transaction recommendation.",Value creation screen looks for peer margin or cash-conversion gaps with enough growth and risk control for further diligence.,"Red flag screen combines leverage, weak cash conversion, liquidity, valuation support, volatility, trend and data-gap indicators."
CAKE,The Cheesecake Factory Incorporated,Consumer Services,Consumer Cyclical,Restaurants,3239982592.0,5133714432.0,65.20999908447266,67.1679916381836,42.72428512573242,0.0291506788569491,0.3386031175977866,1.038,1.35,19.123167,live_yfinance,live_api,yfinance,2026-05-28T16:36:01+00:00,2025.0,2026-02-23,887596.0,3751806000.0,,162895000.0,148427000.0,215729000.0,630074000.0,301281000.0,146204000.0,0.0474933823305643,,,0.0434177566750519,0.0395614805243128,1.849541115442463,447485000.0,2.747076337518033,0.0389689658793658,0.0575000413134367,3.867976303753952,2.543632401240062,,,-2.6388234728447637,live_sec_companyfacts,live_api,True,False,1.3683315267367235,31.51548194849443,1.0,0.8666666666666667,0.92,94.0,8.0,Small/mid-cap platform candidate,live_public_data,2026-05-28T16:37:54+00:00,30.35019455252918,0.0,0.0,23.36065573770492,23.828125,76.74418604651163,73.93364928909952,25.680933852140075,0.0,0.0,69.6113074204947,41.2621359223301,33.98692810457516,34.64052287581699,88.671875,30.038022813688215,83.03886925795054,45.39007092198582,77.6978417266187,10.954063604240282,100.0,100.0,75.5,23,0.0571802160632111,0.1272690755190577,1.3835460127523054,0.5339627613815845,3.1952831666212616,-0.0838513188440057,1.3635303247657276,-0.571765175296305,79.09836065573771,17.061611374407583,83.203125,0.0,0.0,0.0,35.0,24.5,Market fields 100%; SEC fields 87%; filing age 94 days; peer count 23; source live_public_data; real filing chunks 0; EBIT proxy used instead of EBITDA.,66.01307189542483,65.359477124183,26.06635071090048,74.31906614785993,100.0,16.96113074204947,54.60992907801418,69.64980544747081,100.0,26.06635071090048,66.01307189542483,74.31906614785993,11.328125,43.90954863245699,58.1,41.918083972903254,56.1,28.1,52.9,81.0,55.9,58.1,54.8,Screen is supported by strong free cash flow conversion proxy; key caution is elevated debt to EBIT proxy.,"Platform screen reflects scale, margins, cash conversion and leverage discipline; it is not a transaction recommendation.",Value creation screen looks for peer margin or cash-conversion gaps with enough growth and risk control for further diligence.,"Red flag screen combines leverage, weak cash conversion, liquidity, valuation support, volatility, trend and data-gap indicators."
CHH,"Choice Hotels International, Inc.",Consumer Services,Consumer Cyclical,Lodging,5252454400.0,7293691904.0,115.4499969482422,134.14332580566406,83.91069793701172,0.1393534023787605,0.3452107861821327,0.654,7.384,15.622462,live_yfinance,live_api,yfinance,2026-05-28T16:36:01+00:00,2025.0,2026-02-19,1046311.0,1596793000.0,,456891000.0,369946000.0,44997000.0,1906122000.0,270447000.0,,0.0075427220052004,0.0443898840307794,,0.286130387595637,0.2316806248524386,0.5919289283439595,,,,0.0281796075007843,4.171940353388445,4.073455156700395,-0.0254914935530676,0.0443898840307794,1.4166599772031363,live_sec_companyfacts,live_api,True,False,4.567712849442602,15.96374606634843,1.0,0.7333333333333333,0.84,98.0,8.0,Small/mid-cap platform candidate,live_public_data,2026-05-28T16:37:54+00:00,13.618677042801556,32.28346456692913,0.0,78.68852459016394,76.171875,19.767441860465116,0.0,14.785992217898833,22.594142259414227,32.28346456692913,34.62897526501767,0.0,30.065359477124186,24.836601307189543,50.0,70.34220532319392,48.76325088339223,43.97163120567376,25.179856115107913,18.021201413427562,100.0,100.0,71.5,23,0.0571802160632111,0.1272690755190577,1.3835460127523054,0.5339627613815845,3.1952831666212616,0.1588613120765793,,0.4295173889932788,17.21311475409836,0.0,30.46875,0.0,0.0,0.0,35.0,28.5,Market fields 100%; SEC fields 73%; filing age 98 days; peer count 23; source live_public_data; real filing chunks 0; EBIT proxy used instead of EBITDA.,69.93464052287581,75.16339869281046,100.0,85.21400778210116,77.40585774058577,51.23674911660777,56.02836879432624,86.38132295719845,100.0,100.0,69.93464052287581,85.21400778210116,50.0,23.307082750974388,75.3,24.71537057622882,76.7,28.5,54.7,62.1,17.9,44.2,38.7,Screen is supported by above-peer EBIT margin proxy; key caution is elevated debt to EBIT proxy.,"Platform screen reflects scale, margins, cash conversion and leverage discipline; it is not a transaction recommendation.",Value creation screen looks for peer margin or cash-conversion gaps with enough growth and risk control for further diligence.,"Red flag screen combines leverage, weak cash conversion, liquidity, valuation support, volatility, trend and data-gap indicators."
CMG,"Chipotle Mexican Grill, Inc.",Consumer Services,Consumer Cyclical,Restaurants,41534926848.0,46307033088.0,32.380001068115234,58.2400016784668,29.809999465942383,0.4440247229579466,0.3801472831976528,1.03,3.815,29.706423,live_yfinance,live_api,yfinance,2026-05-28T16:36:03+00:00,2025.0,2026-02-04,1058090.0,11925601000.0,,2009519000.0,1535761000.0,385909000.0,,2113926000.0,666336000.0,0.0540707042949912,0.1136408299076578,,0.1685046313389153,0.1287784992974358,1.0519562143975747,2780262000.0,1.3835460127523054,0.0558744167275091,0.032359710843923,,,0.0316686592580486,0.1136408299076578,,live_sec_companyfacts,live_api,True,False,3.882993661116114,23.04383939042129,1.0,0.7333333333333333,0.84,113.0,8.0,Mid-cap possible public-to-private screen,live_public_data,2026-05-28T16:37:54+00:00,34.63035019455253,64.96062992125984,0.0,54.50819672131148,50.78125,41.08527131782946,50.71090047393365,15.953307392996107,53.55648535564853,64.96062992125984,34.62897526501767,33.98058252427184,0.0,0.0,57.03125,50.57034220532319,12.367491166077738,37.943262411347526,0.0,63.957597173144876,65.0,75.0,71.5,23,0.0571802160632111,0.1272690755190577,1.3835460127523054,0.5339627613815845,3.1952831666212616,0.0412355558198576,0.0,0.2152267760425276,38.114754098360656,50.23696682464455,37.890625,0.0,0.0,0.0,35.0,28.5,Market fields 100%; SEC fields 73%; filing age 113 days; peer count 23; source live_public_data; real filing chunks 0; EBIT proxy used instead of EBITDA.,0.0,0.0,49.28909952606635,84.04669260700389,46.44351464435147,87.63250883392226,62.056737588652474,65.36964980544747,46.44351464435147,49.28909952606635,0.0,84.04669260700389,42.96875,55.20642478895599,36.3,63.655999608069344,44.8,40.8,48.0,52.8,39.5,50.2,49.0,"Screen is supported by above-peer EBIT margin proxy, strong free cash flow conversion proxy; key caution is material share price drawdown.","Platform screen reflects scale, margins, cash conversion and leverage discipline; it is not a transaction recommendation.",Value creation screen looks for peer margin or cash-conversion gaps with enough growth and risk control for further diligence.,"Red flag screen combines leverage, weak cash conversion, liquidity, valuation support, volatility, trend and data-gap indicators."
DPZ,"Domino's Pizza, Inc.",Consumer Services,Consumer Cyclical,Restaurants,10376372224.0,15271240704.0,311.9599914550781,479.291015625,302.2900085449219,0.3491219712343671,0.2594928533565284,1.02,3.067,17.970045,live_yfinance,live_api,yfinance,2026-05-28T16:36:03+00:00,2025.0,2026-02-23,1286681.0,4939994000.0,1973560000.0,770338000.0,601704000.0,433985000.0,100000.0,792062000.0,120558000.0,0.049629696992361,0.0427188575212125,0.3995065581051313,0.155939055796424,0.1218025770881503,1.0282006080447803,912620000.0,1.1847007417523217,0.0244044830823681,0.0878513212769084,0.0001298131469562,-0.563239772671217,0.0123422143050024,0.0427188575212125,,live_sec_companyfacts,live_api,True,False,3.091348026738494,19.824078137129412,1.0,1.0,1.0,94.0,8.0,Mid-cap possible public-to-private screen,live_public_data,2026-05-28T16:37:54+00:00,30.739299610894943,30.708661417322837,48.19277108433735,51.229508196721305,48.4375,39.53488372093023,42.18009478672986,33.85214007782101,43.51464435146444,30.708661417322837,94.69964664310953,57.28155339805825,83.66013071895425,73.20261437908498,63.671875,60.836501901140686,21.908127208480565,66.31205673758865,0.0,31.09540636042403,100.0,100.0,92.0,23,0.0571802160632111,0.1272690755190577,1.3835460127523054,0.5339627613815845,3.1952831666212616,0.0286699802773663,-0.1988452709999837,-0.0325276773490688,41.80327868852459,62.55924170616114,54.6875,397.0,397.0,0.0,100.0,8.0,Market fields 100%; SEC fields 100%; filing age 94 days; peer count 23; source live_public_data; real filing chunks 397; EBIT proxy used instead of EBITDA.,16.33986928104575,26.797385620915033,57.81990521327014,66.14785992217898,56.48535564853556,78.09187279151944,33.687943262411345,69.26070038910505,56.48535564853556,57.81990521327014,16.33986928104575,66.14785992217898,36.328125,55.23534288902595,42.4,57.586418245380294,44.8,48.1,67.8,76.8,47.8,64.5,61.1,"Screen is supported by above-peer EBIT margin proxy, strong free cash flow conversion proxy; key caution is no major structured red flag from the cached screen.","Platform screen reflects scale, margins, cash conversion and leverage discipline; it is not a transaction recommendation.",Value creation screen looks for peer margin or cash-conversion gaps with enough growth and risk control for further diligence.,"Red flag screen combines leverage, weak cash conversion, liquidity, valuation support, volatility, trend and data-gap indicators."
DRI,"Darden Restaurants, Inc.",Consumer Services,Consumer Cyclical,Restaurants,23620552704.0,31502594048.0,206.22999572753903,219.0753173828125,166.67343139648438,0.0586342715771467,0.2466600796971136,0.594,2.468,21.731297,live_yfinance,live_api,yfinance,2026-05-28T16:36:04+00:00,2025.0,2025-07-18,940944.0,12076700000.0,2472700000.0,1187200000.0,1049600000.0,254500000.0,0.0,,644600000.0,0.0602897278314311,0.0783853939045302,0.2047496418723658,0.0983050005382265,0.086911159505494,,,,0.0533755082100242,0.0210736376659186,0.0,-0.2143699460916442,-0.0152464013309323,0.0783853939045302,-0.8239597622313671,live_sec_companyfacts,live_api,True,False,2.608543231843136,26.535203881401618,1.0,0.8,0.88,314.0,8.0,Mid-cap possible public-to-private screen,live_public_data,2026-05-28T16:37:54+00:00,36.964980544747085,48.4251968503937,16.867469879518072,33.60655737704918,35.9375,0.0,0.0,10.116731517509727,28.870292887029287,48.4251968503937,52.65017667844523,34.95145631067961,85.94771241830065,67.97385620915033,71.875,43.34600760456274,71.73144876325088,69.50354609929079,64.74820143884892,48.76325088339223,65.0,75.0,73.5,23,0.0571802160632111,0.1272690755190577,1.3835460127523054,0.5339627613815845,3.1952831666212616,-0.0289640749808312,,-0.1836268975805837,62.704918032786885,0.0,64.0625,0.0,0.0,0.0,35.0,26.5,Market fields 100%; SEC fields 80%; filing age 314 days; peer count 23; source live_public_data; real filing chunks 0; EBIT proxy used instead of EBITDA.,14.052287581699346,32.02614379084967,100.0,89.88326848249028,71.12970711297072,28.26855123674912,30.49645390070922,63.035019455252915,100.0,100.0,14.052287581699346,89.88326848249028,28.125,41.02444196214788,48.6,51.41616498147767,59.0,36.2,45.8,64.5,44.5,51.4,48.0,Screen is supported by above-peer latest revenue growth; key caution is no major structured red flag from the cached screen.,"Platform screen reflects scale, margins, cash conversion and leverage discipline; it is not a transaction recommendation.",Value creation screen looks for peer margin or cash-conversion gaps with enough growth and risk control for further diligence.,"Red flag screen combines leverage, weak cash conversion, liquidity, valuation support, volatility, trend and data-gap indicators."
FIVE,"Five Below, Inc.",Consumer Services,Consumer Cyclical,Specialty Retail,12455735296.0,13030931456.0,225.259994506836,247.7100067138672,113.76000213623048,0.0906302192020992,0.3690331689739807,1.004,2.735,34.762344,live_yfinance,live_api,yfinance,2026-05-28T16:36:04+00:00,2025.0,2026-03-19,1177609.0,4764147000.0,,480371000.0,358641000.0,723699000.0,,586428000.0,174741000.0,2.4252630519417493,0.6189517327699392,,0.1008304319744961,0.0752791633003767,1.2207814376804595,761169000.0,1.5845440295105242,0.0366783392703877,0.1519052623691082,,,-0.2087074798153842,0.6189517327699392,,live_sec_companyfacts,live_api,True,False,2.735207678520415,27.12680710534149,1.0,0.7333333333333333,0.84,70.0,8.0,Mid-cap possible public-to-private screen,live_public_data,2026-05-28T16:37:54+00:00,98.0544747081712,98.81889763779527,0.0,35.24590163934426,32.421875,50.3875968992248,56.39810426540285,46.69260700389105,5.857740585774058,98.81889763779527,34.62897526501767,44.1747572815534,0.0,0.0,68.75,41.44486692015209,62.19081272084806,40.0709219858156,0.0,36.042402826855124,100.0,100.0,71.5,23,0.0571802160632111,0.1272690755190577,1.3835460127523054,0.5339627613815845,3.1952831666212616,-0.0264386435445616,0.2009980167582188,-0.1439858266418801,61.47540983606557,33.649289099526065,59.765625,0.0,0.0,0.0,35.0,28.5,Market fields 100%; SEC fields 73%; filing age 70 days; peer count 23; source live_public_data; real filing chunks 0; EBIT proxy used instead of EBITDA.,0.0,0.0,43.60189573459715,53.30739299610895,94.14225941422595,37.80918727915194,59.9290780141844,1.945525291828801,100.0,43.60189573459715,0.0,53.30739299610895,31.25,63.182347095026195,31.4,68.63733861245885,36.8,45.5,61.6,71.4,59.4,63.0,62.3,"Screen is supported by above-peer latest revenue growth, strong free cash flow conversion proxy; key caution is no major structured red flag from the cached screen.","Platform screen reflects scale, margins, cash conversion and leverage discipline; it is not a transaction recommendation.",Value creation screen looks for peer margin or cash-conversion gaps with enough growth and risk control for further diligence.,"Red flag screen combines leverage, weak cash conversion, liquidity, valuation support, volatility, trend and data-gap indicators."
HLT,Hilton Worldwide Holdings Inc.,Consumer Services,Consumer Cyclical,Lodging,76959948800.0,89185763328.0,338.06500244140625,342.73065185546875,243.38113403320312,0.0136131664582776,0.2284690369250547,1.066,17.587,51.45586,live_yfinance,live_api,yfinance,2026-05-28T16:36:05+00:00,2025.0,2026-02-11,1585689.0,12039000000.0,,2072000000.0,1461000000.0,970000000.0,,2129000000.0,101000000.0,0.0774118489350277,0.1112559390058218,,0.1721073178835451,0.1213555943184649,1.0275096525096523,2230000000.0,1.0762548262548262,0.0083894011130492,0.0805714760362156,,,-0.0255445685863055,0.1112559390058218,,live_sec_companyfacts,live_api,True,False,7.408070714178918,43.04332206949807,1.0,0.7333333333333333,0.84,106.0,8.0,Large-cap strategic / unlikely PE target,live_public_data,2026-05-28T16:37:54+00:00,45.13618677042802,63.77952755905512,0.0,56.9672131147541,48.046875,39.14728682170542,34.12322274881517,31.906614785992215,22.17573221757322,63.77952755905512,34.62897526501767,82.52427184466019,0.0,0.0,28.515625,17.490494296577953,89.75265017667844,77.30496453900709,0.0,75.61837455830388,20.0,35.0,69.4,23,0.0571802160632111,0.1272690755190577,1.3835460127523054,0.5339627613815845,3.1952831666212616,0.0448382423644874,-0.3072911864974792,1.3184395021904487,36.885245901639344,69.66824644549763,16.40625,7.0,0.0,7.0,64.0,30.599999999999994,Market fields 100%; SEC fields 73%; filing age 106 days; peer count 23; source live_public_data; real filing chunks 0; EBIT proxy used instead of EBITDA.,0.0,0.0,65.87677725118483,68.09338521400778,77.82426778242677,10.247349823321555,22.69503546099291,54.86381322957198,100.0,65.87677725118483,0.0,68.09338521400778,71.484375,48.4601266647987,29.3,70.66574481667523,51.5,39.9,31.6,37.2,49.4,43.2,43.2,"Screen is supported by above-peer latest revenue growth, above-peer EBIT margin proxy, strong free cash flow conversion proxy; key caution is incomplete public data coverage.","Platform screen reflects scale, margins, cash conversion and leverage discipline; it is not a transaction recommendation.",Value creation screen looks for peer margin or cash-conversion gaps with enough growth and risk control for further diligence.,"Red flag screen combines leverage, weak cash conversion, liquidity, valuation support, volatility, trend and data-gap indicators."
MAR,"Marriott International, Inc.",Consumer Services,Consumer Cyclical,Lodging,101986844672.0,118698893312.0,386.7699890136719,386.7699890136719,252.7538909912109,0.0,0.2600633776652251,1.107,16.523,40.58447,live_yfinance,live_api,yfinance,2026-05-28T16:36:05+00:00,2025.0,2026-02-10,1048286.0,26186000000.0,,3394000000.0,2601000000.0,371000000.0,,3212000000.0,604000000.0,0.0432669322709162,0.0802476100443279,,0.1296112426487436,0.0993278851294584,0.9463759575721862,3816000000.0,1.1243370654095464,0.0230657603299473,0.0141678759642557,,,-0.0202948854983704,0.0802476100443279,,live_sec_companyfacts,live_api,True,False,4.532914279080424,34.97315654449028,1.0,0.7333333333333333,0.84,107.0,8.0,Large-cap strategic / unlikely PE target,live_public_data,2026-05-28T16:37:54+00:00,28.793774319066145,49.60629921259843,0.0,42.21311475409836,39.84375,33.72093023255814,37.44075829383886,6.22568093385214,24.267782426778243,49.60629921259843,34.62897526501767,58.252427184466015,0.0,0.0,50.78125,24.334600760456272,97.87985865724382,65.95744680851064,0.0,84.80565371024736,20.0,15.0,69.4,23,0.0571802160632111,0.1272690755190577,1.3835460127523054,0.5339627613815845,3.1952831666212616,0.0023421671296859,-0.259208947342759,0.418626782888101,47.950819672131146,67.29857819905213,30.859375,7.0,0.0,7.0,64.0,30.599999999999994,Market fields 100%; SEC fields 73%; filing age 107 days; peer count 23; source live_public_data; real filing chunks 0; EBIT proxy used instead of EBITDA.,0.0,0.0,62.55924170616114,93.77431906614785,75.73221757322176,2.1201413427561837,34.04255319148936,71.20622568093385,100.0,62.55924170616114,0.0,93.77431906614785,49.21875,45.12681405613087,31.8,68.22896289215953,54.9,34.2,28.1,30.3,50.5,39.4,40.2,"Screen is supported by above-peer EBIT margin proxy, strong free cash flow conversion proxy; key caution is incomplete public data coverage.","Platform screen reflects scale, margins, cash conversion and leverage discipline; it is not a transaction recommendation.",Value creation screen looks for peer margin or cash-conversion gaps with enough growth and risk control for further diligence.,"Red flag screen combines leverage, weak cash conversion, liquidity, valuation support, volatility, trend and data-gap indicators."
MCD,McDonald's Corporation,Consumer Services,Consumer Cyclical,Restaurants,197804818432.0,253320298496.0,278.3999938964844,339.16534423828125,274.6000061035156,0.1791614366682053,0.1635421153047103,0.436,9.23,22.932453,live_yfinance,live_api,yfinance,2026-05-28T16:36:06+00:00,2025.0,2026-02-24,63908.0,26885000000.0,,12393000000.0,8563000000.0,774000000.0,40698000000.0,10551000000.0,3365000000.0,0.037229938271605,0.0506287953679032,,0.4609633624697787,0.3185047424214245,0.8513677075768579,13916000000.0,1.122891955135964,0.125162730146922,0.0287892877068997,3.2839506172839505,3.2214960058097315,0.0567377794894399,0.0506287953679032,-0.5473907550349053,live_sec_companyfacts,live_api,True,False,9.422365575450996,20.44059537609941,1.0,0.8666666666666667,0.92,93.0,8.0,Mega-cap benchmark / public quality comp,live_public_data,2026-05-28T16:37:54+00:00,25.680933852140075,35.826771653543304,0.0,88.11475409836066,85.9375,27.906976744186046,36.96682464454976,15.17509727626459,61.08786610878661,35.826771653543304,69.6113074204947,19.902912621359224,37.254901960784316,32.02614379084967,20.703125,59.31558935361216,41.342756183745585,94.32624113475178,59.71223021582735,93.63957597173145,5.0,3.0,73.4,23,0.0571802160632111,0.1272690755190577,1.3835460127523054,0.5339627613815845,3.1952831666212616,0.333694286950721,-0.2606540576163414,1.9488358571407436,9.426229508196721,68.24644549763033,12.890625,7.0,0.0,7.0,64.0,26.599999999999994,Market fields 100%; SEC fields 87%; filing age 93 days; peer count 23; source live_public_data; real filing chunks 0; EBIT proxy used instead of EBITDA.,62.745098039215684,67.97385620915033,63.03317535545024,84.8249027237354,38.91213389121339,58.657243816254415,5.673758865248227,74.31906614785993,38.91213389121339,63.03317535545024,62.745098039215684,84.8249027237354,100.0,40.217433986048285,59.0,40.97584552846994,59.8,47.6,31.4,23.7,29.7,35.5,34.7,"Screen is supported by above-peer EBIT margin proxy, strong free cash flow conversion proxy; key caution is no major structured red flag from the cached screen.","Platform screen reflects scale, margins, cash conversion and leverage discipline; it is not a transaction recommendation.",Value creation screen looks for peer margin or cash-conversion gaps with enough growth and risk control for further diligence.,"Red flag screen combines leverage, weak cash conversion, liquidity, valuation support, volatility, trend and data-gap indicators."
MTN,"Vail Resorts, Inc.",Consumer Services,Consumer Cyclical,Resorts & Casinos,4752379904.0,7812568064.0,133.3699951171875,161.7213592529297,119.0199966430664,0.1753099545212274,0.3381487427587518,0.711,2.674,21.237259,live_yfinance,live_api,yfinance,2026-05-28T16:36:06+00:00,2025.0,2025-09-29,812011.0,2964347000.0,,402397000.0,297976000.0,456419000.0,3194274000.0,554870000.0,235191000.0,0.02743527204958,0.0548003726897645,,0.1357455790432092,0.1005199458767816,1.3789118706153376,790061000.0,1.9633869039779124,0.0793399018401017,0.1539694914259363,7.938115840823863,6.803865336968218,-0.0452429114505213,0.0548003726897645,1.9576210042126911,live_sec_companyfacts,live_api,True,False,2.6355106416354093,19.41507532113808,1.0,0.8666666666666667,0.92,241.0,8.0,Small/mid-cap platform candidate,live_public_data,2026-05-28T16:37:54+00:00,21.011673151750973,37.40157480314961,0.0,45.49180327868852,40.234375,59.30232558139535,66.82464454976304,47.081712062256805,17.573221757322173,37.40157480314961,69.6113074204947,26.699029126213592,18.954248366013072,18.954248366013072,71.09375,61.97718631178708,42.40282685512368,45.74468085106383,23.021582733812952,16.96113074204947,100.0,100.0,75.5,23,0.0571802160632111,0.1272690755190577,1.3835460127523054,0.5339627613815845,3.1952831666212616,0.0084765035241514,0.579840891225607,-0.1751871417323441,45.90163934426229,27.014218009478675,63.28125,0.0,0.0,0.0,35.0,24.5,Market fields 100%; SEC fields 87%; filing age 241 days; peer count 23; source live_public_data; real filing chunks 0; EBIT proxy used instead of EBITDA.,81.04575163398692,81.04575163398692,33.175355450236964,52.918287937743195,82.42677824267783,57.59717314487632,54.25531914893617,78.98832684824903,100.0,33.175355450236964,81.04575163398692,52.918287937743195,28.90625,38.98269621243537,65.7,34.338797185808346,61.0,34.3,58.4,73.1,40.0,54.6,50.6,"Screen is supported by above-peer EBIT margin proxy, strong free cash flow conversion proxy; key caution is elevated debt to EBIT proxy.","Platform screen reflects scale, margins, cash conversion and leverage discipline; it is not a transaction recommendation.",Value creation screen looks for peer margin or cash-conversion gaps with enough growth and risk control for further diligence.,"Red flag screen combines leverage, weak cash conversion, liquidity, valuation support, volatility, trend and data-gap indicators."
PLAY,"Dave & Buster's Entertainment, Inc.",Consumer Services,Communication Services,Entertainment,479751168.0,4005523200.0,13.8100004196167,34.54999923706055,9.729999542236328,0.6002894146288951,0.7175964166402485,1.778,1.905,,live_yfinance,live_api,yfinance,2026-05-28T16:36:07+00:00,2025.0,2026-03-31,1525769.0,2102800000.0,,-67900000.0,-48700000.0,16600000.0,1522000000.0,290800000.0,391400000.0,-0.0464789371060626,0.1268741894091689,,-0.0322902796271637,-0.0231595967281719,-4.282768777614138,682200000.0,-10.047128129602356,0.1861327753471561,0.00789423625642,-22.415316642120764,-22.17083946980854,-0.130180247542652,0.1268741894091689,-25.79472504295427,live_sec_companyfacts,live_api,True,False,1.9048521970705723,-58.99150515463918,0.8888888888888888,0.8666666666666667,0.8755555555555556,58.0,8.0,Small/mid-cap platform candidate,live_public_data,2026-05-28T16:37:54+00:00,6.614785992217899,70.47244094488188,0.0,9.426229508196721,10.9375,4.651162790697675,2.843601895734597,3.11284046692607,9.623430962343097,70.47244094488188,48.93992932862191,14.563106796116509,95.42483660130719,96.07843137254902,82.421875,92.39543726235742,3.5335689045936425,5.6737588652482245,96.40287769784173,1.76678445229682,85.0,60.0,72.8,23,0.0571802160632111,0.1272690755190577,1.3835460127523054,0.5339627613815845,3.1952831666212616,-0.1595593551462213,-11.43067414235466,-0.4038549644146905,88.52459016393442,97.6303317535545,77.734375,0.0,0.0,0.0,35.0,27.16666666666667,Market fields 89%; SEC fields 87%; filing age 58 days; peer count 23; source live_public_data; real filing chunks 0; EBIT proxy used instead of EBITDA.,4.57516339869281,3.9215686274509802,97.1563981042654,96.88715953307393,90.3765690376569,96.46643109540636,94.32624113475178,100.0,100.0,100.0,4.57516339869281,96.88715953307393,17.578125,32.01050951081443,55.3,44.70269301866089,68.0,22.9,52.7,52.4,58.9,48.1,48.0,Screen is supported by balanced but not standout structured metrics; key caution is material share price drawdown.,"Platform screen reflects scale, margins, cash conversion and leverage discipline; it is not a transaction recommendation.",Value creation screen looks for peer margin or cash-conversion gaps with enough growth and risk control for further diligence.,"Red flag screen combines leverage, weak cash conversion, liquidity, valuation support, volatility, trend and data-gap indicators."
ROST,"Ross Stores, Inc.",Consumer Services,Consumer Cyclical,Apparel Retail,73793961984.0,75059060736.0,228.1499938964844,234.8099975585937,125.72745513916016,0.0283633734992372,0.2411819720282349,0.875,3.157,31.820082,live_yfinance,live_api,yfinance,2026-05-28T16:36:07+00:00,2025.0,2026-03-31,745732.0,22750559000.0,,2842157000.0,2145044000.0,4661973000.0,1517606000.0,3026883000.0,819275000.0,0.0767344973801444,0.0676177401098683,,0.1249269083893718,0.0942853316263569,1.064995002035426,3846158000.0,1.353253180594879,0.036011203065384,0.2049168550100241,0.5339627613815845,-1.1063312125262608,0.0186203626887239,0.0676177401098683,-0.7020239535134414,live_sec_companyfacts,live_api,True,False,3.299218306504029,26.40918877317474,1.0,0.8666666666666667,0.92,58.0,8.0,Large-cap strategic / unlikely PE target,live_public_data,2026-05-28T16:37:54+00:00,44.74708171206226,43.30708661417323,0.0,41.80327868852459,38.28125,43.02325581395349,50.23696682464455,54.86381322957199,48.11715481171548,43.30708661417323,69.6113074204947,45.63106796116505,69.28104575163398,78.43137254901961,62.109375,43.72623574144486,84.09893992932862,71.98581560283688,61.870503597122294,74.20494699646643,20.0,35.0,75.5,23,0.0571802160632111,0.1272690755190577,1.3835460127523054,0.5339627613815845,3.1952831666212616,-0.0023421671296858,-0.0302928321574262,0.0325276773490688,53.278688524590166,53.08056872037915,46.484375,0.0,0.0,0.0,35.0,24.5,Market fields 100%; SEC fields 87%; filing age 58 days; peer count 23; source live_public_data; real filing chunks 0; EBIT proxy used instead of EBITDA.,30.718954248366014,21.568627450980394,49.76303317535545,45.13618677042801,51.88284518828452,15.901060070671377,28.01418439716312,55.25291828793774,51.88284518828452,49.76303317535545,30.718954248366014,45.13618677042801,37.890625,57.90062174599152,34.3,65.73276595607149,42.1,45.0,37.0,49.8,53.4,50.5,50.0,"Screen is supported by above-peer latest revenue growth, strong free cash flow conversion proxy; key caution is no major structured red flag from the cached screen.","Platform screen reflects scale, margins, cash conversion and leverage discipline; it is not a transaction recommendation.",Value creation screen looks for peer margin or cash-conversion gaps with enough growth and risk control for further diligence.,"Red flag screen combines leverage, weak cash conversion, liquidity, valuation support, volatility, trend and data-gap indicators."
SBUX,Starbucks Corporation,Consumer Services,Consumer Cyclical,Restaurants,115616866304.0,139078975488.0,101.44499969482422,106.81999969482422,76.94709777832031,0.0503182925983516,0.2860452190396957,1.009,3.615,77.438934,live_yfinance,live_api,yfinance,2026-05-28T16:36:08+00:00,2025.0,2025-11-14,829224.0,37184400000.0,,2507300000.0,1856700000.0,3219800000.0,16074800000.0,4747500000.0,2305500000.0,0.0278691515416213,0.0485979550549826,,0.067428814233926,0.0499322296446897,1.8934710644916843,7053000000.0,2.812986080644518,0.0620018072094749,0.0865900754079667,6.411199298049695,5.127029075100706,-0.0637916705367582,0.0485979550549826,2.897671095587444,live_sec_companyfacts,live_api,True,False,3.740250628973441,55.46961890798868,1.0,0.8666666666666667,0.92,195.0,8.0,Large-cap strategic / unlikely PE target,live_public_data,2026-05-28T16:37:54+00:00,21.78988326848249,34.645669291338585,0.0,27.459016393442624,25.390625,77.13178294573643,76.77725118483413,33.07392996108949,13.807531380753138,34.645669291338585,69.6113074204947,31.553398058252423,19.6078431372549,21.568627450980394,58.203125,10.646387832699622,75.26501766784452,57.446808510638306,20.863309352517987,86.57243816254417,20.0,15.0,73.4,23,0.0571802160632111,0.1272690755190577,1.3835460127523054,0.5339627613815845,3.1952831666212616,-0.0598402612851317,1.4294400678922128,0.1705537299620414,73.36065573770492,15.165876777251185,38.671875,7.0,0.0,7.0,64.0,26.599999999999994,Market fields 100%; SEC fields 87%; filing age 195 days; peer count 23; source live_public_data; real filing chunks 0; EBIT proxy used instead of EBITDA.,80.3921568627451,78.43137254901961,23.222748815165872,66.92607003891051,86.19246861924687,24.73498233215548,42.5531914893617,78.2101167315175,100.0,23.222748815165872,80.3921568627451,66.92607003891051,41.796875,38.895603454196554,61.3,38.73662352747777,61.1,36.0,31.3,35.6,43.1,39.0,38.4,Screen is supported by strong free cash flow conversion proxy; key caution is elevated debt to EBIT proxy.,"Platform screen reflects scale, margins, cash conversion and leverage discipline; it is not a transaction recommendation.",Value creation screen looks for peer margin or cash-conversion gaps with enough growth and risk control for further diligence.,"Red flag screen combines leverage, weak cash conversion, liquidity, valuation support, volatility, trend and data-gap indicators."
SHAK,Shake Shack Inc.,Consumer Services,Consumer Cyclical,Restaurants,2698658304.0,3250217216.0,63.08000183105469,142.02999877929688,59.68999862670898,0.5558684617812614,0.5220634974226165,1.783,2.18,64.36735,live_yfinance,live_api,yfinance,2026-05-28T16:36:08+00:00,2025.0,2026-02-26,1620533.0,1445306000.0,,72609000.0,49706000.0,360123000.0,,222355000.0,165849000.0,0.1538374335785817,0.1708311818437429,,0.0502378043127199,0.0343913330464275,3.062361415251553,388204000.0,5.346499745210648,0.1147500944436679,0.2491673043632282,,,0.0772065745101466,0.1708311818437429,,live_sec_companyfacts,live_api,True,False,2.2488090522007105,44.763283008993376,1.0,0.7333333333333333,0.84,91.0,8.0,Small/mid-cap platform candidate,live_public_data,2026-05-28T16:37:54+00:00,74.70817120622569,81.10236220472441,0.0,25.0,22.265625,89.53488372093024,90.04739336492891,59.143968871595334,66.52719665271967,81.10236220472441,34.62897526501767,20.873786407766993,0.0,0.0,76.171875,15.5893536121673,6.360424028268552,20.567375886524818,0.0,9.187279151943462,85.0,60.0,71.5,23,0.0571802160632111,0.1272690755190577,1.3835460127523054,0.5339627613815845,3.1952831666212616,-0.0770312712063377,3.962953732458343,-0.2962097770575265,78.27868852459017,7.5829383886255926,68.75,0.0,0.0,0.0,35.0,28.5,Market fields 100%; SEC fields 73%; filing age 91 days; peer count 23; source live_public_data; real filing chunks 0; EBIT proxy used instead of EBITDA.,0.0,0.0,9.952606635071092,40.856031128404666,33.47280334728033,93.63957597173145,79.43262411347519,25.291828793774314,33.47280334728033,9.952606635071092,0.0,40.856031128404666,23.828125,74.571672320847,25.6,74.43901134200087,25.4,46.9,57.1,53.9,52.6,57.5,59.3,"Screen is supported by above-peer latest revenue growth, strong free cash flow conversion proxy; key caution is material share price drawdown.","Platform screen reflects scale, margins, cash conversion and leverage discipline; it is not a transaction recommendation.",Value creation screen looks for peer margin or cash-conversion gaps with enough growth and risk control for further diligence.,"Red flag screen combines leverage, weak cash conversion, liquidity, valuation support, volatility, trend and data-gap indicators."
TJX,"The TJX Companies, Inc.",Consumer Services,Consumer Cyclical,Apparel Retail,171506270208.0,184451203072.0,155.09500122070312,164.46133422851562,119.88444519042967,0.0569515810615896,0.1758238522445302,0.637,2.995,30.232943,live_yfinance,live_api,yfinance,2026-05-28T16:36:08+00:00,2026.0,2026-03-31,109198.0,,,7299000000.0,5494000000.0,6230000000.0,2869000000.0,6874000000.0,1957000000.0,,,,,,0.9417728455952872,8831000000.0,1.209891765995342,,,0.3930675434991094,-0.460474037539389,,,-0.3314794797968353,live_sec_companyfacts,live_api,True,False,,25.27074983860803,1.0,0.6,0.76,58.0,8.0,Mega-cap benchmark / public quality comp,live_public_data,2026-05-28T16:37:54+00:00,0.0,0.0,0.0,0.0,0.0,32.945736434108525,43.60189573459716,0.0,0.0,0.0,16.431095406360424,0.0,71.89542483660131,70.58823529411764,0.0,46.7680608365019,73.4982332155477,93.26241134751773,52.517985611510795,92.57950530035336,5.0,3.0,67.5,23,0.0571802160632111,0.1272690755190577,1.3835460127523054,0.5339627613815845,3.1952831666212616,,-0.1736542467569632,,0.0,59.71563981042654,0.0,0.0,0.0,0.0,35.0,32.5,Market fields 100%; SEC fields 60%; filing age 58 days; peer count 23; source live_public_data; real filing chunks 0; EBIT proxy used instead of EBITDA.,28.104575163398692,29.411764705882355,56.39810426540284,100.0,100.0,26.501766784452297,6.73758865248227,100.0,100.0,56.39810426540284,28.104575163398692,100.0,100.0,32.7784726959252,46.8,53.18581235734925,67.2,24.7,18.6,27.8,20.6,28.9,26.7,Screen is supported by strong free cash flow conversion proxy; key caution is incomplete public data coverage.,"Platform screen reflects scale, margins, cash conversion and leverage discipline; it is not a transaction recommendation.",Value creation screen looks for peer margin or cash-conversion gaps with enough growth and risk control for further diligence.,"Red flag screen combines leverage, weak cash conversion, liquidity, valuation support, volatility, trend and data-gap indicators."
TNL,Travel + Leisure Co.,Consumer Services,Consumer Cyclical,Travel Services,4288564992.0,9954486272.0,68.69999694824219,78.73999786376953,46.59638977050781,0.127508270103053,0.3583131187429072,1.192,2.459,19.13649,live_yfinance,live_api,yfinance,2026-05-28T16:36:09+00:00,2025.0,2026-02-18,1361658.0,4021000000.0,,337000000.0,230000000.0,426000000.0,,640000000.0,117000000.0,0.040631469979296,0.0407433740027975,,0.0838099975130564,0.0571997015667744,1.8991097922848663,757000000.0,2.246290801186944,0.0290972394926635,0.1059437950758517,,,-0.052438951183327,0.0407433740027975,,live_sec_companyfacts,live_api,True,False,2.475624539169361,29.538534931750743,1.0,0.7333333333333333,0.84,99.0,8.0,Small/mid-cap platform candidate,live_public_data,2026-05-28T16:37:54+00:00,26.07003891050584,29.133858267716533,0.0,31.147540983606557,27.734375,77.51937984496125,68.72037914691943,37.35408560311284,16.317991631799163,29.133858267716533,34.62897526501767,52.9126213592233,0.0,0.0,73.4375,35.361216730038024,51.590106007067135,41.843971631205676,0.0,13.427561837455832,100.0,100.0,71.5,23,0.0571802160632111,0.1272690755190577,1.3835460127523054,0.5339627613815845,3.1952831666212616,-0.0434590780060012,0.8627447884346386,-0.2252253055283604,69.26229508196722,22.274881516587676,65.625,0.0,0.0,0.0,35.0,28.5,Market fields 100%; SEC fields 73%; filing age 99 days; peer count 23; source live_public_data; real filing chunks 0; EBIT proxy used instead of EBITDA.,0.0,0.0,31.279620853080573,62.64591439688716,83.68200836820084,48.409893992932865,58.156028368794324,73.92996108949416,100.0,31.279620853080573,0.0,62.64591439688716,26.5625,53.31314317999578,30.4,69.61607843026374,46.7,29.8,53.4,72.5,50.3,57.1,55.0,Screen is supported by strong free cash flow conversion proxy; key caution is no major structured red flag from the cached screen.,"Platform screen reflects scale, margins, cash conversion and leverage discipline; it is not a transaction recommendation.",Value creation screen looks for peer margin or cash-conversion gaps with enough growth and risk control for further diligence.,"Red flag screen combines leverage, weak cash conversion, liquidity, valuation support, volatility, trend and data-gap indicators."
TXRH,"Texas Roadhouse, Inc.",Consumer Services,Consumer Cyclical,Restaurants,11980372992.0,12790406144.0,182.2675018310547,193.89698791503903,155.8800048828125,0.0599776520978249,0.2833835567849684,0.778,2.109,29.116213,live_yfinance,live_api,yfinance,2026-05-28T16:36:09+00:00,2025.0,2026-02-27,1289460.0,5878075000.0,,480756000.0,414335000.0,134709000.0,,730067000.0,387996000.0,0.0939348247977232,0.1354973152337357,,0.081788000323235,0.0704882125525788,1.5185811513532852,1118063000.0,2.3256350414763416,0.0660073238262526,0.0229171965311772,,,0.0017584903879163,0.1354973152337357,,live_sec_companyfacts,live_api,True,False,2.1759515052121654,26.60477694298147,1.0,0.7333333333333333,0.84,90.0,8.0,Mid-cap possible public-to-private screen,live_public_data,2026-05-28T16:37:54+00:00,54.474708171206224,74.01574803149606,0.0,29.508196721311474,30.078125,65.89147286821705,70.14218009478674,11.284046692607005,38.912133891213394,74.01574803149606,34.62897526501767,30.097087378640776,0.0,0.0,77.34375,42.96577946768061,71.37809187279152,58.156028368794324,0.0,35.3356890459364,100.0,100.0,71.5,23,0.0571802160632111,0.1272690755190577,1.3835460127523054,0.5339627613815845,3.1952831666212616,-0.0454810751958227,0.9420890287240362,-0.3190113702776934,70.49180327868852,20.85308056872038,71.09375,0.0,0.0,0.0,35.0,28.5,Market fields 100%; SEC fields 73%; filing age 90 days; peer count 23; source live_public_data; real filing chunks 0; EBIT proxy used instead of EBITDA.,0.0,0.0,29.857819905213262,88.715953307393,61.087866108786606,28.621908127208478,41.843971631205676,45.525291828793776,61.087866108786606,29.857819905213262,0.0,88.715953307393,22.65625,62.62166280609299,27.7,72.25833926418275,37.4,42.2,59.2,75.9,55.6,62.9,61.2,"Screen is supported by above-peer latest revenue growth, strong free cash flow conversion proxy; key caution is no major structured red flag from the cached screen.","Platform screen reflects scale, margins, cash conversion and leverage discipline; it is not a transaction recommendation.",Value creation screen looks for peer margin or cash-conversion gaps with enough growth and risk control for further diligence.,"Red flag screen combines leverage, weak cash conversion, liquidity, valuation support, volatility, trend and data-gap indicators."
ULTA,"Ulta Beauty, Inc.",Consumer Services,Consumer Cyclical,Specialty Retail,22753216512.0,23877597184.0,520.2324829101562,706.8200073242188,417.010009765625,0.2639816678653731,0.3478815573872992,0.891,1.927,20.305717,live_yfinance,live_api,yfinance,2026-05-28T16:36:10+00:00,2025.0,2026-03-26,1403568.0,12392820000.0,4845224000.0,1532992000.0,1153479000.0,424243000.0,62287000.0,1502780000.0,434829000.0,0.0971316933043451,0.0667637968011123,0.3909702553575376,0.1237000133948528,0.0930763942347262,0.980292134596919,1937609000.0,1.2639394073811214,0.0350871714428193,0.0342329671535615,0.0406310013359495,-0.2361108211915,-0.0372963249793382,0.0667637968011123,,live_sec_companyfacts,live_api,True,False,1.9267283139753504,15.575813301047884,1.0,1.0,1.0,63.0,8.0,Mid-cap possible public-to-private screen,live_public_data,2026-05-28T16:37:54+00:00,56.809338521400775,42.91338582677165,45.78313253012048,41.39344262295082,37.890625,37.5968992248062,45.97156398104265,17.898832684824903,19.665271966527197,42.91338582677165,94.69964664310953,46.601941747572816,80.3921568627451,68.62745098039215,81.640625,71.48288973384031,29.328621908127207,43.61702127659575,0.0,47.70318021201413,65.0,100.0,79.5,23,0.0571802160632111,0.1272690755190577,1.3835460127523054,0.5339627613815845,3.1952831666212616,-0.0035690621242048,-0.1196066053711839,-0.3970085862491177,53.68852459016394,57.345971563981045,76.5625,0.0,0.0,0.0,35.0,20.5,Market fields 100%; SEC fields 100%; filing age 63 days; peer count 23; source live_public_data; real filing chunks 0; EBIT proxy used instead of EBITDA.,19.607843137254903,31.372549019607842,54.02843601895735,82.1011673151751,80.3347280334728,70.6713780918728,56.38297872340425,43.190661478599225,100.0,54.02843601895735,19.607843137254903,82.1011673151751,18.359375,50.71884010629521,48.9,51.14696320952322,49.3,48.1,55.6,78.3,56.0,62.2,58.5,"Screen is supported by above-peer latest revenue growth, strong free cash flow conversion proxy; key caution is no major structured red flag from the cached screen.","Platform screen reflects scale, margins, cash conversion and leverage discipline; it is not a transaction recommendation.",Value creation screen looks for peer margin or cash-conversion gaps with enough growth and risk control for further diligence.,"Red flag screen combines leverage, weak cash conversion, liquidity, valuation support, volatility, trend and data-gap indicators."
WH,"Wyndham Hotels & Resorts, Inc.",Consumer Services,Consumer Cyclical,Lodging,6228391936.0,8836822016.0,83.19999694824219,90.57604217529295,68.56483459472656,0.0814348369602618,0.2931936207373138,0.647,6.137,33.015873,live_yfinance,live_api,yfinance,2026-05-28T16:36:10+00:00,2025.0,2026-02-19,1722684.0,1429000000.0,,263000000.0,193000000.0,64000000.0,,367000000.0,46000000.0,0.0178062678062678,0.018133017200925,,0.1840447865640307,0.1350594821553534,1.3954372623574145,413000000.0,1.570342205323194,0.0321903428971308,0.0447865640307907,,,-0.1675061735541376,0.018133017200925,,live_sec_companyfacts,live_api,True,False,6.183920235129461,33.60008371102661,1.0,0.7333333333333333,0.84,98.0,8.0,Small/mid-cap platform candidate,live_public_data,2026-05-28T16:37:54+00:00,16.342412451361866,19.68503937007874,0.0,59.83606557377049,53.515625,60.46511627906976,55.92417061611374,20.622568093385212,7.112970711297072,19.68503937007874,34.62897526501767,49.51456310679612,0.0,0.0,36.71875,25.85551330798479,65.01766784452296,56.02836879432624,0.0,21.908127208480565,100.0,100.0,71.5,23,0.0571802160632111,0.1272690755190577,1.3835460127523054,0.5339627613815845,3.1952831666212616,0.056775711044973,0.1867961925708885,0.9353277667933348,31.967213114754102,36.018957345971565,19.921875,0.0,0.0,0.0,35.0,28.5,Market fields 100%; SEC fields 73%; filing age 98 days; peer count 23; source live_public_data; real filing chunks 0; EBIT proxy used instead of EBITDA.,0.0,0.0,44.07582938388626,79.37743190661479,92.88702928870293,34.98233215547703,43.97163120567376,83.65758754863813,100.0,44.07582938388626,0.0,79.37743190661479,63.28125,45.49905460368071,32.9,67.11790882891253,54.5,30.5,54.7,66.5,34.3,52.5,49.0,"Screen is supported by above-peer EBIT margin proxy, strong free cash flow conversion proxy; key caution is no major structured red flag from the cached screen.","Platform screen reflects scale, margins, cash conversion and leverage discipline; it is not a transaction recommendation.",Value creation screen looks for peer margin or cash-conversion gaps with enough growth and risk control for further diligence.,"Red flag screen combines leverage, weak cash conversion, liquidity, valuation support, volatility, trend and data-gap indicators."
WING,Wingstop Inc.,Consumer Services,Consumer Cyclical,Restaurants,4270336512.0,5283398144.0,156.80999755859375,379.1663513183594,118.65999603271484,0.5864348273169119,0.627933146445162,1.86,7.447,38.814358,live_yfinance,live_api,yfinance,2026-05-28T16:36:10+00:00,2025.0,2026-02-18,1636222.0,696853000.0,,237189000.0,174267000.0,228453000.0,1209094000.0,153065000.0,47441000.0,0.1135270139196269,0.2491460122814421,,0.3403716422258352,0.2500771324798774,0.6453292521997226,200506000.0,0.8453427435505019,0.0680789205183876,0.3278352823335768,5.097597274747143,4.134428662374731,0.1464921218619965,0.2491460122814421,-5.205161107156025,live_sec_companyfacts,live_api,True,False,7.581797228396807,22.275055521124504,1.0,0.8666666666666667,0.92,99.0,8.0,Small/mid-cap platform candidate,live_public_data,2026-05-28T16:37:54+00:00,64.2023346303502,89.37007874015748,0.0,81.55737704918032,78.125,22.093023255813954,23.696682464454977,67.70428015564202,76.56903765690377,89.37007874015748,69.6113074204947,29.61165048543689,23.529411764705888,23.529411764705888,27.734375,55.13307984790874,4.946996466431097,10.99290780141844,84.17266187050359,13.074204946996467,100.0,100.0,75.5,23,0.0571802160632111,0.1272690755190577,1.3835460127523054,0.5339627613815845,3.1952831666212616,0.2131025667067775,-0.5382032692018035,1.3728091793548016,12.704918032786885,75.82938388625593,16.015625,0.0,0.0,0.0,35.0,24.5,Market fields 100%; SEC fields 87%; filing age 99 days; peer count 23; source live_public_data; real filing chunks 0; EBIT proxy used instead of EBITDA.,76.47058823529412,76.47058823529412,76.30331753554502,32.295719844357976,23.430962343096226,95.0530035335689,89.00709219858156,35.797665369649806,23.430962343096226,76.30331753554502,76.47058823529412,32.295719844357976,72.265625,45.48210026446009,68.7,31.299960025907396,54.5,47.5,65.5,58.5,35.5,53.4,51.4,"Screen is supported by above-peer latest revenue growth, above-peer EBIT margin proxy, strong free cash flow conversion proxy; key caution is elevated debt to EBIT proxy, material share price drawdown.","Platform screen reflects scale, margins, cash conversion and leverage discipline; it is not a transaction recommendation.",Value creation screen looks for peer margin or cash-conversion gaps with enough growth and risk control for further diligence.,"Red flag screen combines leverage, weak cash conversion, liquidity, valuation support, volatility, trend and data-gap indicators."
YUM,"Yum! Brands, Inc.",Consumer Services,Consumer Cyclical,Restaurants,41511313408.0,54354935808.0,150.61000061035156,167.34109497070312,135.7495880126953,0.0999819820904167,0.2154950384554581,0.604,6.405,24.291937,live_yfinance,live_api,yfinance,2026-05-28T16:36:11+00:00,2025.0,2026-02-20,1041061.0,8214000000.0,,2077000000.0,1559000000.0,923000000.0,38000000.0,2010000000.0,371000000.0,0.0880911378990594,0.0628138605145283,,0.2528609690771853,0.1897979060141222,0.967741935483871,2381000000.0,1.1463649494463168,0.0451667884100316,0.1123691258826393,0.0182956186807896,-0.4260953298025999,0.009949539670579,0.0628138605145283,-0.2211748987680672,live_sec_companyfacts,live_api,True,False,6.617352788897005,26.16992576215696,1.0,0.8666666666666667,0.92,97.0,8.0,Large-cap strategic / unlikely PE target,live_public_data,2026-05-28T16:37:54+00:00,51.36186770428015,40.55118110236221,0.0,72.54098360655738,70.703125,36.82170542635659,38.862559241706165,39.29961089494164,42.25941422594142,40.55118110236221,69.6113074204947,37.86407766990292,81.04575163398692,69.93464052287581,33.203125,44.48669201520913,58.30388692579505,81.56028368794325,50.35971223021583,63.60424028268551,20.0,35.0,75.5,23,0.0571802160632111,0.1272690755190577,1.3835460127523054,0.5339627613815845,3.1952831666212616,0.1255918935581276,-0.2371810633059885,1.0709753858511042,20.901639344262296,66.35071090047393,18.359375,0.0,0.0,0.0,35.0,24.5,Market fields 100%; SEC fields 87%; filing age 97 days; peer count 23; source live_public_data; real filing chunks 0; EBIT proxy used instead of EBITDA.,18.954248366013072,30.065359477124183,61.137440758293835,60.70038910505836,57.74058577405858,41.69611307420495,18.439716312056735,48.63813229571985,57.74058577405858,61.137440758293835,18.954248366013072,60.70038910505836,66.796875,54.755557881636875,38.8,61.17524631522934,45.2,49.2,38.8,44.6,40.7,47.5,46.3,"Screen is supported by above-peer latest revenue growth, above-peer EBIT margin proxy, strong free cash flow conversion proxy; key caution is no major structured red flag from the cached screen.","Platform screen reflects scale, margins, cash conversion and leverage discipline; it is not a transaction recommendation.",Value creation screen looks for peer margin or cash-conversion gaps with enough growth and risk control for further diligence.,"Red flag screen combines leverage, weak cash conversion, liquidity, valuation support, volatility, trend and data-gap indicators."
AKAM,"Akamai Technologies, Inc.",Digital Infrastructure / Telecom Infrastructure,Technology,Software - Infrastructure,20960221184.0,25935280128.0,144.1699981689453,161.13999938964844,70.52999877929688,0.1053121588989733,0.5297856780043549,0.454,6.079,48.70608,live_yfinance,live_api,yfinance,2026-05-28T16:36:11+00:00,2025.0,2026-02-20,1086222.0,,,566944000.0,452031000.0,931308000.0,,1518765000.0,507786000.0,,,,,,2.6788624626065363,2026551000.0,3.574517059885985,,,,,,,,live_sec_companyfacts,live_api,True,False,,45.74575289270192,1.0,0.4666666666666667,0.6799999999999999,97.0,8.0,Mid-cap possible public-to-private screen,live_public_data,2026-05-28T16:37:54+00:00,0.0,0.0,0.0,0.0,0.0,86.82170542635659,83.41232227488152,0.0,0.0,0.0,8.657243816254418,0.0,0.0,0.0,0.0,14.448669201520914,57.59717314487632,18.79432624113475,0.0,43.81625441696113,65.0,75.0,63.5,22,0.0270729793356003,0.1636107193229901,2.3051141502909696,6.041733772144808,7.696634152394202,,1.2694029095950152,,0.0,18.009478672985782,0.0,0.0,0.0,0.0,35.0,36.5,Market fields 100%; SEC fields 47%; filing age 97 days; peer count 22; source live_public_data; real filing chunks 0; EBIT proxy used instead of EBITDA.,0.0,0.0,16.587677725118482,100.0,100.0,42.40282685512368,81.20567375886525,100.0,100.0,16.587677725118482,0.0,100.0,100.0,37.929517663271824,35.4,64.60923497775946,62.1,18.8,35.3,52.6,12.4,38.2,33.9,Screen is supported by strong free cash flow conversion proxy; key caution is incomplete public data coverage.,"Platform screen reflects scale, margins, cash conversion and leverage discipline; it is not a transaction recommendation.",Value creation screen looks for peer margin or cash-conversion gaps with enough growth and risk control for further diligence.,"Red flag screen combines leverage, weak cash conversion, liquidity, valuation support, volatility, trend and data-gap indicators."
AMT,American Tower Corporation,Digital Infrastructure / Telecom Infrastructure,Real Estate,REIT - Specialty,87378247680.0,136332795904.0,187.5500030517578,225.8436584472656,165.615234375,0.1695582495376967,0.2320260661013765,0.9,12.601,30.250002,live_yfinance,live_api,yfinance,2026-05-28T16:36:12+00:00,2025.0,2026-02-24,1053507.0,935900000.0,,3044200000.0,2628500000.0,1605200000.0,3387800000.0,5464000000.0,1680400000.0,0.2082365091660212,0.0305943981856573,,3.252697937813869,2.808526551982049,1.7948886406937783,7144400000.0,2.3468891662834244,1.795490971257613,1.715140506464366,1.112870376453584,0.5855725642204849,1.2401833179308284,0.0305943981856573,-1.5105968171304225,live_sec_companyfacts,live_api,True,False,145.6702595405492,44.78444120097234,1.0,0.8666666666666667,0.92,93.0,8.0,Large-cap strategic / unlikely PE target,live_public_data,2026-05-28T16:37:54+00:00,84.04669260700389,23.62204724409449,0.0,97.95081967213115,97.65625,74.4186046511628,70.61611374407583,92.60700389105058,96.65271966527197,23.62204724409449,69.6113074204947,0.9708737864077666,56.209150326797385,52.94117647058824,2.734375,15.209125475285168,43.46289752650176,76.59574468085107,71.22302158273382,81.62544169611307,20.0,15.0,73.4,22,0.0270729793356003,0.1636107193229901,2.3051141502909696,6.041733772144808,7.696634152394202,3.089087218490879,0.0417750159924548,17.92648872952281,2.459016393442623,45.023696682464454,3.125,7.0,0.0,7.0,64.0,26.599999999999994,Market fields 100%; SEC fields 87%; filing age 93 days; peer count 22; source live_public_data; real filing chunks 0; EBIT proxy used instead of EBITDA.,43.790849673202615,47.05882352941176,29.383886255924168,7.3929961089494185,3.347280334728026,56.53710247349824,23.404255319148938,15.95330739299611,3.347280334728026,29.383886255924168,43.790849673202615,7.3929961089494185,97.265625,69.9288742917075,33.3,66.69443080929686,30.1,62.9,42.1,33.9,31.3,47.2,47.5,"Screen is supported by above-peer latest revenue growth, above-peer EBIT margin proxy, strong free cash flow conversion proxy; key caution is no major structured red flag from the cached screen.","Platform screen reflects scale, margins, cash conversion and leverage discipline; it is not a transaction recommendation.",Value creation screen looks for peer margin or cash-conversion gaps with enough growth and risk control for further diligence.,"Red flag screen combines leverage, weak cash conversion, liquidity, valuation support, volatility, trend and data-gap indicators."
CCI,Crown Castle Inc.,Digital Infrastructure / Telecom Infrastructure,Real Estate,REIT - Specialty,40061927424.0,69484388352.0,91.79000091552734,109.94998931884766,76.95999908447266,0.1651658951112542,0.2615689400403849,0.949,16.493,38.72996,live_yfinance,live_api,yfinance,2026-05-28T16:36:13+00:00,2025.0,2026-02-23,1051470.0,215000000.0,,1119000000.0,444000000.0,308000000.0,,3057000000.0,182000000.0,0.0238095238095237,-0.3243290809077596,,5.2046511627906975,2.0651162790697675,2.7319034852546915,3239000000.0,2.8945487042001785,0.8465116279069768,1.4325581395348836,,,1.7254546061192486,-0.3243290809077596,,live_sec_companyfacts,live_api,True,False,323.1832016372093,62.095074487935655,1.0,0.7333333333333333,0.84,94.0,8.0,Large-cap strategic / unlikely PE target,live_public_data,2026-05-28T16:37:54+00:00,18.67704280155642,1.968503937007874,0.0,98.77049180327869,97.265625,87.20930232558139,78.19905213270142,91.43968871595331,98.74476987447699,1.968503937007874,34.62897526501767,1.9417475728155331,0.0,0.0,1.953125,9.125475285171103,44.52296819787986,64.18439716312056,0.0,63.25088339222616,20.0,35.0,71.5,22,0.0270729793356003,0.1636107193229901,2.3051141502909696,6.041733772144808,7.696634152394202,5.041040443467708,0.589434553909209,40.99019925309511,1.639344262295082,26.066350710900476,1.953125,0.0,0.0,0.0,35.0,28.5,Market fields 100%; SEC fields 73%; filing age 94 days; peer count 22; source live_public_data; real filing chunks 0; EBIT proxy used instead of EBITDA.,0.0,0.0,21.800947867298575,8.56031128404669,1.2552301255230134,55.47703180212014,35.815602836879435,81.32295719844358,1.2552301255230134,21.800947867298575,0.0,8.56031128404669,100.0,67.32316361655302,13.1,86.94613656743195,32.7,47.9,34.9,37.2,19.5,43.5,42.2,"Screen is supported by above-peer EBIT margin proxy, strong free cash flow conversion proxy; key caution is no major structured red flag from the cached screen.","Platform screen reflects scale, margins, cash conversion and leverage discipline; it is not a transaction recommendation.",Value creation screen looks for peer margin or cash-conversion gaps with enough growth and risk control for further diligence.,"Red flag screen combines leverage, weak cash conversion, liquidity, valuation support, volatility, trend and data-gap indicators."
CCOI,"Cogent Communications Holdings, Inc.",Digital Infrastructure / Telecom Infrastructure,Communication Services,Telecom Services,1030097536.0,3554273792.0,20.56999969482422,51.30867004394531,15.750862121582031,0.5990931030329525,0.8455013117666694,0.828,3.996,,live_yfinance,live_api,yfinance,2026-05-28T16:36:14+00:00,2025.0,2026-02-20,1158324.0,,,-244965000.0,-182174000.0,205112000.0,,-10579000.0,187569000.0,,,,,,0.0431857612311962,176990000.0,-0.7225113791766171,,,,,,,,live_sec_companyfacts,live_api,True,False,,-14.50931272630784,0.8888888888888888,0.4666666666666667,0.6355555555555555,97.0,8.0,Small/mid-cap platform candidate,live_public_data,2026-05-28T16:37:54+00:00,0.0,0.0,0.0,0.0,0.0,14.728682170542637,14.218009478672986,0.0,0.0,0.0,3.7102473498233217,0.0,0.0,0.0,0.0,89.73384030418251,3.886925795053009,3.546099290780147,0.0,2.8268551236749118,85.0,60.0,60.8,22,0.0270729793356003,0.1636107193229901,2.3051141502909696,6.041733772144808,7.696634152394202,,-3.0276255294675867,,0.0,88.15165876777252,0.0,0.0,0.0,0.0,35.0,39.16666666666667,Market fields 89%; SEC fields 47%; filing age 97 days; peer count 22; source live_public_data; real filing chunks 0; EBIT proxy used instead of EBITDA.,0.0,0.0,85.78199052132702,100.0,100.0,96.113074204947,96.45390070921985,100.0,100.0,100.0,0.0,100.0,100.0,23.150354609929067,53.1,46.94726203935539,76.8,5.0,33.2,33.0,19.0,28.5,27.0,"Screen is supported by balanced but not standout structured metrics; key caution is material share price drawdown, incomplete public data coverage.","Platform screen reflects scale, margins, cash conversion and leverage discipline; it is not a transaction recommendation.",Value creation screen looks for peer margin or cash-conversion gaps with enough growth and risk control for further diligence.,"Red flag screen combines leverage, weak cash conversion, liquidity, valuation support, volatility, trend and data-gap indicators."
CHTR,"Charter Communications, Inc.",Digital Infrastructure / Telecom Infrastructure,Communication Services,Telecom Services,20606396416.0,119090864128.0,145.9600067138672,418.2200012207031,140.3300018310547,0.6509970678402797,0.4809101362978422,0.757,2.18,3.9491346,live_yfinance,live_api,yfinance,2026-05-28T16:36:14+00:00,2025.0,2026-01-30,1091667.0,54774000000.0,,7458000000.0,5766000000.0,598000000.0,94756000000.0,16077000000.0,11659000000.0,-0.0056458200962149,0.0046187194908937,,0.1361594917296527,0.1052689232117428,2.155671761866452,27736000000.0,3.718959506570126,0.2128564647460473,0.0109175886369445,12.705282917672298,12.62510056315366,-0.0019694187142404,0.0046187194908937,-0.3747224428208682,live_sec_companyfacts,live_api,True,False,2.1742225166684923,15.968203825154196,1.0,0.8666666666666667,0.92,118.0,8.0,Large-cap strategic / unlikely PE target,live_public_data,2026-05-28T16:37:54+00:00,9.72762645914397,17.322834645669293,0.0,46.31147540983606,42.578125,81.0077519379845,85.30805687203792,3.8910505836575875,36.40167364016737,17.322834645669293,69.6113074204947,13.592233009708742,11.111111111111116,10.457516339869278,77.734375,69.96197718631178,1.4134275618374548,23.758865248226947,55.39568345323741,43.109540636042404,20.0,15.0,75.5,22,0.0270729793356003,0.1636107193229901,2.3051141502909696,6.041733772144808,7.696634152394202,-0.0274512275933374,1.4138453562791566,-0.7175099564798524,62.295081967213115,16.113744075829384,91.015625,0.0,0.0,0.0,35.0,24.5,Market fields 100%; SEC fields 87%; filing age 118 days; peer count 22; source live_public_data; real filing chunks 0; EBIT proxy used instead of EBITDA.,88.88888888888889,89.54248366013073,14.691943127962077,96.10894941634241,63.59832635983263,98.58657243816255,76.24113475177306,100.0,100.0,14.691943127962077,88.88888888888889,96.10894941634241,22.265625,31.75254087774998,75.4,24.569676339688982,68.2,34.3,31.7,35.4,40.4,37.1,36.0,"Screen is supported by strong free cash flow conversion proxy; key caution is elevated debt to EBIT proxy, material share price drawdown.","Platform screen reflects scale, margins, cash conversion and leverage discipline; it is not a transaction recommendation.",Value creation screen looks for peer margin or cash-conversion gaps with enough growth and risk control for further diligence.,"Red flag screen combines leverage, weak cash conversion, liquidity, valuation support, volatility, trend and data-gap indicators."
CIEN,Ciena Corporation,Digital Infrastructure / Telecom Infrastructure,Technology,Communication Equipment,81248239616.0,82595184640.0,574.60498046875,602.3900146484375,72.16000366210938,0.0461246592805878,0.6477267303890217,1.245,16.118,365.99042,live_yfinance,live_api,yfinance,2026-05-28T16:36:14+00:00,2025.0,2025-12-12,936395.0,4769507000.0,2004917000.0,156287000.0,123338000.0,1092197000.0,1535738000.0,806093000.0,140801000.0,0.1879353566851933,0.0950052625400907,0.4203614755151842,0.0327679569397843,0.0258596957714916,5.157773839154888,946894000.0,6.058686902941384,0.029521080480645,0.228995785098963,9.826396309353944,2.8379903638818327,-0.0174720737154295,0.0950052625400907,3.974200479102718,live_sec_companyfacts,live_api,True,False,17.317342157166348,528.4840366761151,1.0,1.0,1.0,167.0,8.0,Large-cap strategic / unlikely PE target,live_public_data,2026-05-28T16:37:54+00:00,80.93385214007782,57.874015748031496,51.80722891566265,20.491803278688526,18.75,95.34883720930233,93.36492890995261,56.809338521400775,26.778242677824267,57.874015748031496,94.69964664310953,51.94174757281553,14.379084967320265,33.98692810457516,8.984375,0.760456273764254,76.67844522968198,9.57446808510638,15.107913669064743,78.09187279151944,20.0,35.0,79.5,22,0.0270729793356003,0.1636107193229901,2.3051141502909696,6.041733772144808,7.696634152394202,-0.1308427623832058,3.753572752650414,1.2499889970448212,86.88524590163934,8.530805687203792,16.796875,0.0,0.0,0.0,35.0,20.5,Market fields 100%; SEC fields 100%; filing age 167 days; peer count 22; source live_public_data; real filing chunks 0; EBIT proxy used instead of EBITDA.,85.62091503267973,66.01307189542483,6.63507109004739,43.190661478599225,73.22175732217573,23.32155477031802,90.42553191489363,19.066147859922182,100.0,6.63507109004739,85.62091503267973,43.190661478599225,91.015625,44.181369061071095,57.3,42.723344636046434,55.8,52.3,43.2,41.2,50.7,47.6,46.9,"Screen is supported by above-peer latest revenue growth, strong free cash flow conversion proxy; key caution is elevated debt to EBIT proxy.","Platform screen reflects scale, margins, cash conversion and leverage discipline; it is not a transaction recommendation.",Value creation screen looks for peer margin or cash-conversion gaps with enough growth and risk control for further diligence.,"Red flag screen combines leverage, weak cash conversion, liquidity, valuation support, volatility, trend and data-gap indicators."
CMCSA,Comcast Corporation,Digital Infrastructure / Telecom Infrastructure,Communication Services,Telecom Services,89502187520.0,175501606912.0,25.05500030517578,32.61896896362305,24.22941970825196,0.2318886494199944,0.2790442819227094,0.689,1.401,4.9127455,live_yfinance,live_api,yfinance,2026-05-28T16:36:15+00:00,2025.0,2026-02-03,1166691.0,123707000000.0,,25766000000.0,19660000000.0,10559000000.0,,33643000000.0,11750000000.0,-0.0001939691750653,0.0062201342379191,,0.2082824739101263,0.1589239089138044,1.305712955057052,45393000000.0,1.7617402778855855,0.0949824989693388,0.0853549112014679,,,0.1318250138724082,0.0062201342379191,,live_sec_companyfacts,live_api,True,False,1.418687761500966,6.811364081037025,1.0,0.7333333333333333,0.84,114.0,8.0,Mega-cap benchmark / public quality comp,live_public_data,2026-05-28T16:37:54+00:00,11.284046692607005,17.716535433070867,0.0,63.934426229508205,60.546875,54.263565891472865,62.08530805687204,32.68482490272373,74.89539748953975,17.716535433070867,34.62897526501767,23.78640776699029,0.0,0.0,87.5,82.50950570342206,33.21554770318021,59.57446808510638,0.0,82.68551236749117,5.0,3.0,71.5,22,0.0270729793356003,0.1636107193229901,2.3051141502909696,6.041733772144808,7.696634152394202,0.0446717545871362,-0.543373872405384,-0.8156742631375232,37.295081967213115,76.30331753554502,96.09375,0.0,0.0,0.0,35.0,28.5,Market fields 100%; SEC fields 73%; filing age 114 days; peer count 22; source live_public_data; real filing chunks 0; EBIT proxy used instead of EBITDA.,0.0,0.0,37.91469194312796,67.31517509727627,25.104602510460253,66.78445229681978,40.42553191489361,100.0,25.104602510460253,37.91469194312796,0.0,67.31517509727627,12.5,60.92344487471597,26.6,73.43288024350689,39.1,39.4,25.3,32.0,53.2,42.5,44.3,"Screen is supported by above-peer EBIT margin proxy, strong free cash flow conversion proxy; key caution is no major structured red flag from the cached screen.","Platform screen reflects scale, margins, cash conversion and leverage discipline; it is not a transaction recommendation.",Value creation screen looks for peer margin or cash-conversion gaps with enough growth and risk control for further diligence.,"Red flag screen combines leverage, weak cash conversion, liquidity, valuation support, volatility, trend and data-gap indicators."
DBRG,"DigitalBridge Group, Inc.",Digital Infrastructure / Telecom Infrastructure,Financial Services,Asset Management,3056211968.0,3886504704.0,15.699999809265137,15.710000038146973,9.158047676086426,0.0006365518050638,0.5771505590447864,1.5,32.187,29.622643,live_yfinance,live_api,yfinance,2026-05-28T16:36:16+00:00,2025.0,2026-02-26,1679688.0,93959000.0,,-17034000.0,-27069000.0,395490000.0,,259329000.0,1350000.0,-0.8452147182667027,-0.5653912929327881,,-0.1812918400578975,-0.2880937430155706,-15.224198661500528,260679000.0,-15.303451919690032,0.0143679690077587,4.209176342872955,,,0.175021262132266,-0.5653912929327881,,live_sec_companyfacts,live_api,True,False,41.36383639672624,-228.16160056357876,1.0,0.7333333333333333,0.84,91.0,8.0,Small/mid-cap platform candidate,live_public_data,2026-05-28T16:37:54+00:00,0.38910505836575876,0.39370078740157477,0.0,4.098360655737705,2.734375,1.550387596899225,1.4218009478672986,96.49805447470817,81.17154811715481,0.39370078740157477,34.62897526501767,70.87378640776699,0.0,0.0,4.296875,96.95817490494296,95.75971731448763,14.539007092198586,0.0,10.60070671378092,85.0,60.0,71.5,22,0.0270729793356003,0.1636107193229901,2.3051141502909696,6.041733772144808,7.696634152394202,-0.3449025593808876,-17.608566069981002,4.374276024781448,96.72131147540983,99.0521327014218,6.25,0.0,0.0,0.0,35.0,28.5,Market fields 100%; SEC fields 73%; filing age 91 days; peer count 22; source live_public_data; real filing chunks 0; EBIT proxy used instead of EBITDA.,0.0,0.0,98.5781990521327,3.5019455252918306,18.828451882845187,4.240282685512367,85.46099290780141,100.0,18.828451882845187,100.0,0.0,3.5019455252918306,100.0,45.896942751248375,25.3,74.66350179916388,54.1,11.6,33.0,40.8,61.1,42.2,44.2,Screen is supported by balanced but not standout structured metrics; key caution is no major structured red flag from the cached screen.,"Platform screen reflects scale, margins, cash conversion and leverage discipline; it is not a transaction recommendation.",Value creation screen looks for peer margin or cash-conversion gaps with enough growth and risk control for further diligence.,"Red flag screen combines leverage, weak cash conversion, liquidity, valuation support, volatility, trend and data-gap indicators."
DLR,"Digital Realty Trust, Inc.",Digital Infrastructure / Telecom Infrastructure,Real Estate,REIT - Specialty,69153964032.0,87115890688.0,193.3300018310547,203.91000366210932,146.92958068847656,0.0518856438676072,0.2211783461913216,1.08,13.797,51.145504,live_yfinance,live_api,yfinance,2026-05-28T16:36:17+00:00,2025.0,2026-02-13,1297996.0,6112692000.0,,1345207000.0,1313165000.0,3458290000.0,,2412136000.0,,0.1004009384032456,0.0921860499087576,,0.2200678522654175,0.2148259719285709,1.7931336961523394,,,,0.5657556441580894,,,0.0943242731021309,0.0921860499087576,,live_sec_companyfacts,live_api,True,False,14.251640797213405,64.76021213686815,1.0,0.6,0.76,104.0,8.0,Large-cap strategic / unlikely PE target,live_public_data,2026-05-28T16:37:54+00:00,57.97665369649806,57.08661417322835,0.0,67.62295081967213,74.21875,74.03100775193798,0.0,82.10116731517509,69.4560669456067,57.08661417322835,16.431095406360424,0.0,0.0,0.0,13.28125,8.745247148288971,74.55830388692578,79.43262411347519,0.0,72.43816254416961,20.0,35.0,65.4,22,0.0270729793356003,0.1636107193229901,2.3051141502909696,6.041733772144808,7.696634152394202,0.0564571329424274,,0.8516718496721231,32.37704918032787,0.0,20.703125,7.0,0.0,7.0,64.0,34.599999999999994,Market fields 100%; SEC fields 60%; filing age 104 days; peer count 22; source live_public_data; real filing chunks 0; EBIT proxy used instead of EBITDA.,0.0,0.0,100.0,17.89883268482491,30.543933054393307,25.4416961130742,20.56737588652482,42.02334630350194,30.543933054393307,100.0,0.0,17.89883268482491,86.71875,58.12496562442015,25.4,74.60818709015227,41.9,40.5,27.9,33.2,31.4,39.6,39.4,"Screen is supported by above-peer latest revenue growth, above-peer EBIT margin proxy; key caution is incomplete public data coverage.","Platform screen reflects scale, margins, cash conversion and leverage discipline; it is not a transaction recommendation.",Value creation screen looks for peer margin or cash-conversion gaps with enough growth and risk control for further diligence.,"Red flag screen combines leverage, weak cash conversion, liquidity, valuation support, volatility, trend and data-gap indicators."
EQIX,"Equinix, Inc.",Digital Infrastructure / Telecom Infrastructure,Real Estate,REIT - Specialty,106432831488.0,127545638912.0,1079.175048828125,1109.801025390625,718.5999145507812,0.0275959166209279,0.2602812587957748,0.997,13.389,74.683395,live_yfinance,live_api,yfinance,2026-05-28T16:36:17+00:00,2025.0,2026-02-11,1101239.0,9217000000.0,,1508000000.0,1348000000.0,1824000000.0,1299000000.0,3911000000.0,4311000000.0,0.053612254229538,0.0826525129719621,,0.1636107193229901,0.1462514918086145,2.593501326259947,8222000000.0,5.452254641909814,0.4677226863404578,0.1978951936638819,0.8614058355437666,-0.3481432360742705,0.04942140221963,0.0826525129719621,,live_sec_companyfacts,live_api,True,False,13.838086027123794,84.57933614854112,1.0,0.8666666666666667,0.92,106.0,8.0,Large-cap strategic / unlikely PE target,live_public_data,2026-05-28T16:37:54+00:00,33.85214007782101,50.78740157480315,0.0,53.278688524590166,55.859375,85.65891472868216,90.99526066350711,54.08560311284047,60.25104602510461,50.78740157480315,69.6113074204947,5.825242718446599,64.05228758169935,69.28104575163398,14.453125,6.083650190114065,84.45229681978799,65.24822695035462,0.0,85.51236749116607,20.0,15.0,73.4,22,0.0270729793356003,0.1636107193229901,2.3051141502909696,6.041733772144808,7.696634152394202,0.0,3.147140491618845,0.7979399505196908,50.204918032786885,9.47867298578199,21.875,7.0,0.0,7.0,64.0,26.599999999999994,Market fields 100%; SEC fields 87%; filing age 106 days; peer count 22; source live_public_data; real filing chunks 0; EBIT proxy used instead of EBITDA.,35.947712418300654,30.718954248366014,9.00473933649289,45.91439688715953,39.74895397489539,15.547703180212014,34.751773049645394,66.14785992217898,39.74895397489539,9.00473933649289,35.947712418300654,45.91439688715953,100.0,56.44056079414544,30.1,69.86388952675557,43.6,53.5,43.4,41.1,35.8,47.7,46.6,"Screen is supported by above-peer latest revenue growth, strong free cash flow conversion proxy; key caution is no major structured red flag from the cached screen.","Platform screen reflects scale, margins, cash conversion and leverage discipline; it is not a transaction recommendation.",Value creation screen looks for peer margin or cash-conversion gaps with enough growth and risk control for further diligence.,"Red flag screen combines leverage, weak cash conversion, liquidity, valuation support, volatility, trend and data-gap indicators."
FFIV,"F5, Inc.",Digital Infrastructure / Telecom Infrastructure,Technology,Software - Infrastructure,22176432128.0,20716181504.0,393.0650024414063,397.0,223.9900054931641,0.009911832641294,0.3305682042786089,1.001,6.424,32.244873,live_yfinance,live_api,yfinance,2026-05-28T16:36:17+00:00,2025.0,2025-11-25,1048695.0,3088072000.0,2514094000.0,808336000.0,692380000.0,1346368000.0,,949666000.0,43260000.0,0.0965697484482195,0.0463191317434168,0.8141306290785966,0.261760736148639,0.2242110935237261,1.1748406603194712,992926000.0,1.228358009540587,0.0140087407288431,0.4359898344339121,,,0.1188025912998068,0.0463191317434168,,live_sec_companyfacts,live_api,True,False,6.708451585325731,25.628181231567076,1.0,0.8666666666666667,0.92,184.0,8.0,Mid-cap possible public-to-private screen,live_public_data,2026-05-28T16:37:54+00:00,56.03112840466926,32.677165354330704,89.1566265060241,75.40983606557377,75.78125,48.06201550387597,45.023696682464454,73.15175097276264,73.64016736401673,32.677165354330704,69.6113074204947,71.84466019417476,0.0,0.0,32.421875,45.627376425855516,90.10600706713781,47.163120567375884,0.0,46.28975265017668,65.0,100.0,75.5,22,0.0270729793356003,0.1636107193229901,2.3051141502909696,6.041733772144808,7.696634152394202,0.0981500168256488,-1.0767561407503825,-0.1283915212159428,25.0,80.09478672985783,58.203125,0.0,0.0,0.0,35.0,24.5,Market fields 100%; SEC fields 87%; filing age 184 days; peer count 22; source live_public_data; real filing chunks 0; EBIT proxy used instead of EBITDA.,0.0,0.0,54.976303317535546,26.848249027237358,26.359832635983267,9.89399293286219,52.836879432624116,43.96887159533074,26.359832635983267,54.976303317535546,0.0,26.848249027237358,67.578125,64.84880768757007,19.9,80.12966867443136,35.2,56.0,57.0,72.6,58.4,64.8,62.7,"Screen is supported by above-peer latest revenue growth, above-peer EBIT margin proxy, strong free cash flow conversion proxy; key caution is no major structured red flag from the cached screen.","Platform screen reflects scale, margins, cash conversion and leverage discipline; it is not a transaction recommendation.",Value creation screen looks for peer margin or cash-conversion gaps with enough growth and risk control for further diligence.,"Red flag screen combines leverage, weak cash conversion, liquidity, valuation support, volatility, trend and data-gap indicators."
GLW,Corning Incorporated,Digital Infrastructure / Telecom Infrastructure,Technology,Electronic Components,164381818880.0,172993150976.0,191.0,208.27999877929688,48.71569442749024,0.0829652337265834,0.5241425997187578,1.136,10.599,91.82693,live_yfinance,live_api,yfinance,2026-05-28T16:36:18+00:00,2025.0,2026-02-12,24741.0,15629000000.0,5621000000.0,2052000000.0,1742000000.0,1566000000.0,,2695000000.0,,0.1914163744473243,0.0327450787688683,0.3596519291061488,0.131294388636509,0.1114594663766075,1.3133528265107213,,,,0.100198349222599,,,0.0046469857187558,0.0327450787688683,,live_sec_companyfacts,live_api,True,False,11.068728068078572,84.30465447173489,1.0,0.7333333333333333,0.84,105.0,8.0,Mega-cap benchmark / public quality comp,live_public_data,2026-05-28T16:37:54+00:00,82.10116731517509,24.015748031496063,37.34939759036144,43.0327868852459,45.3125,55.42635658914728,0.0,36.57587548638132,39.74895397489539,24.015748031496063,34.62897526501767,0.0,0.0,0.0,18.75,6.4638783269961975,64.6643109540636,20.21276595744681,0.0,92.226148409894,5.0,3.0,71.5,22,0.0270729793356003,0.1636107193229901,2.3051141502909696,6.041733772144808,7.696634152394202,-0.0323163306864811,,0.4381257896525339,63.934426229508205,0.0,29.6875,0.0,0.0,0.0,35.0,28.5,Market fields 100%; SEC fields 73%; filing age 105 days; peer count 22; source live_public_data; real filing chunks 0; EBIT proxy used instead of EBITDA.,0.0,0.0,100.0,63.42412451361868,60.25104602510461,35.3356890459364,79.7872340425532,17.89883268482491,60.25104602510461,100.0,0.0,63.42412451361868,81.25,49.57064915214724,39.6,60.4474528278574,50.4,35.8,20.2,16.3,41.7,32.9,34.8,Screen is supported by above-peer latest revenue growth; key caution is no major structured red flag from the cached screen.,"Platform screen reflects scale, margins, cash conversion and leverage discipline; it is not a transaction recommendation.",Value creation screen looks for peer margin or cash-conversion gaps with enough growth and risk control for further diligence.,"Red flag screen combines leverage, weak cash conversion, liquidity, valuation support, volatility, trend and data-gap indicators."
GTN,"Gray Media, Inc.",Digital Infrastructure / Telecom Infrastructure,Communication Services,Broadcasting,427135104.0,6607416320.0,4.15749979019165,6.199999809265137,3.4068052768707275,0.3294354970819872,0.6518796633794453,1.067,2.145,,live_yfinance,live_api,yfinance,2026-05-28T16:36:18+00:00,2025.0,2026-02-26,43196.0,3095000000.0,,-113000000.0,-85000000.0,368000000.0,5744000000.0,289000000.0,108000000.0,-0.1506586169045005,-0.0557324828002434,,-0.0365105008077544,-0.0274636510500807,-2.557522123893805,397000000.0,-3.5132743362831858,0.0348949919224555,0.1189014539579967,-50.83185840707964,-47.575221238938056,-0.2035398805683638,-0.0557324828002434,-61.34488772304056,live_sec_companyfacts,live_api,True,False,2.134867954765751,-58.47271079646018,0.8888888888888888,0.8666666666666667,0.8755555555555556,91.0,8.0,Small/mid-cap platform candidate,live_public_data,2026-05-28T16:37:54+00:00,3.11284046692607,6.299212598425196,0.0,9.01639344262295,10.546875,8.527131782945736,8.530805687203792,40.856031128404666,6.2761506276150625,6.299212598425196,48.93992932862191,47.0873786407767,98.69281045751634,99.34640522875817,78.90625,92.01520912547528,23.32155477031802,8.865248226950351,98.56115107913669,1.4134275618374559,100.0,100.0,72.8,22,0.0270729793356003,0.1636107193229901,2.3051141502909696,6.041733772144808,7.696634152394202,-0.2001212201307445,-5.818388486574156,-0.7226231736503086,92.62295081967213,93.36492890995261,91.796875,0.0,0.0,0.0,35.0,27.16666666666667,Market fields 89%; SEC fields 87%; filing age 91 days; peer count 22; source live_public_data; real filing chunks 0; EBIT proxy used instead of EBITDA.,1.3071895424836601,0.6535947712418301,91.4691943127962,59.143968871595334,93.72384937238493,76.67844522968198,91.13475177304964,100.0,100.0,100.0,1.3071895424836601,59.143968871595334,21.09375,36.2768205200161,46.5,53.47912670344122,63.7,15.8,50.1,74.9,65.9,55.1,53.1,Screen is supported by balanced but not standout structured metrics; key caution is no major structured red flag from the cached screen.,"Platform screen reflects scale, margins, cash conversion and leverage discipline; it is not a transaction recommendation.",Value creation screen looks for peer margin or cash-conversion gaps with enough growth and risk control for further diligence.,"Red flag screen combines leverage, weak cash conversion, liquidity, valuation support, volatility, trend and data-gap indicators."
IIPR,"Innovative Industrial Properties, Inc.",Digital Infrastructure / Telecom Infrastructure,Real Estate,REIT - Industrial,1666185600.0,2046958336.0,57.90499877929688,60.31999969482422,40.96602249145508,0.0400364875289375,0.4105299130369498,1.449,7.776,14.771683,live_yfinance,live_api,yfinance,2026-05-28T16:36:19+00:00,2025.0,2026-02-24,1677576.0,265955000.0,,124122000.0,118247000.0,47597000.0,,198189000.0,,-0.1379567414437453,-0.0127097480627604,,0.4667030136677257,0.444612810437856,1.59672741335138,,,,0.1789663664905717,,,-0.1470530065812981,-0.0127097480627604,,live_sec_companyfacts,live_api,True,False,7.696634152394202,16.491503005107877,1.0,0.6,0.76,93.0,8.0,Small/mid-cap platform candidate,live_public_data,2026-05-28T16:37:54+00:00,3.501945525291829,12.992125984251967,0.0,88.52459016393442,91.015625,69.37984496124031,0.0,51.75097276264592,8.368200836820083,12.992125984251967,16.431095406360424,0.0,0.0,0.0,26.5625,69.58174904942966,79.85865724381625,32.97872340425532,0.0,6.007067137809187,85.0,60.0,67.5,22,0.0270729793356003,0.1636107193229901,2.3051141502909696,6.041733772144808,7.696634152394202,0.3030922943447356,,0.0,10.245901639344263,0.0,50.1953125,0.0,0.0,0.0,35.0,32.5,Market fields 100%; SEC fields 60%; filing age 93 days; peer count 22; source live_public_data; real filing chunks 0; EBIT proxy used instead of EBITDA.,0.0,0.0,100.0,48.24902723735408,91.63179916317992,20.141342756183743,67.02127659574468,100.0,100.0,100.0,0.0,48.24902723735408,100.0,31.21339514860503,38.3,61.671100411921564,68.8,21.7,46.0,45.4,22.0,39.5,36.6,Screen is supported by above-peer EBIT margin proxy; key caution is incomplete public data coverage.,"Platform screen reflects scale, margins, cash conversion and leverage discipline; it is not a transaction recommendation.",Value creation screen looks for peer margin or cash-conversion gaps with enough growth and risk control for further diligence.,"Red flag screen combines leverage, weak cash conversion, liquidity, valuation support, volatility, trend and data-gap indicators."
IRM,Iron Mountain Incorporated,Digital Infrastructure / Telecom Infrastructure,Real Estate,REIT - Specialty,38211092480.0,57594888192.0,128.42999267578125,132.05999755859375,78.2222671508789,0.0274875431615989,0.3149584246419193,1.227,7.949,141.13185,live_yfinance,live_api,yfinance,2026-05-28T16:36:19+00:00,2025.0,2026-02-12,1020569.0,6901737000.0,,211188000.0,152254000.0,158535000.0,16431959000.0,1339999000.0,2271628000.0,0.1222502641909011,0.1058460301330026,,0.030599253492273,0.0220602436748893,6.345052749209235,3611627000.0,17.101478303691497,0.3291385922123662,0.0229703044320581,77.80725704111975,77.05657518419608,-0.0931646029738034,0.1058460301330026,61.07457946313996,live_sec_companyfacts,live_api,True,False,8.344984486079374,272.71856446389,1.0,0.8666666666666667,0.92,105.0,8.0,Large-cap strategic / unlikely PE target,live_public_data,2026-05-28T16:37:54+00:00,67.31517509727627,62.59842519685039,0.0,20.081967213114755,17.96875,96.12403100775194,99.0521327014218,11.673151750972762,12.133891213389122,62.59842519685039,69.6113074204947,9.223300970873783,0.0,0.6535947712418277,23.4375,2.281368821292773,84.80565371024736,51.41843971631206,0.7194244604316502,61.130742049469966,20.0,35.0,75.5,22,0.0270729793356003,0.1636107193229901,2.3051141502909696,6.041733772144808,7.696634152394202,-0.1330114658307171,14.796364153400528,0.0842381644817416,87.29508196721312,1.8957345971563981,41.796875,0.0,0.0,0.0,35.0,24.5,Market fields 100%; SEC fields 87%; filing age 105 days; peer count 22; source live_public_data; real filing chunks 0; EBIT proxy used instead of EBITDA.,100.0,99.34640522875817,0.9478672985782026,88.32684824902724,87.86610878661088,15.19434628975265,48.58156028368794,32.68482490272373,100.0,0.9478672985782026,100.0,88.32684824902724,76.5625,40.283309600193924,68.8,31.174196170836368,59.7,44.2,34.6,46.0,49.2,44.7,43.2,"Screen is supported by above-peer latest revenue growth, strong free cash flow conversion proxy; key caution is elevated debt to EBIT proxy.","Platform screen reflects scale, margins, cash conversion and leverage discipline; it is not a transaction recommendation.",Value creation screen looks for peer margin or cash-conversion gaps with enough growth and risk control for further diligence.,"Red flag screen combines leverage, weak cash conversion, liquidity, valuation support, volatility, trend and data-gap indicators."
LBRDK,Liberty Broadband Corporation,Digital Infrastructure / Telecom Infrastructure,Communication Services,Telecom Services,4899729920.0,7654626816.0,34.14500045776367,94.38201904296876,32.7599983215332,0.6382255772445525,0.4849407919718063,0.701,,,live_yfinance,live_api,yfinance,2026-05-28T16:36:19+00:00,2025.0,2026-02-05,1611983.0,,,-3254000000.0,-2676000000.0,95000000.0,1746000000.0,,,,,,,,,,,,,-0.5365703749231715,-0.5073755377996312,,,-3.014406098521607,live_sec_companyfacts,live_api,True,False,,-2.3523745593116163,0.7777777777777778,0.3333333333333333,0.5111111111111111,112.0,8.0,Small/mid-cap platform candidate,live_public_data,2026-05-28T16:37:54+00:00,0.0,0.0,0.0,0.0,0.0,0.0,0.0,0.0,0.0,0.0,1.76678445229682,0.0,88.88888888888889,71.24183006535948,0.0,85.93155893536122,2.1201413427561877,23.04964539007093,79.13669064748201,17.314487632508836,100.0,100.0,54.2,22,0.0270729793356003,0.1636107193229901,2.3051141502909696,6.041733772144808,7.696634152394202,,,,0.0,0.0,0.0,0.0,0.0,0.0,35.0,45.83333333333334,Market fields 78%; SEC fields 33%; filing age 112 days; peer count 22; source live_public_data; real filing chunks 0; EBIT proxy used instead of EBITDA.,11.11111111111111,28.75816993464052,100.0,100.0,100.0,97.87985865724382,76.95035460992908,100.0,100.0,100.0,11.11111111111111,100.0,100.0,22.177304964539005,62.0,37.99062628835711,77.8,11.4,42.9,58.8,2.8,35.5,29.7,"Screen is supported by balanced but not standout structured metrics; key caution is material share price drawdown, incomplete public data coverage.","Platform screen reflects scale, margins, cash conversion and leverage discipline; it is not a transaction recommendation.",Value creation screen looks for peer margin or cash-conversion gaps with enough growth and risk control for further diligence.,"Red flag screen combines leverage, weak cash conversion, liquidity, valuation support, volatility, trend and data-gap indicators."
LUMN,"Lumen Technologies, Inc.",Digital Infrastructure / Telecom Infrastructure,Communication Services,Telecom Services,10998571008.0,22824480768.0,10.675000190734863,11.829999923706056,3.700000047683716,0.0976331141521561,0.7982157553466901,1.665,1.883,,live_yfinance,live_api,yfinance,2026-05-28T16:36:20+00:00,2025.0,2026-02-20,18926.0,11331000000.0,,-2716000000.0,-1739000000.0,1014000000.0,,4738000000.0,4367000000.0,-0.0657927281721494,-0.1106442044158777,,-0.2396964080840173,-0.1534727738063719,-1.744477172312224,9105000000.0,-3.352356406480118,0.3854028770629247,0.0894890124437384,,,-0.1781741831026415,-0.1106442044158777,,live_sec_companyfacts,live_api,True,False,2.014339490601006,-8.403711622974964,0.8888888888888888,0.7333333333333333,0.7955555555555556,97.0,8.0,Mid-cap possible public-to-private screen,live_public_data,2026-05-28T16:37:54+00:00,5.447470817120623,3.937007874015748,0.0,3.278688524590164,4.296875,9.689922480620156,9.95260663507109,34.24124513618677,6.694560669456067,3.937007874015748,21.73144876325088,8.252427184466015,0.0,0.0,80.46875,87.83269961977186,59.717314487632514,4.964539007092195,0.0,34.275618374558306,65.0,100.0,68.8,22,0.0270729793356003,0.1636107193229901,2.3051141502909696,6.041733772144808,7.696634152394202,-0.4033071274070073,-5.657470556771088,-0.7382830662446904,97.95081967213115,91.9431279620853,92.96875,0.0,0.0,0.0,35.0,31.16666666666667,Market fields 89%; SEC fields 73%; filing age 97 days; peer count 22; source live_public_data; real filing chunks 0; EBIT proxy used instead of EBITDA.,0.0,0.0,90.04739336492891,65.75875486381324,93.30543933054393,40.282685512367486,95.0354609929078,100.0,100.0,100.0,0.0,65.75875486381324,19.53125,35.374829300852724,43.3,56.739717114230025,64.6,8.2,27.8,67.5,67.1,47.3,45.6,Screen is supported by balanced but not standout structured metrics; key caution is incomplete public data coverage.,"Platform screen reflects scale, margins, cash conversion and leverage discipline; it is not a transaction recommendation.",Value creation screen looks for peer margin or cash-conversion gaps with enough growth and risk control for further diligence.,"Red flag screen combines leverage, weak cash conversion, liquidity, valuation support, volatility, trend and data-gap indicators."
SBAC,SBA Communications Corporation,Digital Infrastructure / Telecom Infrastructure,Real Estate,REIT - Specialty,21622005760.0,36471947264.0,203.8600006103516,233.83531188964844,164.1578369140625,0.128189840264343,0.3146511526296836,1.024,12.778,21.436382,live_yfinance,live_api,yfinance,2026-05-28T16:36:20+00:00,2025.0,2026-02-27,1034054.0,244498000.0,2124167000.0,1242038000.0,1054456000.0,437021000.0,12900268000.0,1291328000.0,1290133000.0,0.5993955609050887,-0.0626568481425914,8.687870657428691,5.079951574246006,4.31273875450924,1.0396847761501662,2581461000.0,2.078407423927448,5.276660749781184,1.7874215740006054,10.386371431469891,10.03451343678696,3.308714807751912,-0.0626568481425914,-14.085119108482148,live_sec_companyfacts,live_api,True,False,149.17073867270898,29.36459855817616,1.0,1.0,1.0,90.0,8.0,Mid-cap possible public-to-private screen,live_public_data,2026-05-28T16:37:54+00:00,96.49805447470817,5.511811023622047,98.79518072289156,98.36065573770492,98.046875,39.922480620155035,67.77251184834124,92.99610894941634,99.581589958159,5.511811023622047,94.69964664310953,0.0,13.0718954248366,14.379084967320265,2.34375,35.74144486692015,51.23674911660777,51.77304964539007,91.36690647482014,44.87632508833922,65.0,75.0,92.0,22,0.0270729793356003,0.1636107193229901,2.3051141502909696,6.041733772144808,7.696634152394202,4.916340854923016,-0.2267067263635214,18.381295215429493,2.0491803278688523,64.92890995260665,2.734375,428.0,428.0,0.0,100.0,8.0,Market fields 100%; SEC fields 100%; filing age 90 days; peer count 22; source live_public_data; real filing chunks 428; EBIT proxy used instead of EBITDA.,86.9281045751634,85.62091503267973,32.22748815165876,7.003891050583661,0.4184100418409997,48.76325088339223,48.226950354609926,3.5019455252918306,0.4184100418409997,32.22748815165876,86.9281045751634,7.003891050583661,97.65625,63.61348424887359,52.8,47.21374095334761,36.4,70.2,63.2,56.2,36.0,59.4,57.1,"Screen is supported by above-peer latest revenue growth, above-peer EBIT margin proxy, strong free cash flow conversion proxy; key caution is elevated debt to EBIT proxy.","Platform screen reflects scale, margins, cash conversion and leverage discipline; it is not a transaction recommendation.",Value creation screen looks for peer margin or cash-conversion gaps with enough growth and risk control for further diligence.,"Red flag screen combines leverage, weak cash conversion, liquidity, valuation support, volatility, trend and data-gap indicators."
T,AT&T Inc.,Digital Infrastructure / Telecom Infrastructure,Communication Services,Telecom Services,172978896896.0,338693160960.0,24.895000457763672,28.79859161376953,22.76177406311035,0.1355479881918748,0.2148874994494125,0.417,2.677,8.189145,live_yfinance,live_api,yfinance,2026-05-28T16:36:21+00:00,2025.0,2026-02-09,732717.0,125648000000.0,,27007000000.0,23386000000.0,18527000000.0,,40284000000.0,20842000000.0,0.0270729793356003,0.5885650587678584,,0.2149417420094231,0.1861231376543995,1.4916132854445143,61126000000.0,2.263339134298515,0.1658760983063797,0.1474516108493569,,,0.3136559684714721,0.5885650587678584,,live_sec_companyfacts,live_api,True,False,2.6955714453075257,12.540939791905805,1.0,0.7333333333333333,0.84,108.0,8.0,Mega-cap benchmark / public quality comp,live_public_data,2026-05-28T16:37:54+00:00,20.233463035019454,98.4251968503937,0.0,65.98360655737704,69.140625,64.34108527131784,69.66824644549763,45.13618677042802,87.02928870292888,98.4251968503937,34.62897526501767,16.990291262135926,0.0,0.0,70.3125,75.2851711026616,49.46996466431095,81.91489361702128,0.0,92.93286219081273,5.0,3.0,71.5,22,0.0270729793356003,0.1636107193229901,2.3051141502909696,6.041733772144808,7.696634152394202,0.051331022686433,-0.0417750159924543,-0.6497726938899635,34.01639344262295,54.02843601895735,87.5,0.0,0.0,0.0,35.0,28.5,Market fields 100%; SEC fields 73%; filing age 108 days; peer count 22; source live_public_data; real filing chunks 0; EBIT proxy used instead of EBITDA.,0.0,0.0,30.33175355450237,54.86381322957198,12.97071129707112,50.53003533568905,18.085106382978726,79.76653696498055,12.97071129707112,30.33175355450237,0.0,54.86381322957198,29.6875,68.38643410169728,19.2,80.76637866981667,31.6,54.4,37.0,34.3,49.6,48.2,49.8,"Screen is supported by above-peer EBIT margin proxy, strong free cash flow conversion proxy; key caution is no major structured red flag from the cached screen.","Platform screen reflects scale, margins, cash conversion and leverage discipline; it is not a transaction recommendation.",Value creation screen looks for peer margin or cash-conversion gaps with enough growth and risk control for further diligence.,"Red flag screen combines leverage, weak cash conversion, liquidity, valuation support, volatility, trend and data-gap indicators."
TMUS,"T-Mobile US, Inc.",Digital Infrastructure / Telecom Infrastructure,Communication Services,Telecom Services,205348454400.0,325109481472.0,189.75010681152344,255.5989227294922,182.721420288086,0.2576255612299997,0.2471024567930077,0.32,3.591,20.16473,live_yfinance,live_api,yfinance,2026-05-28T16:36:21+00:00,2025.0,2026-02-11,1283699.0,88309000000.0,,14281000000.0,10992000000.0,5976000000.0,86282000000.0,27950000000.0,9955000000.0,0.0848771498771499,0.0353409308561782,,0.1617162463622054,0.1244720243689771,1.957145858133184,37905000000.0,2.6542258945452,0.1127291669025807,0.0676714717639198,6.041733772144808,5.6232756809747215,0.1221792291071753,0.0353409308561782,-16.35654976250236,live_sec_companyfacts,live_api,True,False,3.6814988446477703,22.765176211189694,1.0,0.8666666666666667,0.92,106.0,8.0,Mega-cap benchmark / public quality comp,live_public_data,2026-05-28T16:37:54+00:00,48.63813229571984,25.590551181102363,0.0,52.86885245901639,49.21875,78.68217054263566,71.56398104265402,28.404669260700388,74.47698744769873,25.590551181102363,69.6113074204947,22.330097087378643,21.568627450980394,20.261437908496728,58.984375,52.47148288973384,31.09540636042403,69.14893617021276,92.80575539568345,94.69964664310953,5.0,3.0,73.4,22,0.0270729793356003,0.1636107193229901,2.3051141502909696,6.041733772144808,7.696634152394202,-0.0018944729607846,0.3491117442542304,-0.5216741796798849,52.459016393442624,30.33175355450237,82.03125,7.0,0.0,7.0,64.0,26.599999999999994,Market fields 100%; SEC fields 87%; filing age 106 days; peer count 22; source live_public_data; real filing chunks 0; EBIT proxy used instead of EBITDA.,78.43137254901961,79.73856209150327,28.43601895734598,71.59533073929961,25.523012552301267,68.90459363957598,30.851063829787233,51.36186770428016,25.523012552301267,28.43601895734598,78.43137254901961,71.59533073929961,41.015625,53.68428863768116,59.8,40.202853513322296,46.3,47.4,28.1,33.5,49.4,41.9,42.7,"Screen is supported by above-peer latest revenue growth, strong free cash flow conversion proxy; key caution is elevated debt to EBIT proxy.","Platform screen reflects scale, margins, cash conversion and leverage discipline; it is not a transaction recommendation.",Value creation screen looks for peer margin or cash-conversion gaps with enough growth and risk control for further diligence.,"Red flag screen combines leverage, weak cash conversion, liquidity, valuation support, volatility, trend and data-gap indicators."
UNIT,Uniti Group Inc.,Digital Infrastructure / Telecom Infrastructure,Real Estate,REIT - Specialty,2774168832.0,12914295808.0,11.425000190734863,11.979999542236328,5.360000133514404,0.0463271596584604,0.5317068326519957,1.451,4.41,2.567416,live_yfinance,live_api,yfinance,2026-05-28T16:36:22+00:00,2025.0,2026-03-02,2020795.0,2234500000.0,,262000000.0,1304700000.0,134100000.0,9539400000.0,350200000.0,,0.0,0.0,,0.1172521816961288,0.5838890132020587,1.3366412213740455,,,,0.0600134258223316,36.40992366412214,35.89809160305344,0.0,0.0,0.0,live_sec_companyfacts,live_api,True,False,5.779501368538823,49.2912053740458,1.0,0.7333333333333333,0.84,87.0,8.0,Mid-cap possible public-to-private screen,live_public_data,2026-05-28T16:37:54+00:00,11.673151750972762,14.566929133858267,0.0,40.98360655737705,93.75,56.97674418604651,0.0,26.459143968871597,37.65690376569037,14.566929133858267,34.62897526501767,0.0,0.6535947712418277,1.3071895424836555,39.0625,11.787072243346008,76.32508833922262,18.085106382978722,37.410071942446045,9.540636042402827,100.0,100.0,71.5,22,0.0270729793356003,0.1636107193229901,2.3051141502909696,6.041733772144808,7.696634152394202,-0.0463585376268612,,-0.2490871653629286,70.90163934426229,0.0,67.1875,0.0,0.0,0.0,35.0,28.5,Market fields 100%; SEC fields 73%; filing age 87 days; peer count 22; source live_public_data; real filing chunks 0; EBIT proxy used instead of EBITDA.,99.34640522875817,98.69281045751634,100.0,73.5408560311284,62.34309623430963,23.674911660777383,81.91489361702128,88.32684824902724,62.34309623430963,100.0,99.34640522875817,73.5408560311284,60.9375,20.97629077370128,83.6,16.42533375556411,79.0,17.1,44.8,64.5,39.1,43.8,39.8,Screen is supported by balanced but not standout structured metrics; key caution is elevated debt to EBIT proxy.,"Platform screen reflects scale, margins, cash conversion and leverage discipline; it is not a transaction recommendation.",Value creation screen looks for peer margin or cash-conversion gaps with enough growth and risk control for further diligence.,"Red flag screen combines leverage, weak cash conversion, liquidity, valuation support, volatility, trend and data-gap indicators."
VZ,Verizon Communications Inc.,Digital Infrastructure / Telecom Infrastructure,Communication Services,Telecom Services,201199304704.0,395261968384.0,48.185001373291016,50.61865615844727,37.185829162597656,0.0480782179901889,0.2219134819578265,0.224,2.841,11.7524395,live_yfinance,live_api,yfinance,2026-05-28T16:36:22+00:00,2025.0,2026-02-17,732712.0,138191000000.0,,22672000000.0,17608000000.0,19499000000.0,18618000000.0,37137000000.0,,0.0252470546339436,0.003292396665705,,0.164062782670362,0.1274178492087039,1.6380116443189838,,,,0.1411018083666809,0.8211891319689485,-0.0388585038814396,-0.0425437142054372,0.003292396665705,0.468778534536951,live_sec_companyfacts,live_api,True,False,2.860258398766924,17.433925916725478,1.0,0.7333333333333333,0.84,100.0,8.0,Mega-cap benchmark / public quality comp,live_public_data,2026-05-28T16:37:54+00:00,19.45525291828794,16.141732283464567,0.0,53.68852459016394,50.0,70.15503875968993,0.0,44.3579766536965,17.99163179916318,16.141732283464567,34.62897526501767,0.0,64.70588235294117,64.05228758169935,66.796875,66.53992395437263,75.97173144876325,78.72340425531915,32.37410071942446,93.99293286219081,5.0,3.0,69.4,22,0.0270729793356003,0.1636107193229901,2.3051141502909696,6.041733772144808,7.696634152394202,0.0004520633473719,,-0.6283754246163332,48.77049180327869,0.0,85.546875,7.0,0.0,7.0,64.0,30.599999999999994,Market fields 100%; SEC fields 73%; filing age 100 days; peer count 22; source live_public_data; real filing chunks 0; EBIT proxy used instead of EBITDA.,35.294117647058826,35.947712418300654,100.0,55.6420233463035,82.00836820083683,24.02826855123675,21.27659574468085,80.54474708171206,100.0,100.0,35.294117647058826,55.6420233463035,33.203125,37.72525679625066,50.6,49.370107040132346,62.3,30.7,22.5,33.2,40.0,35.5,34.5,Screen is supported by above-peer EBIT margin proxy; key caution is incomplete public data coverage.,"Platform screen reflects scale, margins, cash conversion and leverage discipline; it is not a transaction recommendation.",Value creation screen looks for peer margin or cash-conversion gaps with enough growth and risk control for further diligence.,"Red flag screen combines leverage, weak cash conversion, liquidity, valuation support, volatility, trend and data-gap indicators."
AES,The AES Corporation,Energy Transition,Utilities,Utilities - Diversified,10472721408.0,48453156864.0,14.6850004196167,17.06953239440918,9.225695610046388,0.1396952136529229,0.4315928467190308,0.957,3.88,7.648438,live_yfinance,live_api,yfinance,2026-05-28T16:36:23+00:00,2025.0,2026-03-02,874761.0,12233000000.0,2211000000.0,,162000000.0,2162000000.0,,4306000000.0,5929000000.0,-0.0036650920345333,0.5870983851299374,0.1807406196354124,,0.0132428676530695,,10235000000.0,,0.4846726068830213,0.1767350609008419,,,,0.5870983851299374,,live_sec_companyfacts,live_api,True,False,3.9608564427368593,,1.0,0.6,0.76,87.0,8.0,Mid-cap possible public-to-private screen,live_public_data,2026-05-28T16:37:54+00:00,10.894941634241246,98.03149606299213,12.048192771084338,0.0,15.625,0.0,0.0,51.36186770428015,0.0,98.03149606299213,16.431095406360424,5.339805825242716,0.0,0.0,55.859375,0.0,48.409893992932865,30.49645390070922,0.0,32.15547703180212,65.0,75.0,65.4,23,0.1071886817555545,-0.0003712497291094,0.6666312785007447,-1.206811042382801,4.735789149035093,,,-0.1636332788287512,0.0,0.0,61.71875,7.0,0.0,7.0,64.0,34.599999999999994,Market fields 100%; SEC fields 60%; filing age 87 days; peer count 23; source live_public_data; real filing chunks 0; EBIT proxy used instead of EBITDA.,0.0,0.0,100.0,48.63813229571985,100.0,51.590106007067135,69.50354609929079,100.0,100.0,100.0,0.0,48.63813229571985,44.140625,36.39384058248475,42.6,57.44412983586364,63.6,20.5,39.6,51.4,21.1,39.9,36.5,Screen is supported by balanced but not standout structured metrics; key caution is incomplete public data coverage.,"Platform screen reflects scale, margins, cash conversion and leverage discipline; it is not a transaction recommendation.",Value creation screen looks for peer margin or cash-conversion gaps with enough growth and risk control for further diligence.,"Red flag screen combines leverage, weak cash conversion, liquidity, valuation support, volatility, trend and data-gap indicators."
ALB,Albemarle Corporation,Energy Transition,Basic Materials,Specialty Chemicals,20926324736.0,24339091456.0,177.44000244140625,215.6199951171875,54.139610290527344,0.1770707426972659,0.6167805367530704,1.365,4.43,,live_yfinance,live_api,yfinance,2026-05-28T16:36:23+00:00,2025.0,2026-02-11,915913.0,5142733000.0,668719000.0,-367084000.0,-465210000.0,1618001000.0,3193541000.0,1282267000.0,589801000.0,-0.043661899542652,-0.0844771639024293,0.1300318332684197,-0.0713791674582367,-0.0904596835962512,-3.493116017042421,1872068000.0,-5.099835460003705,0.1146862961775382,0.3146189001062275,-8.699755369343256,-4.292042148391104,-0.4088144006188584,-0.0844771639024293,-10.002192839510997,live_sec_companyfacts,live_api,True,False,4.7327153589346365,-66.30387447014853,0.8888888888888888,1.0,0.9555555555555556,106.0,8.0,Mid-cap possible public-to-private screen,live_public_data,2026-05-28T16:37:54+00:00,7.003891050583658,4.724409448818897,3.614457831325301,5.327868852459016,4.6875,5.426356589147287,6.161137440758294,64.98054474708171,3.765690376569038,4.724409448818897,87.45583038869258,21.359223300970875,92.81045751633987,90.84967320261438,47.65625,93.5361216730038,42.04946996466431,12.056737588652478,89.20863309352518,43.46289752650176,65.0,100.0,74.7,23,0.1071886817555545,-0.0003712497291094,0.6666312785007447,-1.206811042382801,4.735789149035093,-0.0710079177291272,-5.76646673850445,-0.0006490555224746,77.45901639344262,92.89099526066352,51.953125,7.0,0.0,7.0,64.0,25.266666666666666,Market fields 89%; SEC fields 100%; filing age 106 days; peer count 23; source live_public_data; real filing chunks 0; EBIT proxy used instead of EBITDA.,7.18954248366013,9.15032679738562,93.8388625592417,35.01945525291829,96.23430962343096,57.95053003533569,87.94326241134752,100.0,100.0,100.0,7.18954248366013,35.01945525291829,52.34375,34.91276750140821,45.2,54.81316253210562,65.1,16.9,37.6,70.4,54.8,49.9,46.5,Screen is supported by balanced but not standout structured metrics; key caution is no major structured red flag from the cached screen.,"Platform screen reflects scale, margins, cash conversion and leverage discipline; it is not a transaction recommendation.",Value creation screen looks for peer margin or cash-conversion gaps with enough growth and risk control for further diligence.,"Red flag screen combines leverage, weak cash conversion, liquidity, valuation support, volatility, trend and data-gap indicators."
AMRC,"Ameresco, Inc.",Energy Transition,Industrials,Engineering & Construction,1931667584.0,4422191104.0,36.47999954223633,43.22999954223633,13.529999732971191,0.1561415700086962,0.8196841678354574,2.546,2.233,62.896553,live_yfinance,live_api,yfinance,2026-05-28T16:36:24+00:00,2024.0,2025-02-28,1488139.0,1769928000.0,256091000.0,33940000.0,53940000.0,198378000.0,149363000.0,117598000.0,4291000.0,0.2875640261800787,0.1333831497426429,0.1446900664885803,0.0191759212804136,0.0304758159653952,3.46487919858574,121889000.0,3.591308190925162,0.0024243924046627,0.1120825253908633,4.400795521508544,-1.4441661756040072,-0.0593255474243705,0.1333831497426429,3.5736898778176167,live_sec_companyfacts,live_api,True,False,2.4985146876031115,130.29437548615203,1.0,1.0,1.0,454.0,8.0,Small/mid-cap platform candidate,live_public_data,2026-05-28T16:37:54+00:00,91.43968871595331,73.22834645669292,7.228915662650602,17.21311475409836,20.703125,92.63565891472868,83.88625592417061,38.91050583657588,14.225941422594143,73.22834645669292,94.69964664310953,96.60194174757282,28.104575163398692,81.04575163398692,73.046875,3.802281368821292,46.64310954063604,4.6099290780141855,16.546762589928054,6.713780918727916,85.0,60.0,79.5,23,0.1071886817555545,-0.0003712497291094,0.6666312785007447,-1.206811042382801,4.735789149035093,0.0195471710095231,2.9246769124244176,-0.472418511683068,43.85245901639344,9.95260663507109,81.25,0.0,0.0,0.0,35.0,20.5,Market fields 100%; SEC fields 100%; filing age 454 days; peer count 23; source live_public_data; real filing chunks 0; EBIT proxy used instead of EBITDA.,71.89542483660131,18.954248366013072,16.113744075829388,61.08949416342412,85.77405857740585,53.35689045936396,95.39007092198581,8.56031128404669,100.0,16.113744075829388,71.89542483660131,61.08949416342412,26.953125,51.03550708173031,53.6,46.44218590742186,49.0,44.1,63.7,59.1,55.5,57.3,57.0,"Screen is supported by above-peer latest revenue growth, above-peer EBIT margin proxy, strong free cash flow conversion proxy; key caution is elevated debt to EBIT proxy.","Platform screen reflects scale, margins, cash conversion and leverage discipline; it is not a transaction recommendation.",Value creation screen looks for peer margin or cash-conversion gaps with enough growth and risk control for further diligence.,"Red flag screen combines leverage, weak cash conversion, liquidity, valuation support, volatility, trend and data-gap indicators."
ARRY,"Array Technologies, Inc.",Energy Transition,Technology,Solar,1429816192.0,2433821184.0,9.295000076293944,11.960000038146973,5.480000019073486,0.2228260830562614,0.8343403776157666,1.757,2.019,,live_yfinance,live_api,yfinance,2026-05-28T16:36:24+00:00,2025.0,2026-02-25,1820721.0,1284141000.0,298553000.0,-29217000.0,-52235000.0,245984000.0,668979000.0,101785000.0,21972000.0,0.4021960959023025,-0.0778397428232974,0.2324923820670783,-0.0227521744107539,-0.040676997307928,-3.48375945511175,123757000.0,-4.235787384057227,0.0171102706011255,0.1915552887105076,-22.896909333607148,-14.477701338261973,-0.0197281372234016,-0.0778397428232974,130.38317951938154,live_sec_companyfacts,live_api,True,False,1.8952912367099877,-83.3015430742376,0.8888888888888888,1.0,0.9555555555555556,92.0,8.0,Small/mid-cap platform candidate,live_public_data,2026-05-28T16:37:54+00:00,94.55252918287937,5.118110236220472,18.072289156626507,9.836065573770492,8.203125,5.813953488372093,8.056872037914692,52.918287937743195,25.523012552301257,5.118110236220472,87.45583038869258,65.04854368932038,96.07843137254902,94.77124183006535,82.8125,95.43726235741445,34.62897526501767,3.900709219858156,0.0,4.946996466431095,85.0,60.0,76.8,23,0.1071886817555545,-0.0003712497291094,0.6666312785007447,-1.206811042382801,4.735789149035093,-0.0223809246816444,-4.902418662557972,-0.5997939990431902,60.65573770491803,91.4691943127962,84.765625,0.0,0.0,0.0,35.0,23.16666666666667,Market fields 89%; SEC fields 100%; filing age 92 days; peer count 23; source live_public_data; real filing chunks 0; EBIT proxy used instead of EBITDA.,3.9215686274509802,5.228758169934641,91.94312796208531,47.081712062256805,74.47698744769875,65.37102473498233,96.09929078014184,5.447470817120632,100.0,100.0,3.9215686274509802,47.081712062256805,17.1875,52.45432451434916,44.0,56.005765284190595,47.5,30.6,47.2,57.1,71.9,54.3,55.6,Screen is supported by above-peer latest revenue growth; key caution is no major structured red flag from the cached screen.,"Platform screen reflects scale, margins, cash conversion and leverage discipline; it is not a transaction recommendation.",Value creation screen looks for peer margin or cash-conversion gaps with enough growth and risk control for further diligence.,"Red flag screen combines leverage, weak cash conversion, liquidity, valuation support, volatility, trend and data-gap indicators."
BE,Bloom Energy Corporation,Energy Transition,Industrials,Electrical Equipment & Parts,83855933440.0,84057530368.0,294.8066101074219,307.8800048828125,18.280000686645508,0.0424626301417875,1.0658144905985414,3.83,34.323,,live_yfinance,live_api,yfinance,2026-05-28T16:36:24+00:00,2025.0,2026-02-09,1664703.0,2001614000.0,587400000.0,-84404000.0,-87140000.0,2481580000.0,2617879000.0,113949000.0,56759000.0,0.3886654169505354,0.2080475583983747,0.2934631752175994,-0.0421679704478485,-0.0435348673620388,-1.350042652007014,170708000.0,-2.022510781479551,0.0283566162107179,1.2397894898816657,-31.01605374152884,-1.614840528884887,0.2343900127572712,0.2080475583983747,-29.705246675039245,live_sec_companyfacts,live_api,True,False,41.994875319617066,-995.8951041182884,0.8888888888888888,1.0,0.9555555555555556,108.0,8.0,Large-cap strategic / unlikely PE target,live_public_data,2026-05-28T16:37:54+00:00,94.16342412451361,85.43307086614173,25.301204819277107,7.377049180327869,7.8125,10.465116279069768,11.374407582938389,90.27237354085604,84.51882845188284,85.43307086614173,87.45583038869258,53.398058252427184,97.38562091503267,83.66013071895425,3.90625,99.23954372623575,78.79858657243817,1.0638297872340385,97.12230215827337,79.50530035335689,20.0,35.0,76.8,23,0.1071886817555545,-0.0003712497291094,0.6666312785007447,-1.206811042382801,4.735789149035093,-0.041796720718739,-2.689142059980296,7.867555965445259,68.44262295081968,87.20379146919431,3.515625,0.0,0.0,0.0,35.0,23.16666666666667,Market fields 89%; SEC fields 100%; filing age 108 days; peer count 23; source live_public_data; real filing chunks 0; EBIT proxy used instead of EBITDA.,2.6143790849673203,16.33986928104575,88.62559241706161,9.727626459143963,15.48117154811716,21.20141342756184,98.93617021276596,5.836575875486389,15.48117154811716,100.0,2.6143790849673203,9.727626459143963,96.09375,60.077831011622656,30.6,69.44852289090394,39.9,49.0,36.7,39.0,61.8,49.5,51.0,Screen is supported by above-peer latest revenue growth; key caution is no major structured red flag from the cached screen.,"Platform screen reflects scale, margins, cash conversion and leverage discipline; it is not a transaction recommendation.",Value creation screen looks for peer margin or cash-conversion gaps with enough growth and risk control for further diligence.,"Red flag screen combines leverage, weak cash conversion, liquidity, valuation support, volatility, trend and data-gap indicators."
CHPT,"ChargePoint Holdings, Inc.",Energy Transition,Consumer Cyclical,Specialty Retail,190202480.0,325067488.0,7.789999961853027,17.459999084472656,4.510000228881836,0.5538373212871043,0.7287513701450515,1.686,0.79,,live_yfinance,live_api,yfinance,2026-05-28T16:36:25+00:00,2026.0,2026-04-02,1777393.0,411224000.0,125602000.0,-216149000.0,-220197000.0,141964000.0,260851000.0,-62835000.0,4165000.0,-0.0140475636743765,-0.0422581619264497,0.3054345077135575,-0.52562350446472,-0.5354672879014843,0.2907022470610551,-58670000.0,0.2714331317748405,0.0101282999046748,0.3452230414567243,-1.206811042382801,-0.5500233635131322,0.2162680814133302,-0.0422581619264497,-0.3575244539442433,live_sec_companyfacts,live_api,True,False,0.7904876369083517,-1.503904658360668,0.8888888888888888,1.0,0.9555555555555556,56.0,8.0,Distressed/special situations watchlist,live_public_data,2026-05-28T16:37:54+00:00,8.560311284046692,8.267716535433072,27.710843373493976,1.2295081967213115,1.171875,16.27906976744186,17.535545023696685,68.8715953307393,82.84518828451883,8.267716535433072,87.45583038869258,78.64077669902912,89.54248366013073,72.54901960784314,93.359375,85.55133079847909,6.7137809187279185,5.319148936170215,53.23741007194245,1.0600706713780919,35.0,20.0,76.8,23,0.1071886817555545,-0.0003712497291094,0.6666312785007447,-1.206811042382801,4.735789149035093,-0.5252522547356104,-0.3951981467259041,-0.833082172362042,98.77049180327869,72.03791469194313,96.484375,0.0,0.0,0.0,35.0,23.16666666666667,Market fields 89%; SEC fields 100%; filing age 56 days; peer count 23; source live_public_data; real filing chunks 0; EBIT proxy used instead of EBITDA.,10.457516339869281,27.450980392156865,82.46445497630332,31.128404669260703,17.154811715481173,93.28621908127208,94.68085106382979,100.0,17.154811715481173,82.46445497630332,10.457516339869281,31.128404669260703,6.640625,53.31695623708185,43.2,56.79157675974423,46.7,26.1,30.5,39.1,68.3,44.7,47.4,Screen is supported by balanced but not standout structured metrics; key caution is material share price drawdown.,"Platform screen reflects scale, margins, cash conversion and leverage discipline; it is not a transaction recommendation.",Value creation screen looks for peer margin or cash-conversion gaps with enough growth and risk control for further diligence.,"Red flag screen combines leverage, weak cash conversion, liquidity, valuation support, volatility, trend and data-gap indicators."
CSIQ,Canadian Solar Inc.,Energy Transition,Technology,Solar,1376001280.0,7935936000.0,20.290000915527344,33.58000183105469,9.510000228881836,0.3957712981193702,0.9417891231603296,1.438,1.418,,live_yfinance,live_api,yfinance,2026-05-28T16:36:25+00:00,2025.0,2026-04-10,1375877.0,,1026226000.0,-140739000.0,-183763000.0,1940435000.0,2389037000.0,-252741000.0,962254000.0,,,,,,1.7958135271673097,709513000.0,-5.0413389323499525,,,-16.974946532233425,-3.1874746871869206,,,-21.02528485152155,live_sec_companyfacts,live_api,True,False,,-56.38761110992689,0.8888888888888888,0.6666666666666666,0.7555555555555555,48.0,8.0,Small/mid-cap platform candidate,live_public_data,2026-05-28T16:37:54+00:00,0.0,0.0,0.0,0.0,0.0,74.8062015503876,7.109004739336493,0.0,0.0,0.0,12.014134275618375,0.0,94.11764705882352,86.9281045751634,0.0,91.63498098859316,17.314487632508836,2.8368794326241176,94.96402877697841,4.240282685512367,100.0,100.0,66.8,23,0.1071886817555545,-0.0003712497291094,0.6666312785007447,-1.206811042382801,4.735789149035093,,-5.707970210850697,,0.0,92.41706161137441,0.0,0.0,0.0,0.0,35.0,33.16666666666667,Market fields 89%; SEC fields 67%; filing age 48 days; peer count 23; source live_public_data; real filing chunks 0; EBIT proxy used instead of EBITDA.,5.88235294117647,13.071895424836603,92.8909952606635,100.0,100.0,82.68551236749117,97.16312056737588,100.0,100.0,100.0,5.88235294117647,100.0,100.0,22.514793491864822,56.8,43.21348693497818,77.5,11.7,46.2,60.8,20.7,40.6,35.8,"Screen is supported by balanced but not standout structured metrics; key caution is material share price drawdown, incomplete public data coverage.","Platform screen reflects scale, margins, cash conversion and leverage discipline; it is not a transaction recommendation.",Value creation screen looks for peer margin or cash-conversion gaps with enough growth and risk control for further diligence.,"Red flag screen combines leverage, weak cash conversion, liquidity, valuation support, volatility, trend and data-gap indicators."
CWEN,"Clearway Energy, Inc.",Energy Transition,Utilities,Utilities - Renewable,9783943168.0,18313400320.0,40.75,41.06999969482422,27.214252471923828,0.0077915679864138,0.2884344256518329,0.871,12.332,407.5,live_yfinance,live_api,yfinance,2026-05-28T16:36:26+00:00,2025.0,2026-02-24,1567683.0,1429000000.0,,-175000000.0,-231000000.0,818000000.0,8606000000.0,688000000.0,319000000.0,0.0423048869438367,0.0629065641902566,,-0.1224632610216935,-0.1616515045486354,-3.931428571428572,1007000000.0,-5.754285714285714,0.2232330300909727,0.5724282715185445,-49.17714285714285,-44.502857142857145,-1.1997741853914414,0.0629065641902566,-54.491495431245816,live_sec_companyfacts,live_api,True,False,12.815535563331,-104.64800182857142,1.0,0.8666666666666667,0.92,93.0,8.0,Mid-cap possible public-to-private screen,live_public_data,2026-05-28T16:37:54+00:00,27.626459143968873,40.94488188976378,0.0,4.508196721311475,3.90625,5.038759689922481,5.687203791469194,82.49027237354085,2.092050209205021,40.94488188976378,69.6113074204947,13.10679611650486,98.0392156862745,98.69281045751634,15.625,96.1977186311787,91.51943462897526,57.09219858156028,97.84172661870504,29.328621908127207,100.0,100.0,75.5,23,0.1071886817555545,-0.0003712497291094,0.6666312785007447,-1.206811042382801,4.735789149035093,-0.122092011292584,-6.420916992786458,1.7061034940590922,85.65573770491804,93.8388625592417,14.453125,0.0,0.0,0.0,35.0,24.5,Market fields 100%; SEC fields 87%; filing age 93 days; peer count 23; source live_public_data; real filing chunks 0; EBIT proxy used instead of EBITDA.,1.9607843137254901,1.3071895424836601,94.31279620853081,17.509727626459153,97.90794979079497,8.480565371024735,42.90780141843972,72.37354085603113,100.0,100.0,1.9607843137254901,17.509727626459153,100.0,40.92369541044334,32.0,67.99221162258713,59.1,25.5,53.8,72.0,56.6,56.3,53.7,Screen is supported by balanced but not standout structured metrics; key caution is no major structured red flag from the cached screen.,"Platform screen reflects scale, margins, cash conversion and leverage discipline; it is not a transaction recommendation.",Value creation screen looks for peer margin or cash-conversion gaps with enough growth and risk control for further diligence.,"Red flag screen combines leverage, weak cash conversion, liquidity, valuation support, volatility, trend and data-gap indicators."
ENPH,"Enphase Energy, Inc.",Energy Transition,Technology,Solar,9129662464.0,8944265216.0,69.2699966430664,70.27999877929688,26.1200008392334,0.0143711177258585,0.8342242939478592,1.254,6.39,68.58415,live_yfinance,live_api,yfinance,2026-05-28T16:36:26+00:00,2025.0,2026-02-17,1463101.0,1472985000.0,687004000.0,204814000.0,172133000.0,474318000.0,1204377000.0,136540000.0,40639000.0,0.1071886817555545,-0.1418540710751898,0.4664025770798752,0.1390469013601632,0.116859981601985,0.6666536467233685,177179000.0,0.865072700108391,0.0275895545440041,0.3220114257782666,5.880345093597118,3.564497544113195,-0.0548941150831732,-0.1418540710751898,3.0258760991540496,live_sec_companyfacts,live_api,True,False,6.07220386901428,43.67018473346548,1.0,1.0,1.0,100.0,8.0,Small/mid-cap platform candidate,live_public_data,2026-05-28T16:37:54+00:00,62.2568093385214,3.543307086614173,59.036144578313255,46.72131147540984,46.875,23.25581395348837,25.118483412322274,66.53696498054474,15.062761506276152,3.543307086614173,94.69964664310953,54.36893203883495,22.22222222222222,28.75816993464052,37.890625,16.730038022813687,89.39929328621908,4.255319148936165,20.143884892086326,27.56183745583039,100.0,100.0,79.5,23,0.1071886817555545,-0.0003712497291094,0.6666312785007447,-1.206811042382801,4.735789149035093,0.1394181510892727,0.1984414216076463,0.2821947257198894,19.672131147540984,34.12322274881517,35.546875,0.0,0.0,0.0,35.0,20.5,Market fields 100%; SEC fields 100%; filing age 100 days; peer count 23; source live_public_data; real filing chunks 0; EBIT proxy used instead of EBITDA.,77.77777777777779,71.24183006535948,74.88151658767772,33.46303501945526,84.93723849372385,10.60070671378092,95.74468085106383,37.7431906614786,100.0,74.88151658767772,77.77777777777779,33.46303501945526,62.109375,35.123231370104364,66.3,33.74427252081442,64.9,35.2,57.5,66.5,40.4,52.5,48.8,"Screen is supported by above-peer EBIT margin proxy, strong free cash flow conversion proxy; key caution is elevated debt to EBIT proxy.","Platform screen reflects scale, margins, cash conversion and leverage discipline; it is not a transaction recommendation.",Value creation screen looks for peer margin or cash-conversion gaps with enough growth and risk control for further diligence.,"Red flag screen combines leverage, weak cash conversion, liquidity, valuation support, volatility, trend and data-gap indicators."
FLNC,"Fluence Energy, Inc.",Energy Transition,Utilities,Utilities - Renewable,3870524416.0,2922992896.0,21.0,32.22999954223633,4.440000057220459,0.3484331275748171,1.1778084155106103,2.615,1.131,,live_yfinance,live_api,yfinance,2026-05-28T16:36:26+00:00,2025.0,2025-11-25,1868941.0,2262830000.0,295785000.0,-45072000.0,-67989000.0,714630000.0,0.0,-145538000.0,14884000.0,-0.1614682189996005,0.2359252049997424,0.1307146360972764,-0.0199184207386326,-0.0300460043396985,3.229011359602414,-130654000.0,2.8987841675541355,0.0065776041505548,0.3158125002762028,-0.0,15.855298189563364,0.2202111300801122,0.2359252049997424,,live_sec_companyfacts,live_api,True,False,1.291742152967744,-64.85163507277245,0.8888888888888888,1.0,0.9555555555555556,184.0,8.0,Small/mid-cap platform candidate,live_public_data,2026-05-28T16:37:54+00:00,2.7237354085603114,88.18897637795276,4.819277108433735,11.475409836065573,9.765625,90.69767441860465,78.67298578199052,65.36964980544747,83.26359832635984,88.18897637795276,87.45583038869258,86.89320388349515,85.94771241830065,5.882352941176472,89.0625,92.77566539923954,22.26148409893993,0.35460992907800915,0.0,12.7208480565371,85.0,60.0,76.8,23,0.1071886817555545,-0.0003712497291094,0.6666312785007447,-1.206811042382801,4.735789149035093,-0.0195471710095231,2.232152889053391,-0.7272382464006165,58.606557377049185,11.848341232227488,92.1875,0.0,0.0,0.0,35.0,23.16666666666667,Market fields 89%; SEC fields 100%; filing age 184 days; peer count 23; source live_public_data; real filing chunks 0; EBIT proxy used instead of EBITDA.,14.052287581699346,94.11764705882352,21.32701421800948,34.630350194552534,16.73640167364016,77.73851590106007,99.64539007092199,100.0,16.73640167364016,21.32701421800948,14.052287581699346,34.630350194552534,10.9375,61.33342016764063,45.6,54.418141496798334,38.7,43.1,56.3,64.1,49.2,57.4,56.6,Screen is supported by strong free cash flow conversion proxy; key caution is no major structured red flag from the cached screen.,"Platform screen reflects scale, margins, cash conversion and leverage discipline; it is not a transaction recommendation.",Value creation screen looks for peer margin or cash-conversion gaps with enough growth and risk control for further diligence.,"Red flag screen combines leverage, weak cash conversion, liquidity, valuation support, volatility, trend and data-gap indicators."
FSLR,"First Solar, Inc.",Energy Transition,Technology,Solar,32090945536.0,27567323136.0,298.6499938964844,298.6499938964844,143.6699981689453,0.0,0.5648502349040445,1.564,5.087,19.28018,live_yfinance,live_api,yfinance,2026-05-28T16:36:27+00:00,2025.0,2026-02-24,1274494.0,5219376000.0,2120339000.0,1580913000.0,1528229000.0,2814031000.0,282593000.0,2057105000.0,869875000.0,0.2408505454570524,0.258374947984624,0.4062437732020073,0.3028931044630622,0.2927991775262024,1.3012132862466184,2926980000.0,1.8514491309768468,0.1666626431971944,0.5391508486838273,0.1787530370108918,-1.6012506697079472,0.299610571865849,0.258374947984624,-21.2621634551966,live_sec_companyfacts,live_api,True,False,5.281727765158134,17.437596588806596,1.0,1.0,1.0,93.0,8.0,Mid-cap possible public-to-private screen,live_public_data,2026-05-28T16:37:54+00:00,88.715953307393,90.15748031496062,50.602409638554214,79.09836065573771,81.640625,53.875968992248055,63.507109004739334,80.93385214007782,86.61087866108787,90.15748031496062,94.69964664310953,16.504854368932044,75.81699346405229,83.00653594771241,42.578125,66.15969581749049,97.87985865724382,16.666666666666664,95.68345323741008,58.303886925795055,65.0,75.0,92.0,23,0.1071886817555545,-0.0003712497291094,0.6666312785007447,-1.206811042382801,4.735789149035093,0.3032643541921717,1.1848178524761022,0.115279333378741,9.836065573770492,18.95734597156398,41.015625,491.0,491.0,0.0,100.0,8.0,Market fields 100%; SEC fields 100%; filing age 93 days; peer count 23; source live_public_data; real filing chunks 491; EBIT proxy used instead of EBITDA.,24.18300653594771,16.99346405228758,36.492890995260666,19.066147859922182,13.389121338912133,2.1201413427561837,83.33333333333334,11.284046692607006,13.389121338912133,36.492890995260666,24.18300653594771,19.066147859922182,57.421875,71.172802853364,25.7,74.30920153397597,28.8,71.4,72.0,68.8,41.5,67.9,65.0,"Screen is supported by above-peer latest revenue growth, above-peer EBIT margin proxy, strong free cash flow conversion proxy; key caution is no major structured red flag from the cached screen.","Platform screen reflects scale, margins, cash conversion and leverage discipline; it is not a transaction recommendation.",Value creation screen looks for peer margin or cash-conversion gaps with enough growth and risk control for further diligence.,"Red flag screen combines leverage, weak cash conversion, liquidity, valuation support, volatility, trend and data-gap indicators."
HASI,"HA Sustainable Infrastructure Capital, Inc.",Energy Transition,Financial Services,Asset Management,5313968640.0,10663260160.0,41.58000183105469,43.310001373291016,23.45716857910156,0.0399445737100162,0.3268048968977481,1.463,121.296,103.950005,live_yfinance,live_api,yfinance,2026-05-28T16:36:27+00:00,2025.0,2026-02-13,1561894.0,400502000.0,,273483000.0,188236000.0,145223000.0,,167317000.0,,0.0440751313234009,0.1865604657500901,,0.6828505225941444,0.4700001498119859,0.6118003678473616,,,,0.3626024339453985,,,0.4772418764527477,0.1865604657500901,,live_sec_companyfacts,live_api,True,False,26.624736355873377,38.99057769587141,1.0,0.6,0.76,104.0,8.0,Mid-cap possible public-to-private screen,live_public_data,2026-05-28T16:37:54+00:00,29.18287937743191,83.07086614173228,0.0,93.44262295081968,92.1875,20.54263565891473,0.0,69.26070038910505,92.05020920502092,83.07086614173228,16.431095406360424,0.0,0.0,0.0,6.25,19.01140684410646,80.21201413427562,48.58156028368794,0.0,18.727915194346288,100.0,100.0,67.5,23,0.1071886817555545,-0.0003712497291094,0.6666312785007447,-1.206811042382801,4.735789149035093,0.6832217723232539,,4.622027399868111,4.918032786885246,0.0,5.078125,0.0,0.0,0.0,35.0,32.5,Market fields 100%; SEC fields 60%; filing age 104 days; peer count 23; source live_public_data; real filing chunks 0; EBIT proxy used instead of EBITDA.,0.0,0.0,100.0,30.739299610894946,7.94979079497908,19.78798586572438,51.41843971631206,70.8171206225681,7.94979079497908,100.0,0.0,30.739299610894946,100.0,51.768884850697575,26.6,73.4240312033173,48.2,42.1,60.6,59.1,18.2,51.5,47.9,Screen is supported by above-peer EBIT margin proxy; key caution is incomplete public data coverage.,"Platform screen reflects scale, margins, cash conversion and leverage discipline; it is not a transaction recommendation.",Value creation screen looks for peer margin or cash-conversion gaps with enough growth and risk control for further diligence.,"Red flag screen combines leverage, weak cash conversion, liquidity, valuation support, volatility, trend and data-gap indicators."
NEE,"NextEra Energy, Inc.",Energy Transition,Utilities,Utilities - Regulated Electric,184200658944.0,296595193856.0,88.31999969482422,97.87999725341795,65.26890563964844,0.0976705948799964,0.2361259102632233,0.721,10.644,22.416243,live_yfinance,live_api,yfinance,2026-05-28T16:36:27+00:00,2025.0,2026-02-13,753308.0,,,4530000000.0,5332000000.0,3006000000.0,93056000000.0,12485000000.0,,,,,,,2.7560706401766004,,,,,20.542163355408388,19.87858719646799,,,4.391589242673522,live_sec_companyfacts,live_api,True,False,,65.47355272759381,1.0,0.4666666666666667,0.6799999999999999,104.0,8.0,Mega-cap benchmark / public quality comp,live_public_data,2026-05-28T16:37:54+00:00,0.0,0.0,0.0,0.0,0.0,87.59689922480621,0.0,0.0,0.0,0.0,8.657243816254418,0.0,3.9215686274509776,1.9607843137254943,0.0,8.365019011406849,59.36395759717315,74.822695035461,13.669064748201443,93.28621908127208,5.0,3.0,61.4,23,0.1071886817555545,-0.0003712497291094,0.6666312785007447,-1.206811042382801,4.735789149035093,,,,0.0,0.0,0.0,7.0,0.0,7.0,64.0,38.599999999999994,Market fields 100%; SEC fields 47%; filing age 104 days; peer count 23; source live_public_data; real filing chunks 0; EBIT proxy used instead of EBITDA.,96.07843137254902,98.0392156862745,100.0,100.0,100.0,40.63604240282685,25.177304964539005,100.0,100.0,100.0,96.07843137254902,100.0,100.0,11.60369795577806,86.7,13.294760382162039,88.4,11.0,6.1,13.2,6.1,13.6,11.1,"Screen is supported by balanced but not standout structured metrics; key caution is elevated debt to EBIT proxy, incomplete public data coverage.","Platform screen reflects scale, margins, cash conversion and leverage discipline; it is not a transaction recommendation.",Value creation screen looks for peer margin or cash-conversion gaps with enough growth and risk control for further diligence.,"Red flag screen combines leverage, weak cash conversion, liquidity, valuation support, volatility, trend and data-gap indicators."
NRG,"NRG Energy, Inc.",Energy Transition,Utilities,Utilities - Independent Power Producers,29264349184.0,52946132992.0,138.70249938964844,183.4681396484375,123.70999908447266,0.2439968069909532,0.4417073116180068,1.315,1.635,152.42032,live_yfinance,live_api,yfinance,2026-05-28T16:36:29+00:00,2025.0,2026-02-24,1013871.0,30347000000.0,,1134000000.0,864000000.0,4708000000.0,,1913000000.0,1147000000.0,0.0936644082456392,-0.0122275797847176,,0.03736777935216,0.0284706890302171,1.6869488536155204,3060000000.0,2.6984126984126986,0.0377961577750683,0.1551388934655814,,,-0.0154459909730432,-0.0122275797847176,,live_sec_companyfacts,live_api,True,False,1.744690842323788,46.68971163315697,1.0,0.7333333333333333,0.84,93.0,8.0,Large-cap strategic / unlikely PE target,live_public_data,2026-05-28T16:37:54+00:00,54.08560311284047,13.385826771653544,0.0,22.131147540983605,19.53125,71.70542635658916,72.51184834123224,47.47081712062256,28.451882845188287,13.385826771653544,34.62897526501767,42.23300970873787,0.0,0.0,85.15625,12.927756653992395,31.802120141342762,29.78723404255319,0.0,55.47703180212014,20.0,35.0,71.5,23,0.1071886817555545,-0.0003712497291094,0.6666312785007447,-1.206811042382801,4.735789149035093,0.0377390290812695,2.0317814199119537,-0.6315944845899094,38.9344262295082,13.744075829383887,86.328125,0.0,0.0,0.0,35.0,28.5,Market fields 100%; SEC fields 73%; filing age 93 days; peer count 23; source live_public_data; real filing chunks 0; EBIT proxy used instead of EBITDA.,0.0,0.0,27.488151658767762,52.52918287937744,71.5481171548117,68.19787985865725,70.2127659574468,45.91439688715953,100.0,27.488151658767762,0.0,52.52918287937744,14.84375,59.62127766811814,30.3,69.70677281112923,40.4,32.4,24.9,44.6,46.9,43.8,43.8,"Screen is supported by above-peer EBIT margin proxy, strong free cash flow conversion proxy; key caution is no major structured red flag from the cached screen.","Platform screen reflects scale, margins, cash conversion and leverage discipline; it is not a transaction recommendation.",Value creation screen looks for peer margin or cash-conversion gaps with enough growth and risk control for further diligence.,"Red flag screen combines leverage, weak cash conversion, liquidity, valuation support, volatility, trend and data-gap indicators."
NXT,Nextpower Inc.,Energy Transition,Technology,Solar,20512026624.0,19310891008.0,134.78500366210938,144.2899932861328,53.79999923706055,0.0658742121165302,0.6162318597464054,1.598,5.425,35.10026,live_yfinance,live_api,yfinance,2026-05-28T16:36:29+00:00,2026.0,2026-05-19,1852131.0,3559390000.0,1160095000.0,713826000.0,585883000.0,1094976000.0,,562911000.0,49277000.0,0.202822927976745,0.232285280268446,0.3259252287611079,0.2005472847875619,0.164602080693602,0.7885829319750192,612188000.0,0.8576151611176953,0.0138442261173965,0.3076302400130359,,,0.1116562112213571,0.232285280268446,,live_sec_companyfacts,live_api,True,False,5.425337208903773,27.052658502212022,1.0,0.8666666666666667,0.92,9.0,8.0,Mid-cap possible public-to-private screen,live_public_data,2026-05-28T16:37:54+00:00,83.65758754863813,87.79527559055119,30.120481927710845,61.47540983606557,61.328125,25.581395348837212,24.644549763033176,63.42412451361867,71.96652719665272,87.79527559055119,69.6113074204947,72.33009708737865,0.0,0.0,40.625,42.20532319391636,68.90459363957598,12.411347517730498,0.0,42.75618374558304,100.0,100.0,75.5,23,0.1071886817555545,-0.0003712497291094,0.6666312785007447,-1.206811042382801,4.735789149035093,0.2009185345166714,0.1909838826169506,0.1456036234233895,13.114754098360656,35.54502369668246,39.84375,0.0,0.0,0.0,35.0,24.5,Market fields 100%; SEC fields 87%; filing age 9 days; peer count 23; source live_public_data; real filing chunks 0; EBIT proxy used instead of EBITDA.,0.0,0.0,75.35545023696682,36.57587548638133,28.03347280334728,31.09540636042403,87.58865248226951,16.342412451361866,28.03347280334728,75.35545023696682,0.0,36.57587548638133,59.375,62.841476030179095,29.4,70.63404278876087,37.2,49.8,63.9,64.6,45.6,60.4,59.0,"Screen is supported by above-peer latest revenue growth, above-peer EBIT margin proxy, strong free cash flow conversion proxy; key caution is no major structured red flag from the cached screen.","Platform screen reflects scale, margins, cash conversion and leverage discipline; it is not a transaction recommendation.",Value creation screen looks for peer margin or cash-conversion gaps with enough growth and risk control for further diligence.,"Red flag screen combines leverage, weak cash conversion, liquidity, valuation support, volatility, trend and data-gap indicators."
ORA,"Ormat Technologies, Inc.",Energy Transition,Utilities,Utilities - Renewable,8503635968.0,11489183744.0,138.375,139.69000244140625,72.21074676513672,0.0094137190809903,0.2987908922896566,0.799,9.873,66.84783,live_yfinance,live_api,yfinance,2026-05-28T16:36:29+00:00,2025.0,2026-02-26,1296445.0,,272685000.0,169225000.0,126990000.0,147448000.0,,335101000.0,619776000.0,,,,,,1.98020977987886,954877000.0,5.642647362978283,,,,,,,,live_sec_companyfacts,live_api,True,False,,67.89294574678682,1.0,0.5333333333333333,0.72,91.0,8.0,Mid-cap possible public-to-private screen,live_public_data,2026-05-28T16:37:54+00:00,0.0,0.0,0.0,0.0,0.0,79.45736434108527,91.4691943127962,0.0,0.0,0.0,11.307420494699647,0.0,0.0,0.0,0.0,7.984790874524716,90.45936395759718,55.319148936170215,0.0,25.4416961130742,100.0,100.0,65.5,23,0.1071886817555545,-0.0003712497291094,0.6666312785007447,-1.206811042382801,4.735789149035093,,4.976016084477538,,0.0,5.213270142180095,0.0,0.0,0.0,0.0,35.0,34.5,Market fields 100%; SEC fields 53%; filing age 91 days; peer count 23; source live_public_data; real filing chunks 0; EBIT proxy used instead of EBITDA.,0.0,0.0,8.530805687203795,100.0,100.0,9.540636042402827,44.680851063829785,100.0,100.0,8.530805687203795,0.0,100.0,100.0,42.30060300494101,27.9,72.10653940070073,57.7,21.6,47.6,69.1,13.3,47.0,41.3,Screen is supported by strong free cash flow conversion proxy; key caution is incomplete public data coverage.,"Platform screen reflects scale, margins, cash conversion and leverage discipline; it is not a transaction recommendation.",Value creation screen looks for peer margin or cash-conversion gaps with enough growth and risk control for further diligence.,"Red flag screen combines leverage, weak cash conversion, liquidity, valuation support, volatility, trend and data-gap indicators."
PLUG,Plug Power Inc.,Energy Transition,Industrials,Electrical Equipment & Parts,5852315136.0,6572360704.0,4.195000171661377,4.195000171661377,0.8199999928474426,0.0,1.1136199220376108,2.065,8.884,,live_yfinance,live_api,yfinance,2026-05-28T16:36:30+00:00,2025.0,2026-03-02,1093691.0,709919000.0,-242040000.0,-1693312000.0,-1693668000.0,993984000.0,,-535835000.0,111164000.0,0.12898090691365,0.0040132027979291,-0.3409403044572691,-2.3852185953608798,-2.385720061021046,0.3164419787965832,-424671000.0,0.2507931202282863,0.1565868782213182,1.4001371987508433,,,-1.3542408923499305,0.0040132027979291,,live_sec_companyfacts,live_api,True,False,9.257902245185718,-3.881364275455439,0.8888888888888888,0.8666666666666667,0.8755555555555556,87.0,8.0,Small/mid-cap platform candidate,live_public_data,2026-05-28T16:37:54+00:00,68.48249027237354,16.535433070866144,1.2048192771084338,0.4098360655737705,0.390625,16.666666666666664,17.061611374407583,91.05058365758755,1.6736401673640167,16.535433070866144,48.93992932862191,17.96116504854369,0.0,0.0,21.09375,86.69201520912547,97.87985865724382,0.7092198581560294,0.0,20.49469964664311,100.0,100.0,72.8,23,0.1071886817555545,-0.0003712497291094,0.6666312785007447,-1.206811042382801,4.735789149035093,-2.3848473456317705,-0.4158381582724583,0.9548805814279118,100.0,73.45971563981043,19.53125,0.0,0.0,0.0,35.0,27.16666666666667,Market fields 89%; SEC fields 87%; filing age 87 days; peer count 23; source live_public_data; real filing chunks 0; EBIT proxy used instead of EBITDA.,0.0,0.0,82.93838862559241,8.949416342412448,98.32635983263599,2.1201413427561837,99.29078014184397,31.51750972762646,100.0,82.93838862559241,0.0,8.949416342412448,78.90625,48.784893884562884,32.3,67.66801532992898,51.2,17.1,41.5,61.9,64.1,51.4,51.4,Screen is supported by above-peer latest revenue growth; key caution is no major structured red flag from the cached screen.,"Platform screen reflects scale, margins, cash conversion and leverage discipline; it is not a transaction recommendation.",Value creation screen looks for peer margin or cash-conversion gaps with enough growth and risk control for further diligence.,"Red flag screen combines leverage, weak cash conversion, liquidity, valuation support, volatility, trend and data-gap indicators."
QS,QuantumScape Corporation,Energy Transition,Consumer Cyclical,Auto Parts,5755543040.0,4768451584.0,9.356399536132812,18.440000534057617,3.930000066757202,0.4926030767270271,1.0265684057294882,2.584,,,live_yfinance,live_api,yfinance,2026-05-28T16:36:30+00:00,2025.0,2026-02-25,1811414.0,,,-433506000.0,-435050000.0,230524000.0,,-242473000.0,36277000.0,,,,,,0.5593302053489456,-206196000.0,0.475647395883794,,,,,,,,live_sec_companyfacts,live_api,True,False,,-10.999736068243577,0.7777777777777778,0.4666666666666667,0.5911111111111111,92.0,8.0,Small/mid-cap platform candidate,live_public_data,2026-05-28T16:37:54+00:00,0.0,0.0,0.0,0.0,0.0,19.379844961240313,18.009478672985782,0.0,0.0,0.0,2.8268551236749118,0.0,0.0,0.0,0.0,88.59315589353612,7.420494699646641,2.127659574468088,0.0,19.78798586572438,85.0,60.0,58.2,23,0.1071886817555545,-0.0003712497291094,0.6666312785007447,-1.206811042382801,4.735789149035093,,-0.1909838826169506,,0.0,62.08530805687204,0.0,0.0,0.0,0.0,35.0,41.83333333333334,Market fields 78%; SEC fields 47%; filing age 92 days; peer count 23; source live_public_data; real filing chunks 0; EBIT proxy used instead of EBITDA.,0.0,0.0,81.99052132701422,100.0,100.0,92.57950530035336,97.87234042553192,100.0,100.0,81.99052132701422,0.0,100.0,100.0,25.705062686968503,52.2,47.79377882359983,74.3,6.1,33.4,33.5,14.9,28.4,26.7,"Screen is supported by balanced but not standout structured metrics; key caution is material share price drawdown, incomplete public data coverage.","Platform screen reflects scale, margins, cash conversion and leverage discipline; it is not a transaction recommendation.",Value creation screen looks for peer margin or cash-conversion gaps with enough growth and risk control for further diligence.,"Red flag screen combines leverage, weak cash conversion, liquidity, valuation support, volatility, trend and data-gap indicators."
RUN,Sunrun Inc.,Energy Transition,Technology,Solar,3648611328.0,19434567680.0,15.295000076293944,21.40999984741211,5.78000020980835,0.285614190317582,1.057426393751283,2.248,6.121,7.180751,live_yfinance,live_api,yfinance,2026-05-28T16:36:31+00:00,2025.0,2026-02-26,1469367.0,2956997000.0,,-1176324000.0,-1009106000.0,1236988000.0,,-421440000.0,,0.4511308968508416,0.0840074392748921,,-0.3978103461045107,-0.3412604070954417,0.358268640272578,,,,0.4183257541350228,,,-0.0327952820618679,0.0840074392748921,,live_sec_companyfacts,live_api,True,False,6.572400201961653,-16.521441099561006,1.0,0.6,0.76,91.0,8.0,Mid-cap possible public-to-private screen,live_public_data,2026-05-28T16:37:54+00:00,95.71984435797665,52.75590551181102,0.0,1.639344262295082,1.953125,17.829457364341085,0.0,72.76264591439688,20.502092050209207,52.75590551181102,16.431095406360424,0.0,0.0,0.0,33.59375,90.49429657794677,26.855123674911663,1.4184397163120588,0.0,12.36749116607774,100.0,100.0,67.5,23,0.1071886817555545,-0.0003712497291094,0.6666312785007447,-1.206811042382801,4.735789149035093,-0.3974390963754012,,0.3878152077992672,97.54098360655738,0.0,32.8125,0.0,0.0,0.0,35.0,32.5,Market fields 100%; SEC fields 60%; filing age 91 days; peer count 23; source live_public_data; real filing chunks 0; EBIT proxy used instead of EBITDA.,0.0,0.0,100.0,27.237354085603116,79.4979079497908,73.14487632508833,98.58156028368793,4.280155642023345,100.0,100.0,0.0,27.237354085603116,66.40625,49.46428986602091,42.4,57.58071425954468,50.5,23.0,43.8,56.6,48.9,48.1,47.8,Screen is supported by above-peer latest revenue growth; key caution is incomplete public data coverage.,"Platform screen reflects scale, margins, cash conversion and leverage discipline; it is not a transaction recommendation.",Value creation screen looks for peer margin or cash-conversion gaps with enough growth and risk control for further diligence.,"Red flag screen combines leverage, weak cash conversion, liquidity, valuation support, volatility, trend and data-gap indicators."
SEDG,"SolarEdge Technologies, Inc.",Energy Transition,Technology,Solar,4316876288.0,4316413952.0,70.9800033569336,73.2300033569336,15.960000038146973,0.0307251112502777,1.0342280192872302,1.176,3.384,,live_yfinance,live_api,yfinance,2026-05-28T16:36:31+00:00,2025.0,2026-02-25,1419612.0,1184444000.0,196281000.0,-391106000.0,-405448000.0,539846000.0,,104261000.0,23467000.0,0.3139232530484017,-0.2751662703696766,0.1657157282235378,-0.3302021876931286,-0.3423108226307026,-0.2665799041692022,127728000.0,-0.3265815405542231,0.0198126715995015,0.4557800959775219,,,-0.3871601004720143,-0.2751662703696766,,live_sec_companyfacts,live_api,True,False,3.644253296905552,-11.036429898799812,0.8888888888888888,0.8666666666666667,0.8755555555555556,92.0,8.0,Small/mid-cap platform candidate,live_public_data,2026-05-28T16:37:54+00:00,92.99610894941634,2.3622047244094486,8.433734939759036,2.0491803278688523,1.5625,13.953488372093023,16.113744075829384,75.4863813229572,4.184100418410042,2.3622047244094486,48.93992932862191,60.679611650485434,0.0,0.0,59.375,88.97338403041826,81.97879858657244,1.773049645390068,0.0,14.13427561837456,85.0,60.0,72.8,23,0.1071886817555545,-0.0003712497291094,0.6666312785007447,-1.206811042382801,4.735789149035093,-0.3298309379640191,-0.9932128190549678,-0.230486581597903,96.31147540983606,79.62085308056872,66.015625,0.0,0.0,0.0,35.0,27.16666666666667,Market fields 89%; SEC fields 87%; filing age 92 days; peer count 23; source live_public_data; real filing chunks 0; EBIT proxy used instead of EBITDA.,0.0,0.0,83.88625592417061,24.5136186770428,95.81589958158996,18.021201413427562,98.22695035460993,7.003891050583661,100.0,100.0,0.0,24.5136186770428,40.625,52.334026202500205,35.6,64.39469868301703,47.7,19.4,35.8,48.9,78.2,49.1,51.9,Screen is supported by above-peer latest revenue growth; key caution is no major structured red flag from the cached screen.,"Platform screen reflects scale, margins, cash conversion and leverage discipline; it is not a transaction recommendation.",Value creation screen looks for peer margin or cash-conversion gaps with enough growth and risk control for further diligence.,"Red flag screen combines leverage, weak cash conversion, liquidity, valuation support, volatility, trend and data-gap indicators."
SHLS,"Shoals Technologies Group, Inc.",Energy Transition,Technology,Solar,2039266432.0,2251067392.0,12.154999732971191,12.154999732971191,4.25,0.0,0.8527179574026517,1.739,4.203,60.774998,live_yfinance,live_api,yfinance,2026-05-28T16:36:31+00:00,2025.0,2026-02-24,1831651.0,475331000.0,166508000.0,48518000.0,33574000.0,7320000.0,,17067000.0,33043000.0,0.1906850564116951,0.1328594372202298,0.3502990547639434,0.1020720298065979,0.0706328852946683,0.3517663547549363,50110000.0,1.0328125644090853,0.0695157690114888,0.0153997950901582,,,-0.3628450803665225,0.1328594372202298,,live_sec_companyfacts,live_api,True,False,4.735789149035093,46.39654132486912,1.0,0.8666666666666667,0.92,93.0,8.0,Small/mid-cap platform candidate,live_public_data,2026-05-28T16:37:54+00:00,81.32295719844358,72.83464566929135,32.53012048192771,36.0655737704918,30.46875,17.441860465116278,32.22748815165877,7.003891050583658,4.602510460251046,72.83464566929135,69.6113074204947,29.126213592233007,0.0,0.0,47.265625,14.068441064638781,97.87985865724382,3.1914893617021267,0.0,7.06713780918728,85.0,60.0,75.5,23,0.1071886817555545,-0.0003712497291094,0.6666312785007447,-1.206811042382801,4.735789149035093,0.1024432795357074,0.3661812859083406,0.0,24.59016393442623,29.85781990521327,50.1953125,0.0,0.0,0.0,35.0,24.5,Market fields 100%; SEC fields 87%; filing age 93 days; peer count 23; source live_public_data; real filing chunks 0; EBIT proxy used instead of EBITDA.,0.0,0.0,67.77251184834122,92.99610894941634,95.39748953974896,2.1201413427561837,96.80851063829788,18.677042801556425,100.0,67.77251184834122,0.0,92.99610894941634,52.734375,47.890342010010905,39.5,60.500421091021096,52.1,37.8,54.8,49.8,46.0,50.5,50.1,"Screen is supported by above-peer latest revenue growth, above-peer EBIT margin proxy, strong free cash flow conversion proxy; key caution is no major structured red flag from the cached screen.","Platform screen reflects scale, margins, cash conversion and leverage discipline; it is not a transaction recommendation.",Value creation screen looks for peer margin or cash-conversion gaps with enough growth and risk control for further diligence.,"Red flag screen combines leverage, weak cash conversion, liquidity, valuation support, volatility, trend and data-gap indicators."
STEM,"Stem, Inc.",Energy Transition,Utilities,Utilities - Renewable,92749248.0,424528768.0,10.354999542236328,29.790000915527344,6.170000076293945,0.6524001603222837,1.214118961187563,1.517,2.779,,live_yfinance,live_api,yfinance,2026-05-28T16:36:32+00:00,2025.0,2026-03-05,1758766.0,156266000.0,59956000.0,138297000.0,137761000.0,50701000.0,,6861000.0,,0.0807973219720024,-0.2449183206270838,0.383679111259007,0.8850101749580843,0.8815801261950776,0.0496106206208377,,,,0.3244531759947781,,,1.268543702976157,-0.2449183206270838,,live_sec_companyfacts,live_api,True,False,2.71670592451333,3.069688915883931,0.8888888888888888,0.7333333333333333,0.7955555555555556,84.0,8.0,Distressed/special situations watchlist,live_public_data,2026-05-28T16:37:54+00:00,47.081712062256805,2.7559055118110236,42.168674698795186,96.31147540983606,96.09375,15.11627906976744,0.0,67.31517509727627,97.07112970711297,2.7559055118110236,21.73144876325088,0.0,0.0,0.0,69.140625,84.03041825095056,0.7067137809187329,0.0,0.0,0.35335689045936397,35.0,20.0,68.8,23,0.1071886817555545,-0.0003712497291094,0.6666312785007447,-1.206811042382801,4.735789149035093,0.8853814246871938,,-0.426345675658543,3.6885245901639343,0.0,80.078125,0.0,0.0,0.0,35.0,31.16666666666667,Market fields 89%; SEC fields 73%; filing age 84 days; peer count 23; source live_public_data; real filing chunks 0; EBIT proxy used instead of EBITDA.,0.0,0.0,100.0,32.68482490272373,2.9288702928870265,99.29328621908127,100.0,52.918287937743195,2.9288702928870265,100.0,0.0,32.68482490272373,30.859375,58.275278765351196,38.1,61.85560536047632,41.7,37.8,34.9,25.2,28.0,37.4,38.8,"Screen is supported by above-peer EBIT margin proxy; key caution is material share price drawdown, incomplete public data coverage.","Platform screen reflects scale, margins, cash conversion and leverage discipline; it is not a transaction recommendation.",Value creation screen looks for peer margin or cash-conversion gaps with enough growth and risk control for further diligence.,"Red flag screen combines leverage, weak cash conversion, liquidity, valuation support, volatility, trend and data-gap indicators."
TSLA,"Tesla, Inc.",Energy Transition,Consumer Cyclical,Auto Manufacturers,1655748296704.0,1625703579648.0,440.8599853515625,489.8800048828125,284.70001220703125,0.1000653609917726,0.462981273300652,1.793,16.609,400.7818,live_yfinance,live_api,yfinance,2026-05-28T16:36:32+00:00,2025.0,2026-01-29,1318605.0,94827000000.0,17094000000.0,5278000000.0,3855000000.0,16513000000.0,,14747000000.0,8527000000.0,-0.0293069915037362,0.051943257367141,0.1802651143661615,0.0556592531662923,0.0406529785820494,2.7940507768093976,23274000000.0,4.40962485790072,0.0899216467883619,0.1741381673995803,,,-0.1127505575429954,0.051943257367141,,live_sec_companyfacts,live_api,True,False,17.143889183966593,308.01507761424784,1.0,0.8666666666666667,0.92,119.0,8.0,Mega-cap benchmark / public quality comp,live_public_data,2026-05-28T16:37:54+00:00,7.782101167315175,36.61417322834646,10.843373493975903,26.229508196721312,24.21875,87.98449612403101,87.20379146919431,50.583657587548636,11.297071129707113,36.61417322834646,69.6113074204947,24.75728155339806,0.0,0.0,9.375,1.9011406844106515,57.95053003533569,26.595744680851062,0.0,99.64664310954063,5.0,3.0,73.4,23,0.1071886817555545,-0.0003712497291094,0.6666312785007447,-1.206811042382801,4.735789149035093,0.0560305028954018,3.7429935793999753,2.6200702025468394,32.78688524590164,9.004739336492891,10.15625,7.0,0.0,7.0,64.0,26.599999999999994,Market fields 100%; SEC fields 87%; filing age 119 days; peer count 23; source live_public_data; real filing chunks 0; EBIT proxy used instead of EBITDA.,0.0,0.0,12.796208530805686,49.416342412451364,88.70292887029288,42.04946996466431,73.40425531914893,100.0,100.0,12.796208530805686,0.0,49.416342412451364,100.0,45.010631968294035,26.9,73.07506523654929,55.0,34.4,26.9,23.1,24.3,33.7,33.0,"Screen is supported by above-peer EBIT margin proxy, strong free cash flow conversion proxy; key caution is no major structured red flag from the cached screen.","Platform screen reflects scale, margins, cash conversion and leverage discipline; it is not a transaction recommendation.",Value creation screen looks for peer margin or cash-conversion gaps with enough growth and risk control for further diligence.,"Red flag screen combines leverage, weak cash conversion, liquidity, valuation support, volatility, trend and data-gap indicators."
ACHC,"Acadia Healthcare Company, Inc.",Healthcare Services,Healthcare,Medical Care Facilities,2187895552.0,4959613440.0,23.790000915527344,28.26000022888184,11.68000030517578,0.1581740720860339,0.650737193438199,0.73,1.471,,live_yfinance,live_api,yfinance,2026-05-28T16:36:33+00:00,2025.0,2026-02-27,1520697.0,3312769000.0,,-1065941000.0,-1091923000.0,133242000.0,2499967000.0,131898000.0,571807000.0,0.0503512564985701,0.0826666347115954,,-0.3217673794943143,-0.3296103652261899,-0.1237385558863014,703705000.0,-0.6601725611455043,0.1726069641438929,0.0402207337728649,-2.34531460934517,-2.2203151956815623,-0.4650952768770515,0.0826666347115954,-6.049221938895636,live_sec_companyfacts,live_api,True,False,1.497120215747008,-4.652802960013735,0.8888888888888888,0.8666666666666667,0.8755555555555556,90.0,8.0,Small/mid-cap platform candidate,live_public_data,2026-05-28T16:37:54+00:00,31.1284046692607,51.181102362204726,0.0,2.459016393442623,2.34375,14.34108527131783,14.691943127962084,19.45525291828794,2.928870292887029,51.181102362204726,48.93992932862191,15.533980582524276,90.19607843137256,84.31372549019608,86.71875,87.07224334600761,46.28975265017667,9.219858156028371,86.33093525179856,8.12720848056537,85.0,60.0,72.8,24,0.1124105195430578,0.0500750594873652,1.4601131460681565,3.8388747583534566,1.4018754132332238,-0.3718424389816794,-2.120285707213661,0.0679409893452056,97.1311475409836,85.30805687203792,43.75,0.0,0.0,0.0,35.0,27.16666666666667,Market fields 89%; SEC fields 87%; filing age 90 days; peer count 24; source live_public_data; real filing chunks 0; EBIT proxy used instead of EBITDA.,9.803921568627452,15.686274509803921,85.30805687203792,80.54474708171206,97.07112970711297,53.71024734982333,90.78014184397163,68.8715953307393,100.0,100.0,9.803921568627452,80.54474708171206,13.28125,38.397494475706495,51.0,48.97224317784927,61.6,23.9,49.5,52.2,59.8,48.5,48.8,Screen is supported by balanced but not standout structured metrics; key caution is no major structured red flag from the cached screen.,"Platform screen reflects scale, margins, cash conversion and leverage discipline; it is not a transaction recommendation.",Value creation screen looks for peer margin or cash-conversion gaps with enough growth and risk control for further diligence.,"Red flag screen combines leverage, weak cash conversion, liquidity, valuation support, volatility, trend and data-gap indicators."
AMN,"AMN Healthcare Services, Inc.",Healthcare Services,Healthcare,Medical Care Facilities,1051877760.0,1271159552.0,27.1200008392334,30.8700008392334,15.100000381469728,0.1214771589910045,0.6583513240333719,0.304,0.372,,live_yfinance,live_api,yfinance,2026-05-28T16:36:33+00:00,2025.0,2026-02-20,1142750.0,2730429000.0,774058000.0,-101063000.0,-95702000.0,67171000.0,,269457000.0,35629000.0,-0.0849097168994641,-0.1954673720224857,0.2834931800094417,-0.0370135974969501,-0.0350501697718563,-2.6662279963982862,305086000.0,-3.018770469904911,0.0130488652149534,0.0246008960496683,,,-0.1527250218408961,-0.1954673720224857,,live_sec_companyfacts,live_api,True,False,0.4655530511871943,-12.577892522485977,0.8888888888888888,0.8666666666666667,0.8755555555555556,97.0,8.0,Small/mid-cap platform candidate,live_public_data,2026-05-28T16:37:54+00:00,5.058365758754864,3.149606299212598,22.89156626506024,8.60655737704918,9.375,7.751937984496124,10.90047393364929,12.840466926070038,7.949790794979079,3.149606299212598,48.93992932862191,73.7864077669903,0.0,0.0,95.3125,89.35361216730038,53.71024734982333,8.15602836879432,0.0,3.180212014134275,85.0,60.0,72.8,24,0.1124105195430578,0.0500750594873652,1.4601131460681565,3.8388747583534566,1.4018754132332238,-0.0870886569843153,-4.478883615973068,-0.6679069717661549,80.32786885245902,89.57345971563981,88.28125,0.0,0.0,0.0,35.0,27.16666666666667,Market fields 89%; SEC fields 87%; filing age 97 days; peer count 24; source live_public_data; real filing chunks 0; EBIT proxy used instead of EBITDA.,0.0,0.0,89.0995260663507,87.15953307392996,92.05020920502092,46.28975265017668,91.84397163120568,100.0,100.0,100.0,0.0,87.15953307392996,4.6875,35.29444562877721,45.9,54.10341794449608,64.7,11.5,38.0,48.9,66.3,44.4,45.3,Screen is supported by balanced but not standout structured metrics; key caution is no major structured red flag from the cached screen.,"Platform screen reflects scale, margins, cash conversion and leverage discipline; it is not a transaction recommendation.",Value creation screen looks for peer margin or cash-conversion gaps with enough growth and risk control for further diligence.,"Red flag screen combines leverage, weak cash conversion, liquidity, valuation support, volatility, trend and data-gap indicators."
CHE,Chemed Corporation,Healthcare Services,Healthcare,Medical Care Facilities,5841335808.0,6028793344.0,440.0549926757813,572.5335083007812,368.5899963378906,0.2313899775371788,0.3272976112637525,0.541,2.373,24.02047,live_yfinance,live_api,yfinance,2026-05-28T16:36:34+00:00,2025.0,2026-02-27,19584.0,2529978000.0,,355778000.0,265238000.0,74515000.0,,388272000.0,63827000.0,0.6525240728475523,0.281710510095396,,0.1406249382405696,0.1048380657855522,1.091332235270309,452099000.0,1.2707334348947938,0.0252282826174773,0.0294528252814846,,,-0.1337499598089724,0.281710510095396,,live_sec_companyfacts,live_api,True,False,2.3829429915991365,16.945379826745892,1.0,0.7333333333333333,0.84,90.0,8.0,Small/mid-cap platform candidate,live_public_data,2026-05-28T16:37:54+00:00,97.27626459143968,92.1259842519685,0.0,47.13114754098361,41.796875,44.96124031007752,46.91943127962085,15.56420233463035,8.786610878661087,92.1259842519685,34.62897526501767,56.310679611650485,0.0,0.0,74.21875,68.44106463878327,33.56890459363958,48.22695035460993,0.0,20.141342756183743,100.0,100.0,71.5,24,0.1124105195430578,0.0500750594873652,1.4601131460681565,3.8388747583534566,1.4018754132332238,0.0905498787532043,-0.1893797111733626,0.6998250836736065,26.639344262295083,61.61137440758294,23.828125,0.0,0.0,0.0,35.0,28.5,Market fields 100%; SEC fields 73%; filing age 90 days; peer count 24; source live_public_data; real filing chunks 0; EBIT proxy used instead of EBITDA.,0.0,0.0,53.08056872037915,84.43579766536965,91.2133891213389,66.43109540636041,51.77304964539007,2.723735408560316,100.0,53.08056872037915,0.0,84.43579766536965,25.78125,59.62776260120152,38.5,61.46852086049384,40.4,45.0,61.2,64.0,47.8,58.2,57.3,"Screen is supported by above-peer latest revenue growth, above-peer EBIT margin proxy, strong free cash flow conversion proxy; key caution is no major structured red flag from the cached screen.","Platform screen reflects scale, margins, cash conversion and leverage discipline; it is not a transaction recommendation.",Value creation screen looks for peer margin or cash-conversion gaps with enough growth and risk control for further diligence.,"Red flag screen combines leverage, weak cash conversion, liquidity, valuation support, volatility, trend and data-gap indicators."
CI,The Cigna Group,Healthcare Services,Healthcare,Healthcare Plans,75944607744.0,98870132736.0,287.0899963378906,329.0384826660156,241.7131805419922,0.1274880858562189,0.3273627518816052,0.313,0.356,2.5243118,live_yfinance,live_api,yfinance,2026-05-28T16:36:34+00:00,2025.0,2026-02-26,1739940.0,274900000000.0,,7781000000.0,6288000000.0,7736000000.0,,9601000000.0,,0.1124105195430578,0.1504992664367024,,0.0283048381229538,0.0228737722808293,1.2339030972882663,,,,0.0281411422335394,,,-0.0179680684338057,0.1504992664367024,,live_sec_companyfacts,live_api,True,False,0.3596585403273917,12.706610041896928,1.0,0.6,0.76,91.0,8.0,Large-cap strategic / unlikely PE target,live_public_data,2026-05-28T16:37:54+00:00,63.42412451361867,77.16535433070865,0.0,19.672131147540984,18.359375,51.162790697674424,0.0,14.396887159533073,26.359832635983267,77.16535433070865,16.431095406360424,0.0,0.0,0.0,96.484375,74.90494296577947,51.9434628975265,47.87234042553191,0.0,75.26501766784452,20.0,35.0,67.5,24,0.1124105195430578,0.0500750594873652,1.4601131460681565,3.8388747583534566,1.4018754132332238,-0.0217702213644114,,-0.7434447191723756,60.245901639344254,0.0,93.75,0.0,0.0,0.0,35.0,32.5,Market fields 100%; SEC fields 60%; filing age 91 days; peer count 24; source live_public_data; real filing chunks 0; EBIT proxy used instead of EBITDA.,0.0,0.0,100.0,85.60311284046693,73.64016736401673,48.0565371024735,52.12765957446809,36.57587548638133,100.0,100.0,0.0,85.60311284046693,3.515625,48.465773372174844,42.6,57.387743246537504,51.5,30.7,23.9,39.3,48.9,40.1,40.3,Screen is supported by balanced but not standout structured metrics; key caution is incomplete public data coverage.,"Platform screen reflects scale, margins, cash conversion and leverage discipline; it is not a transaction recommendation.",Value creation screen looks for peer margin or cash-conversion gaps with enough growth and risk control for further diligence.,"Red flag screen combines leverage, weak cash conversion, liquidity, valuation support, volatility, trend and data-gap indicators."
CNC,Centene Corporation,Healthcare Services,Healthcare,Healthcare Plans,29484617728.0,21775138816.0,59.709999084472656,59.709999084472656,25.209999084472656,0.0,0.6409507580878733,1.062,0.122,,live_yfinance,live_api,yfinance,2026-05-28T16:36:34+00:00,2025.0,2026-02-17,1071739.0,174581000000.0,14209000000.0,-6728000000.0,-6677000000.0,17957000000.0,17401000000.0,5088000000.0,767000000.0,0.1998281845984675,0.0881990225631188,0.0813891546044529,-0.0385379852332155,-0.0382458572238674,-0.7562425683709869,5855000000.0,-0.870243757431629,0.004393376140588,0.1028576992914463,-2.586355529131985,0.0826397146254458,-0.0530199344651998,0.0881990225631188,-11.77086113565594,live_sec_companyfacts,live_api,True,False,0.1247279991293439,-3.236495067776457,0.8888888888888888,1.0,0.9555555555555556,100.0,8.0,Mid-cap possible public-to-private screen,live_public_data,2026-05-28T16:37:54+00:00,83.26848249027238,55.118110236220474,2.4096385542168677,8.19672131147541,8.59375,12.4031007751938,13.270142180094787,36.964980544747085,15.481171548117153,55.118110236220474,87.45583038869258,92.71844660194175,90.84967320261438,62.091503267973856,98.046875,86.31178707224333,97.87985865724382,9.9290780141844,90.64748201438849,55.830388692579504,65.0,100.0,89.3,24,0.1124105195430578,0.0500750594873652,1.4601131460681565,3.8388747583534566,1.4018754132332238,-0.0886130447205807,-2.3303569034997853,-0.9110277575653626,81.9672131147541,86.25592417061611,97.65625,505.0,505.0,0.0,100.0,10.666666666666671,Market fields 89%; SEC fields 100%; filing age 100 days; peer count 24; source live_public_data; real filing chunks 505; EBIT proxy used instead of EBITDA.,9.15032679738562,37.908496732026144,86.72985781990522,63.035019455252915,84.51882845188285,2.1201413427561837,90.0709219858156,16.731517509727624,100.0,100.0,9.15032679738562,63.035019455252915,1.953125,51.118076837190294,46.5,53.4868352967707,48.9,35.3,43.5,82.1,84.2,64.0,62.0,Screen is supported by above-peer latest revenue growth; key caution is no major structured red flag from the cached screen.,"Platform screen reflects scale, margins, cash conversion and leverage discipline; it is not a transaction recommendation.",Value creation screen looks for peer margin or cash-conversion gaps with enough growth and risk control for further diligence.,"Red flag screen combines leverage, weak cash conversion, liquidity, valuation support, volatility, trend and data-gap indicators."
CVS,CVS Health Corporation,Healthcare Services,Healthcare,Healthcare Plans,118750552064.0,184198627328.0,93.06999969482422,98.11000061035156,57.2951774597168,0.0513709192148916,0.3073319667036767,0.592,0.454,40.820175,live_yfinance,live_api,yfinance,2026-05-28T16:36:35+00:00,2025.0,2026-02-10,64803.0,402067000000.0,,2136000000.0,1728000000.0,8712000000.0,0.0,10639000000.0,2832000000.0,0.0784798650247178,0.0763108477649228,,0.0053125474112523,0.0042977911641592,4.980805243445693,13471000000.0,6.306647940074907,0.0070436021857053,0.021668030452636,0.0,-4.078651685393258,-0.0121404012625654,0.0763108477649228,,live_sec_companyfacts,live_api,True,False,0.4581291857526233,86.23531241947566,1.0,0.8666666666666667,0.92,107.0,8.0,Mega-cap benchmark / public quality comp,live_public_data,2026-05-28T16:37:54+00:00,46.30350194552529,46.8503937007874,0.0,14.754098360655737,13.671875,94.57364341085271,93.8388625592417,10.505836575875486,31.380753138075313,46.8503937007874,69.6113074204947,86.40776699029126,85.94771241830065,89.54248366013073,95.703125,5.703422053231943,74.91166077738515,53.90070921985816,0.0,87.27915194346289,5.0,3.0,73.4,24,0.1124105195430578,0.0500750594873652,1.4601131460681565,3.8388747583534566,1.4018754132332238,-0.0447625120761129,4.84653479400675,-0.6732026388165163,69.67213114754098,5.687203791469194,89.0625,7.0,0.0,7.0,64.0,26.599999999999994,Market fields 100%; SEC fields 87%; filing age 107 days; peer count 24; source live_public_data; real filing chunks 0; EBIT proxy used instead of EBITDA.,14.052287581699346,10.457516339869281,6.161137440758296,89.49416342412451,68.6192468619247,25.08833922261484,46.09929078014184,53.69649805447471,100.0,6.161137440758296,14.052287581699346,89.49416342412451,4.296875,58.69831945123304,30.3,69.68026881530012,41.3,47.6,35.1,45.8,59.3,50.3,50.6,Screen is supported by strong free cash flow conversion proxy; key caution is no major structured red flag from the cached screen.,"Platform screen reflects scale, margins, cash conversion and leverage discipline; it is not a transaction recommendation.",Value creation screen looks for peer margin or cash-conversion gaps with enough growth and risk control for further diligence.,"Red flag screen combines leverage, weak cash conversion, liquidity, valuation support, volatility, trend and data-gap indicators."
DGX,Quest Diagnostics Incorporated,Healthcare Services,Healthcare,Diagnostics & Research,21692624896.0,27868000256.0,195.96499633789065,210.9896850585937,164.21461486816406,0.071210536745105,0.2256306567885887,0.595,2.471,21.62969,live_yfinance,live_api,yfinance,2026-05-28T16:36:35+00:00,2025.0,2026-02-26,1022079.0,11035000000.0,,1556000000.0,1046000000.0,420000000.0,5671000000.0,1886000000.0,527000000.0,0.1178079416531605,0.0374356807794651,,0.1410058903488898,0.094789306751246,1.212082262210797,2413000000.0,1.550771208226221,0.0477571363842319,0.038060715903942,3.644601542416453,3.3746786632390746,-0.0034846489610362,0.0374356807794651,0.8574866964780772,live_sec_companyfacts,live_api,True,False,2.525419144177617,17.910025871465297,1.0,0.8666666666666667,0.92,91.0,8.0,Mid-cap possible public-to-private screen,live_public_data,2026-05-28T16:37:54+00:00,65.75875486381322,27.559055118110237,0.0,47.540983606557376,38.671875,50.0,54.502369668246445,18.67704280155642,35.146443514644346,27.559055118110237,69.6113074204947,35.922330097087375,35.29411764705882,29.411764705882348,72.65625,65.0190114068441,67.84452296819788,78.01418439716312,28.057553956834536,45.583038869257955,65.0,75.0,75.5,24,0.1124105195430578,0.0500750594873652,1.4601131460681565,3.8388747583534566,1.4018754132332238,0.0909308308615245,0.0906580621580646,0.8014576190854943,26.229508196721312,41.23222748815166,21.484375,0.0,0.0,0.0,35.0,24.5,Market fields 100%; SEC fields 87%; filing age 91 days; peer count 24; source live_public_data; real filing chunks 0; EBIT proxy used instead of EBITDA.,64.70588235294117,70.58823529411765,45.497630331753555,81.32295719844358,64.85355648535565,32.15547703180212,21.98581560283688,34.24124513618678,100.0,45.497630331753555,64.70588235294117,81.32295719844358,27.34375,47.009185133528824,58.0,41.97244391845758,53.0,42.7,45.8,60.4,39.4,50.7,47.7,"Screen is supported by above-peer latest revenue growth, above-peer EBIT margin proxy, strong free cash flow conversion proxy; key caution is elevated debt to EBIT proxy.","Platform screen reflects scale, margins, cash conversion and leverage discipline; it is not a transaction recommendation.",Value creation screen looks for peer margin or cash-conversion gaps with enough growth and risk control for further diligence.,"Red flag screen combines leverage, weak cash conversion, liquidity, valuation support, volatility, trend and data-gap indicators."
DVA,DaVita Inc.,Healthcare Services,Healthcare,Medical Care Facilities,12655035392.0,26871820288.0,197.1649932861328,200.5399932861328,103.87000274658205,0.0168295607509296,0.4262192820950208,0.836,1.942,18.976418,live_yfinance,live_api,yfinance,2026-05-28T16:36:36+00:00,2025.0,2026-02-11,927066.0,13643069000.0,,1346823000.0,1078716000.0,757747000.0,,1886500000.0,575864000.0,0.0645714776189863,0.0552643671356829,,0.0987184774921244,0.0790669606669877,1.400703730185778,2462364000.0,1.8282758758946052,0.0422092712424162,0.0555408024396856,,,0.0154896383657723,0.0552643671356829,,live_sec_companyfacts,live_api,True,False,1.969631634055358,19.952005785466984,1.0,0.7333333333333333,0.84,106.0,8.0,Mid-cap possible public-to-private screen,live_public_data,2026-05-28T16:37:54+00:00,38.91050583657588,38.188976377952756,0.0,34.01639344262295,34.375,61.627906976744185,63.03317535545023,24.90272373540856,45.18828451882845,38.188976377952756,34.62897526501767,39.320388349514566,0.0,0.0,81.25,60.07604562737643,88.69257950530034,31.560283687943258,0.0,36.39575971731448,65.0,75.0,69.4,24,0.1124105195430578,0.0500750594873652,1.4601131460681565,3.8388747583534566,1.4018754132332238,0.0486434180047591,0.3681627298264487,0.4049976306472813,35.24590163934426,29.383886255924168,31.640625,7.0,0.0,7.0,64.0,30.599999999999994,Market fields 100%; SEC fields 73%; filing age 106 days; peer count 24; source live_public_data; real filing chunks 0; EBIT proxy used instead of EBITDA.,0.0,0.0,36.96682464454977,75.09727626459144,54.81171548117155,11.307420494699647,68.43971631205675,61.08949416342412,54.81171548117155,36.96682464454977,0.0,75.09727626459144,18.75,59.32944389193648,27.0,72.9865440025694,40.7,34.5,42.9,58.4,41.5,50.9,49.6,"Screen is supported by above-peer EBIT margin proxy, strong free cash flow conversion proxy; key caution is incomplete public data coverage.","Platform screen reflects scale, margins, cash conversion and leverage discipline; it is not a transaction recommendation.",Value creation screen looks for peer margin or cash-conversion gaps with enough growth and risk control for further diligence.,"Red flag screen combines leverage, weak cash conversion, liquidity, valuation support, volatility, trend and data-gap indicators."
EHC,Encompass Health Corporation,Healthcare Services,Healthcare,Medical Care Facilities,10404495360.0,13869872128.0,104.88500213623048,126.70297241210938,93.64569854736328,0.1721977776883922,0.2602729363383562,0.576,2.286,17.95976,live_yfinance,live_api,yfinance,2026-05-28T16:36:36+00:00,2025.0,2026-02-26,785161.0,5935200000.0,,953000000.0,759100000.0,102900000.0,,,736400000.0,0.1045931660835255,0.7345497990204137,,0.1605674619220919,0.1278979646852675,,,,0.12407332524599,0.017337242215932,,,-0.2358099231126394,0.7345497990204137,,live_sec_companyfacts,live_api,True,False,2.3368836986116728,14.553905695697797,1.0,0.5333333333333333,0.72,91.0,8.0,Mid-cap possible public-to-private screen,live_public_data,2026-05-28T16:37:54+00:00,60.70038910505836,99.60629921259843,0.0,52.459016393442624,50.390625,0.0,0.0,8.171206225680933,5.02092050209205,99.60629921259843,11.307420494699647,20.38834951456311,0.0,0.0,74.609375,72.6235741444867,42.756183745583044,65.60283687943263,0.0,31.448763250883395,100.0,100.0,65.5,24,0.1124105195430578,0.0500750594873652,1.4601131460681565,3.8388747583534566,1.4018754132332238,0.1104924024347266,,0.666969601258636,22.131147540983605,0.0,24.609375,0.0,0.0,0.0,35.0,34.5,Market fields 100%; SEC fields 53%; filing age 91 days; peer count 24; source live_public_data; real filing chunks 0; EBIT proxy used instead of EBITDA.,0.0,0.0,100.0,91.82879377431907,94.97907949790795,57.243816254416956,34.39716312056738,39.29961089494164,100.0,100.0,0.0,91.82879377431907,25.390625,46.47834732973204,45.0,55.006482122203835,53.5,35.8,56.9,59.6,27.7,49.8,47.0,Screen is supported by above-peer EBIT margin proxy; key caution is incomplete public data coverage.,"Platform screen reflects scale, margins, cash conversion and leverage discipline; it is not a transaction recommendation.",Value creation screen looks for peer margin or cash-conversion gaps with enough growth and risk control for further diligence.,"Red flag screen combines leverage, weak cash conversion, liquidity, valuation support, volatility, trend and data-gap indicators."
ELV,"Elevance Health, Inc.",Healthcare Services,Healthcare,Healthcare Plans,84541317120.0,79921553408.0,389.2999877929688,402.2699890136719,270.1036682128906,0.0322420304147081,0.381975672110395,0.671,0.399,16.488775,live_yfinance,live_api,yfinance,2026-05-28T16:36:37+00:00,2025.0,2026-02-06,1156039.0,199125000000.0,,6710000000.0,5661000000.0,9491000000.0,31896000000.0,4290000000.0,1116000000.0,0.1249300890905085,0.0833845367199279,,0.0336974262397991,0.0284293785310734,0.639344262295082,5406000000.0,0.8056631892697467,0.0056045197740112,0.0476635279347143,4.7535022354694485,3.3390461997019374,-0.0159146303392742,0.0833845367199279,1.6837377870204846,live_sec_companyfacts,live_api,True,False,0.4013637333735091,11.910812728464975,1.0,0.8666666666666667,0.92,111.0,8.0,Large-cap strategic / unlikely PE target,live_public_data,2026-05-28T16:37:54+00:00,67.70428015564202,52.362204724409445,0.0,21.311475409836063,19.140625,21.31782945736434,21.80094786729858,21.78988326848249,28.03347280334728,52.362204724409445,69.6113074204947,88.83495145631069,25.49019607843137,30.065359477124186,96.09375,76.80608365019012,81.2720848056537,37.5886524822695,24.460431654676263,80.21201413427562,20.0,35.0,73.4,24,0.1124105195430578,0.0500750594873652,1.4601131460681565,3.8388747583534566,1.4018754132332238,-0.0163776332475661,-0.6544499567984098,-0.7136951475253985,56.9672131147541,77.25118483412322,90.625,7.0,0.0,7.0,64.0,26.599999999999994,Market fields 100%; SEC fields 87%; filing age 111 days; peer count 24; source live_public_data; real filing chunks 0; EBIT proxy used instead of EBITDA.,74.50980392156863,69.93464052287581,78.19905213270142,78.2101167315175,71.96652719665272,18.727915194346288,62.4113475177305,32.295719844357976,100.0,78.19905213270142,74.50980392156863,78.2101167315175,3.90625,39.576527303217944,67.9,32.079801296741834,60.4,34.0,27.0,45.3,70.4,44.4,45.0,"Screen is supported by above-peer latest revenue growth, strong free cash flow conversion proxy; key caution is elevated debt to EBIT proxy.","Platform screen reflects scale, margins, cash conversion and leverage discipline; it is not a transaction recommendation.",Value creation screen looks for peer margin or cash-conversion gaps with enough growth and risk control for further diligence.,"Red flag screen combines leverage, weak cash conversion, liquidity, valuation support, volatility, trend and data-gap indicators."
ENSG,"The Ensign Group, Inc.",Healthcare Services,Healthcare,Medical Care Facilities,9960849408.0,11620190208.0,170.42999267578125,215.760009765625,136.21559143066406,0.210094619197898,0.264033919376021,0.733,2.203,27.757328,live_yfinance,live_api,yfinance,2026-05-28T16:36:37+00:00,2025.0,2026-02-04,1125376.0,5032118000.0,,455622000.0,344264000.0,503881000.0,141756000.0,564270000.0,,0.181113887268703,0.18701656838966,,0.0905427893384058,0.0684133400687344,1.238460829371716,,,,0.1001329857527188,0.3111263284038084,-0.7947926131749564,-0.0055412147417467,0.18701656838966,-0.2186482392898776,live_sec_companyfacts,live_api,True,False,2.3092046347084865,25.504014749068308,1.0,0.7333333333333333,0.84,113.0,8.0,Mid-cap possible public-to-private screen,live_public_data,2026-05-28T16:37:54+00:00,78.98832684824903,83.85826771653542,0.0,32.78688524590164,29.6875,51.55038759689923,0.0,36.18677042801556,33.47280334728033,83.85826771653542,34.62897526501767,0.0,75.16339869281046,75.81699346405229,75.390625,46.38783269961977,36.39575971731449,63.12056737588653,49.64028776978417,30.3886925795053,100.0,100.0,71.5,24,0.1124105195430578,0.0500750594873652,1.4601131460681565,3.8388747583534566,1.4018754132332238,0.0404677298510406,,0.647225290429082,38.52459016393443,0.0,25.0,0.0,0.0,0.0,35.0,28.5,Market fields 100%; SEC fields 73%; filing age 113 days; peer count 24; source live_public_data; real filing chunks 0; EBIT proxy used instead of EBITDA.,24.836601307189543,24.18300653594771,100.0,63.81322957198444,66.52719665271967,63.60424028268551,36.87943262411347,21.01167315175097,100.0,100.0,24.836601307189543,63.81322957198444,24.609375,48.094928993298204,50.4,49.5684566315524,51.9,41.3,60.1,67.0,31.9,54.3,50.9,"Screen is supported by above-peer latest revenue growth, above-peer EBIT margin proxy; key caution is no major structured red flag from the cached screen.","Platform screen reflects scale, margins, cash conversion and leverage discipline; it is not a transaction recommendation.",Value creation screen looks for peer margin or cash-conversion gaps with enough growth and risk control for further diligence.,"Red flag screen combines leverage, weak cash conversion, liquidity, valuation support, volatility, trend and data-gap indicators."
HCA,"HCA Healthcare, Inc.",Healthcare Services,Healthcare,Medical Care Facilities,85968453632.0,139100471296.0,387.52490234375,544.3203735351562,332.732421875,0.2880573258228028,0.2675567778893112,1.19,1.821,13.353718,live_yfinance,live_api,yfinance,2026-05-28T16:36:38+00:00,2025.0,2026-02-10,860730.0,75600000000.0,,9832000000.0,7782000000.0,1040000000.0,41603000000.0,12636000000.0,4944000000.0,0.0707760293471948,0.0786878003701345,,0.13005291005291,0.1029365079365079,1.285191212367779,17580000000.0,1.7880390561432058,0.0653968253968254,0.0137566137566137,4.231387306753458,4.125610252237592,-0.0123939214182104,0.0786878003701345,-0.2073073319411804,live_sec_companyfacts,live_api,True,False,1.839953324021164,14.14772897640358,1.0,0.8666666666666667,0.92,107.0,8.0,Large-cap strategic / unlikely PE target,live_public_data,2026-05-28T16:37:54+00:00,41.63424124513619,48.818897637795274,0.0,42.62295081967213,41.015625,53.100775193798455,62.55924170616114,5.447470817120623,30.125523012552303,48.818897637795274,69.6113074204947,30.582524271844658,28.75816993464052,24.183006535947715,84.375,73.38403041825094,26.501766784452297,62.76595744680851,48.92086330935251,80.56537102473497,20.0,15.0,73.4,24,0.1124105195430578,0.0500750594873652,1.4601131460681565,3.8388747583534566,1.4018754132332238,0.0799778505655448,0.3279259100750493,0.3124941821881137,27.459016393442624,30.80568720379147,35.15625,7.0,0.0,7.0,64.0,26.599999999999994,Market fields 100%; SEC fields 87%; filing age 107 days; peer count 24; source live_public_data; real filing chunks 0; EBIT proxy used instead of EBITDA.,71.24183006535948,75.81699346405229,37.44075829383886,94.55252918287938,69.8744769874477,73.4982332155477,37.234042553191486,58.36575875486381,100.0,37.44075829383886,71.24183006535948,94.55252918287938,15.625,41.722951537899604,66.8,33.177246105962524,58.3,42.3,33.8,31.4,33.0,37.7,37.0,"Screen is supported by above-peer EBIT margin proxy, strong free cash flow conversion proxy; key caution is elevated debt to EBIT proxy.","Platform screen reflects scale, margins, cash conversion and leverage discipline; it is not a transaction recommendation.",Value creation screen looks for peer margin or cash-conversion gaps with enough growth and risk control for further diligence.,"Red flag screen combines leverage, weak cash conversion, liquidity, valuation support, volatility, trend and data-gap indicators."
HQY,"HealthEquity, Inc.",Healthcare Services,Healthcare,Health Information Services,7504502272.0,7995003904.0,89.5199966430664,113.05999755859376,73.20999908447266,0.2082080437276469,0.358468423865237,0.187,6.087,36.390244,live_yfinance,live_api,yfinance,2026-05-28T16:36:38+00:00,2026.0,2026-03-17,1428336.0,1313429000.0,913116000.0,277432000.0,215201000.0,318927000.0,957379000.0,457094000.0,1969000.0,0.0947303408808659,0.1508236342181581,0.6952153485266429,0.2112272532432282,0.1638466944159143,1.6475893191845208,459063000.0,1.654686553822198,0.0014991293781392,0.2428201295996966,3.4508600305660484,2.301291848092505,0.2554350726985678,0.1508236342181581,27.740496737831904,live_sec_companyfacts,live_api,True,False,6.087123022257008,28.817886559589372,1.0,1.0,1.0,72.0,8.0,Small/mid-cap platform candidate,live_public_data,2026-05-28T16:37:54+00:00,55.252918287937746,77.55905511811024,71.08433734939759,64.75409836065575,60.9375,70.54263565891473,59.71563981042654,58.36575875486382,85.35564853556485,77.55905511811024,94.69964664310953,98.54368932038835,36.60130718954249,39.21568627450981,37.109375,36.88212927756654,37.455830388692576,41.48936170212766,2.1582733812949617,23.674911660777383,100.0,100.0,79.5,24,0.1124105195430578,0.0500750594873652,1.4601131460681565,3.8388747583534566,1.4018754132332238,0.1611521937558629,0.1945734077540415,3.3421283837327134,16.80327868852459,35.07109004739337,7.8125,0.0,0.0,0.0,35.0,20.5,Market fields 100%; SEC fields 100%; filing age 72 days; peer count 24; source live_public_data; real filing chunks 0; EBIT proxy used instead of EBITDA.,63.39869281045751,60.78431372549019,40.28436018957346,41.63424124513618,14.644351464435147,62.544169611307424,58.51063829787234,44.747081712062254,14.644351464435147,40.28436018957346,63.39869281045751,41.63424124513618,62.890625,56.159657696491614,51.3,48.733853647540684,43.8,62.2,76.3,67.2,36.0,62.5,59.7,"Screen is supported by above-peer EBIT margin proxy, strong free cash flow conversion proxy; key caution is no major structured red flag from the cached screen.","Platform screen reflects scale, margins, cash conversion and leverage discipline; it is not a transaction recommendation.",Value creation screen looks for peer margin or cash-conversion gaps with enough growth and risk control for further diligence.,"Red flag screen combines leverage, weak cash conversion, liquidity, valuation support, volatility, trend and data-gap indicators."
HUM,Humana Inc.,Healthcare Services,Healthcare,Healthcare Plans,36966334464.0,29243236352.0,307.8949890136719,310.54998779296875,162.84295654296875,0.0085493443363676,0.4841955266976084,0.683,0.213,32.859657,live_yfinance,live_api,yfinance,2026-05-28T16:36:39+00:00,2025.0,2026-02-19,49071.0,129664000000.0,,1438000000.0,1203000000.0,4200000000.0,12369000000.0,921000000.0,546000000.0,0.1010776063382614,0.1176727344769554,,0.0110902023692003,0.0092778257650542,0.6404728789986092,1467000000.0,1.0201668984700971,0.0042108835143139,0.0323914116485686,8.60152990264256,5.680806675938804,-0.0272860224612077,0.1176727344769554,6.066737534516857,live_sec_companyfacts,live_api,True,False,0.2255308825271471,20.336047532684283,1.0,0.8666666666666667,0.92,98.0,8.0,Mid-cap possible public-to-private screen,live_public_data,2026-05-28T16:37:54+00:00,58.754863813229576,66.14173228346458,0.0,15.573770491803279,14.84375,21.705426356589147,30.80568720379147,16.342412451361866,21.75732217573222,66.14173228346458,69.6113074204947,93.20388349514563,17.647058823529417,19.6078431372549,96.875,59.6958174904943,91.16607773851591,23.404255319148938,10.79136690647482,60.42402826855123,65.0,75.0,75.5,24,0.1124105195430578,0.0500750594873652,1.4601131460681565,3.8388747583534566,1.4018754132332238,-0.0389848571181649,-0.4399462475980593,-0.8391220215447016,67.21311475409836,74.40758293838863,96.875,0.0,0.0,0.0,35.0,24.5,Market fields 100%; SEC fields 87%; filing age 98 days; peer count 24; source live_public_data; real filing chunks 0; EBIT proxy used instead of EBITDA.,82.35294117647058,80.3921568627451,69.19431279620852,83.65758754863813,78.24267782426779,8.8339222614841,76.59574468085107,41.245136186770424,100.0,69.19431279620852,82.35294117647058,83.65758754863813,3.125,36.740240421626766,71.8,28.172326922550326,63.3,32.4,42.5,64.3,73.2,52.9,52.0,Screen is supported by strong free cash flow conversion proxy; key caution is elevated debt to EBIT proxy.,"Platform screen reflects scale, margins, cash conversion and leverage discipline; it is not a transaction recommendation.",Value creation screen looks for peer margin or cash-conversion gaps with enough growth and risk control for further diligence.,"Red flag screen combines leverage, weak cash conversion, liquidity, valuation support, volatility, trend and data-gap indicators."
LH,Labcorp Holdings Inc.,Healthcare Services,Healthcare,Diagnostics & Research,21670139904.0,27506700288.0,264.2699890136719,289.4273376464844,241.1614227294922,0.0869211209880266,0.2279640821149001,0.883,1.945,23.40744,live_yfinance,live_api,yfinance,2026-05-28T16:36:39+00:00,2025.0,2026-02-24,920148.0,13951700000.0,4012500000.0,1384700000.0,877700000.0,532300000.0,5584700000.0,1640500000.0,434500000.0,0.072473460477058,-0.0159222757280865,0.2875993606513901,0.0992495538178143,0.0629098962850405,1.1847331551960714,2075000000.0,1.4985195349173106,0.0311431581814402,0.0381530566167563,4.03314797429046,3.6487325774536,-0.0199897987311209,-0.0159222757280865,1.1926270881074736,live_sec_companyfacts,live_api,True,False,1.971566209709211,19.86473625189572,1.0,1.0,1.0,93.0,8.0,Mid-cap possible public-to-private screen,live_public_data,2026-05-28T16:37:54+00:00,42.4124513618677,12.204724409448819,24.096385542168676,34.42622950819672,28.90625,48.837209302325576,53.08056872037915,19.06614785992218,25.10460251046025,12.204724409448819,94.69964664310953,50.48543689320388,32.6797385620915,27.450980392156865,80.859375,60.45627376425855,63.957597173144876,77.65957446808511,25.899280575539574,45.22968197879859,65.0,75.0,79.5,24,0.1124105195430578,0.0500750594873652,1.4601131460681565,3.8388747583534566,1.4018754132332238,0.0491744943304491,0.0384063888491541,0.4063776217902826,34.83606557377049,45.97156398104265,31.25,0.0,0.0,0.0,35.0,20.5,Market fields 100%; SEC fields 100%; filing age 93 days; peer count 24; source live_public_data; real filing chunks 0; EBIT proxy used instead of EBITDA.,67.3202614379085,72.54901960784314,46.91943127962085,80.93385214007782,74.89539748953975,36.042402826855124,22.340425531914892,57.5875486381323,100.0,46.91943127962085,67.3202614379085,80.93385214007782,19.140625,43.72655439777499,60.7,39.33772316099067,56.3,38.2,44.8,61.0,41.8,50.2,47.1,"Screen is supported by above-peer EBIT margin proxy, strong free cash flow conversion proxy; key caution is elevated debt to EBIT proxy.","Platform screen reflects scale, margins, cash conversion and leverage discipline; it is not a transaction recommendation.",Value creation screen looks for peer margin or cash-conversion gaps with enough growth and risk control for further diligence.,"Red flag screen combines leverage, weak cash conversion, liquidity, valuation support, volatility, trend and data-gap indicators."
MOH,"Molina Healthcare, Inc.",Healthcare Services,Healthcare,Healthcare Plans,9255044096.0,3963026944.0,177.63999938964844,306.2900085449219,122.6500015258789,0.4200267901863506,0.5916713751741508,0.848,0.092,47.497326,live_yfinance,live_api,yfinance,2026-05-28T16:36:40+00:00,2025.0,2026-02-10,1179929.0,45426000000.0,,589000000.0,472000000.0,4348000000.0,3766000000.0,-535000000.0,101000000.0,0.1174907749077491,0.1241799673275878,,0.0129661427376392,0.0103905252498569,-0.9083191850594228,-434000000.0,-0.7368421052631579,0.0022233962928719,0.0957161097169022,6.393887945670628,-0.9881154499151104,-0.0202796194441334,0.1241799673275878,4.3468512570535065,live_sec_companyfacts,live_api,True,False,0.0872413803548628,6.728398886247878,1.0,0.8666666666666667,0.92,107.0,8.0,Small/mid-cap platform candidate,live_public_data,2026-05-28T16:37:54+00:00,65.36964980544747,68.50393700787401,0.0,15.983606557377051,15.234375,11.627906976744185,13.744075829383887,35.40856031128405,24.686192468619247,68.50393700787401,69.6113074204947,97.57281553398059,20.261437908496728,76.47058823529412,98.4375,83.26996197718631,15.547703180212014,13.829787234042556,14.388489208633093,28.26855123674912,85.0,60.0,75.5,24,0.1124105195430578,0.0500750594873652,1.4601131460681565,3.8388747583534566,1.4018754132332238,-0.037108916749726,-2.1969552513313144,-0.937768092990765,66.39344262295081,85.78199052132702,98.046875,0.0,0.0,0.0,35.0,24.5,Market fields 100%; SEC fields 87%; filing age 107 days; peer count 24; source live_public_data; real filing chunks 0; EBIT proxy used instead of EBITDA.,79.73856209150327,23.52941176470588,86.25592417061611,64.59143968871595,75.31380753138075,84.45229681978799,86.17021276595744,34.630350194552534,100.0,100.0,79.73856209150327,64.59143968871595,1.5625,34.637191802252815,69.4,30.610531652224125,65.4,29.4,52.9,50.2,70.1,49.9,51.1,"Screen is supported by above-peer latest revenue growth; key caution is elevated debt to EBIT proxy, material share price drawdown.","Platform screen reflects scale, margins, cash conversion and leverage discipline; it is not a transaction recommendation.",Value creation screen looks for peer margin or cash-conversion gaps with enough growth and risk control for further diligence.,"Red flag screen combines leverage, weak cash conversion, liquidity, valuation support, volatility, trend and data-gap indicators."
OPCH,"Option Care Health, Inc.",Healthcare Services,Healthcare,Medical Care Facilities,3380802304.0,4486395392.0,21.530000686645508,36.59000015258789,19.520000457763672,0.4115878492248991,0.4029757326988167,0.675,0.792,16.820312,live_yfinance,live_api,yfinance,2026-05-28T16:36:40+00:00,2025.0,2026-02-24,1014739.0,5649519000.0,1087895000.0,282900000.0,207585000.0,232624000.0,1160832000.0,258447000.0,41307000.0,0.1502421516775318,0.1271919539172779,0.1925641811276323,0.0500750594873652,0.0367438360681679,0.9135630965005302,299754000.0,1.059575821845175,0.0073115959075454,0.0411758947974155,4.103329798515376,3.281046306115235,-0.0020876333170944,0.1271919539172779,-1.0685336593595125,live_sec_companyfacts,live_api,True,False,0.7941198873744827,15.858590993283846,1.0,1.0,1.0,93.0,8.0,Small/mid-cap platform candidate,live_public_data,2026-05-28T16:37:54+00:00,73.92996108949417,70.86614173228347,14.457831325301203,24.59016393442623,23.046875,31.007751937984494,33.175355450236964,19.844357976653697,35.98326359832636,70.86614173228347,94.69964664310953,85.92233009708738,32.02614379084967,30.718954248366014,92.96875,71.10266159695817,15.901060070671381,35.1063829787234,65.46762589928056,11.66077738515901,85.0,60.0,79.5,24,0.1124105195430578,0.0500750594873652,1.4601131460681565,3.8388747583534566,1.4018754132332238,0.0,-0.4005373242229815,-0.4335303409430946,50.204918032786885,72.51184834123224,80.46875,0.0,0.0,0.0,35.0,20.5,Market fields 100%; SEC fields 100%; filing age 93 days; peer count 24; source live_public_data; real filing chunks 0; EBIT proxy used instead of EBITDA.,67.97385620915033,69.28104575163398,66.82464454976304,80.1556420233463,64.01673640167364,84.09893992932862,64.8936170212766,26.07003891050583,100.0,66.82464454976304,67.97385620915033,80.1556420233463,7.03125,43.35137796467317,70.5,29.5425319847608,56.6,39.8,54.2,52.9,61.8,52.3,52.7,"Screen is supported by above-peer latest revenue growth, strong free cash flow conversion proxy; key caution is elevated debt to EBIT proxy, material share price drawdown.","Platform screen reflects scale, margins, cash conversion and leverage discipline; it is not a transaction recommendation.",Value creation screen looks for peer margin or cash-conversion gaps with enough growth and risk control for further diligence.,"Red flag screen combines leverage, weak cash conversion, liquidity, valuation support, volatility, trend and data-gap indicators."
PINC,"Premier, Inc.",Healthcare Services,Healthcare,Health Information Services,2336662016.0,2620271104.0,28.26000022888184,28.26000022888184,28.26000022888184,0.0,,0.612,2.609,166.23529,live_yfinance,live_api,yfinance,2026-05-28T16:36:41+00:00,,,,,,,,,,,,,,,,,,,,,,,,,,,,,,,,,0.8888888888888888,0.0,0.3555555555555555,,8.0,Small/mid-cap platform candidate,sample_fallback,2026-05-28T16:37:54+00:00,0.0,0.0,0.0,0.0,0.0,0.0,0.0,0.0,0.0,0.0,0.35335689045936397,0.0,0.0,0.0,0.0,0.0,97.87985865724382,0.0,0.0,8.480565371024735,85.0,60.0,26.5,24,0.1124105195430578,0.0500750594873652,1.4601131460681565,3.8388747583534566,1.4018754132332238,,,,0.0,0.0,0.0,0.0,0.0,0.0,35.0,73.52666666666667,Market fields 89%; SEC fields 0%; filing age nan days; peer count 24; source sample_fallback; real filing chunks 0; EBIT proxy used instead of EBITDA.,0.0,0.0,100.0,100.0,100.0,2.1201413427561837,0.0,100.0,100.0,100.0,0.0,100.0,100.0,28.11786666666667,38.2,61.78798586572438,71.9,1.4,29.1,36.3,11.2,25.8,24.5,Screen is supported by balanced but not standout structured metrics; key caution is incomplete public data coverage.,"Platform screen reflects scale, margins, cash conversion and leverage discipline; it is not a transaction recommendation.",Value creation screen looks for peer margin or cash-conversion gaps with enough growth and risk control for further diligence.,"Red flag screen combines leverage, weak cash conversion, liquidity, valuation support, volatility, trend and data-gap indicators."
RDNT,"RadNet, Inc.",Healthcare Services,Healthcare,Diagnostics & Research,4305224704.0,5984847360.0,54.75,84.4800033569336,52.38999938964844,0.3519176393888429,0.4242944110470751,1.433,2.791,,live_yfinance,live_api,yfinance,2026-05-28T16:36:41+00:00,2025.0,2026-03-02,790526.0,2040210000.0,,31909000.0,17047000.0,767215000.0,1089919000.0,298820000.0,,0.1150735872815993,0.1257451977225543,,0.0156400566608339,0.0083555124227407,9.36475602494594,,,,0.3760470735855623,34.15710301168949,10.11325958193613,-0.0144069133635216,0.1257451977225543,14.33481252319779,live_sec_companyfacts,live_api,True,False,2.9334467334245,187.55985333291548,0.8888888888888888,0.7333333333333333,0.7955555555555556,87.0,8.0,Small/mid-cap platform candidate,live_public_data,2026-05-28T16:37:54+00:00,64.59143968871595,69.68503937007874,0.0,16.39344262295082,14.453125,97.28682170542635,0.0,70.42801556420234,29.288702928870293,69.68503937007874,21.73144876325088,0.0,1.3071895424836555,13.725490196078427,66.015625,2.6615969581749055,21.5547703180212,31.914893617021278,6.474820143884896,13.780918727915195,100.0,100.0,68.8,24,0.1124105195430578,0.0500750594873652,1.4601131460681565,3.8388747583534566,1.4018754132332238,-0.0344350028265313,,1.092516000875518,65.1639344262295,0.0,17.96875,0.0,0.0,0.0,35.0,31.16666666666667,Market fields 89%; SEC fields 73%; filing age 87 days; peer count 24; source live_public_data; real filing chunks 0; EBIT proxy used instead of EBITDA.,98.69281045751634,86.27450980392157,100.0,29.57198443579766,70.7112970711297,78.4452296819788,68.08510638297872,35.40856031128405,100.0,100.0,98.69281045751634,29.57198443579766,33.984375,32.274146680290215,81.1,18.899358198095,67.7,26.4,49.5,55.3,32.2,43.4,41.0,"Screen is supported by above-peer latest revenue growth; key caution is elevated debt to EBIT proxy, material share price drawdown, incomplete public data coverage.","Platform screen reflects scale, margins, cash conversion and leverage discipline; it is not a transaction recommendation.",Value creation screen looks for peer margin or cash-conversion gaps with enough growth and risk control for further diligence.,"Red flag screen combines leverage, weak cash conversion, liquidity, valuation support, volatility, trend and data-gap indicators."
SEM,Select Medical Holdings Corporation,Healthcare Services,Healthcare,Medical Care Facilities,2046191232.0,5363999232.0,16.5,16.540000915527344,11.561863899230955,0.0024184349040629,0.3162840248312248,0.803,0.972,15.42056,live_yfinance,live_api,yfinance,2026-05-28T16:36:41+00:00,2025.0,2026-02-19,1320414.0,5452830000.0,,272749000.0,214533000.0,26523000.0,,346467000.0,229225000.0,3.154334569590511,-0.0486831426555379,,0.0500197145335541,0.0393434235066928,1.2702778012018376,575692000.0,2.110702514033049,0.0420378042227613,0.0048640797530823,,,0.0088769914615523,-0.0486831426555379,,live_sec_companyfacts,live_api,True,False,0.9837092357546448,19.666430425042805,1.0,0.7333333333333333,0.84,98.0,8.0,Small/mid-cap platform candidate,live_public_data,2026-05-28T16:37:54+00:00,98.83268482490273,7.480314960629922,0.0,24.18032786885246,23.4375,52.32558139534884,68.24644549763033,1.1673151750972763,41.00418410041841,7.480314960629922,34.62897526501767,39.80582524271845,0.0,0.0,91.015625,61.21673003802282,94.69964664310953,51.06382978723405,0.0,7.420494699646643,100.0,100.0,71.5,24,0.1124105195430578,0.0500750594873652,1.4601131460681565,3.8388747583534566,1.4018754132332238,-5.534495381110533e-05,0.6505893679648924,-0.2982905424627849,51.63934426229508,25.118483412322274,69.53125,0.0,0.0,0.0,35.0,28.5,Market fields 100%; SEC fields 73%; filing age 98 days; peer count 24; source live_public_data; real filing chunks 0; EBIT proxy used instead of EBITDA.,0.0,0.0,31.753554502369667,98.83268482490273,58.99581589958159,5.30035335689046,48.93617021276596,1.1673151750972721,58.99581589958159,31.753554502369667,0.0,98.83268482490273,8.984375,69.49664702615232,27.3,72.71499855796404,30.5,37.0,49.6,77.1,60.4,62.0,61.0,"Screen is supported by above-peer latest revenue growth, strong free cash flow conversion proxy; key caution is no major structured red flag from the cached screen.","Platform screen reflects scale, margins, cash conversion and leverage discipline; it is not a transaction recommendation.",Value creation screen looks for peer margin or cash-conversion gaps with enough growth and risk control for further diligence.,"Red flag screen combines leverage, weak cash conversion, liquidity, valuation support, volatility, trend and data-gap indicators."
THC,Tenet Healthcare Corporation,Healthcare Services,Healthcare,Medical Care Facilities,15232466944.0,29873965056.0,176.83999633789062,244.8000030517578,148.3800048828125,0.2776144030500623,0.3878713809164892,1.299,1.392,9.196048,live_yfinance,live_api,yfinance,2026-05-28T16:36:42+00:00,2025.0,2026-02-17,70318.0,21310000000.0,,2800000000.0,2367000000.0,2883000000.0,,3540000000.0,1010000000.0,0.0312121945318171,0.035834191090651,,0.1313937118723604,0.1110746128578132,1.2642857142857142,4550000000.0,1.625,0.0473955889253871,0.1352885969028625,,,0.0612987916679168,0.035834191090651,,live_sec_companyfacts,live_api,True,False,1.4018754132332238,10.669273234285717,1.0,0.7333333333333333,0.84,100.0,8.0,Mid-cap possible public-to-private screen,live_public_data,2026-05-28T16:37:54+00:00,23.73540856031128,25.984251968503933,0.0,43.44262295081967,44.921875,51.93798449612403,58.767772511848335,43.190661478599225,64.01673640167364,25.984251968503933,34.62897526501767,36.40776699029126,0.0,0.0,88.28125,78.70722433460075,28.26855123674912,36.52482269503546,0.0,38.515901060070675,65.0,75.0,71.5,24,0.1124105195430578,0.0500750594873652,1.4601131460681565,3.8388747583534566,1.4018754132332238,0.0813186523849952,0.1648868539318435,0.0,27.049180327868854,36.96682464454976,50.1953125,0.0,0.0,0.0,35.0,28.5,Market fields 100%; SEC fields 73%; filing age 100 days; peer count 24; source live_public_data; real filing chunks 0; EBIT proxy used instead of EBITDA.,0.0,0.0,41.232227488151665,56.809338521400775,35.98326359832636,71.73144876325088,63.47517730496454,76.26459143968872,35.98326359832636,41.232227488151665,0.0,56.809338521400775,11.71875,61.9520290312426,29.3,70.73623755877276,38.0,34.0,42.3,56.6,37.6,49.9,48.7,"Screen is supported by above-peer EBIT margin proxy, strong free cash flow conversion proxy; key caution is no major structured red flag from the cached screen.","Platform screen reflects scale, margins, cash conversion and leverage discipline; it is not a transaction recommendation.",Value creation screen looks for peer margin or cash-conversion gaps with enough growth and risk control for further diligence.,"Red flag screen combines leverage, weak cash conversion, liquidity, valuation support, volatility, trend and data-gap indicators."
UHS,"Universal Health Services, Inc.",Healthcare Services,Healthcare,Medical Care Facilities,9200314368.0,14486564864.0,151.97999572753906,243.74278259277344,151.97999572753906,0.3764738626888679,0.3165162517528845,1.13,0.816,6.34572,live_yfinance,live_api,yfinance,2026-05-28T16:36:42+00:00,2025.0,2026-02-25,352915.0,17364829000.0,,1972141000.0,1511182000.0,271322000.0,4752551000.0,1864397000.0,1015152000.0,0.0971000954957168,0.0902565649982611,,0.113571000324852,0.0870254466657863,0.9453669894799612,2879549000.0,1.4601131460681565,0.0584602359170942,0.0156248011425853,2.4098434138329865,2.272266029660151,0.048921692185738,0.0902565649982611,-3.140430176082281,live_sec_companyfacts,live_api,True,False,0.8342474817344876,7.345603009115474,1.0,0.8666666666666667,0.92,92.0,8.0,Mid-cap possible public-to-private screen,live_public_data,2026-05-28T16:37:54+00:00,56.42023346303502,56.2992125984252,0.0,40.57377049180328,36.328125,33.33333333333333,52.13270142180095,7.392996108949417,59.83263598326359,56.2992125984252,69.6113074204947,33.495145631067956,44.44444444444444,39.869281045751634,92.1875,81.74904942965779,19.43462897526502,50.35460992907801,82.01438848920863,27.915194346289752,100.0,100.0,75.5,24,0.1124105195430578,0.0500750594873652,1.4601131460681565,3.8388747583534566,1.4018754132332238,0.0634959408374868,0.0,-0.404906118004869,30.737704918032787,50.23696682464455,78.515625,0.0,0.0,0.0,35.0,24.5,Market fields 100%; SEC fields 87%; filing age 92 days; peer count 24; source live_public_data; real filing chunks 0; EBIT proxy used instead of EBITDA.,55.55555555555556,60.130718954248366,47.86729857819905,92.60700389105058,40.16736401673641,80.56537102473497,49.645390070921984,43.57976653696498,40.16736401673641,47.86729857819905,55.55555555555556,92.60700389105058,7.8125,53.77145702445184,60.1,39.91551319453204,46.2,43.9,60.5,75.2,48.0,59.9,57.3,"Screen is supported by above-peer EBIT margin proxy, strong free cash flow conversion proxy; key caution is material share price drawdown.","Platform screen reflects scale, margins, cash conversion and leverage discipline; it is not a transaction recommendation.",Value creation screen looks for peer margin or cash-conversion gaps with enough growth and risk control for further diligence.,"Red flag screen combines leverage, weak cash conversion, liquidity, valuation support, volatility, trend and data-gap indicators."
UNH,UnitedHealth Group Incorporated,Healthcare Services,Healthcare,Healthcare Plans,349335912448.0,402862538752.0,384.6700134277344,401.1600036621094,232.8907623291016,0.041105768481008,0.3994746962569155,0.646,0.896,28.94432,live_yfinance,live_api,yfinance,2026-05-28T16:36:43+00:00,2025.0,2026-03-02,731766.0,447567000000.0,,14697000000.0,12807000000.0,24365000000.0,72320000000.0,19697000000.0,3622000000.0,0.118140392427263,0.1135216144319346,,0.03283754164181,0.0286147101998136,1.3402054841124038,23319000000.0,1.5866503368034293,0.0080926431126512,0.0544387767641492,4.92073212220181,3.262910798122065,-0.0484273814521985,0.1135216144319346,2.8513778345352567,live_sec_companyfacts,live_api,True,False,0.9001167171663684,27.411209005375248,1.0,0.8666666666666667,0.92,87.0,8.0,Mega-cap benchmark / public quality comp,live_public_data,2026-05-28T16:37:54+00:00,66.14785992217898,64.56692913385827,0.0,20.901639344262296,19.921875,57.36434108527132,56.872037914691944,24.124513618677042,17.154811715481173,64.56692913385827,69.6113074204947,83.00970873786407,24.183006535947715,31.372549019607842,91.40625,40.3041825095057,79.50530035335689,35.46099290780141,21.58273381294964,97.1731448763251,5.0,3.0,73.4,24,0.1124105195430578,0.0500750594873652,1.4601131460681565,3.8388747583534566,1.4018754132332238,-0.0172375178455552,0.1265371907352728,-0.3579196063576157,57.786885245901644,39.33649289099526,73.828125,7.0,0.0,7.0,64.0,26.599999999999994,Market fields 100%; SEC fields 87%; filing age 87 days; peer count 24; source live_public_data; real filing chunks 0; EBIT proxy used instead of EBITDA.,75.81699346405229,68.62745098039215,43.127962085308056,75.87548638132296,82.84518828451883,20.49469964664311,64.53900709219859,33.85214007782102,100.0,43.127962085308056,75.81699346405229,75.87548638132296,8.59375,44.298080624861754,63.6,36.4319988629757,55.7,40.4,28.0,32.4,60.5,41.0,42.5,"Screen is supported by above-peer latest revenue growth, strong free cash flow conversion proxy; key caution is elevated debt to EBIT proxy.","Platform screen reflects scale, margins, cash conversion and leverage discipline; it is not a transaction recommendation.",Value creation screen looks for peer margin or cash-conversion gaps with enough growth and risk control for further diligence.,"Red flag screen combines leverage, weak cash conversion, liquidity, valuation support, volatility, trend and data-gap indicators."
USPH,"U.S. Physical Therapy, Inc.",Healthcare Services,Healthcare,Medical Care Facilities,970654336.0,1623826688.0,63.77999877929688,91.35472106933594,58.56817626953125,0.3018423346628199,0.4063191200166064,1.203,2.062,127.56,live_yfinance,live_api,yfinance,2026-05-28T16:36:43+00:00,2025.0,2026-02-27,885978.0,780990000.0,149693000.0,77813000.0,58005000.0,35570000.0,162459000.0,75058000.0,14071000.0,0.1633213921307226,0.1218524887277883,0.1916708280515755,0.099633798128017,0.0742711174278799,0.9645946050145864,89129000.0,1.1454255715625925,0.0180168760163382,0.0455447572952278,2.087813090357652,1.6306915296929818,-0.0008300955416241,0.1218524887277883,-1.2177599603342553,live_sec_companyfacts,live_api,True,False,2.0791901151103085,20.868321334481383,1.0,1.0,1.0,90.0,8.0,Small/mid-cap platform candidate,live_public_data,2026-05-28T16:37:54+00:00,76.65369649805449,67.71653543307087,13.253012048192772,34.83606557377049,32.03125,35.65891472868217,38.388625592417064,21.011673151750973,36.82008368200837,67.71653543307087,94.69964664310953,63.106796116504846,48.366013071895416,42.48366013071896,79.296875,58.935361216730044,25.795053003533564,34.04255319148937,66.90647482014388,2.4734982332155475,85.0,60.0,79.5,24,0.1124105195430578,0.0500750594873652,1.4601131460681565,3.8388747583534566,1.4018754132332238,0.0495587386406517,-0.3146875745055639,0.4831489984655311,34.42622950819672,70.14218009478674,29.296875,0.0,0.0,0.0,35.0,20.5,Market fields 100%; SEC fields 100%; filing age 90 days; peer count 24; source live_public_data; real filing chunks 0; EBIT proxy used instead of EBITDA.,51.633986928104584,57.51633986928104,61.611374407582936,78.98832684824903,63.17991631799163,74.20494699646643,65.95744680851064,23.346303501945513,100.0,61.611374407582936,51.633986928104584,78.98832684824903,20.703125,46.22691295791086,62.1,37.8707210190924,53.8,43.0,56.9,49.2,48.0,50.9,50.6,"Screen is supported by above-peer latest revenue growth, above-peer EBIT margin proxy, strong free cash flow conversion proxy; key caution is no major structured red flag from the cached screen.","Platform screen reflects scale, margins, cash conversion and leverage discipline; it is not a transaction recommendation.",Value creation screen looks for peer margin or cash-conversion gaps with enough growth and risk control for further diligence.,"Red flag screen combines leverage, weak cash conversion, liquidity, valuation support, volatility, trend and data-gap indicators."
CARR,Carrier Global Corporation,Industrials,Industrials,Building Products & Equipment,53398016000.0,65131741184.0,64.29000091552734,79.7930679321289,49.96692657470703,0.1942909004299508,0.3429158747961017,1.377,2.978,42.86,live_yfinance,live_api,yfinance,2026-05-28T16:36:43+00:00,2025.0,2026-02-05,1783180.0,21747000000.0,,1798000000.0,1587000000.0,1557000000.0,11473000000.0,2513000000.0,392000000.0,3.2243589743589745,0.0211921077534757,,0.082678070538465,0.0729755828390122,1.3976640711902113,2905000000.0,1.6156840934371524,0.0180254747781303,0.071596082218237,6.380978865406007,5.515016685205784,-0.1274977288836984,0.0211921077534757,6.348360039683733,live_sec_companyfacts,live_api,True,False,2.994975913183428,36.22455015795328,1.0,0.8666666666666667,0.92,112.0,8.0,Large-cap strategic / unlikely PE target,live_public_data,2026-05-28T16:37:54+00:00,99.61089494163424,20.866141732283463,0.0,30.327868852459016,31.640625,61.240310077519375,57.345971563981045,29.961089494163424,10.0418410041841,20.866141732283463,69.6113074204947,62.62135922330096,20.915032679738566,20.915032679738566,64.84375,22.43346007604563,39.2226148409894,44.680851063829785,10.07194244604317,69.25795053003534,20.0,35.0,73.4,24,0.0438247409906341,0.1698164897163089,1.1393550817469449,1.8195871682602087,4.726039671240152,-0.0871384191778438,0.4763290116902074,-0.366282104780233,80.73770491803278,27.96208530805687,74.609375,7.0,0.0,7.0,64.0,26.599999999999994,Market fields 100%; SEC fields 87%; filing age 112 days; peer count 24; source live_public_data; real filing chunks 0; EBIT proxy used instead of EBITDA.,79.08496732026144,79.08496732026144,42.654028436018955,70.03891050583658,89.9581589958159,60.7773851590106,55.319148936170215,0.3891050583657574,100.0,42.654028436018955,79.08496732026144,70.03891050583658,35.15625,47.804756557774105,69.5,30.47421423824528,52.2,39.3,27.5,44.4,63.7,44.8,45.5,"Screen is supported by above-peer latest revenue growth, strong free cash flow conversion proxy; key caution is elevated debt to EBIT proxy.","Platform screen reflects scale, margins, cash conversion and leverage discipline; it is not a transaction recommendation.",Value creation screen looks for peer margin or cash-conversion gaps with enough growth and risk control for further diligence.,"Red flag screen combines leverage, weak cash conversion, liquidity, valuation support, volatility, trend and data-gap indicators."
CAT,Caterpillar Inc.,Industrials,Industrials,Farm & Heavy Construction Machinery,415205261312.0,458896441344.0,901.4600219726562,926.9299926757812,340.9797058105469,0.0274777716811174,0.3356407943451923,1.625,6.486,44.826454,live_yfinance,live_api,yfinance,2026-05-28T16:36:44+00:00,2025.0,2026-02-13,18230.0,67589000000.0,,11151000000.0,8882000000.0,9986000000.0,36210000000.0,11739000000.0,2821000000.0,0.0428952768905552,0.0438323160905727,,0.1649824675612895,0.1314119161402003,1.0527306967984935,14560000000.0,1.3057124921531702,0.0417375608456997,0.1477459349894213,3.247242399784773,2.3517173347681823,0.031978950641371,0.0438323160905727,-0.7597161022395187,live_sec_companyfacts,live_api,True,False,6.789513698146148,41.15294066397632,1.0,0.8666666666666667,0.92,104.0,8.0,Mega-cap benchmark / public quality comp,live_public_data,2026-05-28T16:37:54+00:00,28.01556420233463,31.88976377952756,0.0,54.09836065573771,52.34375,41.47286821705426,48.81516587677725,45.525291828793776,53.97489539748954,31.88976377952756,69.6113074204947,40.29126213592234,37.908496732026144,37.254901960784316,32.03125,18.63117870722434,85.15901060070672,46.09929078014184,63.309352517985616,98.23321554770318,5.0,3.0,73.4,24,0.0438247409906341,0.1698164897163089,1.1393550817469449,1.8195871682602087,4.726039671240152,-0.0048340221550193,0.1663574104062253,0.4366180079831036,54.50819672131148,36.492890995260666,30.078125,7.0,0.0,7.0,64.0,26.599999999999994,Market fields 100%; SEC fields 87%; filing age 104 days; peer count 24; source live_public_data; real filing chunks 0; EBIT proxy used instead of EBITDA.,62.091503267973856,62.745098039215684,51.18483412322275,54.474708171206224,46.02510460251046,14.840989399293287,53.90070921985816,71.98443579766537,46.02510460251046,51.18483412322275,62.091503267973856,54.474708171206224,67.96875,43.988529025361856,52.6,47.436886925238554,56.0,40.6,28.0,28.1,43.7,37.9,38.2,Screen is supported by strong free cash flow conversion proxy; key caution is no major structured red flag from the cached screen.,"Platform screen reflects scale, margins, cash conversion and leverage discipline; it is not a transaction recommendation.",Value creation screen looks for peer margin or cash-conversion gaps with enough growth and risk control for further diligence.,"Red flag screen combines leverage, weak cash conversion, liquidity, valuation support, volatility, trend and data-gap indicators."
DE,Deere & Company,Industrials,Industrials,Farm & Heavy Construction Machinery,145080025088.0,182634233856.0,537.1199951171875,660.5579833984375,436.3201293945313,0.1868692701981837,0.2907366991573462,0.969,3.858,30.466251,live_yfinance,live_api,yfinance,2026-05-28T16:36:44+00:00,2025.0,2025-12-18,315189.0,45684000000.0,,,4998000000.0,8533000000.0,,7459000000.0,1360000000.0,-0.116637017557429,-0.0457633188515637,,,0.1094037299711058,,8819000000.0,,0.0297697224411172,0.1867831188162157,,,,-0.0457633188515637,,live_sec_companyfacts,live_api,True,False,3.997772389808248,,1.0,0.4666666666666667,0.6799999999999999,161.0,8.0,Mega-cap benchmark / public quality comp,live_public_data,2026-05-28T16:37:54+00:00,3.8910505836575875,7.874015748031496,0.0,0.0,44.140625,0.0,0.0,52.52918287937744,0.0,7.874015748031496,8.657243816254418,51.45631067961165,0.0,0.0,55.46875,0.0,39.92932862190812,56.38297872340425,0.0,89.75265017667844,5.0,3.0,63.5,24,0.0438247409906341,0.1698164897163089,1.1393550817469449,1.8195871682602087,4.726039671240152,,,-0.1540967347065879,0.0,0.0,60.9375,0.0,0.0,0.0,35.0,36.5,Market fields 100%; SEC fields 47%; filing age 161 days; peer count 24; source live_public_data; real filing chunks 0; EBIT proxy used instead of EBITDA.,0.0,0.0,100.0,47.47081712062256,100.0,60.07067137809188,43.61702127659575,100.0,100.0,100.0,0.0,47.47081712062256,44.53125,38.390431585810084,41.2,58.807073105588444,61.6,10.9,7.1,19.6,23.4,23.2,23.1,Screen is supported by balanced but not standout structured metrics; key caution is incomplete public data coverage.,"Platform screen reflects scale, margins, cash conversion and leverage discipline; it is not a transaction recommendation.",Value creation screen looks for peer margin or cash-conversion gaps with enough growth and risk control for further diligence.,"Red flag screen combines leverage, weak cash conversion, liquidity, valuation support, volatility, trend and data-gap indicators."
DOV,Dover Corporation,Industrials,Industrials,Specialty Industrial Machinery,28575150080.0,30380902400.0,212.1999969482422,232.7758636474609,160.3419952392578,0.0883934716289181,0.239297541143721,1.213,3.669,26.525,live_yfinance,live_api,yfinance,2026-05-28T16:36:45+00:00,2025.0,2026-02-13,29905.0,8092571000.0,3218169000.0,1374252000.0,1093956000.0,1676808000.0,3327972000.0,,220263000.0,0.044754205090713,-0.016551742769103,0.397669541607976,0.1698164897163089,0.1351802783071041,,,,0.0272179261695695,0.2072033720803932,2.4216606561242044,1.2015001615424246,0.0184893055122903,-0.016551742769103,0.1355732234540401,live_sec_companyfacts,live_api,True,False,3.754171869483753,22.10722807752872,1.0,0.8,0.88,104.0,8.0,Mid-cap possible public-to-private screen,live_public_data,2026-05-28T16:37:54+00:00,29.571984435797667,11.811023622047244,46.98795180722892,55.73770491803278,53.90625,0.0,0.0,55.252918287937746,47.69874476987448,11.811023622047244,52.65017667844523,54.85436893203883,43.790849673202615,46.40522875816993,57.421875,55.513307984790885,62.89752650176679,72.69503546099291,35.251798561151084,54.77031802120141,65.0,75.0,73.5,24,0.0438247409906341,0.1698164897163089,1.1393550817469449,1.8195871682602087,4.726039671240152,0.0,,-0.2056410587644035,50.204918032786885,0.0,64.84375,0.0,0.0,0.0,35.0,26.5,Market fields 100%; SEC fields 80%; filing age 104 days; peer count 24; source live_public_data; real filing chunks 0; EBIT proxy used instead of EBITDA.,56.209150326797385,53.59477124183007,100.0,44.747081712062254,52.30125523012552,37.102473498233216,27.30496453900709,70.42801556420233,52.30125523012552,100.0,56.209150326797385,44.747081712062254,42.578125,42.254776884359735,56.8,43.24414225009936,57.7,37.3,45.6,60.0,41.8,49.5,46.7,Screen is supported by above-peer latest revenue growth; key caution is no major structured red flag from the cached screen.,"Platform screen reflects scale, margins, cash conversion and leverage discipline; it is not a transaction recommendation.",Value creation screen looks for peer margin or cash-conversion gaps with enough growth and risk control for further diligence.,"Red flag screen combines leverage, weak cash conversion, liquidity, valuation support, volatility, trend and data-gap indicators."
EMR,Emerson Electric Co.,Industrials,Industrials,Specialty Industrial Machinery,79598608384.0,90539171840.0,142.11500549316406,160.4226837158203,116.9574966430664,0.1141215057534336,0.2987974720221769,1.255,4.943,32.89699,live_yfinance,live_api,yfinance,2026-05-28T16:36:46+00:00,2025.0,2025-11-10,32604.0,4855000000.0,2520000000.0,2934000000.0,2246000000.0,1544000000.0,8924000000.0,3098000000.0,431000000.0,0.0510933102403117,-0.0324468863734476,0.5190525231719877,0.6043254376930999,0.462615859938208,1.055896387184731,3529000000.0,1.2027948193592366,0.0887744593202883,0.3180226570545829,3.041581458759373,2.515337423312884,-0.1578014279785419,-0.0324468863734476,0.8934786435818944,live_sec_companyfacts,live_api,True,False,18.648645075180227,30.858613442399456,1.0,1.0,1.0,199.0,8.0,Large-cap strategic / unlikely PE target,live_public_data,2026-05-28T16:37:54+00:00,32.68482490272373,10.236220472440944,63.85542168674698,91.80327868852459,91.796875,41.86046511627907,43.127962085308056,66.14785992217898,7.531380753138076,10.236220472440944,94.69964664310953,25.24271844660194,38.56209150326797,35.29411764705882,7.8125,32.69961977186312,55.830388692579504,54.96453900709219,27.338129496402875,77.3851590106007,20.0,35.0,79.5,24,0.0438247409906341,0.1698164897163089,1.1393550817469449,1.8195871682602087,4.726039671240152,0.4345089479767909,0.0634397376122917,2.945934941821313,6.967213114754098,43.60189573459716,8.203125,0.0,0.0,0.0,35.0,20.5,Market fields 100%; SEC fields 100%; filing age 199 days; peer count 24; source live_public_data; real filing chunks 0; EBIT proxy used instead of EBITDA.,61.43790849673203,64.70588235294117,56.872037914691944,33.85214007782102,92.46861924686192,44.16961130742049,45.0354609929078,67.31517509727627,100.0,56.872037914691944,61.43790849673203,33.85214007782102,100.0,36.44317150145859,58.0,41.950642156770165,63.6,48.9,42.5,37.5,25.8,41.4,38.5,"Screen is supported by above-peer latest revenue growth, above-peer EBIT margin proxy, strong free cash flow conversion proxy; key caution is no major structured red flag from the cached screen.","Platform screen reflects scale, margins, cash conversion and leverage discipline; it is not a transaction recommendation.",Value creation screen looks for peer margin or cash-conversion gaps with enough growth and risk control for further diligence.,"Red flag screen combines leverage, weak cash conversion, liquidity, valuation support, volatility, trend and data-gap indicators."
ETN,Eaton Corporation plc,Industrials,Industrials,Specialty Industrial Machinery,157164421120.0,178919473152.0,404.75,431.8166809082031,313.9706115722656,0.0626809526007103,0.3190711302119633,1.24,6.273,39.681374,live_yfinance,live_api,yfinance,2026-05-28T16:36:46+00:00,2025.0,2026-02-26,1551182.0,27448000000.0,,4932000000.0,4090000000.0,622000000.0,1000000.0,4472000000.0,919000000.0,0.1033041241257335,0.0976997924793441,,0.179685222967065,0.1490090352666861,0.9067315490673156,5391000000.0,1.0930656934306568,0.0334814922763042,0.0226610317691635,0.0002027575020275,-0.1259124087591241,0.0394095868837958,0.0976997924793441,-0.1110992005879758,live_sec_companyfacts,live_api,True,False,6.518488529291751,36.27726544038929,1.0,0.8666666666666667,0.92,91.0,8.0,Mega-cap benchmark / public quality comp,live_public_data,2026-05-28T16:37:54+00:00,60.311284046692606,59.055118110236215,0.0,58.606557377049185,57.03125,30.23255813953488,35.54502369668246,10.894941634241246,57.32217573221757,59.055118110236215,69.6113074204947,47.57281553398058,83.00653594771241,66.01307189542483,34.375,21.673003802281364,71.02473498233215,49.64539007092199,45.32374100719424,91.51943462897526,5.0,3.0,73.4,24,0.0438247409906341,0.1698164897163089,1.1393550817469449,1.8195871682602087,4.726039671240152,0.0098687332507561,-0.046289388316288,0.3792708023505114,45.49180327868852,54.502369668246445,33.59375,7.0,0.0,7.0,64.0,26.599999999999994,Market fields 100%; SEC fields 87%; filing age 91 days; peer count 24; source live_public_data; real filing chunks 0; EBIT proxy used instead of EBITDA.,16.99346405228758,33.98692810457516,64.45497630331754,89.10505836575875,42.67782426778243,28.975265017667844,50.35460992907801,39.688715953307394,42.67782426778243,64.45497630331754,16.99346405228758,89.10505836575875,65.625,52.67391568113659,42.7,57.26497135228858,47.3,50.2,33.5,31.2,49.8,43.4,44.3,"Screen is supported by above-peer latest revenue growth, above-peer EBIT margin proxy, strong free cash flow conversion proxy; key caution is no major structured red flag from the cached screen.","Platform screen reflects scale, margins, cash conversion and leverage discipline; it is not a transaction recommendation.",Value creation screen looks for peer margin or cash-conversion gaps with enough growth and risk control for further diligence.,"Red flag screen combines leverage, weak cash conversion, liquidity, valuation support, volatility, trend and data-gap indicators."
FAST,Fastenal Company,Industrials,Industrials,Industrial Distribution,51472150528.0,51591831552.0,44.834999084472656,49.58934783935547,38.72822952270508,0.0958743956521571,0.2454435674089632,0.744,6.111,39.67699,live_yfinance,live_api,yfinance,2026-05-28T16:36:46+00:00,2025.0,2026-02-05,815556.0,8200500000.0,3691200000.0,1655000000.0,1258400000.0,276800000.0,125000000.0,1295900000.0,245300000.0,0.086734693877551,0.0551540251612383,0.4501188951893177,0.2018169623803426,0.1534540576794097,0.7830211480362538,1541200000.0,0.931238670694864,0.0299128101945003,0.0337540393878422,0.0755287009063444,-0.0917220543806646,-0.0044690302277426,0.0551540251612383,-0.3098879657603223,live_sec_companyfacts,live_api,True,False,6.291303158587891,31.173312116012085,1.0,1.0,1.0,112.0,8.0,Large-cap strategic / unlikely PE target,live_public_data,2026-05-28T16:37:54+00:00,49.80544747081712,37.79527559055118,57.831325301204814,62.295081967213115,58.203125,25.1937984496124,26.066350710900476,17.509727626459142,34.72803347280335,37.79527559055118,94.69964664310953,50.970873786407765,79.08496732026144,65.359477124183,35.546875,32.31939163498099,60.42402826855125,70.2127659574468,51.798561151079134,68.55123674911661,20.0,35.0,79.5,24,0.0438247409906341,0.1698164897163089,1.1393550817469449,1.8195871682602087,4.726039671240152,0.0320004726640337,-0.2081164110520809,0.331199819771509,41.39344262295082,63.03317535545023,34.765625,0.0,0.0,0.0,35.0,20.5,Market fields 100%; SEC fields 100%; filing age 112 days; peer count 24; source live_public_data; real filing chunks 0; EBIT proxy used instead of EBITDA.,20.915032679738562,34.64052287581699,73.93364928909952,82.49027237354086,65.27196652719665,39.57597173144876,29.78723404255319,50.19455252918288,100.0,73.93364928909952,20.915032679738562,82.49027237354086,64.453125,43.65746336596353,46.3,53.730808265271286,56.3,52.0,42.2,44.5,47.7,48.4,46.6,"Screen is supported by above-peer latest revenue growth, above-peer EBIT margin proxy, strong free cash flow conversion proxy; key caution is no major structured red flag from the cached screen.","Platform screen reflects scale, margins, cash conversion and leverage discipline; it is not a transaction recommendation.",Value creation screen looks for peer margin or cash-conversion gaps with enough growth and risk control for further diligence.,"Red flag screen combines leverage, weak cash conversion, liquidity, valuation support, volatility, trend and data-gap indicators."
GE,GE Aerospace,Industrials,Industrials,Aerospace & Defense,334674591744.0,341936996352.0,320.31500244140625,345.2370910644531,234.5087432861328,0.0721883287401298,0.3102720447542788,1.352,7.078,39.741314,live_yfinance,live_api,yfinance,2026-05-28T16:36:47+00:00,2025.0,2026-01-29,40545.0,45855000000.0,,10000000000.0,8698000000.0,12392000000.0,25000000.0,8537000000.0,1273000000.0,3.641664136046159,0.2971195101782722,,0.2180787264202377,0.1896848762403227,0.8537,9810000000.0,0.981,0.0277614218732962,0.2702431577799585,0.0025,-1.2367,0.1508758326979017,0.2971195101782722,,live_sec_companyfacts,live_api,True,False,7.456918468040563,34.1936996352,1.0,0.8666666666666667,0.92,119.0,8.0,Mega-cap benchmark / public quality comp,live_public_data,2026-05-28T16:37:54+00:00,100.0,92.51968503937007,0.0,66.39344262295081,70.3125,28.294573643410853,28.90995260663507,60.70038910505836,77.40585774058577,92.51968503937007,69.6113074204947,53.883495145631066,82.35294117647058,79.73856209150327,28.125,24.714828897338403,67.13780918727915,53.191489361702125,0.0,96.81978798586573,5.0,3.0,75.5,24,0.0438247409906341,0.1698164897163089,1.1393550817469449,1.8195871682602087,4.726039671240152,0.0482622367039288,-0.1583550817469449,0.5778366215203196,35.65573770491803,58.767772511848335,26.171875,0.0,0.0,0.0,35.0,24.5,Market fields 100%; SEC fields 87%; filing age 119 days; peer count 24; source live_public_data; real filing chunks 0; EBIT proxy used instead of EBITDA.,17.647058823529413,20.26143790849673,71.09004739336493,39.29961089494164,22.594142259414227,32.86219081272085,46.808510638297875,0.0,22.594142259414227,71.09004739336493,17.647058823529413,39.29961089494164,71.875,65.46379997195032,33.6,66.38403083374422,34.5,61.2,39.7,29.9,53.4,48.3,50.3,"Screen is supported by above-peer latest revenue growth, above-peer EBIT margin proxy, strong free cash flow conversion proxy; key caution is no major structured red flag from the cached screen.","Platform screen reflects scale, margins, cash conversion and leverage discipline; it is not a transaction recommendation.",Value creation screen looks for peer margin or cash-conversion gaps with enough growth and risk control for further diligence.,"Red flag screen combines leverage, weak cash conversion, liquidity, valuation support, volatility, trend and data-gap indicators."
GWW,"W.W. Grainger, Inc.",Industrials,Industrials,Industrial Distribution,59443208192.0,61327962112.0,1259.0400390625,1284.18994140625,914.5977172851562,0.019584254270213,0.2478332273936385,1.042,3.337,33.90897,live_yfinance,live_api,yfinance,2026-05-28T16:36:47+00:00,2025.0,2026-02-19,277135.0,17942000000.0,7009000000.0,2430000000.0,1808000000.0,585000000.0,2488000000.0,2015000000.0,684000000.0,0.0450838769804287,0.0561914838038697,0.3906476424032995,0.1354364061977483,0.1007691450228514,0.8292181069958847,2699000000.0,1.1106995884773665,0.0381228402630698,0.0326050607513097,1.0238683127572017,0.7831275720164609,-0.0054882063580699,0.0561914838038697,-0.0567467850992755,live_sec_companyfacts,live_api,True,False,3.4181229579756995,25.23784449053498,1.0,1.0,1.0,98.0,8.0,Large-cap strategic / unlikely PE target,live_public_data,2026-05-28T16:37:54+00:00,29.961089494163424,38.976377952755904,44.57831325301205,44.67213114754098,40.625,27.131782945736433,36.492890995260666,16.731517509727624,33.89121338912134,38.976377952755904,94.69964664310953,41.747572815533985,59.47712418300654,50.326797385620914,61.328125,47.148288973384034,87.98586572438163,68.08510638297872,42.44604316546763,70.6713780918728,20.0,35.0,79.5,24,0.0438247409906341,0.1698164897163089,1.1393550817469449,1.8195871682602087,4.726039671240152,-0.0343800835185605,-0.0286554932695783,-0.2767468756607462,64.75409836065575,52.60663507109005,67.96875,0.0,0.0,0.0,35.0,20.5,Market fields 100%; SEC fields 100%; filing age 98 days; peer count 24; source live_public_data; real filing chunks 0; EBIT proxy used instead of EBITDA.,40.52287581699346,49.673202614379086,63.507109004739334,83.26848249027238,66.10878661087867,12.014134275618375,31.914893617021278,70.03891050583658,100.0,63.507109004739334,40.52287581699346,83.26848249027238,38.671875,40.951291992860085,50.0,50.004036899391075,59.0,45.1,38.0,49.7,56.1,48.9,47.2,"Screen is supported by above-peer latest revenue growth, strong free cash flow conversion proxy; key caution is no major structured red flag from the cached screen.","Platform screen reflects scale, margins, cash conversion and leverage discipline; it is not a transaction recommendation.",Value creation screen looks for peer margin or cash-conversion gaps with enough growth and risk control for further diligence.,"Red flag screen combines leverage, weak cash conversion, liquidity, valuation support, volatility, trend and data-gap indicators."
HON,Honeywell International Inc.,Industrials,Industrials,Conglomerates,147305349120.0,173160382464.0,232.509994506836,246.68426513671875,186.1873016357422,0.0574591598780208,0.2188017319736553,0.811,4.598,37.1952,live_yfinance,live_api,yfinance,2026-05-28T16:36:48+00:00,2025.0,2026-02-17,773840.0,9758000000.0,3470000000.0,5476000000.0,4772000000.0,12487000000.0,5893000000.0,6408000000.0,986000000.0,-0.7465322873915528,-0.3495965024496439,0.3556056568969051,0.5611805697888912,0.4890346382455421,1.1701972242512784,7394000000.0,1.3502556610664718,0.1010452961672473,1.2796679647468745,1.0761504747991235,-1.204163623082542,0.3813181663602553,-0.3495965024496439,0.6502216458290655,live_sec_companyfacts,live_api,True,False,17.745478834187335,31.62169146530314,1.0,1.0,1.0,100.0,8.0,Mega-cap benchmark / public quality comp,live_public_data,2026-05-28T16:37:54+00:00,1.1673151750972763,1.1811023622047243,36.144578313253014,90.98360655737704,92.96875,47.674418604651166,49.763033175355446,90.6614785992218,90.7949790794979,1.1811023622047243,94.69964664310953,23.300970873786408,56.86274509803921,79.08496732026144,8.59375,29.65779467680608,72.79151943462898,80.49645390070921,29.496402877697847,90.81272084805654,5.0,3.0,77.4,24,0.0438247409906341,0.1698164897163089,1.1393550817469449,1.8195871682602087,4.726039671240152,0.3913640800725823,0.2109005793195268,2.754830697290947,7.786885245901639,32.70142180094787,9.375,7.0,0.0,7.0,64.0,22.599999999999994,Market fields 100%; SEC fields 100%; filing age 100 days; peer count 24; source live_public_data; real filing chunks 0; EBIT proxy used instead of EBITDA.,43.13725490196079,20.915032679738562,50.236966824644554,9.338521400778205,9.205020920502093,27.208480565371023,19.50354609929078,100.0,9.205020920502093,50.236966824644554,43.13725490196079,9.338521400778205,100.0,52.606540668812556,29.3,70.65943674657017,47.4,51.2,38.1,28.8,23.6,40.9,39.6,"Screen is supported by above-peer EBIT margin proxy, strong free cash flow conversion proxy; key caution is no major structured red flag from the cached screen.","Platform screen reflects scale, margins, cash conversion and leverage discipline; it is not a transaction recommendation.",Value creation screen looks for peer margin or cash-conversion gaps with enough growth and risk control for further diligence.,"Red flag screen combines leverage, weak cash conversion, liquidity, valuation support, volatility, trend and data-gap indicators."
HUBB,Hubbell Incorporated,Industrials,Industrials,Electrical Equipment & Parts,25403949056.0,27821031424.0,480.7550048828125,557.8499755859375,377.9242248535156,0.1382001865683481,0.2835981732375612,0.949,4.64,28.447042,live_yfinance,live_api,yfinance,2026-05-28T16:36:48+00:00,2025.0,2026-02-12,48898.0,1492700000.0,525100000.0,1119100000.0,225200000.0,482500000.0,2036300000.0,1029800000.0,155100000.0,-0.7347961268544017,-0.3293171419459592,0.3517786561264822,0.7497152810343672,0.1508675554364574,0.9202037351443124,1184900000.0,1.0587972477884011,0.1039056742815033,0.3232397668654116,1.8195871682602087,1.3884371369850772,0.6169316758685393,-0.3293171419459592,-0.3689973066256358,live_sec_companyfacts,live_api,True,False,18.63805950559389,24.860183561790723,1.0,1.0,1.0,105.0,8.0,Mid-cap possible public-to-private screen,live_public_data,2026-05-28T16:37:54+00:00,1.556420233463035,1.574803149606299,34.93975903614458,95.08196721311475,57.421875,31.782945736434108,32.70142180094787,66.9260700389105,94.14225941422593,1.574803149606299,94.69964664310953,22.815533980582526,51.63398692810457,45.751633986928105,8.203125,49.049429657794676,49.1166077738516,57.801418439716315,54.67625899280575,50.17667844522968,65.0,75.0,79.5,24,0.0438247409906341,0.1698164897163089,1.1393550817469449,1.8195871682602087,4.726039671240152,0.5798987913180583,-0.0805578339585437,2.943695102479559,5.737704918032787,55.45023696682464,8.59375,0.0,0.0,0.0,35.0,20.5,Market fields 100%; SEC fields 100%; filing age 105 days; peer count 24; source live_public_data; real filing chunks 0; EBIT proxy used instead of EBITDA.,48.36601307189542,54.248366013071895,67.29857819905213,33.073929961089505,5.857740585774067,50.8833922261484,42.198581560283685,100.0,5.857740585774067,67.29857819905213,48.36601307189542,33.073929961089505,100.0,45.38298193227047,46.1,53.87348680576022,54.6,46.0,52.6,55.7,24.3,49.6,45.6,"Screen is supported by above-peer EBIT margin proxy, strong free cash flow conversion proxy; key caution is no major structured red flag from the cached screen.","Platform screen reflects scale, margins, cash conversion and leverage discipline; it is not a transaction recommendation.",Value creation screen looks for peer margin or cash-conversion gaps with enough growth and risk control for further diligence.,"Red flag screen combines leverage, weak cash conversion, liquidity, valuation support, volatility, trend and data-gap indicators."
IR,Ingersoll Rand Inc.,Industrials,Industrials,Specialty Industrial Machinery,27669471232.0,31493562368.0,70.70500183105469,98.71076202392578,68.54000091552734,0.2837153681994976,0.3278276247995499,1.247,4.047,47.77365,live_yfinance,live_api,yfinance,2026-05-28T16:36:49+00:00,2025.0,2026-02-17,1699150.0,7650900000.0,3336300000.0,1144600000.0,588800000.0,1248800000.0,0.0,1355700000.0,135600000.0,0.0574844505874223,0.0894838058896054,0.4360663451358664,0.1496033146427217,0.0769582663477499,1.184431242355408,1491300000.0,1.3029005766206534,0.0177234050895973,0.163222627403312,0.0,-1.0910361698409925,0.011459542352608,0.0894838058896054,-0.0055059341734981,live_sec_companyfacts,live_api,True,False,4.116321265210629,27.514906839070417,1.0,1.0,1.0,100.0,8.0,Mid-cap possible public-to-private screen,live_public_data,2026-05-28T16:37:54+00:00,36.57587548638132,55.90551181102362,55.42168674698795,49.59016393442623,33.203125,48.44961240310077,48.34123222748815,48.249027237354085,42.67782426778243,55.90551181102362,94.69964664310953,64.07766990291262,85.94771241830065,77.77777777777779,54.296875,39.92395437262357,27.20848056537103,47.5177304964539,38.84892086330935,53.35689045936396,65.0,75.0,92.0,24,0.0438247409906341,0.1698164897163089,1.1393550817469449,1.8195871682602087,4.726039671240152,-0.0202131750735871,0.1635454948737085,-0.1290125450575254,59.01639344262295,37.44075829383886,58.984375,429.0,429.0,0.0,100.0,8.0,Market fields 100%; SEC fields 100%; filing age 100 days; peer count 24; source live_public_data; real filing chunks 429; EBIT proxy used instead of EBITDA.,14.052287581699346,22.22222222222222,51.65876777251185,51.750972762645915,57.32217573221757,72.79151943462897,52.4822695035461,63.42412451361868,57.32217573221757,51.65876777251185,14.052287581699346,51.750972762645915,45.703125,56.44822953045449,39.3,60.66093457667043,43.6,53.5,61.7,66.5,50.0,61.7,59.1,"Screen is supported by above-peer latest revenue growth, strong free cash flow conversion proxy; key caution is no major structured red flag from the cached screen.","Platform screen reflects scale, margins, cash conversion and leverage discipline; it is not a transaction recommendation.",Value creation screen looks for peer margin or cash-conversion gaps with enough growth and risk control for further diligence.,"Red flag screen combines leverage, weak cash conversion, liquidity, valuation support, volatility, trend and data-gap indicators."
ITW,Illinois Tool Works Inc.,Industrials,Industrials,Specialty Industrial Machinery,71655997440.0,80330432512.0,249.06500244140625,297.7171936035156,234.68197631835932,0.1634174720419468,0.2028813885712022,1.055,4.952,23.147305,live_yfinance,live_api,yfinance,2026-05-28T16:36:49+00:00,2025.0,2026-02-13,49826.0,16044000000.0,,4216000000.0,3066000000.0,851000000.0,7682000000.0,3126000000.0,419000000.0,0.0091835451000126,0.002337822651909,,0.262777362253802,0.1910994764397905,0.74146110056926,3545000000.0,0.8408444022770398,0.0261156818748441,0.0530416355023684,1.8221062618595825,1.6202561669829223,0.0248913466876458,0.002337822651909,0.0521854175324056,live_sec_companyfacts,live_api,True,False,5.00688310346547,19.053707901328277,1.0,0.8666666666666667,0.92,104.0,8.0,Large-cap strategic / unlikely PE target,live_public_data,2026-05-28T16:37:54+00:00,14.396887159533073,15.354330708661418,0.0,75.81967213114754,71.09375,24.031007751937985,23.22274881516588,23.346303501945524,51.04602510460251,15.354330708661418,69.6113074204947,55.33980582524271,50.98039215686274,43.13725490196079,44.921875,62.73764258555132,44.87632508833922,85.81560283687944,36.69064748201439,73.4982332155477,20.0,35.0,75.5,24,0.0438247409906341,0.1698164897163089,1.1393550817469449,1.8195871682602087,4.726039671240152,0.0929608725374931,-0.298510679469905,0.059424687848975,25.81967213114754,69.19431279620854,44.53125,0.0,0.0,0.0,35.0,24.5,Market fields 100%; SEC fields 87%; filing age 104 days; peer count 24; source live_public_data; real filing chunks 0; EBIT proxy used instead of EBITDA.,49.01960784313725,56.86274509803921,76.77725118483411,76.65369649805447,48.95397489539749,55.12367491166078,14.184397163120568,85.60311284046693,48.95397489539749,76.77725118483411,49.01960784313725,76.65369649805447,55.078125,42.074121935976386,56.0,43.994287320041806,57.9,38.7,31.4,42.1,41.5,41.8,40.2,"Screen is supported by above-peer EBIT margin proxy, strong free cash flow conversion proxy; key caution is no major structured red flag from the cached screen.","Platform screen reflects scale, margins, cash conversion and leverage discipline; it is not a transaction recommendation.",Value creation screen looks for peer margin or cash-conversion gaps with enough growth and risk control for further diligence.,"Red flag screen combines leverage, weak cash conversion, liquidity, valuation support, volatility, trend and data-gap indicators."
JCI,Johnson Controls International plc,Industrials,Industrials,Building Products & Equipment,83268575232.0,93167976448.0,136.47999572753906,146.02999877929688,99.71932983398438,0.0653975425021488,0.2628891910728224,1.386,3.813,41.609756,live_yfinance,live_api,yfinance,2026-05-28T16:36:50+00:00,2025.0,2025-11-14,833444.0,23596000000.0,8592000000.0,1969000000.0,3513000000.0,379000000.0,723000000.0,,434000000.0,0.0280585569884976,-0.022961499677696,0.3641295134768605,0.0834463468384471,0.1488811662993727,,,,0.0183929479572808,0.0160620444143075,0.3671914677501269,0.1747079735906551,0.0158547424272056,-0.022961499677696,-0.0240366024253116,live_sec_companyfacts,live_api,True,False,3.948464843532802,47.31740804875572,1.0,0.8,0.88,195.0,8.0,Large-cap strategic / unlikely PE target,live_public_data,2026-05-28T16:37:54+00:00,22.17898832684825,11.023622047244094,39.75903614457831,30.737704918032787,56.25,0.0,0.0,7.782101167315175,46.02510460251046,11.023622047244094,52.65017667844523,62.13592233009708,72.54901960784314,59.47712418300654,56.25,12.547528517110262,69.25795053003534,63.829787234042556,39.568345323741006,78.79858657243817,20.0,35.0,73.5,24,0.0438247409906341,0.1698164897163089,1.1393550817469449,1.8195871682602087,4.726039671240152,-0.0863701428778618,,-0.1645298985616233,79.91803278688525,0.0,62.109375,0.0,0.0,0.0,35.0,26.5,Market fields 100%; SEC fields 80%; filing age 195 days; peer count 24; source live_public_data; real filing chunks 0; EBIT proxy used instead of EBITDA.,27.450980392156865,40.52287581699346,100.0,92.21789883268482,53.97489539748954,30.742049469964666,36.17021276595745,77.82101167315176,53.97489539748954,100.0,27.450980392156865,92.21789883268482,43.75,40.44056940151386,52.9,47.1371680830362,59.6,33.9,28.0,44.4,48.4,42.0,40.6,Screen is supported by balanced but not standout structured metrics; key caution is no major structured red flag from the cached screen.,"Platform screen reflects scale, margins, cash conversion and leverage discipline; it is not a transaction recommendation.",Value creation screen looks for peer margin or cash-conversion gaps with enough growth and risk control for further diligence.,"Red flag screen combines leverage, weak cash conversion, liquidity, valuation support, volatility, trend and data-gap indicators."
MMM,3M Company,Industrials,Industrials,Conglomerates,79366889472.0,88288591872.0,152.1699981689453,172.9356231689453,139.59869384765625,0.1200771976269662,0.2604768712275728,1.09,3.528,29.376448,live_yfinance,live_api,yfinance,2026-05-28T16:36:50+00:00,2025.0,2026-02-03,66740.0,24948000000.0,,4213000000.0,3262000000.0,5235000000.0,12602000000.0,2306000000.0,910000000.0,0.0151780264496439,-0.1000594077407089,,0.1688712522045855,0.1307519640852974,0.5473534298599573,3216000000.0,0.7633515309755519,0.0364758698092031,0.2098364598364598,2.9912176596249704,1.7486351768336104,-0.022165587901757,-0.1000594077407089,0.5536889855157794,live_sec_companyfacts,live_api,True,False,3.5389045964405965,20.956228785188703,1.0,0.8666666666666667,0.92,114.0,8.0,Large-cap strategic / unlikely PE target,live_public_data,2026-05-28T16:37:54+00:00,15.56420233463035,4.330708661417323,0.0,54.91803278688525,51.953125,18.992248062015506,21.32701421800948,55.6420233463035,23.430962343096233,4.330708661417323,69.6113074204947,45.14563106796117,39.869281045751634,41.17647058823529,59.765625,58.174904942965775,54.416961130742045,64.8936170212766,30.935251798561147,77.03180212014135,20.0,35.0,75.5,24,0.0438247409906341,0.1698164897163089,1.1393550817469449,1.8195871682602087,4.726039671240152,-0.0009452375117234,-0.376003550771393,-0.2511902475181807,52.04918032786885,71.09004739336493,67.578125,0.0,0.0,0.0,35.0,24.5,Market fields 100%; SEC fields 87%; filing age 114 days; peer count 24; source live_public_data; real filing chunks 0; EBIT proxy used instead of EBITDA.,60.130718954248366,58.82352941176471,78.67298578199052,44.3579766536965,76.56903765690376,45.583038869257955,35.1063829787234,84.43579766536965,100.0,78.67298578199052,60.130718954248366,44.3579766536965,40.234375,35.85131943299015,59.2,40.84342456330167,64.1,29.6,26.6,43.1,51.6,40.5,39.4,Screen is supported by balanced but not standout structured metrics; key caution is no major structured red flag from the cached screen.,"Platform screen reflects scale, margins, cash conversion and leverage discipline; it is not a transaction recommendation.",Value creation screen looks for peer margin or cash-conversion gaps with enough growth and risk control for further diligence.,"Red flag screen combines leverage, weak cash conversion, liquidity, valuation support, volatility, trend and data-gap indicators."
PH,Parker-Hannifin Corporation,Industrials,Industrials,Specialty Industrial Machinery,107198021632.0,117129691136.0,850.1950073242188,1020.712890625,646.5906372070312,0.1670576367428555,0.2429197175087268,1.182,5.581,31.407278,live_yfinance,live_api,yfinance,2026-05-28T16:36:51+00:00,2025.0,2025-08-22,76334.0,19850000000.0,,4107000000.0,3532000000.0,467000000.0,,3776000000.0,435000000.0,-0.0039943589451792,0.0776335392365337,,0.2069017632241813,0.1779345088161209,0.9194058923788654,4211000000.0,1.0253226199172143,0.0219143576826196,0.0235264483627204,,,0.1051323839783949,0.0776335392365337,,live_sec_companyfacts,live_api,True,False,5.900740107607053,28.51952547747748,1.0,0.7333333333333333,0.84,279.0,8.0,Large-cap strategic / unlikely PE target,live_public_data,2026-05-28T16:37:54+00:00,10.505836575875486,48.031496062992126,0.0,63.114754098360656,66.40625,31.3953488372093,31.27962085308057,12.062256809338521,71.1297071129707,48.031496062992126,34.62897526501767,59.22330097087378,0.0,0.0,38.671875,37.6425855513308,44.169611307420496,70.92198581560284,0.0,85.86572438162544,20.0,15.0,69.4,24,0.0438247409906341,0.1698164897163089,1.1393550817469449,1.8195871682602087,4.726039671240152,0.0370852735078724,-0.1140324618297305,0.2485591569439048,39.34426229508197,56.39810426540285,36.328125,7.0,0.0,7.0,64.0,30.599999999999994,Market fields 100%; SEC fields 73%; filing age 279 days; peer count 24; source live_public_data; real filing chunks 0; EBIT proxy used instead of EBITDA.,0.0,0.0,68.72037914691943,87.93774319066148,28.870292887029294,55.830388692579504,29.078014184397162,100.0,28.870292887029294,68.72037914691943,0.0,87.93774319066148,61.328125,49.26207037849086,32.3,67.65590086090086,50.7,38.3,30.1,27.0,41.6,38.5,39.3,"Screen is supported by above-peer EBIT margin proxy, strong free cash flow conversion proxy; key caution is incomplete public data coverage.","Platform screen reflects scale, margins, cash conversion and leverage discipline; it is not a transaction recommendation.",Value creation screen looks for peer margin or cash-conversion gaps with enough growth and risk control for further diligence.,"Red flag screen combines leverage, weak cash conversion, liquidity, valuation support, volatility, trend and data-gap indicators."
PNR,Pentair plc,Industrials,Industrials,Specialty Industrial Machinery,11490153472.0,13722221568.0,71.0999984741211,111.71431732177734,71.0999984741211,0.363555180941333,0.2723800159044883,1.097,3.265,17.86432,live_yfinance,live_api,yfinance,2026-05-28T16:36:51+00:00,2025.0,2026-02-24,77360.0,4176000000.0,1690300000.0,756500000.0,653800000.0,101600000.0,1638600000.0,814800000.0,68800000.0,0.0228274713431957,0.0043641249863981,0.4047653256704981,0.1811542145593869,0.1565613026819923,1.0770654329147389,883600000.0,1.1680105750165235,0.0164750957854406,0.0243295019157088,2.166027759418374,2.03172504957039,0.047571799109826,0.0043641249863981,-2.042653679012429,live_sec_companyfacts,live_api,True,False,3.2859725977011496,18.13908997752809,1.0,1.0,1.0,93.0,8.0,Mid-cap possible public-to-private screen,live_public_data,2026-05-28T16:37:54+00:00,17.509727626459142,16.92913385826772,49.39759036144578,59.01639344262295,59.375,43.798449612403104,40.758293838862556,12.45136186770428,59.41422594142259,16.92913385826772,94.69964664310953,66.50485436893203,47.05882352941176,40.52287581699346,62.5,64.25855513307985,19.787985865724377,60.28368794326241,74.82014388489209,34.98233215547703,100.0,100.0,79.5,24,0.0438247409906341,0.1698164897163089,1.1393550817469449,1.8195871682602087,4.726039671240152,0.011337724843078,0.0286554932695786,-0.3047090531851411,45.08196721311475,47.39336492890995,69.921875,0.0,0.0,0.0,35.0,20.5,Market fields 100%; SEC fields 100%; filing age 93 days; peer count 24; source live_public_data; real filing chunks 0; EBIT proxy used instead of EBITDA.,52.94117647058824,59.47712418300654,59.241706161137444,87.54863813229572,40.58577405857741,80.21201413427562,39.71631205673759,82.49027237354086,40.58577405857741,59.241706161137444,52.94117647058824,87.54863813229572,37.5,44.78929452377618,59.7,40.2878184192241,55.2,43.7,62.9,73.4,46.3,59.0,55.5,"Screen is supported by above-peer EBIT margin proxy, strong free cash flow conversion proxy; key caution is material share price drawdown.","Platform screen reflects scale, margins, cash conversion and leverage discipline; it is not a transaction recommendation.",Value creation screen looks for peer margin or cash-conversion gaps with enough growth and risk control for further diligence.,"Red flag screen combines leverage, weak cash conversion, liquidity, valuation support, volatility, trend and data-gap indicators."
ROK,"Rockwell Automation, Inc.",Industrials,Industrials,Specialty Industrial Machinery,50827714560.0,54434824192.0,456.7799987792969,457.9373779296875,308.0325622558594,0.0025273742790402,0.2814410854173916,1.557,6.183,47.48233,live_yfinance,live_api,yfinance,2026-05-28T16:36:52+00:00,2025.0,2025-11-12,1024478.0,8342000000.0,4016000000.0,917000000.0,749000000.0,468000000.0,2616000000.0,1544000000.0,186000000.0,0.00941409936836,0.0243822064927081,0.4814193239031407,0.1099256772956125,0.0897866219132102,1.6837513631406762,1730000000.0,1.886586695747001,0.0222968113162311,0.0561016542795492,2.8527808069792804,2.342420937840785,-0.0284177070660182,0.0243822064927081,2.285437289840681,live_sec_companyfacts,live_api,True,False,6.525392494845361,59.361858442748094,1.0,1.0,1.0,197.0,8.0,Large-cap strategic / unlikely PE target,live_public_data,2026-05-28T16:37:54+00:00,14.785992217898833,21.653543307086615,60.24096385542169,40.16393442622951,37.109375,71.31782945736434,65.40284360189574,25.291828793774318,21.338912133891213,21.653543307086615,94.69964664310953,58.7378640776699,41.17647058823529,37.908496732026144,33.984375,9.505703422053235,94.34628975265018,58.865248226950364,22.302158273381288,67.84452296819788,20.0,35.0,79.5,24,0.0438247409906341,0.1698164897163089,1.1393550817469449,1.8195871682602087,4.726039671240152,-0.0598908124206963,0.7472316140000561,0.3807316376447269,73.77049180327869,23.696682464454977,33.203125,0.0,0.0,0.0,35.0,20.5,Market fields 100%; SEC fields 100%; filing age 197 days; peer count 24; source live_public_data; real filing chunks 0; EBIT proxy used instead of EBITDA.,58.82352941176471,62.091503267973856,34.59715639810426,74.70817120622569,78.66108786610879,5.6537102473498235,41.13475177304964,85.21400778210116,100.0,34.59715639810426,58.82352941176471,74.70817120622569,66.015625,37.23881867458294,52.7,47.30662624307229,62.8,44.1,39.3,46.4,46.4,46.1,43.8,Screen is supported by strong free cash flow conversion proxy; key caution is no major structured red flag from the cached screen.,"Platform screen reflects scale, margins, cash conversion and leverage discipline; it is not a transaction recommendation.",Value creation screen looks for peer margin or cash-conversion gaps with enough growth and risk control for further diligence.,"Red flag screen combines leverage, weak cash conversion, liquidity, valuation support, volatility, trend and data-gap indicators."
TEX,Terex Corporation,Industrials,Industrials,Farm & Heavy Construction Machinery,6805023744.0,9102793728.0,59.58000183105469,69.33003234863281,41.67182540893555,0.1406321357034589,0.4702731964720604,1.571,1.536,29.063416,live_yfinance,live_api,yfinance,2026-05-28T16:36:52+00:00,2025.0,2026-02-13,97216.0,5421000000.0,1051000000.0,292000000.0,221000000.0,772000000.0,,440000000.0,118000000.0,0.0573434757167934,0.0706012078813638,0.1938756686958125,0.0538646006271905,0.0407673860911271,1.5068493150684932,558000000.0,1.910958904109589,0.0217672016233167,0.1424091496033942,,,-0.0291197577493402,0.0706012078813638,,live_sec_companyfacts,live_api,True,False,1.6791724272274489,31.173951123287672,1.0,0.8666666666666667,0.92,104.0,8.0,Small/mid-cap platform candidate,live_public_data,2026-05-28T16:37:54+00:00,36.18677042801556,44.48818897637795,15.66265060240964,25.40983606557377,24.609375,64.72868217054264,66.35071090047393,44.74708171206226,20.920502092050206,44.48818897637795,69.6113074204947,59.70873786407766,0.0,0.0,86.328125,31.939163498098853,48.0565371024735,24.113475177304966,0.0,22.614840989399294,100.0,100.0,75.5,24,0.0438247409906341,0.1698164897163089,1.1393550817469449,1.8195871682602087,4.726039671240152,-0.1159518890891183,0.771603822362644,-0.6446977714880628,84.8360655737705,23.22274881516588,87.109375,0.0,0.0,0.0,35.0,24.5,Market fields 100%; SEC fields 87%; filing age 104 days; peer count 24; source live_public_data; real filing chunks 0; EBIT proxy used instead of EBITDA.,0.0,0.0,33.64928909952607,55.25291828793774,79.07949790794979,51.9434628975265,75.88652482269504,63.81322957198444,100.0,33.64928909952607,0.0,55.25291828793774,13.671875,55.48259569794894,31.2,68.81254548316006,44.5,33.6,56.5,74.2,59.8,60.6,59.1,"Screen is supported by above-peer latest revenue growth, strong free cash flow conversion proxy; key caution is no major structured red flag from the cached screen.","Platform screen reflects scale, margins, cash conversion and leverage discipline; it is not a transaction recommendation.",Value creation screen looks for peer margin or cash-conversion gaps with enough growth and risk control for further diligence.,"Red flag screen combines leverage, weak cash conversion, liquidity, valuation support, volatility, trend and data-gap indicators."
TT,Trane Technologies plc,Industrials,Industrials,Building Products & Equipment,100750450688.0,104736071680.0,455.7699890136719,492.5400085449219,375.5242004394531,0.0746538735804979,0.267859006139587,1.257,4.848,34.81818,live_yfinance,live_api,yfinance,2026-05-28T16:36:53+00:00,2025.0,2026-02-05,1466258.0,21321900000.0,,3678600000.0,2935700000.0,1763300000.0,3922100000.0,3194500000.0,383000000.0,0.0747900515167707,0.100636107225388,,0.1725268386025635,0.1376847279088636,0.8684010221279834,3577500000.0,0.9725167183167508,0.017962751912353,0.082699009000136,1.066193660631762,0.5868536943402382,0.0367001284966961,0.100636107225388,-0.677878895880369,live_sec_companyfacts,live_api,True,False,4.912135957864918,28.471720676344265,1.0,0.8666666666666667,0.92,112.0,8.0,Large-cap strategic / unlikely PE target,live_public_data,2026-05-28T16:37:54+00:00,43.57976653696498,60.629921259842526,0.0,57.377049180327866,54.6875,28.68217054263566,27.96208530805687,32.295719844357976,55.64853556485355,60.629921259842526,69.6113074204947,63.592233009708735,58.16993464052287,52.2875816993464,46.484375,38.02281368821293,66.7844522968198,62.4113475177305,61.15107913669065,84.09893992932862,20.0,15.0,75.5,24,0.0438247409906341,0.1698164897163089,1.1393550817469449,1.8195871682602087,4.726039671240152,0.0027103488862545,-0.1668383634301941,0.0393767931651605,47.540983606557376,59.241706161137444,46.09375,0.0,0.0,0.0,35.0,24.5,Market fields 100%; SEC fields 87%; filing age 112 days; peer count 24; source live_public_data; real filing chunks 0; EBIT proxy used instead of EBITDA.,41.830065359477125,47.712418300653596,72.03791469194313,67.70428015564202,44.35146443514645,33.215547703180206,37.5886524822695,56.42023346303502,44.35146443514645,72.03791469194313,41.830065359477125,67.70428015564202,53.515625,48.61899679543135,49.9,50.12157433061613,51.4,45.4,36.2,35.2,51.9,44.1,44.8,"Screen is supported by above-peer latest revenue growth, above-peer EBIT margin proxy, strong free cash flow conversion proxy; key caution is no major structured red flag from the cached screen.","Platform screen reflects scale, margins, cash conversion and leverage discipline; it is not a transaction recommendation.",Value creation screen looks for peer margin or cash-conversion gaps with enough growth and risk control for further diligence.,"Red flag screen combines leverage, weak cash conversion, liquidity, valuation support, volatility, trend and data-gap indicators."
URI,"United Rentals, Inc.",Industrials,Industrials,Rental & Leasing Services,62113120256.0,76772835328.0,991.4849853515624,1013.4837646484376,682.6470947265625,0.0217060993616469,0.4132267056456649,1.831,4.691,25.33823,live_yfinance,live_api,yfinance,2026-05-28T16:36:53+00:00,2025.0,2026-01-28,1067701.0,3695000000.0,1590000000.0,3338000000.0,653000000.0,459000000.0,,5190000000.0,,0.0298216276477145,0.138938438375652,0.4303112313937753,0.903382949932341,0.1767253044654939,1.554823247453565,,,,0.1242219215155615,,,-0.2169689093239565,0.138938438375652,,live_sec_companyfacts,live_api,True,False,20.777492646278755,22.99965108687837,1.0,0.7333333333333333,0.84,120.0,8.0,Large-cap strategic / unlikely PE target,live_public_data,2026-05-28T16:37:54+00:00,22.56809338521401,74.80314960629921,54.21686746987952,96.72131147540983,66.015625,67.05426356589147,0.0,41.63424124513619,5.439330543933055,74.80314960629921,34.62897526501767,0.0,0.0,0.0,7.03125,51.330798479087456,87.27915194346289,32.62411347517731,0.0,71.37809187279152,20.0,35.0,71.5,24,0.0438247409906341,0.1698164897163089,1.1393550817469449,1.8195871682602087,4.726039671240152,0.7335664602160321,,3.396385576853732,4.098360655737705,0.0,7.421875,0.0,0.0,0.0,35.0,28.5,Market fields 100%; SEC fields 73%; filing age 120 days; peer count 24; source live_public_data; real filing chunks 0; EBIT proxy used instead of EBITDA.,0.0,0.0,100.0,58.36575875486381,94.56066945606695,12.7208480565371,67.37588652482269,77.43190661478599,100.0,100.0,0.0,58.36575875486381,100.0,34.10424814416204,39.1,60.877886276170116,65.9,42.9,41.2,29.4,16.1,36.6,33.9,Screen is supported by above-peer EBIT margin proxy; key caution is no major structured red flag from the cached screen.,"Platform screen reflects scale, margins, cash conversion and leverage discipline; it is not a transaction recommendation.",Value creation screen looks for peer margin or cash-conversion gaps with enough growth and risk control for further diligence.,"Red flag screen combines leverage, weak cash conversion, liquidity, valuation support, volatility, trend and data-gap indicators."
WAB,Westinghouse Air Brake Technologies Corporation,Industrials,Industrials,Railroads,44572540928.0,50697547776.0,262.69000244140625,270.61083984375,184.9773101806641,0.0292702147737955,0.2336347285143891,0.97,4.406,37.155586,live_yfinance,live_api,yfinance,2026-05-28T16:36:53+00:00,2025.0,2026-02-13,943452.0,11167000000.0,3806000000.0,1592000000.0,1183000000.0,789000000.0,5541000000.0,1759000000.0,260000000.0,0.0750938673341676,0.1012234501826749,0.3408256469956121,0.1425629085698934,0.1059371362048894,1.104899497487437,2019000000.0,1.26821608040201,0.0232828870779976,0.0706546073251544,3.4805276381909547,2.9849246231155777,0.0404342312199771,0.1012234501826749,-1.2056550315982726,live_sec_companyfacts,live_api,True,False,4.539943384615385,31.845193326633165,1.0,1.0,1.0,104.0,8.0,Large-cap strategic / unlikely PE target,live_public_data,2026-05-28T16:37:54+00:00,43.96887159533074,61.023622047244096,31.32530120481928,48.36065573770492,42.96875,45.73643410852713,46.44549763033176,29.571984435797667,57.74058577405857,61.023622047244096,94.69964664310953,57.76699029126213,35.94771241830066,33.333333333333336,50.390625,29.27756653992395,82.68551236749117,75.88652482269504,66.18705035971223,65.37102473498233,20.0,35.0,79.5,24,0.0438247409906341,0.1698164897163089,1.1393550817469449,1.8195871682602087,4.726039671240152,-0.0272535811464154,0.128860998655065,-0.0393767931651605,61.885245901639344,38.388625592417064,55.078125,0.0,0.0,0.0,35.0,20.5,Market fields 100%; SEC fields 100%; filing age 104 days; peer count 24; source live_public_data; real filing chunks 0; EBIT proxy used instead of EBITDA.,64.05228758169935,66.66666666666666,53.55450236966824,70.42801556420233,42.25941422594143,17.314487632508836,24.113475177304963,56.03112840466926,42.25941422594143,53.55450236966824,64.05228758169935,70.42801556420233,49.609375,49.447752249163685,53.6,46.43985478187756,50.6,50.0,39.3,47.1,54.1,49.5,48.6,"Screen is supported by above-peer latest revenue growth, strong free cash flow conversion proxy; key caution is no major structured red flag from the cached screen.","Platform screen reflects scale, margins, cash conversion and leverage discipline; it is not a transaction recommendation.",Value creation screen looks for peer margin or cash-conversion gaps with enough growth and risk control for further diligence.,"Red flag screen combines leverage, weak cash conversion, liquidity, valuation support, volatility, trend and data-gap indicators."
WSO,"Watsco, Inc.",Industrials,Industrials,Industrial Distribution,15113828352.0,15834850304.0,371.7349853515625,478.2238159179688,318.410400390625,0.2226757158925615,0.3108242260120421,1.102,2.187,30.495077,live_yfinance,live_api,yfinance,2026-05-28T16:36:54+00:00,2025.0,2026-02-27,105016.0,7239290000.0,2030464000.0,737676000.0,587588000.0,433283000.0,,569613000.0,34550000.0,-0.0497520646620507,-0.0016088716694803,0.2804783342012821,0.1018989431284007,0.0811665232363947,0.7721723358222309,604163000.0,0.8190086162488681,0.0047725674755397,0.0598515876556955,,,-0.0121199979609951,-0.0016088716694803,,live_sec_companyfacts,live_api,True,False,2.1873485250625406,21.465860762719675,1.0,0.8666666666666667,0.92,90.0,8.0,Mid-cap possible public-to-private screen,live_public_data,2026-05-28T16:37:54+00:00,6.22568093385214,13.779527559055119,21.686746987951807,35.65573770491803,35.15625,24.418604651162788,22.748815165876778,26.07003891050584,31.799163179916317,13.779527559055119,69.6113074204947,90.77669902912622,0.0,0.0,76.953125,57.414448669201526,34.98233215547704,52.836879432624116,0.0,38.16254416961131,100.0,100.0,75.5,24,0.0438247409906341,0.1698164897163089,1.1393550817469449,1.8195871682602087,4.726039671240152,-0.0679175465879081,-0.3203464654980767,-0.5371709343928206,75.81967213114754,70.61611374407583,82.8125,0.0,0.0,0.0,35.0,24.5,Market fields 100%; SEC fields 87%; filing age 90 days; peer count 24; source live_public_data; real filing chunks 0; EBIT proxy used instead of EBITDA.,0.0,0.0,77.25118483412322,73.92996108949416,68.20083682008368,65.01766784452296,47.16312056737589,100.0,100.0,77.25118483412322,0.0,73.92996108949416,23.046875,42.20907717220079,38.3,61.67331498395025,57.8,25.0,49.4,68.8,61.7,55.0,53.3,Screen is supported by strong free cash flow conversion proxy; key caution is no major structured red flag from the cached screen.,"Platform screen reflects scale, margins, cash conversion and leverage discipline; it is not a transaction recommendation.",Value creation screen looks for peer margin or cash-conversion gaps with enough growth and risk control for further diligence.,"Red flag screen combines leverage, weak cash conversion, liquidity, valuation support, volatility, trend and data-gap indicators."
XYL,Xylem Inc.,Industrials,Industrials,Specialty Industrial Machinery,25929981952.0,27680053248.0,109.08999633789062,152.0032958984375,106.33999633789062,0.282318217555097,0.2420798282147604,1.077,3.045,27.136816,live_yfinance,live_api,yfinance,2026-05-28T16:36:54+00:00,2025.0,2026-02-25,1524472.0,9035000000.0,3475000000.0,1223000000.0,950000000.0,1479000000.0,1942000000.0,1241000000.0,331000000.0,0.0552441018453633,0.1783579915890725,0.3846153846153846,0.1353624792473713,0.1051466519092418,1.0147179067865904,1572000000.0,1.285363859362224,0.0366353071389042,0.1636967349197565,1.5878986099754702,0.3785772690106296,0.0227221315472626,0.1783579915890725,-1.4346094286097388,live_sec_companyfacts,live_api,True,False,3.0636472881018264,22.632913530662307,1.0,1.0,1.0,92.0,8.0,Mid-cap possible public-to-private screen,live_public_data,2026-05-28T16:37:54+00:00,35.797665369649806,82.28346456692913,43.373493975903614,44.26229508196721,42.1875,38.759689922480625,47.39336492890995,48.63813229571984,50.2092050209205,82.28346456692913,94.69964664310953,44.66019417475729,52.94117647058824,56.209150326797385,64.453125,54.372623574144484,27.561837455830386,71.63120567375887,69.06474820143885,50.8833922261484,65.0,75.0,79.5,24,0.0438247409906341,0.1698164897163089,1.1393550817469449,1.8195871682602087,4.726039671240152,-0.0344540104689375,0.1460087776152792,-0.3517516776794427,65.57377049180327,37.91469194312796,73.4375,0.0,0.0,0.0,35.0,20.5,Market fields 100%; SEC fields 100%; filing age 92 days; peer count 24; source live_public_data; real filing chunks 0; EBIT proxy used instead of EBITDA.,47.05882352941176,43.790849673202615,52.60663507109005,51.36186770428016,49.7907949790795,72.43816254416961,28.368794326241137,64.2023346303502,49.7907949790795,52.60663507109005,47.05882352941176,51.36186770428016,35.546875,53.268887498877,49.2,50.80946790686424,46.7,52.7,59.8,65.4,52.2,59.6,57.6,"Screen is supported by above-peer latest revenue growth, strong free cash flow conversion proxy; key caution is no major structured red flag from the cached screen.","Platform screen reflects scale, margins, cash conversion and leverage discipline; it is not a transaction recommendation.",Value creation screen looks for peer margin or cash-conversion gaps with enough growth and risk control for further diligence.,"Red flag screen combines leverage, weak cash conversion, liquidity, valuation support, volatility, trend and data-gap indicators."
AEP,"American Electric Power Company, Inc.",Infrastructure / Utilities-Like Assets,Utilities,Utilities - Regulated Electric,69748826112.0,122961682432.0,128.19000244140625,136.1611328125,98.09355926513672,0.0585418922892655,0.1783715796214628,0.552,5.481,18.963018,live_yfinance,live_api,yfinance,2026-05-28T16:36:55+00:00,2025.0,2026-02-12,4904.0,21702000000.0,,3825000000.0,3696000000.0,268000000.0,47322000000.0,6944000000.0,3453000000.0,0.0867464208275536,0.0338474099506385,,0.1762510367708045,0.1703068841581421,1.8154248366013075,10397000000.0,2.718169934640523,0.1591097594691733,0.0123490922495622,12.371764705882352,12.301699346405227,0.0586513015433292,0.0338474099506385,-3.051945027404797,live_sec_companyfacts,live_api,True,False,5.665914774306516,32.14684508026144,1.0,0.8666666666666667,0.92,105.0,8.0,Large-cap strategic / unlikely PE target,live_public_data,2026-05-28T16:37:54+00:00,50.19455252918288,25.196850393700785,0.0,58.19672131147541,63.671875,75.5813953488372,73.45971563981043,4.669260700389105,61.92468619246861,25.196850393700785,69.6113074204947,17.47572815533981,11.764705882352944,11.764705882352944,39.453125,27.756653992395442,72.08480565371025,92.5531914893617,79.85611510791367,73.14487632508833,20.0,15.0,75.5,23,0.1039998323050782,0.1730984376484694,4.500324738299225,9.477199011547867,6.133483151662855,0.003152599122335,-1.7821548036587025,-0.0762321124546622,47.13114754098361,83.41232227488152,55.859375,0.0,0.0,0.0,35.0,24.5,Market fields 100%; SEC fields 87%; filing age 105 days; peer count 23; source live_public_data; real filing chunks 0; EBIT proxy used instead of EBITDA.,88.23529411764706,88.23529411764706,26.540284360189574,95.3307392996109,38.07531380753139,27.915194346289752,7.446808510638298,49.80544747081712,38.07531380753139,26.540284360189574,88.23529411764706,95.3307392996109,60.546875,48.42827992199591,61.7,38.29554087841848,51.6,47.5,33.1,38.7,55.4,44.8,45.2,"Screen is supported by above-peer EBIT margin proxy, strong free cash flow conversion proxy; key caution is elevated debt to EBIT proxy.","Platform screen reflects scale, margins, cash conversion and leverage discipline; it is not a transaction recommendation.",Value creation screen looks for peer margin or cash-conversion gaps with enough growth and risk control for further diligence.,"Red flag screen combines leverage, weak cash conversion, liquidity, valuation support, volatility, trend and data-gap indicators."
ATO,Atmos Energy Corporation,Infrastructure / Utilities-Like Assets,Utilities,Utilities - Regulated Gas,29200119808.0,38921490432.0,174.93499755859375,191.20855712890625,148.19955444335938,0.0851089502199497,0.151327276930672,0.648,7.974,21.543718,live_yfinance,live_api,yfinance,2026-05-28T16:36:56+00:00,2025.0,2025-11-14,731802.0,4702755000.0,,1478034000.0,1198754000.0,203803000.0,,2049456000.0,3561399000.0,0.1290621525516142,0.0382702582932408,,0.3142910910732113,0.254904625054888,1.386609509659453,5610855000.0,3.7961609814117945,0.7573005610541055,0.0433369376035961,,,0.1115360860299689,0.0382702582932408,,live_sec_companyfacts,live_api,True,False,8.276316846614378,26.333284912255063,1.0,0.7333333333333333,0.84,195.0,8.0,Mid-cap possible public-to-private screen,live_public_data,2026-05-28T16:37:54+00:00,68.8715953307393,27.95275590551181,0.0,79.91803278688525,78.515625,59.68992248062015,85.78199052132702,20.233463035019454,71.54811715481172,27.95275590551181,34.62897526501767,2.4271844660194164,0.0,0.0,24.21875,44.106463878327,64.31095406360424,98.22695035460993,0.0,55.12367491166078,65.0,75.0,71.5,23,0.1039998323050782,0.1730984376484694,4.500324738299225,9.477199011547867,6.133483151662855,0.1411926534247418,-0.7041637568874308,0.3493665250177752,18.852459016393443,77.72511848341233,34.375,0.0,0.0,0.0,35.0,28.5,Market fields 100%; SEC fields 73%; filing age 195 days; peer count 23; source live_public_data; real filing chunks 0; EBIT proxy used instead of EBITDA.,0.0,0.0,14.218009478672982,79.76653696498055,28.45188284518828,35.68904593639576,1.773049645390071,31.128404669260703,28.45188284518828,14.218009478672982,0.0,79.76653696498055,75.78125,70.784687469875,18.4,81.59719719782504,29.2,54.8,50.9,63.5,46.8,59.4,58.0,"Screen is supported by above-peer latest revenue growth, above-peer EBIT margin proxy, strong free cash flow conversion proxy; key caution is no major structured red flag from the cached screen.","Platform screen reflects scale, margins, cash conversion and leverage discipline; it is not a transaction recommendation.",Value creation screen looks for peer margin or cash-conversion gaps with enough growth and risk control for further diligence.,"Red flag screen combines leverage, weak cash conversion, liquidity, valuation support, volatility, trend and data-gap indicators."
AWK,"American Water Works Company, Inc.",Infrastructure / Utilities-Like Assets,Utilities,Utilities - Regulated Water,24208926720.0,39697821696.0,123.97000122070312,143.26405334472656,121.2546157836914,0.1346747608599169,0.2116114869759991,0.634,7.627,21.980497,live_yfinance,live_api,yfinance,2026-05-28T16:36:56+00:00,2025.0,2026-02-18,1410636.0,5121000000.0,,1422000000.0,1111000000.0,139000000.0,1588000000.0,2059000000.0,3126000000.0,0.1005802707930367,0.1081711829324063,,0.2776801405975395,0.2169498144893575,1.4479606188466947,5185000000.0,3.646272855133615,0.6104276508494435,0.0271431361062292,1.1167369901547115,1.018987341772152,0.009808761378831,0.1081711829324063,-0.0489376130198915,live_sec_companyfacts,live_api,True,False,7.751966743995314,27.916892894514767,1.0,0.8666666666666667,0.92,99.0,8.0,Mid-cap possible public-to-private screen,live_public_data,2026-05-28T16:37:54+00:00,58.36575875486382,62.99212598425197,0.0,77.04918032786885,75.390625,62.01550387596899,84.36018957345972,14.007782101167315,41.84100418410041,62.99212598425197,69.6113074204947,2.9126213592232997,55.55555555555556,47.05882352941176,25.78125,39.163498098859314,49.82332155477032,83.33333333333334,41.72661870503597,49.46996466431096,65.0,75.0,88.0,23,0.1039998323050782,0.1730984376484694,4.500324738299225,9.477199011547867,6.133483151662855,0.10458170294907,-0.8540518831656101,0.2638767487106686,23.770491803278688,78.19905213270142,35.9375,768.0,768.0,0.0,100.0,12.0,Market fields 100%; SEC fields 87%; filing age 99 days; peer count 23; source live_public_data; real filing chunks 768; EBIT proxy used instead of EBITDA.,44.44444444444444,52.94117647058824,15.63981042654028,85.99221789883268,58.15899581589959,50.17667844522968,16.666666666666664,41.63424124513618,58.15899581589959,15.63981042654028,44.44444444444444,85.99221789883268,74.21875,56.37946219508922,46.1,53.926696104185936,43.6,58.7,60.8,67.6,44.2,61.1,57.8,"Screen is supported by above-peer EBIT margin proxy, strong free cash flow conversion proxy; key caution is no major structured red flag from the cached screen.","Platform screen reflects scale, margins, cash conversion and leverage discipline; it is not a transaction recommendation.",Value creation screen looks for peer margin or cash-conversion gaps with enough growth and risk control for further diligence.,"Red flag screen combines leverage, weak cash conversion, liquidity, valuation support, volatility, trend and data-gap indicators."
CMS,CMS Energy Corporation,Infrastructure / Utilities-Like Assets,Utilities,Utilities - Regulated Electric,22770464768.0,42643013632.0,73.70999908447266,79.32391357421875,66.54092407226562,0.0707720312424258,0.1544521187755524,0.371,4.834,20.418283,live_yfinance,live_api,yfinance,2026-05-28T16:36:57+00:00,2025.0,2026-02-10,811156.0,8305000000.0,,1248000000.0,1002000000.0,615000000.0,18757000000.0,2235000000.0,,0.1345628415300546,-0.0006013230554011,,0.1502709211318482,0.1206502107164358,1.7908653846153846,,,,0.074051776038531,15.029647435897436,14.536858974358974,0.0418574595933867,-0.0006013230554011,-0.7264501250781734,live_sec_companyfacts,live_api,True,False,5.134619341601445,34.16908143589744,1.0,0.7333333333333333,0.84,107.0,8.0,Mid-cap possible public-to-private screen,live_public_data,2026-05-28T16:37:54+00:00,70.8171206225681,14.173228346456693,0.0,50.0,47.65625,73.64341085271317,0.0,30.739299610894943,58.57740585774059,14.173228346456693,34.62897526501767,0.0,8.496732026143794,8.496732026143794,43.75,25.095057034220535,68.55123674911661,97.87234042553192,62.589928057553955,48.0565371024735,65.0,75.0,71.5,23,0.1039998323050782,0.1730984376484694,4.500324738299225,9.477199011547867,6.133483151662855,-0.0228275165166212,,-0.1628542518765388,61.065573770491795,0.0,61.328125,0.0,0.0,0.0,35.0,28.5,Market fields 100%; SEC fields 73%; filing age 107 days; peer count 23; source live_public_data; real filing chunks 0; EBIT proxy used instead of EBITDA.,91.50326797385621,91.50326797385621,100.0,69.26070038910505,41.42259414225941,31.448763250883395,2.127659574468085,29.182879377431902,41.42259414225941,100.0,91.50326797385621,69.26070038910505,56.25,42.059705079532506,72.0,27.96992953953894,57.9,34.2,35.5,57.5,44.7,45.9,43.6,Screen is supported by above-peer latest revenue growth; key caution is elevated debt to EBIT proxy.,"Platform screen reflects scale, margins, cash conversion and leverage discipline; it is not a transaction recommendation.",Value creation screen looks for peer margin or cash-conversion gaps with enough growth and risk control for further diligence.,"Red flag screen combines leverage, weak cash conversion, liquidity, valuation support, volatility, trend and data-gap indicators."
CNP,"CenterPoint Energy, Inc.",Infrastructure / Utilities-Like Assets,Utilities,Utilities - Regulated Electric,27988639744.0,51664080896.0,42.78499984741211,43.89965438842773,34.777156829833984,0.0253909639277127,0.157769792819592,0.476,5.489,26.248466,live_yfinance,live_api,yfinance,2026-05-28T16:36:57+00:00,2025.0,2026-02-19,1130310.0,9337000000.0,,1247000000.0,1052000000.0,49000000.0,21066000000.0,2486000000.0,4870000000.0,0.0917913938260055,0.0003572577203649,,0.1335546749491271,0.1126700224911641,1.9935846030473132,7356000000.0,5.898957497995188,0.521580807539895,0.0052479383099496,16.893344025661587,16.854049719326383,-0.0183698452610154,0.0003572577203649,6.062715938152765,live_sec_companyfacts,live_api,True,False,5.533263456784835,41.43069839294306,1.0,0.8666666666666667,0.92,98.0,8.0,Large-cap strategic / unlikely PE target,live_public_data,2026-05-28T16:37:54+00:00,52.918287937743195,14.960629921259844,0.0,43.85245901639344,45.703125,79.84496124031007,92.89099526066352,1.556420233463035,25.94142259414226,14.960629921259844,69.6113074204947,3.8834951456310662,7.189542483660127,5.228758169934644,40.234375,17.870722433460074,86.21908127208481,96.09929078014184,11.51079136690647,54.06360424028268,20.0,35.0,75.5,23,0.1039998323050782,0.1730984376484694,4.500324738299225,9.477199011547867,6.133483151662855,-0.0395437626993423,1.3986327596959631,-0.0978595163688179,67.62295081967213,16.587677725118482,56.640625,0.0,0.0,0.0,35.0,24.5,Market fields 100%; SEC fields 87%; filing age 98 days; peer count 23; source live_public_data; real filing chunks 0; EBIT proxy used instead of EBITDA.,92.81045751633987,94.77124183006535,7.109004739336484,98.44357976653697,74.05857740585773,13.780918727915195,3.900709219858156,47.081712062256805,100.0,7.109004739336484,92.81045751633987,98.44357976653697,59.765625,42.53062574456155,63.2,36.76378083509565,57.5,43.6,31.4,50.4,48.1,45.6,43.4,Screen is supported by strong free cash flow conversion proxy; key caution is elevated debt to EBIT proxy.,"Platform screen reflects scale, margins, cash conversion and leverage discipline; it is not a transaction recommendation.",Value creation screen looks for peer margin or cash-conversion gaps with enough growth and risk control for further diligence.,"Red flag screen combines leverage, weak cash conversion, liquidity, valuation support, volatility, trend and data-gap indicators."
D,"Dominion Energy, Inc.",Infrastructure / Utilities-Like Assets,Utilities,Utilities - Regulated Electric,60119080960.0,116513406976.0,68.3550033569336,68.3550033569336,52.01133346557617,0.0,0.2033674047695177,0.636,6.677,20.163717,live_yfinance,live_api,yfinance,2026-05-28T16:36:58+00:00,2025.0,2026-02-23,715957.0,16523000000.0,,3611000000.0,512000000.0,343000000.0,2457000000.0,5361000000.0,,0.1650683965590185,-0.0231357420915674,,0.218543847969497,0.0309871088785329,1.4846302963168097,,,,0.0207589420807359,0.6804209360288009,0.5854333979507061,0.1591362316084251,-0.0231357420915674,-2.5702913146834496,live_sec_companyfacts,live_api,True,False,7.051589116746354,32.26624397009139,1.0,0.7333333333333333,0.84,94.0,8.0,Large-cap strategic / unlikely PE target,live_public_data,2026-05-28T16:37:54+00:00,77.82101167315176,10.62992125984252,0.0,66.80327868852459,21.484375,63.95348837209303,0.0,9.33852140077821,79.49790794979079,10.62992125984252,34.62897526501767,0.0,66.66666666666667,53.59477124183007,30.078125,27.376425855513308,97.87985865724382,85.46099290780143,76.2589928057554,71.02473498233216,20.0,15.0,71.5,23,0.1039998323050782,0.1730984376484694,4.500324738299225,9.477199011547867,6.133483151662855,0.0454454103210275,,0.1496875335566203,36.47540983606557,0.0,39.453125,0.0,0.0,0.0,35.0,28.5,Market fields 100%; SEC fields 73%; filing age 94 days; peer count 23; source live_public_data; real filing chunks 0; EBIT proxy used instead of EBITDA.,33.33333333333333,46.40522875816993,100.0,90.6614785992218,20.502092050209214,2.1201413427561837,14.539007092198581,22.17898832684824,20.502092050209214,100.0,33.33333333333333,90.6614785992218,69.921875,52.079613053376924,47.3,52.675670818283706,47.9,43.8,27.5,35.3,39.3,40.6,40.2,"Screen is supported by above-peer latest revenue growth, above-peer EBIT margin proxy; key caution is no major structured red flag from the cached screen.","Platform screen reflects scale, margins, cash conversion and leverage discipline; it is not a transaction recommendation.",Value creation screen looks for peer margin or cash-conversion gaps with enough growth and risk control for further diligence.,"Red flag screen combines leverage, weak cash conversion, liquidity, valuation support, volatility, trend and data-gap indicators."
DTE,DTE Energy Company,Infrastructure / Utilities-Like Assets,Utilities,Utilities - Regulated Electric,30145384448.0,56959275008.0,144.91000366210938,151.69000244140625,126.64581298828124,0.0446964115642084,0.1583422151987088,0.413,3.449,23.794746,live_yfinance,live_api,yfinance,2026-05-28T16:36:58+00:00,2025.0,2026-02-17,936340.0,,,1550000000.0,1462000000.0,250000000.0,882000000.0,3409000000.0,,,,,,,2.1993548387096773,,,,,0.5690322580645162,0.4077419354838709,,,-0.4759317707124622,live_sec_companyfacts,live_api,True,False,,36.74791936,1.0,0.4666666666666667,0.6799999999999999,100.0,8.0,Large-cap strategic / unlikely PE target,live_public_data,2026-05-28T16:37:54+00:00,0.0,0.0,0.0,0.0,0.0,81.78294573643412,0.0,0.0,0.0,0.0,8.657243816254418,0.0,68.62745098039215,54.90196078431373,0.0,20.152091254752847,77.03180212014135,95.74468085106383,58.273381294964025,56.18374558303887,20.0,35.0,63.5,23,0.1039998323050782,0.1730984376484694,4.500324738299225,9.477199011547867,6.133483151662855,,,,0.0,0.0,0.0,0.0,0.0,0.0,35.0,36.5,Market fields 100%; SEC fields 47%; filing age 100 days; peer count 23; source live_public_data; real filing chunks 0; EBIT proxy used instead of EBITDA.,31.372549019607842,45.09803921568628,100.0,100.0,100.0,22.968197879858657,4.25531914893617,100.0,100.0,100.0,31.372549019607842,100.0,100.0,25.09251564455569,56.9,43.08824487617767,74.9,16.0,16.3,37.0,9.2,26.7,22.3,Screen is supported by balanced but not standout structured metrics; key caution is incomplete public data coverage.,"Platform screen reflects scale, margins, cash conversion and leverage discipline; it is not a transaction recommendation.",Value creation screen looks for peer margin or cash-conversion gaps with enough growth and risk control for further diligence.,"Red flag screen combines leverage, weak cash conversion, liquidity, valuation support, volatility, trend and data-gap indicators."
DUK,Duke Energy Corporation,Infrastructure / Utilities-Like Assets,Utilities,Utilities - Regulated Electric,97227341824.0,189785391104.0,124.71499633789062,132.31661987304688,110.585693359375,0.0574502548693409,0.1427430823462157,0.402,5.8,19.15745,live_yfinance,live_api,yfinance,2026-05-28T16:36:59+00:00,2025.0,2026-02-26,1326160.0,,,5712000000.0,5071000000.0,363000000.0,87212000000.0,12330000000.0,14024000000.0,,,,,,2.158613445378151,26354000000.0,4.613795518207283,,,15.268207282913163,15.204656862745098,,,-2.19500998045123,live_sec_companyfacts,live_api,True,False,,33.22573373669468,1.0,0.6,0.76,91.0,8.0,Mega-cap benchmark / public quality comp,live_public_data,2026-05-28T16:37:54+00:00,0.0,0.0,0.0,0.0,0.0,81.3953488372093,89.0995260663507,0.0,0.0,0.0,16.431095406360424,0.0,7.843137254901967,7.189542483660127,0.0,26.615969581749056,73.14487632508833,99.64539007092199,75.53956834532374,83.3922261484099,5.0,3.0,67.5,23,0.1039998323050782,0.1730984376484694,4.500324738299225,9.477199011547867,6.133483151662855,,0.1134707799080576,,0.0,40.758293838862556,0.0,0.0,0.0,0.0,35.0,32.5,Market fields 100%; SEC fields 60%; filing age 91 days; peer count 23; source live_public_data; real filing chunks 0; EBIT proxy used instead of EBITDA.,92.15686274509804,92.81045751633987,10.900473933649295,100.0,100.0,26.855123674911663,0.3546099290780142,100.0,100.0,10.900473933649295,92.15686274509804,100.0,100.0,29.039320082172225,67.1,32.87537634213204,71.0,26.9,17.7,26.6,16.7,26.8,24.3,"Screen is supported by strong free cash flow conversion proxy; key caution is elevated debt to EBIT proxy, incomplete public data coverage.","Platform screen reflects scale, margins, cash conversion and leverage discipline; it is not a transaction recommendation.",Value creation screen looks for peer margin or cash-conversion gaps with enough growth and risk control for further diligence.,"Red flag screen combines leverage, weak cash conversion, liquidity, valuation support, volatility, trend and data-gap indicators."
ED,"Consolidated Edison, Inc.",Infrastructure / Utilities-Like Assets,Utilities,Utilities - Regulated Electric,39476903936.0,66834894848.0,107.12000274658205,114.50089263916016,93.26062774658205,0.0644614179195822,0.1626306139462192,0.288,3.882,18.064081,live_yfinance,live_api,yfinance,2026-05-28T16:36:59+00:00,2025.0,2026-02-19,1047862.0,17049000000.0,,2597000000.0,2023000000.0,1630000000.0,25801000000.0,4800000000.0,,0.1021397633977632,0.0332608327083017,,0.1523256495982169,0.118657985805619,1.8482864844050828,,,,0.0956067804563317,9.934924913361572,9.307277628032343,0.0165767010378804,0.0332608327083017,-1.238097012281898,live_sec_companyfacts,live_api,True,False,3.920165103407824,25.735423507123603,1.0,0.7333333333333333,0.84,98.0,8.0,Large-cap strategic / unlikely PE target,live_public_data,2026-05-28T16:37:54+00:00,59.53307392996109,24.803149606299215,0.0,50.81967213114754,47.265625,76.35658914728683,0.0,35.019455252918284,46.86192468619247,24.803149606299215,34.62897526501767,0.0,13.725490196078427,16.33986928104575,56.640625,45.247148288973385,70.31802120141343,95.0354609929078,67.62589928057554,62.19081272084806,20.0,35.0,71.5,23,0.1039998323050782,0.1730984376484694,4.500324738299225,9.477199011547867,6.133483151662855,-0.0207727880502525,,-0.3608582584359062,59.42622950819673,0.0,74.21875,0.0,0.0,0.0,35.0,28.5,Market fields 100%; SEC fields 73%; filing age 98 days; peer count 23; source live_public_data; real filing chunks 0; EBIT proxy used instead of EBITDA.,86.27450980392157,83.66013071895425,100.0,64.98054474708172,53.13807531380753,29.681978798586574,4.964539007092199,40.46692607003891,53.13807531380753,100.0,86.27450980392157,64.98054474708172,43.359375,41.045394424879284,70.0,30.03297002011203,59.0,34.1,23.4,41.7,45.3,38.9,37.9,Screen is supported by balanced but not standout structured metrics; key caution is elevated debt to EBIT proxy.,"Platform screen reflects scale, margins, cash conversion and leverage discipline; it is not a transaction recommendation.",Value creation screen looks for peer margin or cash-conversion gaps with enough growth and risk control for further diligence.,"Red flag screen combines leverage, weak cash conversion, liquidity, valuation support, volatility, trend and data-gap indicators."
ES,Eversource Energy,Infrastructure / Utilities-Like Assets,Utilities,Utilities - Regulated Electric,26261669888.0,56407769088.0,69.83000183105469,74.52799224853516,59.6677360534668,0.0630365890149524,0.23972257445695,0.749,4.048,14.952891,live_yfinance,live_api,yfinance,2026-05-28T16:37:00+00:00,2025.0,2026-02-17,72741.0,13547244000.0,,2988589000.0,1699891000.0,246245000.0,28265381000.0,4113572000.0,4158669000.0,0.1383464771176481,0.0330171021239182,,0.2206049437066314,0.1254787320579743,1.3764261328673832,8272241000.0,2.7679419953697213,0.3069752785142129,0.0181767597896664,9.45776786302834,9.375372792980231,0.041738160342583,0.0330171021239182,-0.1157756648591519,live_sec_companyfacts,live_api,True,False,4.163781879768313,18.87438155196315,1.0,0.8666666666666667,0.92,100.0,8.0,Large-cap strategic / unlikely PE target,live_public_data,2026-05-28T16:37:54+00:00,71.59533073929961,24.409448818897637,0.0,68.0327868852459,49.609375,58.52713178294574,74.88151658767772,8.949416342412452,58.15899581589959,24.409448818897637,69.6113074204947,10.679611650485432,16.33986928104575,15.686274509803921,53.515625,63.117870722433466,70.6713780918728,72.34042553191489,46.043165467625904,51.590106007067135,20.0,35.0,75.5,23,0.1039998323050782,0.1730984376484694,4.500324738299225,9.477199011547867,6.133483151662855,0.0475065060581619,-1.732382742929504,-0.3211391020713139,36.0655737704918,82.46445497630332,71.484375,0.0,0.0,0.0,35.0,24.5,Market fields 100%; SEC fields 87%; filing age 100 days; peer count 23; source live_public_data; real filing chunks 0; EBIT proxy used instead of EBITDA.,83.66013071895425,84.31372549019608,25.118483412322277,91.05058365758755,41.84100418410041,29.328621908127207,27.659574468085108,28.404669260700388,41.84100418410041,25.118483412322277,83.66013071895425,91.05058365758755,46.484375,52.59346963392499,61.2,38.797139473284965,47.4,49.8,34.9,49.4,57.8,49.4,49.0,"Screen is supported by above-peer latest revenue growth, above-peer EBIT margin proxy, strong free cash flow conversion proxy; key caution is elevated debt to EBIT proxy.","Platform screen reflects scale, margins, cash conversion and leverage discipline; it is not a transaction recommendation.",Value creation screen looks for peer margin or cash-conversion gaps with enough growth and risk control for further diligence.,"Red flag screen combines leverage, weak cash conversion, liquidity, valuation support, volatility, trend and data-gap indicators."
ETR,Entergy Corporation,Infrastructure / Utilities-Like Assets,Utilities,Utilities - Regulated Electric,50825441280.0,81850056704.0,111.0,117.36000061035156,78.90060424804688,0.0541922339576963,0.1929901531748348,0.529,6.16,28.244274,live_yfinance,live_api,yfinance,2026-05-28T16:37:00+00:00,2025.0,2026-02-19,65984.0,12946686000.0,,2271280000.0,1773328000.0,1928916000.0,30277161000.0,5150651000.0,7684922000.0,0.0898202161292085,-0.0202043859753847,,0.1754333116598332,0.1369715771279229,2.2677305308020146,12835573000.0,5.651250836532704,0.5935821723026263,0.1489891698925887,13.33043966397802,12.481175812757565,0.0985558211022382,-0.0202043859753847,-11.176770020757743,live_sec_companyfacts,live_api,True,False,6.322085567225466,36.03697329435384,1.0,0.8666666666666667,0.92,98.0,8.0,Large-cap strategic / unlikely PE target,live_public_data,2026-05-28T16:37:54+00:00,52.14007782101168,11.41732283464567,0.0,57.786885245901644,54.296875,82.55813953488372,91.9431279620853,45.91439688715953,70.29288702928869,11.41732283464567,69.6113074204947,3.398058252427183,9.150326797385622,11.111111111111116,35.15625,22.81368821292775,73.85159010600705,88.65248226950355,89.92805755395683,67.49116607773851,20.0,35.0,75.5,23,0.1039998323050782,0.1730984376484694,4.500324738299225,9.477199011547867,6.133483151662855,0.0023348740113637,1.1509260982334784,0.0307496427232345,48.36065573770492,19.431279620853083,46.875,0.0,0.0,0.0,35.0,24.5,Market fields 100%; SEC fields 87%; filing age 98 days; peer count 23; source live_public_data; real filing chunks 0; EBIT proxy used instead of EBITDA.,90.84967320261438,88.88888888888889,8.056872037914701,54.08560311284047,29.707112970711307,26.148409893992934,11.347517730496454,47.85992217898832,29.707112970711307,8.056872037914701,90.84967320261438,54.08560311284047,64.84375,55.78063920320158,53.9,46.10635936280291,44.2,49.0,33.4,48.5,42.7,47.2,45.7,"Screen is supported by above-peer EBIT margin proxy, strong free cash flow conversion proxy; key caution is elevated debt to EBIT proxy.","Platform screen reflects scale, margins, cash conversion and leverage discipline; it is not a transaction recommendation.",Value creation screen looks for peer margin or cash-conversion gaps with enough growth and risk control for further diligence.,"Red flag screen combines leverage, weak cash conversion, liquidity, valuation support, volatility, trend and data-gap indicators."
EVRG,"Evergy, Inc.",Infrastructure / Utilities-Like Assets,Utilities,Utilities - Regulated Electric,19327526912.0,35309780992.0,83.845703125,84.16999816894531,62.79938125610352,0.0038528579184995,0.1556181745072639,0.544,5.855,22.299389,live_yfinance,live_api,yfinance,2026-05-28T16:37:01+00:00,2025.0,2026-02-19,1711269.0,5705100000.0,,1532900000.0,867900000.0,27000000.0,13406200000.0,2045200000.0,2796900000.0,0.0001227122922655,0.0068649053140803,,0.2686894182398205,0.1521270442235894,1.3342031443668865,4842100000.0,3.158784004175093,0.4902455697533786,0.0047326076668244,8.745645508513276,8.728031835083828,0.0419664525202184,0.0068649053140803,0.5821354075031753,live_sec_companyfacts,live_api,True,False,6.189160749504829,23.03462782438515,1.0,0.8666666666666667,0.92,98.0,8.0,Mid-cap possible public-to-private screen,live_public_data,2026-05-28T16:37:54+00:00,12.062256809338521,18.11023622047244,0.0,76.63934426229508,57.8125,56.201550387596896,81.04265402843602,0.7782101167315175,58.995815899581594,18.11023622047244,69.6113074204947,4.854368932038833,16.993464052287578,17.647058823529417,36.328125,50.950570342205324,93.28621908127208,97.51773049645391,30.215827338129497,42.04946996466431,65.0,75.0,75.5,23,0.1039998323050782,0.1730984376484694,4.500324738299225,9.477199011547867,6.133483151662855,0.095590980591351,-1.3415407341241323,0.0090776474745641,25.40983606557377,81.04265402843602,48.4375,0.0,0.0,0.0,35.0,24.5,Market fields 100%; SEC fields 87%; filing age 98 days; peer count 23; source live_public_data; real filing chunks 0; EBIT proxy used instead of EBITDA.,83.00653594771242,82.35294117647058,18.95734597156398,99.22178988326849,41.004184100418406,6.713780918727916,2.4822695035460995,87.93774319066148,41.004184100418406,18.95734597156398,83.00653594771242,99.22178988326849,63.671875,43.76707544078658,56.3,43.684603038189294,56.2,45.5,50.7,67.6,44.0,54.6,50.8,"Screen is supported by above-peer EBIT margin proxy, strong free cash flow conversion proxy; key caution is elevated debt to EBIT proxy.","Platform screen reflects scale, margins, cash conversion and leverage discipline; it is not a transaction recommendation.",Value creation screen looks for peer margin or cash-conversion gaps with enough growth and risk control for further diligence.,"Red flag screen combines leverage, weak cash conversion, liquidity, valuation support, volatility, trend and data-gap indicators."
EXC,Exelon Corporation,Infrastructure / Utilities-Like Assets,Utilities,Utilities - Regulated Electric,46975483904.0,97789984768.0,45.90999984741211,50.290000915527344,41.11343383789063,0.087094869524309,0.1802124521933029,0.416,3.945,16.816849,live_yfinance,live_api,yfinance,2026-05-28T16:37:01+00:00,2025.0,2026-02-12,1109357.0,24258000000.0,,3291000000.0,2768000000.0,1201000000.0,1665000000.0,6254000000.0,8529000000.0,0.0534132360604482,0.0833631247390602,,0.1356665842196388,0.1141066864539533,1.9003342449103613,14783000000.0,4.49194773625038,0.3515953499876329,0.0495094401846813,0.5059252506836828,0.140990580370708,0.0097099849954015,0.0833631247390602,-14.922289480901837,live_sec_companyfacts,live_api,True,False,4.031246795613818,29.714367902765115,1.0,0.8666666666666667,0.92,105.0,8.0,Large-cap strategic / unlikely PE target,live_public_data,2026-05-28T16:37:54+00:00,33.46303501945525,51.96850393700787,0.0,45.08196721311475,46.484375,77.90697674418605,87.67772511848341,22.957198443579767,41.42259414225941,51.96850393700787,69.6113074204947,8.737864077669899,69.93464052287581,60.7843137254902,55.078125,34.98098859315589,63.25088339222616,92.19858156028369,92.08633093525181,66.07773851590106,20.0,35.0,88.0,23,0.1039998323050782,0.1730984376484694,4.500324738299225,9.477199011547867,6.133483151662855,-0.0374318534288306,-0.0083770020488449,-0.3427475553558988,66.80327868852459,51.65876777251185,72.65625,1045.0,1045.0,0.0,100.0,12.0,Market fields 100%; SEC fields 87%; filing age 105 days; peer count 23; source live_public_data; real filing chunks 1045; EBIT proxy used instead of EBITDA.,30.065359477124183,39.21568627450981,12.322274881516591,77.04280155642023,58.57740585774059,36.74911660777385,7.801418439716312,66.53696498054475,58.57740585774059,12.322274881516591,30.065359477124183,77.04280155642023,44.921875,59.98933896528482,36.2,63.75071711699412,40.0,52.1,42.2,57.7,55.4,56.1,54.5,Screen is supported by strong free cash flow conversion proxy; key caution is no major structured red flag from the cached screen.,"Platform screen reflects scale, margins, cash conversion and leverage discipline; it is not a transaction recommendation.",Value creation screen looks for peer margin or cash-conversion gaps with enough growth and risk control for further diligence.,"Red flag screen combines leverage, weak cash conversion, liquidity, valuation support, volatility, trend and data-gap indicators."
FE,FirstEnergy Corp.,Infrastructure / Utilities-Like Assets,Utilities,Utilities - Regulated Electric,26882588672.0,56519012352.0,46.47499847412109,51.38007354736328,38.16935729980469,0.0954664860244036,0.1477012060345151,0.472,3.685,25.25815,live_yfinance,live_api,yfinance,2026-05-28T16:37:01+00:00,2025.0,2026-02-18,1031296.0,15090000000.0,,1559000000.0,1271000000.0,99000000.0,723000000.0,3700000000.0,4705000000.0,0.1201009501187648,0.065946361022678,,0.1033134526176275,0.0842279655400927,2.3733162283515075,8405000000.0,5.391276459268762,0.3117958913187541,0.0065606361829025,0.463758819756254,0.4002565747273893,-0.0121853835650516,0.065946361022678,0.2198394312920427,live_sec_companyfacts,live_api,True,False,3.745461388469185,36.25337546632457,1.0,0.8666666666666667,0.92,99.0,8.0,Large-cap strategic / unlikely PE target,live_public_data,2026-05-28T16:37:54+00:00,66.9260700389105,42.125984251968504,0.0,37.295081967213115,35.546875,83.33333333333334,90.52132701421802,2.3346303501945527,30.962343096234306,42.125984251968504,69.6113074204947,10.194174757281548,71.24183006535948,55.55555555555556,57.8125,22.0532319391635,60.7773851590106,99.29078014184397,34.53237410071942,52.65017667844523,20.0,35.0,75.5,23,0.1039998323050782,0.1730984376484694,4.500324738299225,9.477199011547867,6.133483151662855,-0.0697849850308419,0.8909517209695368,-0.3893418640183679,77.04918032786885,21.32701421800948,76.171875,0.0,0.0,0.0,35.0,24.5,Market fields 100%; SEC fields 87%; filing age 99 days; peer count 23; source live_public_data; real filing chunks 0; EBIT proxy used instead of EBITDA.,28.75816993464052,44.44444444444444,9.478672985781984,97.66536964980544,69.0376569037657,39.2226148409894,0.7092198581560284,33.073929961089505,100.0,9.478672985781984,28.75816993464052,97.66536964980544,42.1875,58.01308838663224,39.6,60.4036790181637,42.0,52.8,38.8,58.0,56.7,54.6,53.1,"Screen is supported by above-peer latest revenue growth, strong free cash flow conversion proxy; key caution is no major structured red flag from the cached screen.","Platform screen reflects scale, margins, cash conversion and leverage discipline; it is not a transaction recommendation.",Value creation screen looks for peer margin or cash-conversion gaps with enough growth and risk control for further diligence.,"Red flag screen combines leverage, weak cash conversion, liquidity, valuation support, volatility, trend and data-gap indicators."
LNT,Alliant Energy Corporation,Infrastructure / Utilities-Like Assets,Utilities,Utilities - Regulated Electric,18823229440.0,30772930560.0,72.87999725341797,74.05999755859375,58.18527221679688,0.0159330319210746,0.1500462526639886,0.566,6.965,22.918238,live_yfinance,live_api,yfinance,2026-05-28T16:37:02+00:00,2025.0,2026-02-20,352541.0,4362000000.0,,661000000.0,810000000.0,556000000.0,12028000000.0,1169000000.0,,0.0957045968349661,0.0122937458567551,,0.1515359926639156,0.1856946354883081,1.7685325264750378,,,,0.1274644658413571,18.196671709531014,17.35552193645991,-0.0168349942564173,0.0122937458567551,6.789892048514064,live_sec_companyfacts,live_api,True,False,7.054775460797799,46.55511431164901,1.0,0.7333333333333333,0.84,97.0,8.0,Mid-cap possible public-to-private screen,live_public_data,2026-05-28T16:37:54+00:00,55.6420233463035,19.291338582677163,0.0,50.409836065573764,68.359375,72.48062015503875,0.0,42.023346303501945,27.615062761506277,19.291338582677163,34.62897526501767,0.0,5.882352941176472,3.9215686274509776,29.6875,13.688212927756648,89.04593639575971,98.58156028368793,9.352517985611508,40.63604240282685,65.0,75.0,71.5,23,0.1039998323050782,0.1730984376484694,4.500324738299225,9.477199011547867,6.133483151662855,-0.0215624449845538,,0.1502070334839302,59.83606557377049,0.0,39.0625,0.0,0.0,0.0,35.0,28.5,Market fields 100%; SEC fields 73%; filing age 97 days; peer count 23; source live_public_data; real filing chunks 0; EBIT proxy used instead of EBITDA.,94.11764705882352,96.07843137254902,100.0,57.976653696498055,72.38493723849372,10.954063604240282,1.4184397163120568,44.3579766536965,100.0,100.0,94.11764705882352,57.976653696498055,70.3125,30.739156717865555,73.2,26.83072041248893,69.3,30.1,35.8,55.4,38.9,42.7,39.3,Screen is supported by balanced but not standout structured metrics; key caution is elevated debt to EBIT proxy.,"Platform screen reflects scale, margins, cash conversion and leverage discipline; it is not a transaction recommendation.",Value creation screen looks for peer margin or cash-conversion gaps with enough growth and risk control for further diligence.,"Red flag screen combines leverage, weak cash conversion, liquidity, valuation support, volatility, trend and data-gap indicators."
NI,NiSource Inc.,Infrastructure / Utilities-Like Assets,Utilities,Utilities - Regulated Gas,22605559808.0,41763180544.0,47.150001525878906,48.27999877929688,37.74167251586914,0.0234050804057295,0.1748689855704717,0.568,6.122,23.457712,live_yfinance,live_api,yfinance,2026-05-28T16:37:02+00:00,2025.0,2026-02-11,1111711.0,6522800000.0,,1835300000.0,1012600000.0,135700000.0,19700000.0,2362300000.0,2782300000.0,0.23470063790721,0.0436207437112614,,0.2813668976513154,0.1552400809468326,1.28714651555604,5144600000.0,2.803138451479322,0.4265499478751456,0.0208039492242595,0.0107339399553206,-0.0632049256252383,0.0607904504342241,0.0436207437112614,-1.3811921147136634,live_sec_companyfacts,live_api,True,False,6.402646186300362,22.755506208249333,1.0,0.8666666666666667,0.92,106.0,8.0,Mid-cap possible public-to-private screen,live_public_data,2026-05-28T16:37:54+00:00,87.93774319066148,31.496062992125985,0.0,77.45901639344262,58.59375,53.48837209302325,75.82938388625593,9.72762645914397,63.17991631799163,31.496062992125985,69.6113074204947,7.281553398058249,81.69934640522875,64.70588235294117,34.765625,52.851711026615966,86.57243816254416,93.61702127659575,68.34532374100719,46.996466431095406,65.0,75.0,75.5,23,0.1039998323050782,0.1730984376484694,4.500324738299225,9.477199011547867,6.133483151662855,0.1082684600028459,-1.6971862868199032,0.0438842054313842,22.540983606557376,81.99052132701422,45.703125,0.0,0.0,0.0,35.0,24.5,Market fields 100%; SEC fields 87%; filing age 106 days; peer count 23; source live_public_data; real filing chunks 0; EBIT proxy used instead of EBITDA.,18.30065359477124,35.294117647058826,24.170616113744074,90.27237354085602,36.82008368200837,13.427561837455832,6.382978723404255,12.062256809338521,36.82008368200837,24.170616113744074,18.30065359477124,90.27237354085602,65.234375,67.73249781780885,31.3,68.65350263596835,32.3,61.0,56.6,73.4,54.6,64.9,62.5,"Screen is supported by above-peer latest revenue growth, above-peer EBIT margin proxy, strong free cash flow conversion proxy; key caution is no major structured red flag from the cached screen.","Platform screen reflects scale, margins, cash conversion and leverage discipline; it is not a transaction recommendation.",Value creation screen looks for peer margin or cash-conversion gaps with enough growth and risk control for further diligence.,"Red flag screen combines leverage, weak cash conversion, liquidity, valuation support, volatility, trend and data-gap indicators."
PEG,Public Service Enterprise Group Incorporated,Infrastructure / Utilities-Like Assets,Utilities,Utilities - Regulated Electric,39800930304.0,63771013120.0,79.87000274658203,88.0142822265625,75.64948272705078,0.0925336124313986,0.1863300458593565,0.55,4.984,17.670355,live_yfinance,live_api,yfinance,2026-05-28T16:37:03+00:00,2025.0,2026-02-26,788784.0,12168000000.0,,2374000000.0,2111000000.0,156000000.0,22545000000.0,3298000000.0,3272000000.0,0.1825072886297376,0.0748083748752559,,0.1951019066403681,0.1734878369493754,1.3892165122156697,6570000000.0,2.767481044650379,0.2689020381328074,0.0128205128205128,9.496630160067395,9.430918281381636,0.0928570086811844,0.0748083748752559,-8.537301975661144,live_sec_companyfacts,live_api,True,False,5.24087879026956,26.86226331929233,1.0,0.8666666666666667,0.92,91.0,8.0,Large-cap strategic / unlikely PE target,live_public_data,2026-05-28T16:37:54+00:00,79.37743190661479,46.06299212598425,0.0,61.065573770491795,64.0625,60.07751937984496,74.40758293838863,5.058365758754864,69.0376569037657,46.06299212598425,69.6113074204947,11.650485436893199,15.686274509803921,15.032679738562093,42.96875,42.585551330798474,61.83745583038869,90.0709219858156,88.48920863309353,62.89752650176679,20.0,35.0,75.5,23,0.1039998323050782,0.1730984376484694,4.500324738299225,9.477199011547867,6.133483151662855,0.0220034689918986,-1.7328436936488465,-0.1455297649511435,42.62295081967213,82.93838862559242,60.15625,0.0,0.0,0.0,35.0,24.5,Market fields 100%; SEC fields 87%; filing age 91 days; peer count 23; source live_public_data; real filing chunks 0; EBIT proxy used instead of EBITDA.,84.31372549019608,84.9673202614379,25.59241706161137,94.94163424124514,30.962343096234306,38.16254416961131,9.929078014184398,20.622568093385212,30.962343096234306,25.59241706161137,84.31372549019608,94.94163424124514,57.03125,55.14278908823318,60.4,39.58971591896364,44.9,54.4,36.7,48.1,58.0,50.4,50.2,"Screen is supported by above-peer latest revenue growth, above-peer EBIT margin proxy, strong free cash flow conversion proxy; key caution is elevated debt to EBIT proxy.","Platform screen reflects scale, margins, cash conversion and leverage discipline; it is not a transaction recommendation.",Value creation screen looks for peer margin or cash-conversion gaps with enough growth and risk control for further diligence.,"Red flag screen combines leverage, weak cash conversion, liquidity, valuation support, volatility, trend and data-gap indicators."
PPL,PPL Corporation,Infrastructure / Utilities-Like Assets,Utilities,Utilities - Regulated Electric,26787432448.0,46016237568.0,35.60499954223633,39.810001373291016,32.681365966796875,0.1056267693041545,0.166046125545854,0.619,4.942,21.843557,live_yfinance,live_api,yfinance,2026-05-28T16:37:03+00:00,2025.0,2026-02-20,922224.0,9170000000.0,,1472000000.0,1181000000.0,1086000000.0,18894000000.0,2629000000.0,4030000000.0,0.085978209379441,0.0237796888510886,,0.1605234460196292,0.1287895310796074,1.7860054347826086,6659000000.0,4.523777173913044,0.4394765539803708,0.1184296619411123,12.835597826086955,12.097826086956522,-0.133216109193123,0.0237796888510886,3.820718176196365,live_sec_companyfacts,live_api,True,False,5.018128415267175,31.26103095652174,1.0,0.8666666666666667,0.92,97.0,8.0,Mid-cap possible public-to-private screen,live_public_data,2026-05-28T16:37:54+00:00,49.416342412451364,21.25984251968504,0.0,52.04918032786885,51.171875,73.25581395348837,88.62559241706161,40.46692607003891,9.205020920502092,21.25984251968504,69.6113074204947,6.310679611650483,10.457516339869278,12.418300653594772,44.53125,30.798479087452467,57.24381625441697,93.97163120567376,15.827338129496404,52.29681978798587,65.0,75.0,75.5,23,0.1039998323050782,0.1730984376484694,4.500324738299225,9.477199011547867,6.133483151662855,-0.0125749916288402,0.0234524356138186,-0.1818468737610039,55.73770491803278,47.867298578199055,63.671875,0.0,0.0,0.0,35.0,24.5,Market fields 100%; SEC fields 87%; filing age 97 days; peer count 23; source live_public_data; real filing chunks 0; EBIT proxy used instead of EBITDA.,89.54248366013073,87.58169934640523,11.374407582938389,59.53307392996109,90.7949790794979,42.75618374558304,6.028368794326241,50.583657587548636,100.0,11.374407582938389,89.54248366013073,59.53307392996109,55.46875,46.02661061735634,61.8,38.152988495093396,54.0,43.3,48.0,67.1,50.0,54.4,51.6,Screen is supported by strong free cash flow conversion proxy; key caution is elevated debt to EBIT proxy.,"Platform screen reflects scale, margins, cash conversion and leverage discipline; it is not a transaction recommendation.",Value creation screen looks for peer margin or cash-conversion gaps with enough growth and risk control for further diligence.,"Red flag screen combines leverage, weak cash conversion, liquidity, valuation support, volatility, trend and data-gap indicators."
SO,The Southern Company,Infrastructure / Utilities-Like Assets,Utilities,Utilities - Regulated Electric,105301204992.0,183487201280.0,93.41000366210938,98.29612731933594,82.7396469116211,0.0497082010296595,0.1556849768592243,0.357,6.081,23.890026,live_yfinance,live_api,yfinance,2026-05-28T16:37:04+00:00,2025.0,2026-02-19,92122.0,29553000000.0,,4999000000.0,4171000000.0,1640000000.0,722000000.0,9802000000.0,12737000000.0,0.1058599012123933,0.0031097339006953,,0.1691537238182248,0.1411362636618955,1.9607921584316863,22539000000.0,4.508701740348069,0.4309883937332927,0.055493520116401,0.1444288857771554,-0.1836367273454691,0.0249206557489602,0.0031097339006953,-0.4733783602564699,live_sec_companyfacts,live_api,True,False,6.2087504239840285,36.70478121224245,1.0,0.8666666666666667,0.92,98.0,8.0,Mega-cap benchmark / public quality comp,live_public_data,2026-05-28T16:37:54+00:00,61.478599221789885,15.748031496062993,0.0,55.32786885245902,55.46875,79.06976744186046,88.15165876777252,24.5136186770428,51.46443514644351,15.748031496062993,69.6113074204947,6.796116504854366,77.12418300653596,66.66666666666667,35.9375,20.532319391634978,75.61837455830388,97.16312056737588,57.55395683453237,85.15901060070671,5.0,3.0,75.5,23,0.1039998323050782,0.1730984376484694,4.500324738299225,9.477199011547867,6.133483151662855,-0.0039447138302446,0.008377002048844,0.0122715381227986,54.09836065573771,48.81516587677725,48.046875,0.0,0.0,0.0,35.0,24.5,Market fields 100%; SEC fields 87%; filing age 98 days; peer count 23; source live_public_data; real filing chunks 0; EBIT proxy used instead of EBITDA.,22.875816993464053,33.33333333333333,11.848341232227483,75.4863813229572,48.53556485355649,24.381625441696116,2.8368794326241136,38.521400778210115,48.53556485355649,11.848341232227483,22.875816993464053,75.4863813229572,64.0625,64.8863766531029,30.4,69.57951784165289,35.1,54.8,33.9,41.5,52.2,49.5,49.9,"Screen is supported by above-peer latest revenue growth, strong free cash flow conversion proxy; key caution is no major structured red flag from the cached screen.","Platform screen reflects scale, margins, cash conversion and leverage discipline; it is not a transaction recommendation.",Value creation screen looks for peer margin or cash-conversion gaps with enough growth and risk control for further diligence.,"Red flag screen combines leverage, weak cash conversion, liquidity, valuation support, volatility, trend and data-gap indicators."
SRE,Sempra,Infrastructure / Utilities-Like Assets,Utilities,Utilities - Diversified,59106652160.0,105783754752.0,90.41999816894533,99.75,71.59629821777344,0.0935338529429041,0.1955036728629231,0.604,7.804,30.7551,live_yfinance,live_api,yfinance,2026-05-28T16:37:04+00:00,2025.0,2026-02-26,1032208.0,12418000000.0,,1789000000.0,2072000000.0,29000000.0,4166000000.0,4565000000.0,10612000000.0,0.0507700118463361,-0.0327366180428395,,0.1440650668384603,0.1668545659526494,2.5517048630519845,15177000000.0,8.483510340972611,0.85456595264938,0.0023353196972137,2.328675237562884,2.3124650642817217,-0.0023421624284104,-0.0327366180428395,0.6601834506041981,live_sec_companyfacts,live_api,True,False,8.51858227991625,59.13010327110118,1.0,0.8666666666666667,0.92,91.0,8.0,Large-cap strategic / unlikely PE target,live_public_data,2026-05-28T16:37:54+00:00,32.295719844357976,9.448818897637794,0.0,49.18032786885246,62.5,84.88372093023256,95.260663507109,0.38910505836575876,35.56485355648535,9.448818897637794,69.6113074204947,1.4563106796116498,45.09803921568627,38.56209150326797,22.65625,9.885931558935358,61.484098939929325,87.58865248226951,28.776978417266186,70.31802120141343,20.0,15.0,75.5,23,0.1039998323050782,0.1730984376484694,4.500324738299225,9.477199011547867,6.133483151662855,-0.0290333708100091,3.9831856026733856,0.3888653590915578,63.114754098360656,7.109004739336493,32.421875,0.0,0.0,0.0,35.0,24.5,Market fields 100%; SEC fields 87%; filing age 91 days; peer count 23; source live_public_data; real filing chunks 0; EBIT proxy used instead of EBITDA.,54.90196078431373,61.43790849673203,4.739336492890999,99.61089494163424,64.43514644351464,38.515901060070675,12.411347517730496,67.70428015564202,100.0,4.739336492890999,54.90196078431373,99.61089494163424,100.0,41.61267109947637,49.3,50.66705288303102,58.4,45.7,35.1,40.1,36.2,42.4,40.3,Screen is supported by strong free cash flow conversion proxy; key caution is no major structured red flag from the cached screen.,"Platform screen reflects scale, margins, cash conversion and leverage discipline; it is not a transaction recommendation.",Value creation screen looks for peer margin or cash-conversion gaps with enough growth and risk control for further diligence.,"Red flag screen combines leverage, weak cash conversion, liquidity, valuation support, volatility, trend and data-gap indicators."
WEC,"WEC Energy Group, Inc.",Infrastructure / Utilities-Like Assets,Utilities,Utilities - Regulated Electric,36719054848.0,59563102208.0,112.7300033569336,117.77111053466795,99.5205078125,0.0428042764889309,0.1483959995273308,0.493,5.906,22.591185,live_yfinance,live_api,yfinance,2026-05-28T16:37:05+00:00,2025.0,2026-02-20,783325.0,9800100000.0,,1673500000.0,1555500000.0,70900000.0,20017500000.0,3379400000.0,,0.1395597623228177,0.0069911115987619,,0.1707635636371057,0.1587228701747941,2.0193606214520465,,,,0.0072346200548973,11.961458022109351,11.91909172393188,-0.009764496045725,0.0069911115987619,3.0360280324983613,live_sec_companyfacts,live_api,True,False,6.07780555382088,35.59193439378548,1.0,0.7333333333333333,0.84,97.0,8.0,Large-cap strategic / unlikely PE target,live_public_data,2026-05-28T16:37:54+00:00,71.98443579766537,18.503937007874015,0.0,56.557377049180324,60.15625,80.23255813953489,0.0,2.7237354085603114,32.21757322175732,18.503937007874015,34.62897526501767,0.0,12.418300653594772,13.0718954248366,37.5,23.954372623574148,78.4452296819788,98.93617021276596,19.424460431654676,60.07067137809188,20.0,35.0,71.5,23,0.1039998323050782,0.1730984376484694,4.500324738299225,9.477199011547867,6.133483151662855,-0.0023348740113637,,-0.0090776474745641,52.86885245901639,0.0,52.34375,0.0,0.0,0.0,35.0,28.5,Market fields 100%; SEC fields 73%; filing age 97 days; peer count 23; source live_public_data; real filing chunks 0; EBIT proxy used instead of EBITDA.,87.58169934640523,86.9281045751634,100.0,97.27626459143968,67.78242677824268,21.554770318021202,1.0638297872340425,28.01556420233463,100.0,100.0,87.58169934640523,97.27626459143968,62.5,31.41007100315082,75.1,24.889721502827356,68.6,34.7,23.0,39.1,40.8,36.3,34.3,Screen is supported by above-peer latest revenue growth; key caution is elevated debt to EBIT proxy.,"Platform screen reflects scale, margins, cash conversion and leverage discipline; it is not a transaction recommendation.",Value creation screen looks for peer margin or cash-conversion gaps with enough growth and risk control for further diligence.,"Red flag screen combines leverage, weak cash conversion, liquidity, valuation support, volatility, trend and data-gap indicators."
WTRG,"Essential Utilities, Inc.",Infrastructure / Utilities-Like Assets,Utilities,Utilities - Regulated Water,10541220864.0,18896867328.0,37.165000915527344,41.269752502441406,35.43337631225586,0.0994615023841307,0.2077692458941274,0.664,7.403,18.961735,live_yfinance,live_api,yfinance,2026-05-28T16:37:05+00:00,2025.0,2026-02-26,78128.0,2474615000.0,,619814000.0,616369000.0,34778000.0,8131989000.0,1010459000.0,,0.1862324811743179,0.0264753288825005,,0.2504688608126921,0.2490767250663234,1.6302616591429042,,,,0.014053903334458,13.120047304513935,13.063936923012388,-0.0385074297286989,0.0264753288825005,3.18274817431325,live_sec_companyfacts,live_api,True,False,7.63628577697945,30.48796466036585,1.0,0.7333333333333333,0.84,91.0,8.0,Mid-cap possible public-to-private screen,live_public_data,2026-05-28T16:37:54+00:00,80.1556420233463,22.04724409448819,0.0,72.1311475409836,77.734375,69.76744186046511,0.0,5.836575875486381,19.246861924686193,22.04724409448819,34.62897526501767,0.0,9.80392156862745,9.80392156862745,27.34375,33.460076045627375,58.657243816254415,84.04255319148936,17.985611510791365,32.50883392226148,100.0,100.0,71.5,23,0.1039998323050782,0.1730984376484694,4.500324738299225,9.477199011547867,6.133483151662855,0.0773704231642226,,0.2450161821850229,28.278688524590162,0.0,36.71875,0.0,0.0,0.0,35.0,28.5,Market fields 100%; SEC fields 73%; filing age 91 days; peer count 23; source live_public_data; real filing chunks 0; EBIT proxy used instead of EBITDA.,90.19607843137256,90.19607843137256,100.0,94.16342412451363,80.75313807531381,41.342756183745585,15.957446808510639,19.844357976653697,100.0,100.0,90.19607843137256,94.16342412451363,72.65625,30.35104544895613,80.5,19.527929424667647,69.6,35.3,50.9,63.9,31.3,47.4,43.0,"Screen is supported by above-peer latest revenue growth, above-peer EBIT margin proxy; key caution is elevated debt to EBIT proxy.","Platform screen reflects scale, margins, cash conversion and leverage discipline; it is not a transaction recommendation.",Value creation screen looks for peer margin or cash-conversion gaps with enough growth and risk control for further diligence.,"Red flag screen combines leverage, weak cash conversion, liquidity, valuation support, volatility, trend and data-gap indicators."
XEL,Xcel Energy Inc.,Infrastructure / Utilities-Like Assets,Utilities,Utilities - Regulated Electric,49860411392.0,88040833024.0,79.87000274658203,83.2943344116211,64.1666259765625,0.0411112194992377,0.1851365436750606,0.421,5.955,23.017292,live_yfinance,live_api,yfinance,2026-05-28T16:37:06+00:00,2025.0,2026-02-25,72903.0,,,1773000000.0,2018000000.0,274000000.0,1550000000.0,4083000000.0,10908000000.0,,,,,,2.302876480541455,14991000000.0,8.455160744500846,,,0.874224478285392,0.7196841511562324,,,0.3664168580480402,live_sec_companyfacts,live_api,True,False,,49.65642020530175,1.0,0.6,0.76,92.0,8.0,Large-cap strategic / unlikely PE target,live_public_data,2026-05-28T16:37:54+00:00,0.0,0.0,0.0,0.0,0.0,82.94573643410853,94.7867298578199,0.0,0.0,0.0,16.431095406360424,0.0,63.39869281045751,51.63398692810457,0.0,11.406844106463875,79.15194346289752,90.42553191489363,33.81294964028777,67.13780918727915,20.0,35.0,67.5,23,0.1039998323050782,0.1730984376484694,4.500324738299225,9.477199011547867,6.133483151662855,,3.954836006201621,,0.0,8.056872037914692,0.0,0.0,0.0,0.0,35.0,32.5,Market fields 100%; SEC fields 60%; filing age 92 days; peer count 23; source live_public_data; real filing chunks 0; EBIT proxy used instead of EBITDA.,36.60130718954248,48.36601307189542,5.213270142180093,100.0,100.0,20.848056537102476,9.574468085106384,100.0,100.0,5.213270142180093,36.60130718954248,100.0,100.0,39.211684036325025,43.9,56.0928914545102,60.8,31.0,27.7,47.5,12.5,37.0,32.3,Screen is supported by strong free cash flow conversion proxy; key caution is incomplete public data coverage.,"Platform screen reflects scale, margins, cash conversion and leverage discipline; it is not a transaction recommendation.",Value creation screen looks for peer margin or cash-conversion gaps with enough growth and risk control for further diligence.,"Red flag screen combines leverage, weak cash conversion, liquidity, valuation support, volatility, trend and data-gap indicators."
AFRM,"Affirm Holdings, Inc.",Payments / Financial Services,Financial Services,Credit Services,24316985344.0,30912004096.0,72.61000061035156,92.18000030517578,42.52999877929688,0.2123020137777694,0.6022996409129774,3.723,7.783,66.00909,live_yfinance,live_api,yfinance,2026-05-28T16:37:06+00:00,2025.0,2025-08-28,1820953.0,1113966000.0,,61464000.0,52186000.0,1756423000.0,,793909000.0,192189000.0,0.3486140570067118,0.2582485700534593,,0.0551758312192652,0.0468470312379372,12.916650396980346,986098000.0,16.043505141220876,0.1725268096153742,1.5767294513477073,,,1.3513523812266863,0.2582485700534593,,live_sec_companyfacts,live_api,True,False,27.749504110538386,502.92861017831575,1.0,0.7333333333333333,0.84,273.0,8.0,Mid-cap possible public-to-private screen,live_public_data,2026-05-28T16:37:54+00:00,93.3852140077821,89.76377952755905,0.0,25.81967213114754,25.0,98.83720930232558,98.5781990521327,91.82879377431907,97.90794979079497,89.76377952755905,34.62897526501767,16.019417475728158,0.0,0.0,5.859375,1.1406844106463865,36.042402826855124,13.120567375886527,0.0,49.82332155477032,65.0,75.0,84.0,24,0.1451779122447887,0.2276994263340271,1.198351195383347,1.3435215417611186,5.0224856443354025,-0.1725235951147619,14.845153945837527,4.525053942530547,89.75409836065575,1.4218009478672986,5.46875,601.0,601.0,0.0,100.0,16.0,Market fields 100%; SEC fields 73%; filing age 273 days; peer count 24; source live_public_data; real filing chunks 601; EBIT proxy used instead of EBITDA.,0.0,0.0,1.4218009478672968,8.171206225680933,2.092050209205027,63.957597173144876,86.87943262411348,6.614785992217904,2.092050209205027,1.4218009478672968,0.0,8.171206225680933,94.140625,79.9597213278005,14.8,85.23664775309545,20.0,55.9,53.8,55.9,47.7,60.0,60.2,"Screen is supported by above-peer latest revenue growth, strong free cash flow conversion proxy; key caution is no major structured red flag from the cached screen.","Platform screen reflects scale, margins, cash conversion and leverage discipline; it is not a transaction recommendation.",Value creation screen looks for peer margin or cash-conversion gaps with enough growth and risk control for further diligence.,"Red flag screen combines leverage, weak cash conversion, liquidity, valuation support, volatility, trend and data-gap indicators."
AXP,American Express Company,Payments / Financial Services,Financial Services,Credit Services,213520416768.0,219846311936.0,312.92999267578125,382.8266296386719,284.8046569824219,0.1825803942344921,0.2580485907583367,1.084,3.195,19.52152,live_yfinance,live_api,yfinance,2026-05-28T16:37:07+00:00,2025.0,2026-02-06,4962.0,41304000000.0,,13795000000.0,10833000000.0,47792000000.0,1371000000.0,18428000000.0,2425000000.0,0.0638506117192529,0.0647351691130646,,0.3339870230486151,0.2622748402091807,1.3358463211308444,20853000000.0,1.5116346502355926,0.058711020724385,1.1570792175092002,0.0993838347227256,-3.365059804276912,0.053879480455319,0.0647351691130646,-0.0412525763362206,live_sec_companyfacts,live_api,True,False,5.322639742785203,15.936666323740486,1.0,0.8666666666666667,0.92,111.0,8.0,Mega-cap benchmark / public quality comp,live_public_data,2026-05-28T16:37:54+00:00,38.13229571984436,41.732283464566926,0.0,81.14754098360656,79.296875,56.58914728682171,53.55450236966824,89.49416342412452,60.66945606694561,41.732283464566926,69.6113074204947,33.009708737864074,77.77777777777779,87.58169934640523,41.015625,70.72243346007605,40.63604240282685,67.02127659574468,41.007194244604314,95.40636042402826,5.0,3.0,75.5,24,0.1451779122447887,0.2276994263340271,1.198351195383347,1.3435215417611186,5.0224856443354025,0.106287596714588,0.3132834548522456,0.0597620619958024,22.950819672131146,31.27962085308057,44.140625,0.0,0.0,0.0,35.0,24.5,Market fields 100%; SEC fields 87%; filing age 111 days; peer count 24; source live_public_data; real filing chunks 0; EBIT proxy used instead of EBITDA.,22.22222222222222,12.418300653594772,46.44549763033176,10.505836575875477,39.33054393305439,59.36395759717315,32.97872340425532,61.86770428015564,39.33054393305439,46.44549763033176,22.22222222222222,10.505836575875477,58.984375,61.616292513766425,29.2,70.78720006925384,38.4,53.1,38.9,33.2,36.9,45.3,45.5,"Screen is supported by above-peer EBIT margin proxy, strong free cash flow conversion proxy; key caution is no major structured red flag from the cached screen.","Platform screen reflects scale, margins, cash conversion and leverage discipline; it is not a transaction recommendation.",Value creation screen looks for peer margin or cash-conversion gaps with enough growth and risk control for further diligence.,"Red flag screen combines leverage, weak cash conversion, liquidity, valuation support, volatility, trend and data-gap indicators."
BAC,Bank of America Corporation,Payments / Financial Services,Financial Services,Banks - Diversified,360222228480.0,336247783424.0,50.7598991394043,56.92817687988281,43.090797424316406,0.1083519283165073,0.2124053328067496,1.221,3.068,12.595508,live_yfinance,live_api,yfinance,2026-05-28T16:37:07+00:00,2025.0,2026-02-25,70858.0,113097000000.0,,37695000000.0,30509000000.0,231845000000.0,,12613000000.0,,0.1100238499514167,0.0600313396958087,,0.3332979654632749,0.2697595869032777,0.3346067117654861,,,,2.049965958425069,,,0.0071368280225165,0.0600313396958087,,live_sec_companyfacts,live_api,True,False,2.973091977895081,8.920222401485608,1.0,0.6,0.76,92.0,8.0,Mega-cap benchmark / public quality comp,live_public_data,2026-05-28T16:37:54+00:00,63.035019455252915,39.76377952755906,0.0,80.73770491803278,80.078125,17.05426356589147,0.0,93.77431906614785,40.1673640167364,39.76377952755906,16.431095406360424,0.0,0.0,0.0,65.234375,80.22813688212928,56.53710247349824,82.97872340425532,0.0,97.52650176678446,5.0,3.0,67.5,24,0.1451779122447887,0.2276994263340271,1.198351195383347,1.3435215417611186,5.0224856443354025,0.1055985391292478,,-0.4080437081491163,23.36065573770492,0.0,78.90625,0.0,0.0,0.0,35.0,32.5,Market fields 100%; SEC fields 60%; filing age 92 days; peer count 24; source live_public_data; real filing chunks 0; EBIT proxy used instead of EBITDA.,0.0,0.0,100.0,6.225680933852146,59.8326359832636,43.46289752650176,17.02127659574468,36.964980544747085,59.8326359832636,100.0,0.0,6.225680933852146,34.765625,61.64820135413876,28.4,71.56166280930164,38.4,40.0,22.8,25.6,39.3,37.8,39.4,Screen is supported by above-peer EBIT margin proxy; key caution is incomplete public data coverage.,"Platform screen reflects scale, margins, cash conversion and leverage discipline; it is not a transaction recommendation.",Value creation screen looks for peer margin or cash-conversion gaps with enough growth and risk control for further diligence.,"Red flag screen combines leverage, weak cash conversion, liquidity, valuation support, volatility, trend and data-gap indicators."
C,Citigroup Inc.,Payments / Financial Services,Financial Services,Banks - Diversified,211252756480.0,4030294272.0,123.86000061035156,132.423583984375,73.36668395996094,0.064668113612103,0.2777824126596019,1.124,0.051,15.31026,live_yfinance,live_api,yfinance,2026-05-28T16:37:08+00:00,2025.0,2026-02-20,831001.0,85225000000.0,,19828000000.0,14452000000.0,349579000000.0,51878000000.0,-67632000000.0,6520000000.0,0.050358027582297,0.0419598255760893,,0.2326547374596655,0.1695746553241419,-3.410934032681057,-61112000000.0,-3.082106112568085,0.0765033734232912,4.101836315635084,2.6164010490215857,-15.014171878152109,-0.0169802409045065,0.0419598255760893,0.1122270712473527,live_sec_companyfacts,live_api,True,False,0.0472900471927251,0.2032627734516844,1.0,0.8666666666666667,0.92,97.0,8.0,Small/mid-cap platform candidate,live_public_data,2026-05-28T16:37:54+00:00,31.517509727626457,29.92125984251969,0.0,70.49180327868852,63.28125,6.5891472868217065,10.42654028436019,96.10894941634241,27.19665271966527,29.92125984251969,69.6113074204947,27.669902912621357,43.13725490196079,95.42483660130719,98.828125,84.79087452471484,69.61130742049471,59.92907801418439,35.97122302158273,95.0530035335689,85.0,60.0,75.5,24,0.1451779122447887,0.2276994263340271,1.198351195383347,1.3435215417611186,5.0224856443354025,0.0049553111256384,-4.280457307951432,-0.9905843340247154,46.72131147540984,89.0995260663507,99.21875,0.0,0.0,0.0,35.0,24.5,Market fields 100%; SEC fields 87%; filing age 97 days; peer count 24; source live_public_data; real filing chunks 0; EBIT proxy used instead of EBITDA.,56.86274509803921,4.57516339869281,89.57345971563981,3.891050583657588,72.80334728033473,30.3886925795053,40.0709219858156,68.48249027237354,100.0,100.0,56.86274509803921,3.891050583657588,1.171875,43.13554112154217,43.9,56.06859949335457,56.9,36.4,57.0,58.7,61.9,55.1,54.6,Screen is supported by above-peer EBIT margin proxy; key caution is no major structured red flag from the cached screen.,"Platform screen reflects scale, margins, cash conversion and leverage discipline; it is not a transaction recommendation.",Value creation screen looks for peer margin or cash-conversion gaps with enough growth and risk control for further diligence.,"Red flag screen combines leverage, weak cash conversion, liquidity, valuation support, volatility, trend and data-gap indicators."
COF,Capital One Financial Corporation,Payments / Financial Services,Financial Services,Credit Services,115920699392.0,99384877056.0,186.27999877929688,255.8585357666016,175.34732055664062,0.2719414334911046,0.3069708019807761,1.05,2.737,57.31692,live_yfinance,live_api,yfinance,2026-05-28T16:37:08+00:00,2025.0,2026-02-19,927628.0,8062000000.0,,2281000000.0,2453000000.0,62093000000.0,1087000000.0,27718000000.0,1578000000.0,0.362975486052409,0.1417244969276625,,0.2829322748697593,0.3042669312825601,12.15168785620342,29296000000.0,12.843489697501097,0.1957330687174398,7.701935003721161,0.4765453748355984,-26.745287154756685,-1.422808910288077,0.1417244969276625,0.3809826042728279,live_sec_companyfacts,live_api,True,False,12.32757095708261,43.57074838053485,1.0,0.8666666666666667,0.92,98.0,8.0,Large-cap strategic / unlikely PE target,live_public_data,2026-05-28T16:37:54+00:00,93.77431906614785,75.59055118110236,0.0,78.27868852459017,83.59375,98.44961240310077,98.10426540284361,97.27626459143968,1.2552301255230125,75.59055118110236,69.6113074204947,14.077669902912627,70.58823529411764,97.38562091503267,17.1875,17.11026615969582,28.621908127208485,54.60992907801418,33.09352517985612,86.92579505300353,20.0,35.0,88.0,24,0.1451779122447887,0.2276994263340271,1.198351195383347,1.3435215417611186,5.0224856443354025,0.0552328485357322,11.64513850211775,1.4544760961111416,33.19672131147541,2.3696682464454977,15.234375,930.0,930.0,0.0,100.0,12.0,Market fields 100%; SEC fields 87%; filing age 98 days; peer count 24; source live_public_data; real filing chunks 930; EBIT proxy used instead of EBITDA.,29.411764705882355,2.6143790849673203,1.895734597156391,2.723735408560316,98.74476987447699,71.37809187279152,45.39007092198582,6.225680933852146,100.0,1.895734597156391,29.411764705882355,2.723735408560316,82.8125,66.26162665336491,29.4,70.60869530811848,33.7,64.6,54.9,47.4,33.8,55.1,53.6,"Screen is supported by above-peer latest revenue growth, above-peer EBIT margin proxy, strong free cash flow conversion proxy; key caution is no major structured red flag from the cached screen.","Platform screen reflects scale, margins, cash conversion and leverage discipline; it is not a transaction recommendation.",Value creation screen looks for peer margin or cash-conversion gaps with enough growth and risk control for further diligence.,"Red flag screen combines leverage, weak cash conversion, liquidity, valuation support, volatility, trend and data-gap indicators."
COIN,"Coinbase Global, Inc.",Payments / Financial Services,Financial Services,Financial Data & Stock Exchanges,47267495936.0,43310632960.0,179.41000366210938,419.7799987792969,141.08999633789062,0.5726094521324828,0.696737165234514,3.381,6.89,65.71795,live_yfinance,live_api,yfinance,2026-05-28T16:37:08+00:00,2025.0,2026-02-12,1679788.0,7181325000.0,,1522065000.0,1260327000.0,16893420000.0,7206619000.0,2426383000.0,,0.0940424081067294,0.3100276522124539,,0.2119476558991551,0.1755006214034318,1.5941388836876218,,,,2.3524098965023863,4.734764284048316,-6.364249227201204,1.1713660782435986,0.3100276522124539,5.8487716755947,live_sec_companyfacts,live_api,True,False,6.031008617490505,28.45517961453683,1.0,0.7333333333333333,0.84,105.0,8.0,Mid-cap possible public-to-private screen,live_public_data,2026-05-28T16:37:54+00:00,54.86381322957199,93.7007874015748,0.0,65.1639344262295,65.234375,68.9922480620155,0.0,94.55252918287937,95.81589958158996,93.7007874015748,34.62897526501767,0.0,26.1437908496732,93.4640522875817,38.28125,38.40304182509505,5.653710247349819,7.446808510638303,12.949640287769782,66.43109540636041,65.0,75.0,69.4,24,0.1451779122447887,0.2276994263340271,1.198351195383347,1.3435215417611186,5.0224856443354025,-0.0157517704348719,,0.2008015641204594,56.557377049180324,0.0,38.28125,7.0,0.0,7.0,64.0,30.599999999999994,Market fields 100%; SEC fields 73%; filing age 105 days; peer count 24; source live_public_data; real filing chunks 0; EBIT proxy used instead of EBITDA.,73.8562091503268,6.535947712418301,100.0,5.447470817120632,4.18410041841004,94.34628975265018,92.5531914893617,45.13618677042801,4.18410041841004,100.0,73.8562091503268,5.447470817120632,61.71875,46.32944101023429,54.3,45.709924198370295,53.7,43.9,56.3,47.4,33.1,47.9,46.7,"Screen is supported by balanced but not standout structured metrics; key caution is elevated debt to EBIT proxy, material share price drawdown, incomplete public data coverage.","Platform screen reflects scale, margins, cash conversion and leverage discipline; it is not a transaction recommendation.",Value creation screen looks for peer margin or cash-conversion gaps with enough growth and risk control for further diligence.,"Red flag screen combines leverage, weak cash conversion, liquidity, valuation support, volatility, trend and data-gap indicators."
FICO,Fair Isaac Corporation,Payments / Financial Services,Technology,Software - Application,30574891008.0,33086076928.0,1318.4000244140625,1926.52001953125,922.3699951171876,0.3156572415298087,0.5001626590523309,1.23,14.667,41.747944,live_yfinance,live_api,yfinance,2026-05-28T16:37:09+00:00,2025.0,2025-11-07,814547.0,1990869000.0,,802595000.0,651946000.0,134136000.0,3055691000.0,778807000.0,8922000.0,0.1591492646981762,0.1306838755794808,,0.4031380266607195,0.3274680554069605,0.9703611410487232,787729000.0,0.9814775820930856,0.0044814601061144,0.0673756033169435,3.807263937602402,3.6401360586597225,0.060932794571151,0.1306838755794808,-0.0621062632636961,live_sec_companyfacts,live_api,True,False,16.618912107225537,41.22387621153882,1.0,0.8666666666666667,0.92,202.0,8.0,Mid-cap possible public-to-private screen,live_public_data,2026-05-28T16:37:54+00:00,76.26459143968872,72.44094488188976,0.0,86.0655737704918,86.71875,37.2093023255814,29.383886255924168,28.01556420233463,63.59832635983263,72.44094488188976,69.6113074204947,91.74757281553399,34.64052287581699,28.104575163398692,9.765625,18.250950570342205,25.08833922261484,21.63120567375887,43.88489208633094,56.53710247349824,65.0,75.0,75.5,24,0.1451779122447887,0.2276994263340271,1.198351195383347,1.3435215417611186,5.0224856443354025,0.1754386003266924,-0.2168736132902614,2.308901863357068,15.163934426229508,63.507109004739334,11.328125,0.0,0.0,0.0,35.0,24.5,Market fields 100%; SEC fields 87%; filing age 202 days; peer count 24; source live_public_data; real filing chunks 0; EBIT proxy used instead of EBITDA.,65.359477124183,71.89542483660131,70.61611374407583,71.98443579766537,36.40167364016737,74.91166077738515,78.36879432624113,23.735408560311285,36.40167364016737,70.61611374407583,65.359477124183,71.98443579766537,90.234375,43.59143161345586,67.3,32.72781199449767,56.4,50.8,53.9,50.3,40.8,49.9,48.2,"Screen is supported by above-peer latest revenue growth, above-peer EBIT margin proxy, strong free cash flow conversion proxy; key caution is elevated debt to EBIT proxy.","Platform screen reflects scale, margins, cash conversion and leverage discipline; it is not a transaction recommendation.",Value creation screen looks for peer margin or cash-conversion gaps with enough growth and risk control for further diligence.,"Red flag screen combines leverage, weak cash conversion, liquidity, valuation support, volatility, trend and data-gap indicators."
FIS,"Fidelity National Information Services, Inc.",Payments / Financial Services,Technology,Information Technology Services,21760610304.0,42113261568.0,42.09999847412109,80.67940521240234,41.79999923706055,0.4781815958696567,0.2970094910819587,0.83,3.681,8.158915,live_yfinance,live_api,yfinance,2026-05-28T16:37:09+00:00,2025.0,2026-02-24,1136893.0,2812000000.0,1076000000.0,529000000.0,512000000.0,599000000.0,10353000000.0,,154000000.0,0.0819545979222777,-0.421544668283929,0.3826458036984352,0.1881223328591749,0.182076813655761,,,,0.0547652916073968,0.2130156472261735,19.570888468809077,18.43856332703213,1.3122275090706288,-0.421544668283929,20.571439567945685,live_sec_companyfacts,live_api,True,False,14.976266560455192,79.60919010964083,1.0,0.8,0.88,93.0,8.0,Mid-cap possible public-to-private screen,live_public_data,2026-05-28T16:37:54+00:00,48.249027237354085,0.7874015748031495,40.963855421686745,60.65573770491803,67.1875,0.0,0.0,56.03112840466926,97.48953974895397,0.7874015748031495,52.65017667844523,34.46601941747572,5.228758169934644,2.614379084967322,12.5,6.8441064638783295,9.18727915194346,55.67375886524823,2.877697841726623,45.936395759717314,65.0,75.0,71.4,24,0.1451779122447887,0.2276994263340271,1.198351195383347,1.3435215417611186,5.0224856443354025,-0.0395770934748521,,1.981843577262612,68.0327868852459,0.0,12.5,7.0,0.0,7.0,64.0,28.599999999999994,Market fields 100%; SEC fields 80%; filing age 93 days; peer count 24; source live_public_data; real filing chunks 0; EBIT proxy used instead of EBITDA.,94.77124183006535,97.38562091503267,100.0,43.96887159533074,2.5104602510460268,90.81272084805654,44.32624113475177,51.750972762645915,2.5104602510460268,100.0,94.77124183006535,43.96887159533074,87.5,39.32856994310524,76.3,23.675383367347038,60.7,37.6,39.6,44.5,32.6,41.1,39.3,"Screen is supported by balanced but not standout structured metrics; key caution is elevated debt to EBIT proxy, material share price drawdown.","Platform screen reflects scale, margins, cash conversion and leverage discipline; it is not a transaction recommendation.",Value creation screen looks for peer margin or cash-conversion gaps with enough growth and risk control for further diligence.,"Red flag screen combines leverage, weak cash conversion, liquidity, valuation support, volatility, trend and data-gap indicators."
FOUR,"Shift4 Payments, Inc.",Payments / Financial Services,Technology,Software - Infrastructure,4333961728.0,8648177664.0,43.720001220703125,106.80999755859376,40.27000045776367,0.5906750096429949,0.5316353927403231,1.439,1.942,50.252876,live_yfinance,live_api,yfinance,2026-05-28T16:37:10+00:00,2025.0,2026-02-27,1794669.0,4180000000.0,,195000000.0,147000000.0,1185000000.0,4546000000.0,634000000.0,10000000.0,0.2550291238815829,0.2799099607695687,,0.0466507177033492,0.0351674641148325,3.2512820512820517,644000000.0,3.3025641025641024,0.0023923444976076,0.2834928229665072,23.31282051282051,17.235897435897435,0.0030612313470089,0.2799099607695687,3.2679413413590623,live_sec_companyfacts,live_api,True,False,2.068942024880383,44.34962904615384,1.0,0.8666666666666667,0.92,90.0,8.0,Small/mid-cap platform candidate,live_public_data,2026-05-28T16:37:54+00:00,89.10505836575877,91.73228346456693,0.0,23.770491803278688,22.65625,91.08527131782945,81.51658767772511,62.2568093385214,39.33054393305439,91.73228346456693,69.6113074204947,97.0873786407767,2.614379084967322,4.575163398692805,79.6875,15.969581749049432,4.240282685512364,18.439716312056742,17.266187050359715,14.487632508833922,100.0,100.0,75.5,24,0.1451779122447887,0.2276994263340271,1.198351195383347,1.3435215417611186,5.0224856443354025,-0.1810487086306779,2.104212907180756,-0.5880641237444185,90.57377049180327,12.796208530805686,83.59375,0.0,0.0,0.0,35.0,24.5,Market fields 100%; SEC fields 87%; filing age 90 days; peer count 24; source live_public_data; real filing chunks 0; EBIT proxy used instead of EBITDA.,97.38562091503267,95.42483660130719,18.483412322274887,37.7431906614786,60.66945606694561,95.75971731448763,81.56028368794325,10.894941634241235,60.66945606694561,18.483412322274887,97.38562091503267,37.7431906614786,20.3125,54.98593599169583,72.2,27.848999089736026,45.0,46.6,62.8,72.3,64.5,61.8,61.4,"Screen is supported by above-peer latest revenue growth, strong free cash flow conversion proxy; key caution is elevated debt to EBIT proxy, material share price drawdown.","Platform screen reflects scale, margins, cash conversion and leverage discipline; it is not a transaction recommendation.",Value creation screen looks for peer margin or cash-conversion gaps with enough growth and risk control for further diligence.,"Red flag screen combines leverage, weak cash conversion, liquidity, valuation support, volatility, trend and data-gap indicators."
GPN,Global Payments Inc.,Payments / Financial Services,Industrials,Specialty Business Services,20251795456.0,38702661632.0,74.03500366210938,89.1837158203125,62.70000076293945,0.1698596208833098,0.3826849571367833,0.757,4.371,27.218752,live_yfinance,live_api,yfinance,2026-05-28T16:37:10+00:00,2025.0,2026-02-20,1123360.0,7705878000.0,,1754624000.0,1456047000.0,9116414000.0,,2656592000.0,617769000.0,-0.2374867577277181,-0.0495682906305519,,0.2276994263340271,0.1889527708588171,1.5140520134228188,3274361000.0,1.8661325731324772,0.0801685414692524,1.183046759889009,,,0.1563775021881703,-0.0495682906305519,,live_sec_companyfacts,live_api,True,False,5.0224856443354025,22.05752436533411,1.0,0.7333333333333333,0.84,97.0,8.0,Mid-cap possible public-to-private screen,live_public_data,2026-05-28T16:37:54+00:00,2.3346303501945527,7.086614173228346,0.0,68.85245901639344,69.921875,65.50387596899225,63.98104265402843,89.88326848249028,78.66108786610879,7.086614173228346,34.62897526501767,25.728155339805824,0.0,0.0,44.140625,55.893536121673,43.1095406360424,37.23404255319149,0.0,42.40282685512368,65.0,75.0,84.0,24,0.1451779122447887,0.2276994263340271,1.198351195383347,1.3435215417611186,5.0224856443354025,0.0,0.6677813777491302,0.0,50.204918032786885,24.644549763033176,50.1953125,514.0,514.0,0.0,100.0,16.0,Market fields 100%; SEC fields 73%; filing age 97 days; peer count 24; source live_public_data; real filing chunks 514; EBIT proxy used instead of EBITDA.,0.0,0.0,36.01895734597157,10.11673151750972,21.338912133891213,56.8904593639576,62.76595744680851,100.0,21.338912133891213,36.01895734597157,0.0,10.11673151750972,55.859375,62.35063187840412,19.8,80.17874529701382,37.6,36.0,44.9,58.9,38.8,52.9,51.0,Screen is supported by strong free cash flow conversion proxy; key caution is no major structured red flag from the cached screen.,"Platform screen reflects scale, margins, cash conversion and leverage discipline; it is not a transaction recommendation.",Value creation screen looks for peer margin or cash-conversion gaps with enough growth and risk control for further diligence.,"Red flag screen combines leverage, weak cash conversion, liquidity, valuation support, volatility, trend and data-gap indicators."
GS,"The Goldman Sachs Group, Inc.",Payments / Financial Services,Financial Services,Capital Markets,295660879872.0,17643022336.0,1002.2150268554688,1002.2150268554688,589.4918823242188,0.0,0.2701494405203883,1.274,0.287,18.318682,live_yfinance,live_api,yfinance,2026-05-28T16:37:10+00:00,2025.0,2026-02-25,886982.0,,,21852000000.0,17176000000.0,164259000000.0,,-45154000000.0,2064000000.0,,,,,,-2.066355482335713,-43090000000.0,-1.9719018854109465,,,,,,,,live_sec_companyfacts,live_api,True,False,,0.8073870737689914,1.0,0.4666666666666667,0.6799999999999999,92.0,8.0,Mid-cap possible public-to-private screen,live_public_data,2026-05-28T16:37:54+00:00,0.0,0.0,0.0,0.0,0.0,8.914728682170542,11.848341232227488,0.0,0.0,0.0,8.657243816254418,0.0,0.0,0.0,0.0,84.4106463878327,97.87985865724382,60.99290780141844,0.0,96.113074204947,100.0,100.0,63.5,24,0.1451779122447887,0.2276994263340271,1.198351195383347,1.3435215417611186,5.0224856443354025,,-3.1702530807942937,,0.0,88.62559241706161,0.0,0.0,0.0,0.0,35.0,36.5,Market fields 100%; SEC fields 47%; filing age 92 days; peer count 24; source live_public_data; real filing chunks 0; EBIT proxy used instead of EBITDA.,0.0,0.0,88.15165876777252,100.0,100.0,2.1201413427561837,39.00709219858156,100.0,100.0,100.0,0.0,100.0,100.0,27.959432624113475,39.4,60.563153086994255,72.0,11.9,37.9,60.5,27.1,41.0,36.5,Screen is supported by balanced but not standout structured metrics; key caution is incomplete public data coverage.,"Platform screen reflects scale, margins, cash conversion and leverage discipline; it is not a transaction recommendation.",Value creation screen looks for peer margin or cash-conversion gaps with enough growth and risk control for further diligence.,"Red flag screen combines leverage, weak cash conversion, liquidity, valuation support, volatility, trend and data-gap indicators."
HOOD,"Robinhood Markets, Inc.",Payments / Financial Services,Financial Services,Capital Markets,72328568832.0,63354499072.0,80.31999969482422,152.4600067138672,63.95000076293945,0.4731733165566061,0.6682488360921978,2.294,13.734,38.99029,live_yfinance,live_api,yfinance,2026-05-28T16:37:11+00:00,2025.0,2026-02-18,1783879.0,4473000000.0,,2108000000.0,1883000000.0,9893000000.0,,1638000000.0,,0.515757370382921,0.4878747583673768,,0.4712720769058797,0.4209702660406886,0.7770398481973435,,,,2.211714732841493,,,1.2275312816186927,0.4878747583673768,,live_sec_companyfacts,live_api,True,False,14.163760132349651,30.05431644781784,1.0,0.6,0.76,99.0,8.0,Large-cap strategic / unlikely PE target,live_public_data,2026-05-28T16:37:54+00:00,96.10894941634241,97.24409448818898,0.0,88.9344262295082,90.625,24.8062015503876,0.0,94.16342412451361,96.23430962343096,97.24409448818898,16.431095406360424,0.0,0.0,0.0,13.671875,33.840304182509506,10.600706713780916,7.801418439716312,0.0,73.85159010600707,20.0,35.0,67.5,24,0.1451779122447887,0.2276994263340271,1.198351195383347,1.3435215417611186,5.0224856443354025,0.2435726505718526,,1.820069809124136,10.655737704918032,0.0,13.28125,0.0,0.0,0.0,35.0,32.5,Market fields 100%; SEC fields 60%; filing age 99 days; peer count 24; source live_public_data; real filing chunks 0; EBIT proxy used instead of EBITDA.,0.0,0.0,100.0,5.836575875486389,3.76569037656904,89.39929328621908,92.19858156028369,3.891050583657588,3.76569037656904,100.0,0.0,5.836575875486389,86.328125,63.65787864152379,33.4,66.60722600384013,36.3,51.3,36.2,24.5,25.0,39.7,40.5,"Screen is supported by above-peer latest revenue growth, above-peer EBIT margin proxy; key caution is material share price drawdown, incomplete public data coverage.","Platform screen reflects scale, margins, cash conversion and leverage discipline; it is not a transaction recommendation.",Value creation screen looks for peer margin or cash-conversion gaps with enough growth and risk control for further diligence.,"Red flag screen combines leverage, weak cash conversion, liquidity, valuation support, volatility, trend and data-gap indicators."
JPM,JPMorgan Chase & Co.,Payments / Financial Services,Financial Services,Banks - Diversified,795600551936.0,560828186624.0,296.9200134277344,332.90625,256.9527587890625,0.1080972092661691,0.2136964199777984,1.023,3.231,14.2135,live_yfinance,live_api,yfinance,2026-05-28T16:37:11+00:00,2025.0,2026-02-13,19617.0,182447000000.0,,72595000000.0,57048000000.0,343338000000.0,64776000000.0,-147782000000.0,,0.0275462389330689,0.1233756796752065,,0.3978963753857285,0.31268258727192,-2.0357049383566364,,,,1.8818506196320024,0.8922928576348234,-3.8372064191748745,0.0391722602297395,0.1233756796752065,-0.0613743433355877,live_sec_companyfacts,live_api,True,False,3.073923860759563,7.725438206818652,1.0,0.7333333333333333,0.84,104.0,8.0,Mega-cap benchmark / public quality comp,live_public_data,2026-05-28T16:37:54+00:00,21.40077821011673,68.11023622047244,0.0,84.8360655737705,84.765625,9.30232558139535,0.0,93.3852140077821,56.903765690376574,68.11023622047244,34.62897526501767,0.0,62.091503267973856,88.88888888888889,64.0625,81.36882129277566,56.8904593639576,82.26950354609929,43.16546762589928,99.29328621908127,5.0,3.0,71.5,24,0.1451779122447887,0.2276994263340271,1.198351195383347,1.3435215417611186,5.0224856443354025,0.1701969490517013,,-0.387967616348196,15.983606557377051,0.0,75.78125,0.0,0.0,0.0,35.0,28.5,Market fields 100%; SEC fields 73%; filing age 104 days; peer count 24; source live_public_data; real filing chunks 0; EBIT proxy used instead of EBITDA.,37.908496732026144,11.11111111111111,100.0,6.614785992217904,43.096234309623426,43.109540636042404,17.73049645390071,78.59922178988327,43.096234309623426,100.0,37.908496732026144,6.614785992217904,35.9375,50.61345398297285,38.7,61.31099931972841,49.4,45.6,36.2,31.1,30.7,40.3,39.8,Screen is supported by above-peer EBIT margin proxy; key caution is no major structured red flag from the cached screen.,"Platform screen reflects scale, margins, cash conversion and leverage discipline; it is not a transaction recommendation.",Value creation screen looks for peer margin or cash-conversion gaps with enough growth and risk control for further diligence.,"Red flag screen combines leverage, weak cash conversion, liquidity, valuation support, volatility, trend and data-gap indicators."
MA,Mastercard Incorporated,Payments / Financial Services,Financial Services,Credit Services,431370043392.0,448153354240.0,488.2049865722656,596.24853515625,483.4092712402344,0.1812055581078635,0.2185744207930316,0.759,13.205,28.252602,live_yfinance,live_api,yfinance,2026-05-28T16:37:12+00:00,2025.0,2026-02-11,1141391.0,32791000000.0,,18578000000.0,14968000000.0,13248000000.0,19000000000.0,17648000000.0,489000000.0,0.164163737707246,0.1382198495222513,,0.5665578969839286,0.4564667134274648,0.9499407901819356,18137000000.0,0.976262245666918,0.0149126284651276,0.4040132963313104,1.0227150392937885,0.3096135213693616,0.0150446532909843,0.1382198495222513,-0.1207128798190624,live_sec_companyfacts,live_api,True,False,13.666962100576376,24.12279869953709,1.0,0.8666666666666667,0.92,106.0,8.0,Mega-cap benchmark / public quality comp,live_public_data,2026-05-28T16:37:54+00:00,77.431906614786,74.40944881889764,0.0,91.39344262295081,91.40625,34.49612403100775,28.436018957345972,71.98443579766537,44.76987447698745,74.40944881889764,69.6113074204947,69.90291262135922,60.130718954248366,56.86274509803921,14.84375,49.80988593155894,40.98939929328622,80.85106382978724,46.76258992805755,98.58657243816255,5.0,3.0,73.4,24,0.1451779122447887,0.2276994263340271,1.198351195383347,1.3435215417611186,5.0224856443354025,0.3388584706499015,-0.222088949716429,1.721155035254431,8.60655737704918,63.98104265402843,14.0625,7.0,0.0,7.0,64.0,26.599999999999994,Market fields 100%; SEC fields 87%; filing age 106 days; peer count 24; source live_public_data; real filing chunks 0; EBIT proxy used instead of EBITDA.,39.869281045751634,43.13725490196079,71.56398104265404,28.01556420233463,55.23012552301255,59.01060070671378,19.148936170212767,22.568093385214,55.23012552301255,71.56398104265404,39.869281045751634,28.01556420233463,85.15625,55.05308361623358,45.9,54.10118885805718,44.9,57.5,38.3,25.1,40.9,42.5,43.5,"Screen is supported by above-peer latest revenue growth, above-peer EBIT margin proxy, strong free cash flow conversion proxy; key caution is no major structured red flag from the cached screen.","Platform screen reflects scale, margins, cash conversion and leverage discipline; it is not a transaction recommendation.",Value creation screen looks for peer margin or cash-conversion gaps with enough growth and risk control for further diligence.,"Red flag screen combines leverage, weak cash conversion, liquidity, valuation support, volatility, trend and data-gap indicators."
MQ,"Marqeta, Inc.",Payments / Financial Services,Technology,Software - Infrastructure,1662198784.0,915104768.0,3.920000076293945,6.829999923706055,3.809999942779541,0.4260614758298712,0.4063556618335208,1.353,1.404,392.00003,live_yfinance,live_api,yfinance,2026-05-28T16:37:12+00:00,2025.0,2026-02-24,1522540.0,624884000.0,437272000.0,-13329000.0,-13925000.0,1017931000.0,,162623000.0,1835000.0,0.2325249755914753,-0.0582707218467558,0.6997650763981795,-0.0213303589146145,-0.0222841359356296,-12.200690224322903,164458000.0,-12.338359966989271,0.0029365450227562,1.6289919409042315,,,0.2257700385695007,-0.0582707218467558,,live_sec_companyfacts,live_api,True,False,1.4644394287579774,-68.65517053042238,1.0,0.8666666666666667,0.92,93.0,8.0,Distressed/special situations watchlist,live_public_data,2026-05-28T16:37:54+00:00,86.7704280155642,5.905511811023622,72.28915662650603,10.655737704918032,11.328125,2.3255813953488373,2.3696682464454977,92.21789883268482,83.68200836820083,5.905511811023622,69.6113074204947,95.14563106796116,0.0,0.0,87.109375,94.29657794676805,14.840989399293292,33.687943262411345,0.0,5.6537102473498235,35.0,20.0,75.5,24,0.1451779122447887,0.2276994263340271,1.198351195383347,1.3435215417611186,5.0224856443354025,-0.2490297852486415,-13.53671116237262,-0.7084233719195113,94.26229508196722,98.10426540284361,89.84375,0.0,0.0,0.0,35.0,24.5,Market fields 100%; SEC fields 87%; filing age 93 days; peer count 24; source live_public_data; real filing chunks 0; EBIT proxy used instead of EBITDA.,0.0,0.0,97.6303317535545,7.782101167315176,16.317991631799174,85.15901060070671,66.31205673758865,13.229571984435793,16.317991631799174,100.0,0.0,7.782101167315176,12.890625,70.26651249829978,32.0,67.99263001709578,29.7,35.3,27.7,30.2,84.1,47.3,53.3,Screen is supported by above-peer latest revenue growth; key caution is material share price drawdown.,"Platform screen reflects scale, margins, cash conversion and leverage discipline; it is not a transaction recommendation.",Value creation screen looks for peer margin or cash-conversion gaps with enough growth and risk control for further diligence.,"Red flag screen combines leverage, weak cash conversion, liquidity, valuation support, volatility, trend and data-gap indicators."
MS,Morgan Stanley,Payments / Financial Services,Financial Services,Capital Markets,320535822336.0,245051392000.0,203.22000122070312,203.22000122070312,124.50487518310548,0.0,0.2495815922791264,1.207,3.349,18.39095,live_yfinance,live_api,yfinance,2026-05-28T16:37:13+00:00,2025.0,2026-02-19,895421.0,,,21954000000.0,17025000000.0,111695000000.0,,-17889000000.0,,,,,,,-0.8148401202514348,,,,,,,,,,live_sec_companyfacts,live_api,True,False,,11.162038444019313,1.0,0.3333333333333333,0.6,98.0,8.0,Mega-cap benchmark / public quality comp,live_public_data,2026-05-28T16:37:54+00:00,0.0,0.0,0.0,0.0,0.0,12.015503875968992,0.0,0.0,0.0,0.0,3.180212014134275,0.0,0.0,0.0,0.0,77.9467680608365,97.87985865724382,67.7304964539007,0.0,96.46643109540636,5.0,3.0,59.5,24,0.1451779122447887,0.2276994263340271,1.198351195383347,1.3435215417611186,5.0224856443354025,,,,0.0,0.0,0.0,0.0,0.0,0.0,35.0,40.5,Market fields 100%; SEC fields 33%; filing age 98 days; peer count 24; source live_public_data; real filing chunks 0; EBIT proxy used instead of EBITDA.,0.0,0.0,100.0,100.0,100.0,2.1201413427561837,32.269503546099294,100.0,100.0,100.0,0.0,100.0,100.0,28.178439716312056,40.8,59.20642558203644,71.8,10.3,5.8,15.7,11.2,18.7,17.0,Screen is supported by balanced but not standout structured metrics; key caution is incomplete public data coverage.,"Platform screen reflects scale, margins, cash conversion and leverage discipline; it is not a transaction recommendation.",Value creation screen looks for peer margin or cash-conversion gaps with enough growth and risk control for further diligence.,"Red flag screen combines leverage, weak cash conversion, liquidity, valuation support, volatility, trend and data-gap indicators."
PAYO,Payoneer Global Inc.,Payments / Financial Services,Technology,Software - Infrastructure,1678914944.0,1411205504.0,5.014999866485596,7.420000076293945,4.269999980926514,0.3241240141616778,0.4660029153672556,1.015,1.322,25.074999,live_yfinance,live_api,yfinance,2026-05-28T16:37:13+00:00,2025.0,2026-02-26,1845815.0,813413000.0,,115588000.0,73192000.0,6416707000.0,,233489000.0,26874000.0,0.1451779122447887,0.1243148487200702,,0.1421024743887791,0.0899813501874201,2.0200107277572066,260363000.0,2.252508910959615,0.0330385671239579,7.888621155550747,,,0.1392754389844414,0.1243148487200702,,live_sec_companyfacts,live_api,True,False,1.7349187977079294,12.208927431913349,1.0,0.7333333333333333,0.84,91.0,8.0,Small/mid-cap platform candidate,live_public_data,2026-05-28T16:37:54+00:00,72.76264591439688,69.29133858267717,0.0,47.950819672131146,37.5,80.62015503875969,69.19431279620854,97.66536964980544,75.73221757322176,69.29133858267717,34.62897526501767,48.54368932038835,0.0,0.0,85.546875,76.04562737642586,24.028268551236753,25.177304964539005,0.0,6.36042402826855,85.0,60.0,71.5,24,0.1451779122447887,0.2276994263340271,1.198351195383347,1.3435215417611186,5.0224856443354025,-0.085596951945248,1.054157715576268,-0.6545696850991196,79.50819672131148,19.90521327014218,87.890625,0.0,0.0,0.0,35.0,28.5,Market fields 100%; SEC fields 73%; filing age 91 days; peer count 24; source live_public_data; real filing chunks 0; EBIT proxy used instead of EBITDA.,0.0,0.0,30.805687203791464,2.3346303501945584,24.26778242677824,75.97173144876325,74.822695035461,27.237354085603116,24.26778242677824,30.805687203791464,0.0,2.3346303501945584,14.453125,77.37103271609158,21.2,78.781167414979,22.6,46.5,56.2,55.6,62.3,59.7,62.2,Screen is supported by strong free cash flow conversion proxy; key caution is no major structured red flag from the cached screen.,"Platform screen reflects scale, margins, cash conversion and leverage discipline; it is not a transaction recommendation.",Value creation screen looks for peer margin or cash-conversion gaps with enough growth and risk control for further diligence.,"Red flag screen combines leverage, weak cash conversion, liquidity, valuation support, volatility, trend and data-gap indicators."
PYPL,"PayPal Holdings, Inc.",Payments / Financial Services,Financial Services,Credit Services,39187533824.0,40928935936.0,44.42499923706055,77.80402374267578,38.9620361328125,0.4290141164936528,0.3885568676312113,1.395,1.213,8.334897,live_yfinance,live_api,yfinance,2026-05-28T16:37:13+00:00,2025.0,2026-02-03,1633917.0,33172000000.0,,6065000000.0,5233000000.0,24018000000.0,9987000000.0,6416000000.0,852000000.0,0.0432430732459037,0.0642694523281814,,0.1828349210177258,0.1577535270710237,1.0578730420445177,7268000000.0,1.198351195383347,0.0256843120704208,0.7240443747739057,1.646661170651278,-2.313437757625721,0.0605149849758623,0.0642694523281814,-1.4481100711787875,live_sec_companyfacts,live_api,True,False,1.2338398630170022,6.748381852596867,1.0,0.8666666666666667,0.92,114.0,8.0,Mid-cap possible public-to-private screen,live_public_data,2026-05-28T16:37:54+00:00,28.404669260700388,41.338582677165356,0.0,59.42622950819673,59.765625,42.248062015503876,42.65402843601896,85.60311284046692,62.76150627615063,41.338582677165356,69.6113074204947,55.8252427184466,52.2875816993464,84.9673202614379,89.453125,82.88973384030417,14.13427561837456,36.170212765957444,69.7841726618705,61.83745583038869,65.0,75.0,88.0,24,0.1451779122447887,0.2276994263340271,1.198351195383347,1.3435215417611186,5.0224856443354025,-0.0448645053163012,0.0,-0.7543368064359556,70.08196721311475,50.23696682464455,94.53125,501.0,501.0,0.0,100.0,12.0,Market fields 100%; SEC fields 87%; filing age 114 days; peer count 24; source live_public_data; real filing chunks 501; EBIT proxy used instead of EBITDA.,47.712418300653596,15.032679738562091,57.34597156398104,14.39688715953308,37.23849372384937,85.86572438162544,63.829787234042556,71.59533073929961,37.23849372384937,57.34597156398104,47.712418300653596,14.39688715953308,10.546875,57.007008021341825,43.4,56.56910219023707,43.0,42.1,54.3,65.4,58.7,59.1,58.0,Screen is supported by strong free cash flow conversion proxy; key caution is material share price drawdown.,"Platform screen reflects scale, margins, cash conversion and leverage discipline; it is not a transaction recommendation.",Value creation screen looks for peer margin or cash-conversion gaps with enough growth and risk control for further diligence.,"Red flag screen combines leverage, weak cash conversion, liquidity, valuation support, volatility, trend and data-gap indicators."
SOFI,"SoFi Technologies, Inc.",Payments / Financial Services,Financial Services,Credit Services,21518112768.0,19093733376.0,16.775100708007812,32.209999084472656,13.170000076293944,0.4791958651096479,0.551403718674241,2.126,4.885,37.278004,live_yfinance,live_api,yfinance,2026-05-28T16:37:14+00:00,2025.0,2026-02-17,1818874.0,619353000.0,,525857000.0,481320000.0,5356773000.0,,-3742458000.0,242444000.0,0.2310170673970382,0.1798553693422275,,0.849042468511495,0.7771335571152477,-7.116873979047536,-3500014000.0,-6.655828485690977,0.3914472037755528,8.648982082915559,,,1.6942410386368745,0.1798553693422275,,live_sec_companyfacts,live_api,True,False,30.828515202154502,36.309744618784194,1.0,0.7333333333333333,0.84,100.0,8.0,Mid-cap possible public-to-private screen,live_public_data,2026-05-28T16:37:54+00:00,86.38132295719845,82.67716535433071,0.0,95.90163934426229,95.703125,3.488372093023256,5.213270142180095,98.0544747081712,98.32635983263597,82.67716535433071,34.62897526501767,7.7669902912621325,0.0,0.0,5.46875,21.292775665399244,8.833922261484094,17.375886524822693,0.0,44.522968197879855,100.0,100.0,84.0,24,0.1451779122447887,0.2276994263340271,1.198351195383347,1.3435215417611186,5.0224856443354025,0.6213430421774679,-7.854179681074324,5.138099217251993,5.327868852459016,95.260663507109,4.6875,1127.0,1127.0,0.0,100.0,16.0,Market fields 100%; SEC fields 73%; filing age 100 days; peer count 24; source live_public_data; real filing chunks 1127; EBIT proxy used instead of EBITDA.,0.0,0.0,94.7867298578199,1.945525291828801,1.6736401673640273,91.16607773851591,82.62411347517731,13.61867704280155,1.6736401673640273,100.0,0.0,1.945525291828801,94.53125,64.04909544252372,31.3,68.70675931912717,36.0,50.5,62.7,54.4,38.6,56.8,56.1,"Screen is supported by above-peer latest revenue growth, above-peer EBIT margin proxy; key caution is material share price drawdown.","Platform screen reflects scale, margins, cash conversion and leverage discipline; it is not a transaction recommendation.",Value creation screen looks for peer margin or cash-conversion gaps with enough growth and risk control for further diligence.,"Red flag screen combines leverage, weak cash conversion, liquidity, valuation support, volatility, trend and data-gap indicators."
TOST,"Toast, Inc.",Payments / Financial Services,Technology,Software - Infrastructure,14569600000.0,12456999936.0,25.1200008392334,49.29999923706055,22.32999992370605,0.4904665065319147,0.4497498724994612,1.817,1.933,37.49254,live_yfinance,live_api,yfinance,2026-05-28T16:37:14+00:00,2025.0,2026-02-18,1650164.0,6153000000.0,1593000000.0,346000000.0,342000000.0,1583000000.0,,661000000.0,53000000.0,0.240524193548387,0.3109568735823114,0.2588980984885421,0.05623273200065,0.0555826426133593,1.9104046242774568,714000000.0,2.0635838150289016,0.0086136843816024,0.2572728750203153,,,0.1576607803345937,0.3109568735823114,,live_sec_companyfacts,live_api,True,False,2.024540863968796,36.00288998843931,1.0,0.8666666666666667,0.92,99.0,8.0,Mid-cap possible public-to-private screen,live_public_data,2026-05-28T16:37:54+00:00,88.32684824902724,94.48818897637796,20.481927710843372,26.639344262295083,26.953125,78.29457364341084,67.29857819905213,59.92217898832685,79.07949790794979,94.48818897637796,69.6113074204947,80.58252427184466,0.0,0.0,80.078125,23.193916349809886,7.773851590106007,28.36879432624113,0.0,37.455830388692576,100.0,100.0,75.5,24,0.1451779122447887,0.2276994263340271,1.198351195383347,1.3435215417611186,5.0224856443354025,-0.171466694333377,0.8652326196455546,-0.596904599169503,89.34426229508196,21.80094786729858,84.375,0.0,0.0,0.0,35.0,24.5,Market fields 100%; SEC fields 87%; filing age 99 days; peer count 24; source live_public_data; real filing chunks 0; EBIT proxy used instead of EBITDA.,0.0,0.0,32.70142180094787,40.07782101167315,20.920502092050214,92.226148409894,71.63120567375887,11.673151750972764,20.920502092050214,32.70142180094787,0.0,40.07782101167315,19.921875,76.28073188373764,27.1,72.91327248635244,23.7,52.4,63.8,72.2,67.4,67.6,68.3,"Screen is supported by above-peer latest revenue growth, strong free cash flow conversion proxy; key caution is material share price drawdown.","Platform screen reflects scale, margins, cash conversion and leverage discipline; it is not a transaction recommendation.",Value creation screen looks for peer margin or cash-conversion gaps with enough growth and risk control for further diligence.,"Red flag screen combines leverage, weak cash conversion, liquidity, valuation support, volatility, trend and data-gap indicators."
UPST,"Upstart Holdings, Inc.",Payments / Financial Services,Financial Services,Credit Services,3030706944.0,4443997184.0,31.665000915527344,84.12999725341797,24.21999931335449,0.6236181867432442,0.7018166876835294,2.262,3.786,77.23171,live_yfinance,live_api,yfinance,2026-05-28T16:37:15+00:00,2025.0,2026-02-10,1647639.0,1043857000.0,,42631000.0,53601000.0,1057012000.0,,-147725000.0,347000.0,0.6399231455646885,0.0478549435324633,,0.0408398851566833,0.0513489874570942,-3.4652013792779903,-147378000.0,-3.457061762567146,0.0003324210116902,1.0126023008898728,,,0.1663402863594097,0.0478549435324633,,live_sec_companyfacts,live_api,True,False,4.257285417447026,104.24332490441228,1.0,0.7333333333333333,0.84,107.0,8.0,Small/mid-cap platform candidate,live_public_data,2026-05-28T16:37:54+00:00,96.88715953307393,33.85826771653544,0.0,22.540983606557376,25.78125,6.2015503875969,9.004739336492891,87.93774319066148,80.3347280334728,33.85826771653544,34.62897526501767,99.51456310679612,0.0,0.0,52.734375,4.942965779467679,2.473498233215543,6.737588652482273,0.0,10.247349823321555,85.0,60.0,71.5,24,0.1451779122447887,0.2276994263340271,1.198351195383347,1.3435215417611186,5.0224856443354025,-0.1868595411773438,-4.655412957950492,-0.1523548858226017,91.80327868852459,90.04739336492891,60.546875,0.0,0.0,0.0,35.0,28.5,Market fields 100%; SEC fields 73%; filing age 107 days; peer count 24; source live_public_data; real filing chunks 0; EBIT proxy used instead of EBITDA.,0.0,0.0,90.99526066350711,12.062256809338521,19.6652719665272,97.52650176678446,93.26241134751773,3.112840466926073,19.6652719665272,100.0,0.0,12.062256809338521,47.265625,65.07502636124275,35.2,64.81311719558565,34.9,30.8,40.8,42.5,76.7,50.8,55.3,Screen is supported by above-peer latest revenue growth; key caution is material share price drawdown.,"Platform screen reflects scale, margins, cash conversion and leverage discipline; it is not a transaction recommendation.",Value creation screen looks for peer margin or cash-conversion gaps with enough growth and risk control for further diligence.,"Red flag screen combines leverage, weak cash conversion, liquidity, valuation support, volatility, trend and data-gap indicators."
V,Visa Inc.,Payments / Financial Services,Financial Services,Credit Services,611638837248.0,627952058368.0,321.6199951171875,370.3843994140625,294.9085998535156,0.1316589045705458,0.2209451385740438,0.784,14.594,28.040104,live_yfinance,live_api,yfinance,2026-05-28T16:37:15+00:00,2025.0,2025-11-06,1403161.0,40000000000.0,,24194000000.0,20058000000.0,24987000000.0,25171000000.0,23059000000.0,1482000000.0,0.113399766186049,0.1092124213025429,,0.60485,0.50145,0.9530875423658758,24541000000.0,1.0143423989418865,0.03705,0.624675,1.0403819128709595,0.007605191369761,-0.0139149266461958,0.1092124213025429,-0.1974875180950746,live_sec_companyfacts,live_api,True,False,15.6988014592,25.954867255021902,1.0,0.8666666666666667,0.92,203.0,8.0,Mega-cap benchmark / public quality comp,live_public_data,2026-05-28T16:37:54+00:00,63.81322957198443,63.38582677165354,0.0,92.21311475409836,93.359375,34.883720930232556,30.33175355450237,84.04669260700389,29.707112970711297,63.38582677165354,69.6113074204947,43.20388349514563,58.82352941176471,63.39869281045751,10.9375,44.86692015209125,50.53003533568905,79.7872340425532,48.201438848920866,98.93992932862191,5.0,3.0,73.4,24,0.1451779122447887,0.2276994263340271,1.198351195383347,1.3435215417611186,5.0224856443354025,0.3771505736659729,-0.1840087964414605,2.1257035999507243,8.19672131147541,60.66350710900474,11.71875,7.0,0.0,7.0,64.0,26.599999999999994,Market fields 100%; SEC fields 87%; filing age 203 days; peer count 24; source live_public_data; real filing chunks 0; EBIT proxy used instead of EBITDA.,41.17647058823529,36.60130718954248,69.66824644549763,15.95330739299611,70.2928870292887,49.46996466431096,20.212765957446805,36.18677042801557,100.0,69.66824644549763,41.17647058823529,15.95330739299611,89.0625,47.404830578460185,43.9,56.051259588546316,52.6,53.6,37.9,25.2,35.8,40.4,40.4,"Screen is supported by above-peer EBIT margin proxy, strong free cash flow conversion proxy; key caution is no major structured red flag from the cached screen.","Platform screen reflects scale, margins, cash conversion and leverage discipline; it is not a transaction recommendation.",Value creation screen looks for peer margin or cash-conversion gaps with enough growth and risk control for further diligence.,"Red flag screen combines leverage, weak cash conversion, liquidity, valuation support, volatility, trend and data-gap indicators."
WFC,Wells Fargo & Company,Payments / Financial Services,Financial Services,Banks - Diversified,232467283968.0,258200027136.0,75.96499633789062,95.3733139038086,70.80635070800781,0.2034984082181811,0.2638975899389137,0.96,3.182,11.741113,live_yfinance,live_api,yfinance,2026-05-28T16:37:16+00:00,2025.0,2026-02-24,72971.0,,,25199000000.0,21338000000.0,172593000000.0,18323000000.0,-19001000000.0,,,,,,,-0.7540378586451844,,,,,0.7271320290487717,-6.122068336045081,,,-2.689595875286855,live_sec_companyfacts,live_api,True,False,,10.246439427596334,1.0,0.4666666666666667,0.6799999999999999,93.0,8.0,Mega-cap benchmark / public quality comp,live_public_data,2026-05-28T16:37:54+00:00,0.0,0.0,0.0,0.0,0.0,12.790697674418606,0.0,0.0,0.0,0.0,8.657243816254418,0.0,66.01307189542483,92.81045751633987,0.0,79.84790874524714,37.80918727915194,63.47517730496454,78.41726618705036,95.75971731448763,5.0,3.0,63.5,24,0.1451779122447887,0.2276994263340271,1.198351195383347,1.3435215417611186,5.0224856443354025,,,,0.0,0.0,0.0,0.0,0.0,0.0,35.0,36.5,Market fields 100%; SEC fields 47%; filing age 93 days; peer count 24; source live_public_data; real filing chunks 0; EBIT proxy used instead of EBITDA.,33.98692810457516,7.18954248366013,100.0,100.0,100.0,62.19081272084806,36.52482269503546,100.0,100.0,100.0,33.98692810457516,100.0,100.0,22.040367125573624,57.3,42.72821395806399,78.0,15.5,15.3,17.8,5.7,20.0,17.4,Screen is supported by balanced but not standout structured metrics; key caution is incomplete public data coverage.,"Platform screen reflects scale, margins, cash conversion and leverage discipline; it is not a transaction recommendation.",Value creation screen looks for peer margin or cash-conversion gaps with enough growth and risk control for further diligence.,"Red flag screen combines leverage, weak cash conversion, liquidity, valuation support, volatility, trend and data-gap indicators."
XYZ,"Block, Inc.",Payments / Financial Services,Technology,Software - Infrastructure,43489873920.0,43285938176.0,73.06999969482422,81.11000061035156,49.09000015258789,0.099124656084656,0.4606871884601435,2.57,1.768,57.085938,live_yfinance,live_api,yfinance,2026-05-28T16:37:16+00:00,2025.0,2026-02-26,1512673.0,24193683000.0,10359929000.0,1689911000.0,1304210000.0,12481276000.0,,2579714000.0,155038000.0,0.0030110625767456,0.1133377071512014,0.428208016117265,0.0698492660253505,0.0539070467278586,1.5265383798318373,2734752000.0,1.6182816728218232,0.0064082016780991,0.5158898709220915,,,0.1020948921629044,0.1133377071512014,,live_sec_companyfacts,live_api,True,False,1.789142156487708,25.614330089572764,1.0,0.8666666666666667,0.92,91.0,8.0,Mid-cap possible public-to-private screen,live_public_data,2026-05-28T16:37:54+00:00,12.840466926070038,64.1732283464567,53.01204819277109,28.278688524590162,26.5625,66.27906976744185,57.81990521327014,80.54474708171206,70.7112970711297,64.1732283464567,69.6113074204947,87.86407766990291,0.0,0.0,84.765625,46.00760456273765,59.01060070671378,27.30496453900709,0.0,64.66431095406361,65.0,75.0,88.0,24,0.1451779122447887,0.2276994263340271,1.198351195383347,1.3435215417611186,5.0224856443354025,-0.1578501603086766,0.4199304774384762,-0.6437735648870221,88.11475409836066,28.90995260663507,86.71875,580.0,580.0,0.0,100.0,12.0,Market fields 100%; SEC fields 87%; filing age 91 days; peer count 24; source live_public_data; real filing chunks 580; EBIT proxy used instead of EBITDA.,0.0,0.0,42.18009478672986,19.45525291828794,29.288702928870293,40.98939929328622,72.69503546099291,87.15953307392996,29.288702928870293,42.18009478672986,0.0,19.45525291828794,15.234375,64.96067550354437,21.9,78.07314142483358,35.0,43.8,52.6,63.9,63.0,61.0,60.7,Screen is supported by strong free cash flow conversion proxy; key caution is no major structured red flag from the cached screen.,"Platform screen reflects scale, margins, cash conversion and leverage discipline; it is not a transaction recommendation.",Value creation screen looks for peer margin or cash-conversion gaps with enough growth and risk control for further diligence.,"Red flag screen combines leverage, weak cash conversion, liquidity, valuation support, volatility, trend and data-gap indicators."
AMH,American Homes 4 Rent,Real Estate / REITs,Real Estate,REIT - Residential,13170139136.0,17322344448.0,32.064998626708984,36.445579528808594,27.3799991607666,0.1201951226660275,0.195550179772097,0.828,9.298,26.069103,live_yfinance,live_api,yfinance,2026-05-28T16:37:16+00:00,2025.0,2026-02-20,1562401.0,,,,513392000.0,230690000.0,,864327000.0,,,,,,,,,,,,,,,,,live_sec_companyfacts,live_api,True,False,,,1.0,0.2,0.52,97.0,8.0,Mid-cap possible public-to-private screen,live_public_data,2026-05-28T16:37:54+00:00,0.0,0.0,0.0,0.0,0.0,0.0,0.0,0.0,0.0,0.0,2.2968197879858656,0.0,0.0,0.0,0.0,0.0,54.06360424028269,87.2340425531915,0.0,36.74911660777385,100.0,100.0,55.5,24,0.0506142814924197,0.6703078164050256,1.592101392694855,,14.44622494393838,,,,0.0,0.0,0.0,0.0,0.0,0.0,35.0,44.5,Market fields 100%; SEC fields 20%; filing age 97 days; peer count 24; source live_public_data; real filing chunks 0; EBIT proxy used instead of EBITDA.,0.0,0.0,100.0,100.0,100.0,45.936395759717314,12.76595744680851,100.0,100.0,100.0,0.0,100.0,100.0,29.418723404255317,43.6,56.38508382828359,70.6,8.9,35.9,57.1,7.9,35.8,30.6,Screen is supported by balanced but not standout structured metrics; key caution is incomplete public data coverage.,"Platform screen reflects scale, margins, cash conversion and leverage discipline; it is not a transaction recommendation.",Value creation screen looks for peer margin or cash-conversion gaps with enough growth and risk control for further diligence.,"Red flag screen combines leverage, weak cash conversion, liquidity, valuation support, volatility, trend and data-gap indicators."
ARE,"Alexandria Real Estate Equities, Inc.",Real Estate / REITs,Real Estate,REIT - Office,8779696128.0,24790808576.0,50.380001068115234,83.51029968261719,40.40999984741211,0.3967211079401512,0.4273320232581185,1.137,8.461,,live_yfinance,live_api,yfinance,2026-05-28T16:37:17+00:00,2025.0,2026-01-26,1035443.0,,,,-1216726000.0,553755000.0,,1414046000.0,,,,,,,,,,,,,,,,,live_sec_companyfacts,live_api,True,False,,,0.8888888888888888,0.2,0.4755555555555555,122.0,8.0,Mid-cap possible public-to-private screen,live_public_data,2026-05-28T16:37:54+00:00,0.0,0.0,0.0,0.0,0.0,0.0,0.0,0.0,0.0,0.0,1.4134275618374559,0.0,0.0,0.0,0.0,0.0,16.96113074204947,30.85106382978723,0.0,26.855123674911663,65.0,100.0,52.8,24,0.0506142814924197,0.6703078164050256,1.592101392694855,,14.44622494393838,,,,0.0,0.0,0.0,0.0,0.0,0.0,35.0,47.16666666666667,Market fields 89%; SEC fields 20%; filing age 122 days; peer count 24; source live_public_data; real filing chunks 0; EBIT proxy used instead of EBITDA.,0.0,0.0,100.0,100.0,100.0,83.03886925795054,69.14893617021278,100.0,100.0,100.0,0.0,100.0,100.0,24.69475177304963,51.8,48.164198180587924,75.3,5.0,24.5,51.4,4.3,29.7,24.4,"Screen is supported by balanced but not standout structured metrics; key caution is material share price drawdown, incomplete public data coverage.","Platform screen reflects scale, margins, cash conversion and leverage discipline; it is not a transaction recommendation.",Value creation screen looks for peer margin or cash-conversion gaps with enough growth and risk control for further diligence.,"Red flag screen combines leverage, weak cash conversion, liquidity, valuation support, volatility, trend and data-gap indicators."
AVB,"AvalonBay Communities, Inc.",Real Estate / REITs,Real Estate,REIT - Residential,26356281344.0,35495223296.0,185.7749938964844,200.9901123046875,159.03826904296875,0.075700830422633,0.2005241519424669,0.798,11.6,23.049006,live_yfinance,live_api,yfinance,2026-05-28T16:37:17+00:00,2025.0,2026-02-27,915912.0,7042000.0,,1055464000.0,1056599000.0,353083000.0,,1671105000.0,,-0.005507696653015,0.0360057780252507,,149.88128372621415,150.04245952854302,1.5832894347888702,,,,50.13959102527691,,,-31.878387835447,0.0360057780252507,,live_sec_companyfacts,live_api,True,False,5040.503166145982,33.62997060629259,1.0,0.6,0.76,90.0,8.0,Mid-cap possible public-to-private screen,live_public_data,2026-05-28T16:37:54+00:00,10.116731517509727,26.37795275590551,0.0,100.0,99.609375,68.21705426356588,0.0,99.61089494163424,0.41841004184100417,26.37795275590551,16.431095406360424,0.0,0.0,0.0,0.390625,25.47528517110266,66.43109540636043,86.17021276595744,0.0,51.9434628975265,65.0,75.0,67.5,24,0.0506142814924197,0.6703078164050256,1.592101392694855,,14.44622494393838,149.21097590980912,,347.9149023849979,0.4098360655737705,0.0,0.78125,0.0,0.0,0.0,35.0,32.5,Market fields 100%; SEC fields 60%; filing age 90 days; peer count 24; source live_public_data; real filing chunks 0; EBIT proxy used instead of EBITDA.,0.0,0.0,100.0,0.3891050583657574,99.581589958159,33.56890459363957,13.829787234042554,100.0,100.0,100.0,0.0,0.3891050583657574,100.0,40.25470651544002,30.5,69.53187495909285,59.7,30.4,43.0,47.8,11.6,40.6,36.6,Screen is supported by above-peer EBIT margin proxy; key caution is incomplete public data coverage.,"Platform screen reflects scale, margins, cash conversion and leverage discipline; it is not a transaction recommendation.",Value creation screen looks for peer margin or cash-conversion gaps with enough growth and risk control for further diligence.,"Red flag screen combines leverage, weak cash conversion, liquidity, valuation support, volatility, trend and data-gap indicators."
BXP,"BXP, Inc.",Real Estate / REITs,Real Estate,REIT - Office,10876996608.0,28099266560.0,61.0,76.36109161376953,50.73526763916016,0.2011638556906066,0.2813306789530119,1.059,8.896,30.653267,live_yfinance,live_api,yfinance,2026-05-28T16:37:18+00:00,2025.0,2026-02-27,1037540.0,3482279000.0,2058649000.0,,383995000.0,1557266000.0,,1245157000.0,,0.0218797383234943,0.0385652612265068,0.591178650533171,,0.1102711758592576,,,,,0.447197367011661,,,,0.0385652612265068,,live_sec_companyfacts,live_api,True,False,8.069217475107537,,1.0,0.5333333333333333,0.72,90.0,8.0,Mid-cap possible public-to-private screen,live_public_data,2026-05-28T16:37:54+00:00,17.120622568093385,28.346456692913385,65.06024096385542,0.0,44.53125,0.0,0.0,74.70817120622569,0.0,28.346456692913385,11.307420494699647,0.0,0.0,0.0,25.390625,0.0,38.51590106007067,59.21985815602837,0.0,33.56890459363957,65.0,75.0,65.5,24,0.0506142814924197,0.6703078164050256,1.592101392694855,,14.44622494393838,,,-0.4414307193455843,0.0,0.0,80.859375,0.0,0.0,0.0,35.0,34.5,Market fields 100%; SEC fields 53%; filing age 90 days; peer count 24; source live_public_data; real filing chunks 0; EBIT proxy used instead of EBITDA.,0.0,0.0,100.0,25.291828793774314,100.0,61.48409893992933,40.78014184397163,82.87937743190662,100.0,100.0,0.0,25.291828793774314,100.0,38.18770538399978,38.4,61.55415930323642,61.8,22.1,36.9,54.7,24.3,41.4,37.7,Screen is supported by balanced but not standout structured metrics; key caution is incomplete public data coverage.,"Platform screen reflects scale, margins, cash conversion and leverage discipline; it is not a transaction recommendation.",Value creation screen looks for peer margin or cash-conversion gaps with enough growth and risk control for further diligence.,"Red flag screen combines leverage, weak cash conversion, liquidity, valuation support, volatility, trend and data-gap indicators."
COLD,"Americold Realty Trust, Inc.",Real Estate / REITs,Real Estate,REIT - Industrial,4542324224.0,8925558784.0,15.845000267028809,16.560087203979492,9.746169090270996,0.0431813509278407,0.4472130291411421,0.902,3.431,,live_yfinance,live_api,yfinance,2026-05-28T16:37:18+00:00,2025.0,2026-02-26,1455863.0,2540906000.0,,-135733000.0,-115282000.0,136863000.0,,359641000.0,576845000.0,-0.0245068605695769,-0.0398215521159996,,-0.0534191347495735,-0.0453704308620625,-2.649620947006255,936486000.0,-6.899471757052448,0.227023353087442,0.053863858009702,,,-0.0400722652541556,-0.0398215521159996,,live_sec_companyfacts,live_api,True,False,3.51274654945913,-65.75820753980241,0.8888888888888888,0.7333333333333333,0.7955555555555556,91.0,8.0,Small/mid-cap platform candidate,live_public_data,2026-05-28T16:37:54+00:00,8.171206225680933,9.05511811023622,0.0,6.147540983606557,7.421875,8.13953488372093,4.739336492890995,23.73540856031128,18.828451882845187,9.05511811023622,21.73144876325088,12.621359223300976,0.0,0.0,60.546875,93.15589353612167,78.09187279151944,28.723404255319153,0.0,14.840989399293287,100.0,100.0,68.8,24,0.0506142814924197,0.6703078164050256,1.592101392694855,,14.44622494393838,-0.7237269511545991,-8.491573149747303,-0.7568398274918823,99.18032786885246,95.73459715639811,94.921875,0.0,0.0,0.0,35.0,31.16666666666667,Market fields 89%; SEC fields 73%; filing age 91 days; peer count 24; source live_public_data; real filing chunks 0; EBIT proxy used instead of EBITDA.,0.0,0.0,95.260663507109,76.26459143968872,81.17154811715481,21.908127208480565,71.27659574468085,100.0,100.0,100.0,0.0,76.26459143968872,39.453125,34.23276736312333,40.4,59.59644767396191,65.8,10.4,39.4,69.6,70.5,51.1,49.7,Screen is supported by balanced but not standout structured metrics; key caution is incomplete public data coverage.,"Platform screen reflects scale, margins, cash conversion and leverage discipline; it is not a transaction recommendation.",Value creation screen looks for peer margin or cash-conversion gaps with enough growth and risk control for further diligence.,"Red flag screen combines leverage, weak cash conversion, liquidity, valuation support, volatility, trend and data-gap indicators."
CPT,Camden Property Trust,Real Estate / REITs,Real Estate,REIT - Residential,10779074560.0,15549014016.0,108.77999877929688,113.83477020263672,95.56134033203124,0.0444044593259324,0.1904525171465701,0.822,9.811,30.385475,live_yfinance,live_api,yfinance,2026-05-28T16:37:19+00:00,2025.0,2026-02-12,906345.0,12967000.0,,,394898000.0,37242000.0,,826621000.0,,0.8168698332632758,0.3571041580689331,,,30.45407573070101,,,,,2.872059844219943,,,,0.3571041580689331,,live_sec_companyfacts,live_api,True,False,1199.121926120151,,1.0,0.4,0.64,105.0,8.0,Mid-cap possible public-to-private screen,live_public_data,2026-05-28T16:37:54+00:00,97.66536964980544,96.06299212598425,0.0,0.0,98.828125,0.0,0.0,95.3307392996109,0.0,96.06299212598425,5.477031802120141,0.0,0.0,0.0,1.171875,0.0,77.3851590106007,89.71631205673759,0.0,33.215547703180206,100.0,100.0,61.5,24,0.0506142814924197,0.6703078164050256,1.592101392694855,,14.44622494393838,,,82.00590159530232,0.0,0.0,1.5625,0.0,0.0,0.0,35.0,38.5,Market fields 100%; SEC fields 40%; filing age 105 days; peer count 24; source live_public_data; real filing chunks 0; EBIT proxy used instead of EBITDA.,0.0,0.0,100.0,4.669260700389103,100.0,22.614840989399294,10.28368794326241,2.3346303501945584,100.0,100.0,0.0,4.669260700389103,98.828125,55.37402553846897,29.6,70.35550958155238,44.6,32.4,48.8,60.4,24.8,48.8,46.2,Screen is supported by above-peer latest revenue growth; key caution is incomplete public data coverage.,"Platform screen reflects scale, margins, cash conversion and leverage discipline; it is not a transaction recommendation.",Value creation screen looks for peer margin or cash-conversion gaps with enough growth and risk control for further diligence.,"Red flag screen combines leverage, weak cash conversion, liquidity, valuation support, volatility, trend and data-gap indicators."
CUBE,CubeSmart,Real Estate / REITs,Real Estate,REIT - Industrial,9259107328.0,12609884160.0,40.68000030517578,41.54706573486328,34.33631896972656,0.0208694745188688,0.2169173791894281,1.107,11.113,28.447554,live_yfinance,live_api,yfinance,2026-05-28T16:37:19+00:00,2025.0,2026-02-27,1298675.0,1123110000.0,,,331317000.0,10233000.0,,608512000.0,,0.0533458509459958,0.0361458124278173,,,0.2949995993268691,,,,,0.0091113069957528,,,,0.0361458124278173,,live_sec_companyfacts,live_api,True,False,11.227648369260358,,1.0,0.4,0.64,90.0,8.0,Mid-cap possible public-to-private screen,live_public_data,2026-05-28T16:37:54+00:00,33.07392996108949,26.77165354330709,0.0,0.0,82.03125,0.0,0.0,3.501945525291829,0.0,26.77165354330709,5.477031802120141,0.0,0.0,0.0,18.359375,0.0,87.63250883392226,81.20567375886525,0.0,28.621908127208478,100.0,100.0,61.5,24,0.0506142814924197,0.6703078164050256,1.592101392694855,,14.44622494393838,,,-0.2227970689345062,0.0,0.0,65.234375,0.0,0.0,0.0,35.0,38.5,Market fields 100%; SEC fields 40%; filing age 90 days; peer count 24; source live_public_data; real filing chunks 0; EBIT proxy used instead of EBITDA.,0.0,0.0,100.0,96.49805447470817,100.0,12.36749116607774,18.79432624113475,66.92607003891051,100.0,100.0,0.0,96.49805447470817,100.0,35.05847724701272,40.3,59.67993824713646,64.9,15.7,39.8,68.2,26.9,44.7,39.8,Screen is supported by above-peer latest revenue growth; key caution is incomplete public data coverage.,"Platform screen reflects scale, margins, cash conversion and leverage discipline; it is not a transaction recommendation.",Value creation screen looks for peer margin or cash-conversion gaps with enough growth and risk control for further diligence.,"Red flag screen combines leverage, weak cash conversion, liquidity, valuation support, volatility, trend and data-gap indicators."
EQR,Equity Residential,Real Estate / REITs,Real Estate,REIT - Residential,25751961600.0,33941147648.0,66.6500015258789,67.15821075439453,57.28621673583984,0.0075673431856933,0.1994271682098078,0.771,10.903,26.66,live_yfinance,live_api,yfinance,2026-05-28T16:37:19+00:00,2025.0,2026-02-13,906107.0,,,,1151949000.0,55904000.0,,1648763000.0,,,,,,,,,,,,,,,,,live_sec_companyfacts,live_api,True,False,,,1.0,0.2,0.52,104.0,8.0,Mid-cap possible public-to-private screen,live_public_data,2026-05-28T16:37:54+00:00,0.0,0.0,0.0,0.0,0.0,0.0,0.0,0.0,0.0,0.0,2.2968197879858656,0.0,0.0,0.0,0.0,0.0,92.226148409894,86.52482269503547,0.0,50.53003533568905,65.0,75.0,55.5,24,0.0506142814924197,0.6703078164050256,1.592101392694855,,14.44622494393838,,,,0.0,0.0,0.0,0.0,0.0,0.0,35.0,44.5,Market fields 100%; SEC fields 20%; filing age 104 days; peer count 24; source live_public_data; real filing chunks 0; EBIT proxy used instead of EBITDA.,0.0,0.0,100.0,100.0,100.0,7.773851590106007,13.47517730496454,100.0,100.0,100.0,0.0,100.0,100.0,29.361985815602836,39.9,60.14460065659224,70.6,9.4,24.7,48.5,10.9,31.7,27.2,Screen is supported by balanced but not standout structured metrics; key caution is incomplete public data coverage.,"Platform screen reflects scale, margins, cash conversion and leverage discipline; it is not a transaction recommendation.",Value creation screen looks for peer margin or cash-conversion gaps with enough growth and risk control for further diligence.,"Red flag screen combines leverage, weak cash conversion, liquidity, valuation support, volatility, trend and data-gap indicators."
ESS,"Essex Property Trust, Inc.",Real Estate / REITs,Real Estate,REIT - Residential,19066017792.0,24796768256.0,276.614990234375,283.84686279296875,237.05203247070312,0.0254780781701593,0.2075237002701872,0.727,12.613,31.115295,live_yfinance,live_api,yfinance,2026-05-28T16:37:20+00:00,2025.0,2026-02-20,920522.0,9381000.0,1318978000.0,899316000.0,702773000.0,85586000.0,,1074423000.0,,-0.0861178762786166,-0.0556471166427156,140.60100202537043,95.86568596098498,74.9145080481825,1.1947113139319216,,,,9.12333439931777,,,42.42920153688946,-0.0556471166427156,,live_sec_companyfacts,live_api,True,False,2643.2969039548025,27.57292014820152,1.0,0.7333333333333333,0.84,97.0,8.0,Mid-cap possible public-to-private screen,live_public_data,2026-05-28T16:37:54+00:00,4.669260700389105,6.692913385826772,100.0,99.59016393442623,99.21875,49.224806201550386,0.0,98.44357976653697,100.0,6.692913385826772,34.62897526501767,0.0,0.0,0.0,0.78125,39.54372623574145,85.86572438162544,84.39716312056737,0.0,41.342756183745585,65.0,100.0,71.5,24,0.0506142814924197,0.6703078164050256,1.592101392694855,,14.44622494393838,95.19537814457996,,181.97492349819228,0.819672131147541,0.0,1.171875,0.0,0.0,0.0,35.0,28.5,Market fields 100%; SEC fields 73%; filing age 97 days; peer count 24; source live_public_data; real filing chunks 0; EBIT proxy used instead of EBITDA.,0.0,0.0,100.0,1.5564202334630295,0.0,14.13427561837456,15.602836879432624,100.0,0.0,100.0,0.0,1.5564202334630295,100.0,54.31613102629909,18.8,81.15157505979238,45.7,48.9,52.6,61.1,14.4,51.8,46.7,Screen is supported by above-peer EBIT margin proxy; key caution is no major structured red flag from the cached screen.,"Platform screen reflects scale, margins, cash conversion and leverage discipline; it is not a transaction recommendation.",Value creation screen looks for peer margin or cash-conversion gaps with enough growth and risk control for further diligence.,"Red flag screen combines leverage, weak cash conversion, liquidity, valuation support, volatility, trend and data-gap indicators."
EXR,Extra Space Storage Inc.,Real Estate / REITs,Real Estate,REIT - Industrial,32374695936.0,45192138752.0,146.69500732421875,150.9995880126953,123.72956085205078,0.0285072346562604,0.2464283541161633,1.228,12.992,32.96517,live_yfinance,live_api,yfinance,2026-05-28T16:37:20+00:00,2025.0,2026-02-20,1289490.0,129476000.0,,1412691000.0,1022538000.0,143180000.0,,1850193000.0,561723000.0,0.0713334160771173,0.1555858165638104,,10.910832895671785,7.89750996323643,1.309694051990138,2411916000.0,1.7073202844783466,4.338433377614384,1.1058420093299144,,,0.1765055692034405,0.1555858165638104,,live_sec_companyfacts,live_api,True,False,349.0387311316383,31.99010877254828,1.0,0.7333333333333333,0.84,97.0,8.0,Mid-cap possible public-to-private screen,live_public_data,2026-05-28T16:37:54+00:00,42.023346303501945,78.74015748031496,0.0,99.18032786885246,98.4375,54.65116279069767,61.137440758293835,89.10505836575877,81.58995815899581,78.74015748031496,34.62897526501767,0.4854368932038833,0.0,0.0,1.5625,28.517110266159694,83.74558303886926,69.8581560283688,0.0,58.657243816254415,65.0,75.0,71.5,24,0.0506142814924197,0.6703078164050256,1.592101392694855,,14.44622494393838,10.24052507926676,0.1152188917834915,23.16124160368239,1.2295081967213115,40.28436018957346,2.34375,0.0,0.0,0.0,35.0,28.5,Market fields 100%; SEC fields 73%; filing age 97 days; peer count 24; source live_public_data; real filing chunks 0; EBIT proxy used instead of EBITDA.,0.0,0.0,38.862559241706165,10.894941634241235,18.410041841004187,16.25441696113074,30.141843971631204,57.976653696498055,18.410041841004187,38.862559241706165,0.0,10.894941634241235,100.0,66.14747839099212,13.4,86.59680412727407,33.9,56.1,57.3,56.4,27.7,55.8,53.3,"Screen is supported by above-peer latest revenue growth, above-peer EBIT margin proxy, strong free cash flow conversion proxy; key caution is no major structured red flag from the cached screen.","Platform screen reflects scale, margins, cash conversion and leverage discipline; it is not a transaction recommendation.",Value creation screen looks for peer margin or cash-conversion gaps with enough growth and risk control for further diligence.,"Red flag screen combines leverage, weak cash conversion, liquidity, valuation support, volatility, trend and data-gap indicators."
FR,"First Industrial Realty Trust, Inc.",Real Estate / REITs,Real Estate,REIT - Industrial,8626555904.0,11000892416.0,62.959999084472656,64.4000015258789,46.39934921264648,0.0223602858274403,0.1929474495003091,1.085,14.762,24.30888,live_yfinance,live_api,yfinance,2026-05-28T16:37:21+00:00,2025.0,2026-02-11,921825.0,727076000.0,,,264079000.0,78032000.0,,461263000.0,,0.0857698378683504,0.1042846914258774,,,0.3632068724590002,,,,,0.107323030879853,,,,0.1042846914258774,,live_sec_companyfacts,live_api,True,False,15.13031982351226,,1.0,0.4,0.64,106.0,8.0,Mid-cap possible public-to-private screen,live_public_data,2026-05-28T16:37:54+00:00,49.0272373540856,61.811023622047244,0.0,0.0,88.28125,0.0,0.0,38.13229571984436,0.0,61.811023622047244,5.477031802120141,0.0,0.0,0.0,12.109375,0.0,86.92579505300353,89.00709219858156,0.0,26.148409893992934,100.0,100.0,61.5,24,0.0506142814924197,0.6703078164050256,1.592101392694855,,14.44622494393838,,,0.0473545775611727,0.0,0.0,45.3125,0.0,0.0,0.0,35.0,38.5,Market fields 100%; SEC fields 40%; filing age 106 days; peer count 24; source live_public_data; real filing chunks 0; EBIT proxy used instead of EBITDA.,0.0,0.0,100.0,61.86770428015564,100.0,13.074204946996467,10.99290780141844,50.9727626459144,100.0,100.0,0.0,61.86770428015564,87.890625,42.90909242452466,35.6,64.3890223675682,57.1,22.1,44.3,66.2,26.1,46.9,42.8,Screen is supported by above-peer latest revenue growth; key caution is incomplete public data coverage.,"Platform screen reflects scale, margins, cash conversion and leverage discipline; it is not a transaction recommendation.",Value creation screen looks for peer margin or cash-conversion gaps with enough growth and risk control for further diligence.,"Red flag screen combines leverage, weak cash conversion, liquidity, valuation support, volatility, trend and data-gap indicators."
INVH,Invitation Homes Inc.,Real Estate / REITs,Real Estate,REIT - Residential,17494536192.0,26229075968.0,29.450000762939453,32.62156677246094,24.096025466918945,0.0972229823185229,0.205993466635045,0.859,9.437,31.000002,live_yfinance,live_api,yfinance,2026-05-28T16:37:21+00:00,2025.0,2026-02-19,1687229.0,2729296000.0,,,589909000.0,354865000.0,,1206230000.0,,0.0421368629011256,0.0683716589874032,,,0.2161396198873262,,,,,0.1300207086369525,,,,0.0683716589874032,,live_sec_companyfacts,live_api,True,False,9.61019836910324,,1.0,0.4,0.64,98.0,8.0,Mid-cap possible public-to-private screen,live_public_data,2026-05-28T16:37:54+00:00,27.237354085603112,43.7007874015748,0.0,0.0,74.609375,0.0,0.0,42.4124513618677,0.0,43.7007874015748,5.477031802120141,0.0,0.0,0.0,19.921875,0.0,60.07067137809188,84.75177304964538,0.0,40.282685512367486,65.0,75.0,61.5,24,0.0506142814924197,0.6703078164050256,1.592101392694855,,14.44622494393838,,,-0.3347605754169245,0.0,0.0,72.265625,0.0,0.0,0.0,35.0,38.5,Market fields 100%; SEC fields 40%; filing age 98 days; peer count 24; source live_public_data; real filing chunks 0; EBIT proxy used instead of EBITDA.,0.0,0.0,100.0,57.5875486381323,100.0,39.92932862190813,15.24822695035461,72.76264591439688,100.0,100.0,0.0,57.5875486381323,100.0,38.2993636338549,38.1,61.87670314520494,61.7,17.7,30.8,56.2,25.7,39.9,36.2,Screen is supported by balanced but not standout structured metrics; key caution is incomplete public data coverage.,"Platform screen reflects scale, margins, cash conversion and leverage discipline; it is not a transaction recommendation.",Value creation screen looks for peer margin or cash-conversion gaps with enough growth and risk control for further diligence.,"Red flag screen combines leverage, weak cash conversion, liquidity, valuation support, volatility, trend and data-gap indicators."
KIM,Kimco Realty Corporation,Real Estate / REITs,Real Estate,REIT - Retail,16438250496.0,24765327360.0,24.375,24.540000915527344,19.399320602416992,0.006723753438124,0.1780972655143386,0.986,11.457,28.01724,live_yfinance,live_api,yfinance,2026-05-28T16:37:22+00:00,2025.0,2026-02-20,879101.0,2140116000.0,,770823000.0,592810000.0,212794000.0,,1120015000.0,18400000.0,0.0506142814924197,0.0739671581633505,,0.3601781398765301,0.2769990037923178,1.4530119106461534,1138415000.0,1.4768825009113635,0.0085976647994781,0.0994310588771823,,,0.0328821760312898,0.0739671581633505,,live_sec_companyfacts,live_api,True,False,11.571955613620943,32.12842294534543,1.0,0.7333333333333333,0.84,97.0,8.0,Mid-cap possible public-to-private screen,live_public_data,2026-05-28T16:37:54+00:00,31.906614785992215,45.66929133858268,0.0,82.37704918032787,80.46875,62.7906976744186,52.60663507109005,35.797665369649806,54.39330543933054,45.66929133858268,34.62897526501767,81.55339805825243,0.0,0.0,17.96875,28.136882129277563,92.57950530035336,92.90780141843972,0.0,39.57597173144876,65.0,100.0,71.5,24,0.0506142814924197,0.6703078164050256,1.592101392694855,,14.44622494393838,-0.3101296765284955,-0.1152188917834915,-0.1989633514272168,95.90163934426229,56.872037914691944,64.453125,0.0,0.0,0.0,35.0,28.5,Market fields 100%; SEC fields 73%; filing age 97 days; peer count 24; source live_public_data; real filing chunks 0; EBIT proxy used instead of EBITDA.,0.0,0.0,47.39336492890995,64.2023346303502,45.60669456066946,7.420494699646643,7.092198581560284,68.09338521400778,45.60669456066946,47.39336492890995,0.0,64.2023346303502,100.0,55.8695733890796,21.2,78.84268664317595,44.1,45.3,49.6,76.1,69.3,63.2,61.0,Screen is supported by strong free cash flow conversion proxy; key caution is no major structured red flag from the cached screen.,"Platform screen reflects scale, margins, cash conversion and leverage discipline; it is not a transaction recommendation.",Value creation screen looks for peer margin or cash-conversion gaps with enough growth and risk control for further diligence.,"Red flag screen combines leverage, weak cash conversion, liquidity, valuation support, volatility, trend and data-gap indicators."
MAA,"Mid-America Apartment Communities, Inc.",Real Estate / REITs,Real Estate,REIT - Residential,15647302656.0,20956030976.0,131.1300048828125,149.76712036132812,119.10987854003906,0.1244406344566933,0.1831878374806896,0.757,9.467,39.736366,live_yfinance,live_api,yfinance,2026-05-28T16:37:22+00:00,2025.0,2026-02-06,912595.0,2209126000.0,,,456566000.0,73975000.0,,1078175000.0,,0.008266031953227,0.0303054000602545,,,0.2066726841293796,,,,,0.0334860935953856,,,,0.0303054000602545,,live_sec_companyfacts,live_api,True,False,9.486118481245525,,1.0,0.4,0.64,111.0,8.0,Mid-cap possible public-to-private screen,live_public_data,2026-05-28T16:37:54+00:00,14.007782101167315,23.228346456692915,0.0,0.0,73.4375,0.0,0.0,17.120622568093385,0.0,23.228346456692915,5.477031802120141,0.0,0.0,0.0,20.3125,0.0,52.29681978798586,91.13475177304964,0.0,38.869257950530034,65.0,100.0,61.5,24,0.0506142814924197,0.6703078164050256,1.592101392694855,,14.44622494393838,,,-0.3433496627625275,0.0,0.0,73.046875,0.0,0.0,0.0,35.0,38.5,Market fields 100%; SEC fields 40%; filing age 111 days; peer count 24; source live_public_data; real filing chunks 0; EBIT proxy used instead of EBITDA.,0.0,0.0,100.0,82.87937743190662,100.0,47.70318021201413,8.865248226950355,85.99221789883268,100.0,100.0,0.0,82.87937743190662,100.0,34.16408753484008,41.4,58.57493682881377,65.8,14.0,28.1,67.2,23.1,41.2,35.4,Screen is supported by balanced but not standout structured metrics; key caution is incomplete public data coverage.,"Platform screen reflects scale, margins, cash conversion and leverage discipline; it is not a transaction recommendation.",Value creation screen looks for peer margin or cash-conversion gaps with enough growth and risk control for further diligence.,"Red flag screen combines leverage, weak cash conversion, liquidity, valuation support, volatility, trend and data-gap indicators."
NNN,"NNN REIT, Inc.",Real Estate / REITs,Real Estate,REIT - Retail,8552607232.0,13380281344.0,44.95500183105469,45.29999923706055,37.95909118652344,0.0076158369054366,0.1602032946226804,0.799,14.298,21.92927,live_yfinance,live_api,yfinance,2026-05-28T16:37:22+00:00,2025.0,2026-02-11,751364.0,926213000.0,,589486000.0,389777000.0,5822000.0,,667131000.0,,0.0655115925389926,0.0621043824050751,,0.6364475557997998,0.4208286862741076,1.1317164444957133,,,,0.0062858111471119,,,0.0122510259370349,0.0621043824050751,,live_sec_companyfacts,live_api,True,False,14.44622494393838,22.698217335102107,1.0,0.6,0.76,106.0,8.0,Mid-cap possible public-to-private screen,live_public_data,2026-05-28T16:37:54+00:00,39.29961089494164,40.15748031496063,0.0,93.0327868852459,90.234375,46.89922480620155,0.0,1.9455252918287937,43.09623430962343,40.15748031496063,16.431095406360424,0.0,0.0,0.0,12.890625,53.2319391634981,91.87279151943463,95.39007092198581,0.0,25.795053003533567,100.0,100.0,67.5,24,0.0506142814924197,0.6703078164050256,1.592101392694855,,14.44622494393838,-0.0338602606052257,,0.0,64.34426229508196,0.0,50.1953125,0.0,0.0,0.0,35.0,32.5,Market fields 100%; SEC fields 60%; filing age 106 days; peer count 24; source live_public_data; real filing chunks 0; EBIT proxy used instead of EBITDA.,0.0,0.0,100.0,98.05447470817121,56.90376569037657,8.12720848056537,4.609929078014184,60.70038910505836,56.90376569037657,100.0,0.0,98.05447470817121,100.0,43.54716874947968,34.6,65.36157129168413,56.5,37.3,55.0,67.8,41.8,54.5,51.0,Screen is supported by above-peer latest revenue growth; key caution is incomplete public data coverage.,"Platform screen reflects scale, margins, cash conversion and leverage discipline; it is not a transaction recommendation.",Value creation screen looks for peer margin or cash-conversion gaps with enough growth and risk control for further diligence.,"Red flag screen combines leverage, weak cash conversion, liquidity, valuation support, volatility, trend and data-gap indicators."
O,Realty Income Corporation,Real Estate / REITs,Real Estate,REIT - Retail,58005700608.0,89978707968.0,62.20500183105469,66.97258758544922,52.87764358520508,0.0711871218699986,0.1571044668942688,0.757,15.175,50.987705,live_yfinance,live_api,yfinance,2026-05-28T16:37:23+00:00,2025.0,2026-02-25,726728.0,5749377000.0,,1155129000.0,1069783000.0,520756000.0,,3994754000.0,,0.0907270189268283,0.1980234435312218,,0.2009137685700555,0.186069377603869,3.4582752229404683,,,,0.0905760745903425,,,-0.073514025229652,0.1980234435312218,,live_sec_companyfacts,live_api,True,False,15.650166612486885,77.89494330763057,1.0,0.6,0.76,92.0,8.0,Large-cap strategic / unlikely PE target,live_public_data,2026-05-28T16:37:54+00:00,52.52918287937744,84.64566929133859,0.0,61.885245901639344,68.75,92.24806201550388,0.0,34.63035019455253,13.389121338912133,84.64566929133859,16.431095406360424,0.0,0.0,0.0,11.71875,7.224334600760452,68.19787985865725,96.45390070921985,0.0,69.96466431095406,20.0,35.0,67.5,24,0.0506142814924197,0.6703078164050256,1.592101392694855,,14.44622494393838,-0.4693940478349701,,0.0833395349456798,98.36065573770492,0.0,42.1875,0.0,0.0,0.0,35.0,32.5,Market fields 100%; SEC fields 60%; filing age 92 days; peer count 24; source live_public_data; real filing chunks 0; EBIT proxy used instead of EBITDA.,0.0,0.0,100.0,65.36964980544747,86.61087866108787,31.802120141342755,3.546099290780142,47.47081712062256,100.0,100.0,0.0,65.36964980544747,88.28125,44.15589133689323,36.0,64.03065419984082,55.8,38.7,30.8,36.0,48.3,41.5,41.3,Screen is supported by above-peer latest revenue growth; key caution is incomplete public data coverage.,"Platform screen reflects scale, margins, cash conversion and leverage discipline; it is not a transaction recommendation.",Value creation screen looks for peer margin or cash-conversion gaps with enough growth and risk control for further diligence.,"Red flag screen combines leverage, weak cash conversion, liquidity, valuation support, volatility, trend and data-gap indicators."
PLD,"Prologis, Inc.",Real Estate / REITs,Real Estate,REIT - Industrial,136839249920.0,175554183168.0,146.77000427246094,146.94000244140625,101.54569244384766,0.0011569223228582,0.2084731059184105,1.35,18.724,36.784462,live_yfinance,live_api,yfinance,2026-05-28T16:37:23+00:00,2025.0,2026-02-13,1045609.0,2252712000.0,,3769316000.0,1482215000.0,1145647000.0,,5008434000.0,,0.0236594163713745,0.0874874151946254,,1.6732347499369649,0.6579691500733338,1.3287381583289912,,,,0.508563455958862,,,-0.4338826609669444,0.0874874151946254,,live_sec_companyfacts,live_api,True,False,77.93014960101425,46.57454646094941,1.0,0.6,0.76,104.0,8.0,Mega-cap benchmark / public quality comp,live_public_data,2026-05-28T16:37:54+00:00,18.28793774319066,54.7244094488189,0.0,97.1311475409836,94.921875,55.81395348837209,0.0,80.1556420233463,3.3472803347280333,54.7244094488189,16.431095406360424,0.0,0.0,0.0,3.125,13.307984790874528,95.40636042402826,83.68794326241135,0.0,88.33922261484098,5.0,3.0,67.5,24,0.0506142814924197,0.6703078164050256,1.592101392694855,,14.44622494393838,1.0029269335319393,,4.394499248311487,3.278688524590164,0.0,5.859375,0.0,0.0,0.0,35.0,32.5,Market fields 100%; SEC fields 60%; filing age 104 days; peer count 24; source live_public_data; real filing chunks 0; EBIT proxy used instead of EBITDA.,0.0,0.0,100.0,19.844357976653697,96.65271966527197,4.593639575971731,16.312056737588655,81.71206225680933,100.0,100.0,0.0,19.844357976653697,100.0,41.03666970223804,29.8,70.18907657967009,59.0,35.8,27.0,18.0,16.6,30.4,29.4,Screen is supported by above-peer EBIT margin proxy; key caution is incomplete public data coverage.,"Platform screen reflects scale, margins, cash conversion and leverage discipline; it is not a transaction recommendation.",Value creation screen looks for peer margin or cash-conversion gaps with enough growth and risk control for further diligence.,"Red flag screen combines leverage, weak cash conversion, liquidity, valuation support, volatility, trend and data-gap indicators."
PSA,Public Storage,Real Estate / REITs,Real Estate,REIT - Industrial,54659678208.0,68198719488.0,311.3299865722656,312.1700134277344,255.8358154296875,0.0026909274412521,0.2244104969527973,0.981,14.0,32.13313,live_yfinance,live_api,yfinance,2026-05-28T16:37:24+00:00,2025.0,2026-02-12,1393311.0,4824113000.0,,1789804000.0,1797032000.0,318095000.0,,3186449000.0,,0.0273653126661124,0.048750479098311,,0.3710120388970988,0.372510345425159,1.78033404775048,,,,0.0659385466302302,,,,0.048750479098311,,live_sec_companyfacts,live_api,True,False,14.137048507777491,38.10401557265488,1.0,0.6,0.76,105.0,8.0,Large-cap strategic / unlikely PE target,live_public_data,2026-05-28T16:37:54+00:00,20.622568093385212,35.039370078740156,0.0,83.60655737704919,89.0625,72.86821705426357,0.0,27.626459143968873,0.0,35.039370078740156,16.431095406360424,0.0,0.0,0.0,14.0625,19.771863117870726,93.99293286219081,78.36879432624113,0.0,69.6113074204947,20.0,35.0,67.5,24,0.0506142814924197,0.6703078164050256,1.592101392694855,,14.44622494393838,-0.2992957775079268,,-0.0214018843926848,95.08196721311475,0.0,53.90625,0.0,0.0,0.0,35.0,32.5,Market fields 100%; SEC fields 60%; filing age 105 days; peer count 24; source live_public_data; real filing chunks 0; EBIT proxy used instead of EBITDA.,0.0,0.0,100.0,72.37354085603113,100.0,6.007067137809187,21.631205673758867,79.37743190661479,100.0,100.0,0.0,72.37354085603113,100.0,35.731760355437814,37.0,62.983971929594645,64.3,30.2,27.4,38.1,46.8,39.1,38.0,Screen is supported by balanced but not standout structured metrics; key caution is incomplete public data coverage.,"Platform screen reflects scale, margins, cash conversion and leverage discipline; it is not a transaction recommendation.",Value creation screen looks for peer margin or cash-conversion gaps with enough growth and risk control for further diligence.,"Red flag screen combines leverage, weak cash conversion, liquidity, valuation support, volatility, trend and data-gap indicators."
REG,Regency Centers Corporation,Real Estate / REITs,Real Estate,REIT - Retail,14731410432.0,20010895360.0,78.80500030517578,81.12000274658203,65.80934143066406,0.0285379975717985,0.1563936445139669,0.845,12.124,27.080755,live_yfinance,live_api,yfinance,2026-05-28T16:37:24+00:00,2025.0,2026-02-13,910606.0,1553524000.0,,1123441000.0,540951000.0,120661000.0,,827692000.0,,0.0685189668643873,0.0827036006796015,,0.7231565138356407,0.348208975207335,0.7367471901061114,,,,0.0776692217178492,,,,0.0827036006796015,,live_sec_companyfacts,live_api,True,False,12.880969563392648,17.812146218626523,1.0,0.6,0.76,104.0,8.0,Mid-cap possible public-to-private screen,live_public_data,2026-05-28T16:37:54+00:00,40.856031128404666,51.574803149606296,0.0,94.67213114754098,87.5,23.643410852713178,0.0,31.517509727626457,0.0,51.574803149606296,16.431095406360424,0.0,0.0,0.0,15.234375,65.39923954372624,83.3922261484099,96.80851063829788,0.0,37.80918727915194,65.0,100.0,67.5,24,0.0506142814924197,0.6703078164050256,1.592101392694855,,14.44622494393838,0.0528486974306151,,-0.1083504781782116,33.60655737704918,0.0,57.421875,0.0,0.0,0.0,35.0,32.5,Market fields 100%; SEC fields 60%; filing age 104 days; peer count 24; source live_public_data; real filing chunks 0; EBIT proxy used instead of EBITDA.,0.0,0.0,100.0,68.48249027237354,100.0,16.607773851590103,3.1914893617021276,59.143968871595334,100.0,100.0,0.0,68.48249027237354,100.0,40.83339680437122,36.1,63.866004633219994,59.2,36.3,45.5,68.2,34.9,51.2,46.3,"Screen is supported by above-peer latest revenue growth, above-peer EBIT margin proxy; key caution is incomplete public data coverage.","Platform screen reflects scale, margins, cash conversion and leverage discipline; it is not a transaction recommendation.",Value creation screen looks for peer margin or cash-conversion gaps with enough growth and risk control for further diligence.,"Red flag screen combines leverage, weak cash conversion, liquidity, valuation support, volatility, trend and data-gap indicators."
REXR,"Rexford Industrial Realty, Inc.",Real Estate / REITs,Real Estate,REIT - Industrial,8391589376.0,11876431872.0,36.27000045776367,43.1971321105957,32.05673599243164,0.1603609155139466,0.2362639698585233,1.242,11.925,38.585106,live_yfinance,live_api,yfinance,2026-05-28T16:37:25+00:00,2025.0,2026-02-11,1571283.0,589000.0,,,219763000.0,165778000.0,,542085000.0,,-0.0360065466448444,-0.0148292080129913,,,373.1120543293718,,,,,281.4567062818336,,,,-0.0148292080129913,,live_sec_companyfacts,live_api,True,False,20163.721344651956,,1.0,0.4,0.64,106.0,8.0,Mid-cap possible public-to-private screen,live_public_data,2026-05-28T16:37:54+00:00,7.392996108949417,12.598425196850393,0.0,0.0,100.0,0.0,0.0,100.0,0.0,12.598425196850393,5.477031802120141,0.0,0.0,0.0,0.0,0.0,45.93639575971732,74.46808510638299,0.0,24.73498233215548,100.0,100.0,61.5,24,0.0506142814924197,0.6703078164050256,1.592101392694855,,14.44622494393838,,,1394.7778881958106,0.0,0.0,0.390625,0.0,0.0,0.0,35.0,38.5,Market fields 100%; SEC fields 40%; filing age 106 days; peer count 24; source live_public_data; real filing chunks 0; EBIT proxy used instead of EBITDA.,0.0,0.0,100.0,0.0,100.0,54.06360424028268,25.53191489361702,100.0,100.0,100.0,0.0,0.0,100.0,38.87744680851064,33.4,66.55108638448237,61.1,10.3,37.9,56.6,9.3,38.3,34.0,Screen is supported by balanced but not standout structured metrics; key caution is incomplete public data coverage.,"Platform screen reflects scale, margins, cash conversion and leverage discipline; it is not a transaction recommendation.",Value creation screen looks for peer margin or cash-conversion gaps with enough growth and risk control for further diligence.,"Red flag screen combines leverage, weak cash conversion, liquidity, valuation support, volatility, trend and data-gap indicators."
SPG,"Simon Property Group, Inc.",Real Estate / REITs,Real Estate,REIT - Retail,78655782912.0,97017913344.0,207.0,207.5599975585937,151.42050170898438,0.0026980033011209,0.1825269187915406,1.363,14.592,14.40501,live_yfinance,live_api,yfinance,2026-05-28T16:37:25+00:00,2025.0,2026-02-25,1063761.0,1791462000.0,,890669000.0,3539882000.0,823147000.0,,4136551000.0,934346000.0,0.1322372446012973,0.0856847455413054,,0.4971743748960346,1.9759738135667964,4.644319045571363,5070897000.0,5.693357465006641,0.5215550204246587,0.4594833716819,,,0.0084209085720595,0.0856847455413054,,live_sec_companyfacts,live_api,True,False,54.15571937557146,108.92701255348508,1.0,0.7333333333333333,0.84,92.0,8.0,Large-cap strategic / unlikely PE target,live_public_data,2026-05-28T16:37:54+00:00,69.64980544747081,53.937007874015755,0.0,90.57377049180327,96.875,93.7984496124031,92.41706161137441,75.87548638132296,40.58577405857741,53.937007874015755,34.62897526501767,4.3689320388349495,0.0,0.0,3.515625,4.562737642585546,93.63957597173145,91.48936170212765,0.0,76.32508833922262,20.0,35.0,71.5,24,0.0506142814924197,0.6703078164050256,1.592101392694855,,14.44622494393838,-0.1731334415089909,4.101256072311786,2.7487800159373217,90.1639344262295,6.6350710900473935,9.765625,0.0,0.0,0.0,35.0,28.5,Market fields 100%; SEC fields 73%; filing age 92 days; peer count 24; source live_public_data; real filing chunks 0; EBIT proxy used instead of EBITDA.,0.0,0.0,7.5829383886255926,24.124513618677042,59.41422594142259,6.36042402826855,8.51063829787234,30.35019455252919,59.41422594142259,7.5829383886255926,0.0,24.124513618677042,96.484375,70.59096717191858,11.4,88.63347216277975,29.4,58.8,42.2,44.7,49.3,53.5,53.7,"Screen is supported by above-peer latest revenue growth, strong free cash flow conversion proxy; key caution is no major structured red flag from the cached screen.","Platform screen reflects scale, margins, cash conversion and leverage discipline; it is not a transaction recommendation.",Value creation screen looks for peer margin or cash-conversion gaps with enough growth and risk control for further diligence.,"Red flag screen combines leverage, weak cash conversion, liquidity, valuation support, volatility, trend and data-gap indicators."
STAG,"STAG Industrial, Inc.",Real Estate / REITs,Real Estate,REIT - Industrial,7489993216.0,10605303808.0,38.369998931884766,39.88999938964844,33.35160827636719,0.0381048002261468,0.1920658902494049,1.007,12.277,29.744186,live_yfinance,live_api,yfinance,2026-05-28T16:37:25+00:00,2025.0,2026-02-11,1479094.0,845184000.0,,,279270000.0,14910000.0,,463388000.0,,0.1013834012697685,0.0873915846901163,,,0.3304250908677874,,,,,0.017641129032258,,,,0.0873915846901163,,live_sec_companyfacts,live_api,True,False,12.54792306527336,,1.0,0.4,0.64,106.0,8.0,Mid-cap possible public-to-private screen,live_public_data,2026-05-28T16:37:54+00:00,59.143968871595334,54.330708661417326,0.0,0.0,87.109375,0.0,0.0,8.560311284046692,0.0,54.330708661417326,5.477031802120141,0.0,0.0,0.0,16.796875,0.0,80.56537102473497,89.36170212765957,0.0,23.32155477031802,100.0,100.0,61.5,24,0.0506142814924197,0.6703078164050256,1.592101392694855,,14.44622494393838,,,-0.1314047016457088,0.0,0.0,59.375,0.0,0.0,0.0,35.0,38.5,Market fields 100%; SEC fields 40%; filing age 106 days; peer count 24; source live_public_data; real filing chunks 0; EBIT proxy used instead of EBITDA.,0.0,0.0,100.0,91.43968871595331,100.0,19.434628975265017,10.638297872340425,40.856031128404666,100.0,100.0,0.0,91.43968871595331,83.203125,42.06768981807268,39.8,60.23271062677186,57.9,22.4,43.4,67.6,29.3,47.3,43.2,Screen is supported by above-peer latest revenue growth; key caution is incomplete public data coverage.,"Platform screen reflects scale, margins, cash conversion and leverage discipline; it is not a transaction recommendation.",Value creation screen looks for peer margin or cash-conversion gaps with enough growth and risk control for further diligence.,"Red flag screen combines leverage, weak cash conversion, liquidity, valuation support, volatility, trend and data-gap indicators."
VICI,VICI Properties Inc.,Real Estate / REITs,Real Estate,REIT - Diversified,30588739584.0,48251322368.0,28.40760040283203,32.40240859985352,26.61000061035156,0.1232873841680875,0.1634017765574664,0.696,11.942,9.72863,live_yfinance,live_api,yfinance,2026-05-28T16:37:26+00:00,2025.0,2026-02-25,1705696.0,4006116000.0,,2820979000.0,2818544000.0,563479000.0,,2509991000.0,,0.04076452150509,0.1549005493277442,,0.7041680770102513,0.7035602563680133,0.8897588390413399,,,,0.1406546889805487,,,0.2661535755131526,0.1549005493277442,,live_sec_companyfacts,live_api,True,False,12.044414681951295,17.10445996513976,1.0,0.6,0.76,92.0,8.0,Mid-cap possible public-to-private screen,live_public_data,2026-05-28T16:37:54+00:00,26.459143968871597,78.34645669291339,0.0,93.85245901639344,95.3125,29.457364341085274,0.0,43.96887159533074,85.77405857740585,78.34645669291339,16.431095406360424,0.0,0.0,0.0,17.578125,67.68060836501901,52.65017667844523,94.68085106382979,0.0,56.8904593639576,65.0,75.0,67.5,24,0.0506142814924197,0.6703078164050256,1.592101392694855,,14.44622494393838,0.0338602606052257,,-0.1662586780496507,40.16393442622951,0.0,62.5,0.0,0.0,0.0,35.0,32.5,Market fields 100%; SEC fields 60%; filing age 92 days; peer count 24; source live_public_data; real filing chunks 0; EBIT proxy used instead of EBITDA.,0.0,0.0,100.0,56.03112840466926,14.225941422594147,47.349823321554766,5.319148936170213,73.5408560311284,14.225941422594147,100.0,0.0,56.03112840466926,100.0,51.61318648049573,29.3,70.69315620213118,48.4,45.1,48.8,55.7,34.5,50.8,48.2,Screen is supported by above-peer EBIT margin proxy; key caution is incomplete public data coverage.,"Platform screen reflects scale, margins, cash conversion and leverage discipline; it is not a transaction recommendation.",Value creation screen looks for peer margin or cash-conversion gaps with enough growth and risk control for further diligence.,"Red flag screen combines leverage, weak cash conversion, liquidity, valuation support, volatility, trend and data-gap indicators."
WELL,Welltower Inc.,Real Estate / REITs,Real Estate,REIT - Healthcare Facilities,150684499968.0,167611678720.0,213.4600067138672,220.13999938964844,147.96463012695312,0.0303442931511853,0.2037767979674999,0.825,14.244,102.62501,live_yfinance,live_api,yfinance,2026-05-28T16:37:26+00:00,2025.0,2026-02-12,766704.0,8452996000.0,,,961837000.0,5209539000.0,,2881677000.0,,0.4024866483307447,0.1298544238246859,,,0.1137865201876352,,,,,0.6162949799100815,,,,0.1298544238246859,,live_sec_companyfacts,live_api,True,False,19.82867124508281,,1.0,0.4,0.64,105.0,8.0,Mega-cap benchmark / public quality comp,live_public_data,2026-05-28T16:37:54+00:00,94.94163424124513,71.65354330708661,0.0,0.0,46.09375,0.0,0.0,83.65758754863813,0.0,71.65354330708661,5.477031802120141,0.0,0.0,0.0,7.421875,0.0,82.3321554770318,85.1063829787234,0.0,91.16607773851591,5.0,3.0,61.5,24,0.0506142814924197,0.6703078164050256,1.592101392694855,,14.44622494393838,,,0.3725849709548443,0.0,0.0,33.984375,0.0,0.0,0.0,35.0,38.5,Market fields 100%; SEC fields 40%; filing age 105 days; peer count 24; source live_public_data; real filing chunks 0; EBIT proxy used instead of EBITDA.,0.0,0.0,100.0,16.342412451361866,100.0,17.6678445229682,14.893617021276595,5.058365758754874,100.0,100.0,0.0,16.342412451361866,92.578125,54.027118371760906,30.9,69.08063669183763,46.0,31.2,15.2,21.0,30.6,31.2,32.1,Screen is supported by above-peer latest revenue growth; key caution is incomplete public data coverage.,"Platform screen reflects scale, margins, cash conversion and leverage discipline; it is not a transaction recommendation.",Value creation screen looks for peer margin or cash-conversion gaps with enough growth and risk control for further diligence.,"Red flag screen combines leverage, weak cash conversion, liquidity, valuation support, volatility, trend and data-gap indicators."
ADBE,Adobe Inc.,Software / SaaS,Technology,Software - Application,97573879808.0,96067608576.0,241.3999938964844,416.9200134277344,225.3500061035156,0.4209920701292342,0.3214420994260361,1.417,3.929,14.075802,live_yfinance,live_api,yfinance,2026-05-28T16:37:27+00:00,2025.0,2026-01-15,796343.0,23769000000.0,21218000000.0,8734000000.0,7130000000.0,5431000000.0,0.0,10031000000.0,179000000.0,0.1052778423622413,0.1052233993251612,0.8926753334174765,0.3674534056964954,0.2999705498758888,1.1485001144950766,10210000000.0,1.1689947332264712,0.0075308174513021,0.2284908914973284,0.0,-0.6218227616212503,0.0262061036403781,0.1052233993251612,,live_sec_companyfacts,live_api,True,False,4.041718565189953,10.999268213418825,1.0,1.0,1.0,133.0,8.0,Large-cap strategic / unlikely PE target,live_public_data,2026-05-28T16:37:54+00:00,61.08949416342413,62.20472440944882,96.3855421686747,83.19672131147541,82.8125,47.286821705426355,41.23222748815166,56.42023346303502,51.88284518828452,62.20472440944882,94.69964664310953,84.95145631067962,85.94771241830065,73.8562091503268,54.6875,78.32699619771863,15.194346289752648,49.29078014184397,0.0,83.74558303886926,20.0,35.0,92.0,24,0.1671192713761259,0.0296233749895463,1.4289316731583392,0.6188754767909217,4.5899539494285815,0.337830030706949,-0.259936939931868,-0.1194424585255109,9.01639344262295,67.77251184834124,57.8125,302.0,302.0,0.0,100.0,8.0,Market fields 100%; SEC fields 100%; filing age 133 days; peer count 24; source live_public_data; real filing chunks 302; EBIT proxy used instead of EBITDA.,14.052287581699346,26.143790849673206,58.76777251184834,43.57976653696498,48.11715481171548,84.80565371024736,50.70921985815603,38.91050583657587,48.11715481171548,58.76777251184834,14.052287581699346,43.57976653696498,45.3125,61.5196977835571,40.3,59.65908884863669,38.5,69.2,56.5,47.0,47.5,57.3,56.4,"Screen is supported by above-peer EBIT margin proxy, strong free cash flow conversion proxy; key caution is material share price drawdown.","Platform screen reflects scale, margins, cash conversion and leverage discipline; it is not a transaction recommendation.",Value creation screen looks for peer margin or cash-conversion gaps with enough growth and risk control for further diligence.,"Red flag screen combines leverage, weak cash conversion, liquidity, valuation support, volatility, trend and data-gap indicators."
ADSK,"Autodesk, Inc.",Software / SaaS,Technology,Software - Application,50841661440.0,50144002048.0,240.7899932861328,326.7900085449219,218.4499969482422,0.2631659873620865,0.3117142381336416,1.322,6.959,45.95229,live_yfinance,live_api,yfinance,2026-05-28T16:37:27+00:00,2026.0,2026-03-03,769397.0,7206000000.0,6556000000.0,1603000000.0,1124000000.0,2249000000.0,,2452000000.0,43000000.0,0.1753384439732506,0.1291805581163574,0.9097973910630032,0.2224535109630863,0.1559811268387455,1.5296319401122895,2495000000.0,1.5564566437928884,0.0059672495142936,0.3121010269220094,,,0.0334425219520973,0.1291805581163574,,live_sec_companyfacts,live_api,True,False,6.9586458573411045,31.281348751091706,1.0,0.8666666666666667,0.92,86.0,8.0,Large-cap strategic / unlikely PE target,live_public_data,2026-05-28T16:37:54+00:00,78.59922178988327,71.25984251968504,97.59036144578313,68.44262295081968,58.984375,66.66666666666666,55.45023696682464,64.59143968871595,54.811715481171554,71.25984251968504,69.6113074204947,88.3495145631068,0.0,0.0,30.859375,30.418250950570346,29.681978798586574,52.4822695035461,0.0,68.19787985865725,20.0,35.0,75.5,24,0.1671192713761259,0.0296233749895463,1.4289316731583392,0.6188754767909217,4.5899539494285815,0.1928301359735399,0.1275249706345491,0.5160600594277006,14.754098360655737,38.862559241706165,28.90625,0.0,0.0,0.0,35.0,24.5,Market fields 100%; SEC fields 87%; filing age 86 days; peer count 24; source live_public_data; real filing chunks 0; EBIT proxy used instead of EBITDA.,0.0,0.0,44.54976303317536,35.40856031128405,45.188284518828446,70.31802120141343,47.5177304964539,21.400778210116727,45.188284518828446,44.54976303317536,0.0,35.40856031128405,69.140625,66.90521659759257,26.7,73.27096166559735,33.1,64.8,48.9,36.8,42.6,51.5,52.1,"Screen is supported by above-peer latest revenue growth, above-peer EBIT margin proxy, strong free cash flow conversion proxy; key caution is no major structured red flag from the cached screen.","Platform screen reflects scale, margins, cash conversion and leverage discipline; it is not a transaction recommendation.",Value creation screen looks for peer margin or cash-conversion gaps with enough growth and risk control for further diligence.,"Red flag screen combines leverage, weak cash conversion, liquidity, valuation support, volatility, trend and data-gap indicators."
APP,AppLovin Corporation,Software / SaaS,Communication Services,Advertising Agencies,202435461120.0,191847972864.0,602.594970703125,733.5999755859375,324.70001220703125,0.1785782568738184,0.7078209027911343,2.366,31.123,52.263226,live_yfinance,live_api,yfinance,2026-05-28T16:37:27+00:00,2025.0,2026-02-19,1751008.0,5480717000.0,,3952910000.0,3333751000.0,2487096000.0,3512987000.0,3971094000.0,,0.1638199984371178,0.2483811324958407,,0.7212395750410029,0.6082691370490394,1.004600155328606,,,,0.4537902613836839,0.8887090776162372,0.2595280438967748,0.7940733612108297,0.2483811324958407,16.542130270050087,live_sec_companyfacts,live_api,True,False,35.00417424654475,48.533352103640105,1.0,0.7333333333333333,0.84,98.0,8.0,Mega-cap benchmark / public quality comp,live_public_data,2026-05-28T16:37:54+00:00,77.04280155642024,88.9763779527559,0.0,94.26229508196722,94.140625,37.98449612403101,0.0,75.09727626459144,95.39748953974896,88.9763779527559,34.62897526501767,0.0,62.745098039215684,58.16993464052287,4.6875,12.167300380228141,41.696113074204945,6.028368794326244,4.316546762589923,94.34628975265018,5.0,3.0,71.5,24,0.1671192713761259,0.0296233749895463,1.4289316731583392,0.6188754767909217,4.5899539494285815,0.6916162000514565,,6.626258265816051,4.508196721311475,0.0,3.90625,0.0,0.0,0.0,35.0,28.5,Market fields 100%; SEC fields 73%; filing age 98 days; peer count 24; source live_public_data; real filing chunks 0; EBIT proxy used instead of EBITDA.,37.254901960784316,41.830065359477125,100.0,24.902723735408557,4.60251046025104,58.303886925795055,93.97163120567376,22.957198443579756,4.60251046025104,100.0,37.254901960784316,24.902723735408557,95.3125,51.15736156165616,50.0,49.98761664218266,48.8,54.7,37.2,17.0,20.5,35.7,36.0,Screen is supported by above-peer EBIT margin proxy; key caution is no major structured red flag from the cached screen.,"Platform screen reflects scale, margins, cash conversion and leverage discipline; it is not a transaction recommendation.",Value creation screen looks for peer margin or cash-conversion gaps with enough growth and risk control for further diligence.,"Red flag screen combines leverage, weak cash conversion, liquidity, valuation support, volatility, trend and data-gap indicators."
ASAN,"Asana, Inc.",Software / SaaS,Technology,Software - Application,1578523904.0,1341517568.0,6.630000114440918,19.0,5.460000038146973,0.6510526255557412,0.5712775575872124,0.954,1.696,,live_yfinance,live_api,yfinance,2026-05-28T16:37:28+00:00,2026.0,2026-03-13,1477720.0,790806000.0,704047000.0,-184167000.0,-189024000.0,200253000.0,40823000.0,90361000.0,3792000.0,0.0924605871723887,0.1305890659643018,0.8902904125664196,-0.2328851829652279,-0.2390270180044157,-0.4906470757518991,94153000.0,-0.5112370837337851,0.004795107776117,0.2532264550344838,-0.2216629472163851,0.8656816910738623,0.5033797381256839,0.1305890659643018,,live_sec_companyfacts,live_api,True,False,1.696392753722152,-7.284245103628772,0.8888888888888888,1.0,0.9555555555555556,76.0,8.0,Small/mid-cap platform candidate,live_public_data,2026-05-28T16:37:54+00:00,53.69649805447471,72.04724409448819,95.18072289156626,3.6885245901639343,3.515625,13.565891472868216,15.165876777251185,59.53307392996109,92.46861924686193,72.04724409448819,87.45583038869258,90.29126213592234,88.23529411764706,49.673202614379086,85.9375,87.45247148288973,1.0600706713780883,15.602836879432624,0.0,5.30035335689046,85.0,60.0,76.8,24,0.1671192713761259,0.0296233749895463,1.4289316731583392,0.6188754767909217,4.5899539494285815,-0.2625085579547742,-1.9401687568921244,-0.6304118140589752,94.67213114754098,84.36018957345972,85.9375,0.0,0.0,0.0,35.0,23.16666666666667,Market fields 89%; SEC fields 100%; filing age 76 days; peer count 24; source live_public_data; real filing chunks 0; EBIT proxy used instead of EBITDA.,11.76470588235294,50.326797385620914,84.83412322274881,40.46692607003891,7.531380753138066,98.93992932862191,84.39716312056737,46.30350194552529,7.531380753138066,100.0,11.76470588235294,40.46692607003891,14.0625,59.36135033447048,47.9,52.0539580393106,40.6,50.1,60.7,55.7,74.2,60.2,62.3,Screen is supported by balanced but not standout structured metrics; key caution is material share price drawdown.,"Platform screen reflects scale, margins, cash conversion and leverage discipline; it is not a transaction recommendation.",Value creation screen looks for peer margin or cash-conversion gaps with enough growth and risk control for further diligence.,"Red flag screen combines leverage, weak cash conversion, liquidity, valuation support, volatility, trend and data-gap indicators."
BILL,"BILL Holdings, Inc.",Software / SaaS,Technology,Software - Application,3487877376.0,3168515328.0,35.02000045776367,56.310001373291016,34.70000076293945,0.3780856046227274,0.6212670297580098,1.223,1.98,inf,live_yfinance,live_api,yfinance,2026-05-28T16:37:28+00:00,2025.0,2025-08-28,1786352.0,1462570000.0,1190467000.0,30410000.0,23799000.0,3550884000.0,,350644000.0,4335000.0,0.1336240439259262,0.3158401173697225,0.8139555713572684,0.0207921672125094,0.0162720416800563,11.530549161460046,354979000.0,11.673100953633671,0.0029639606993169,2.427838667550955,,,0.5359013875832809,0.3158401173697225,,live_sec_companyfacts,live_api,True,False,2.1664025161188865,104.1932038145347,1.0,0.8666666666666667,0.92,273.0,8.0,Small/mid-cap platform candidate,live_public_data,2026-05-28T16:37:54+00:00,70.03891050583657,95.2755905511811,87.95180722891565,18.0327868852459,16.40625,98.06201550387597,96.2085308056872,94.94163424124513,93.30543933054393,95.2755905511811,69.6113074204947,94.66019417475728,0.0,0.0,78.125,5.323193916349811,18.021201413427555,11.702127659574469,0.0,12.014134275618375,85.0,60.0,75.5,24,0.1671192713761259,0.0296233749895463,1.4289316731583392,0.6188754767909217,4.5899539494285815,-0.0088312077770369,10.244169280475331,-0.5280121456581086,55.32786885245902,3.3175355450236967,82.421875,0.0,0.0,0.0,35.0,24.5,Market fields 100%; SEC fields 87%; filing age 273 days; peer count 24; source live_public_data; real filing chunks 0; EBIT proxy used instead of EBITDA.,0.0,0.0,3.7914691943127963,5.058365758754874,6.694560669456067,81.97879858657244,88.29787234042553,29.96108949416343,6.694560669456067,3.7914691943127963,0.0,5.058365758754874,21.875,81.94518575301042,17.1,82.85519532502248,18.1,62.1,69.5,57.2,56.0,65.1,66.9,Screen is supported by strong free cash flow conversion proxy; key caution is material share price drawdown.,"Platform screen reflects scale, margins, cash conversion and leverage discipline; it is not a transaction recommendation.",Value creation screen looks for peer margin or cash-conversion gaps with enough growth and risk control for further diligence.,"Red flag screen combines leverage, weak cash conversion, liquidity, valuation support, volatility, trend and data-gap indicators."
CRM,"Salesforce, Inc.",Software / SaaS,Technology,Software - Application,146587058176.0,171987730432.0,179.19000244140625,273.9853210449219,164.9600067138672,0.3459868515655743,0.3523400672474772,1.139,4.142,20.763615,live_yfinance,live_api,yfinance,2026-05-28T16:37:29+00:00,2025.0,2026-03-02,1108524.0,41525000000.0,32255000000.0,9520000000.0,7457000000.0,7327000000.0,14439000000.0,14996000000.0,594000000.0,0.1912958659666637,0.161622364736846,0.7767609873570138,0.2292594822396147,0.179578567128236,1.5752100840336134,15590000000.0,1.637605042016807,0.0143046357615894,0.1764479229379891,1.5167016806722688,0.7470588235294118,0.1714307037404451,0.161622364736846,-5.39974740548961,live_sec_companyfacts,live_api,True,False,4.141787608236003,18.065938070588235,1.0,1.0,1.0,87.0,8.0,Mega-cap benchmark / public quality comp,live_public_data,2026-05-28T16:37:54+00:00,81.71206225680933,79.52755905511812,83.13253012048193,69.67213114754098,66.796875,67.44186046511628,59.241706161137444,50.97276264591439,80.75313807531381,79.52755905511812,94.69964664310953,71.35922330097088,53.59477124183007,50.98039215686274,53.90625,64.63878326996198,22.614840989399298,42.198581560283685,84.89208633093526,90.45936395759718,5.0,3.0,77.4,24,0.1671192713761259,0.0296233749895463,1.4289316731583392,0.6188754767909217,4.5899539494285815,0.1996361072500683,0.2086733688584676,-0.0976407053600989,13.524590163934427,33.175355450236964,56.25,7.0,0.0,7.0,64.0,22.599999999999994,Market fields 100%; SEC fields 100%; filing age 87 days; peer count 24; source live_public_data; real filing chunks 0; EBIT proxy used instead of EBITDA.,46.40522875816993,49.01960784313725,40.758293838862556,49.02723735408561,19.246861924686186,77.3851590106007,57.801418439716315,18.287937743190668,19.246861924686186,40.758293838862556,46.40522875816993,49.02723735408561,46.09375,63.56088889035897,47.6,52.41920004569684,36.4,71.6,49.3,30.6,44.3,49.8,51.0,"Screen is supported by above-peer latest revenue growth, above-peer EBIT margin proxy, strong free cash flow conversion proxy; key caution is no major structured red flag from the cached screen.","Platform screen reflects scale, margins, cash conversion and leverage discipline; it is not a transaction recommendation.",Value creation screen looks for peer margin or cash-conversion gaps with enough growth and risk control for further diligence.,"Red flag screen combines leverage, weak cash conversion, liquidity, valuation support, volatility, trend and data-gap indicators."
DDOG,"Datadog, Inc.",Software / SaaS,Technology,Software - Application,81461493760.0,75481964544.0,228.8500061035156,228.8500061035156,102.61499786376952,0.0,0.6320537659426458,1.295,20.556,572.125,live_yfinance,live_api,yfinance,2026-05-28T16:37:29+00:00,2025.0,2026-02-18,1561550.0,3427158000.0,2740201000.0,127021000.0,107741000.0,401305000.0,,1050135000.0,49578000.0,0.2767536858183308,0.2694953937625746,0.7995549081775629,0.0370630709176524,0.0314374184090724,8.267412475102542,1099713000.0,8.657725887845316,0.0144662136965964,0.1170955643130547,,,0.0597900722907048,0.2694953937625746,,live_sec_companyfacts,live_api,True,False,22.024652655057047,594.2479160453784,1.0,0.8666666666666667,0.92,99.0,8.0,Large-cap strategic / unlikely PE target,live_public_data,2026-05-28T16:37:54+00:00,90.6614785992218,90.94488188976378,86.74698795180723,21.721311475409834,21.875,96.51162790697676,95.73459715639811,40.07782101167315,62.34309623430963,90.94488188976378,69.6113074204947,70.3883495145631,0.0,0.0,6.640625,0.38022813688213253,97.87985865724382,10.63829787234043,0.0,78.4452296819788,20.0,35.0,88.0,24,0.1671192713761259,0.0296233749895463,1.4289316731583392,0.6188754767909217,4.5899539494285815,0.007439695928106,7.228794214686977,3.798447413137765,46.31147540983606,4.739336492890995,6.640625,394.0,394.0,0.0,100.0,12.0,Market fields 100%; SEC fields 87%; filing age 99 days; peer count 24; source live_public_data; real filing chunks 394; EBIT proxy used instead of EBITDA.,0.0,0.0,4.2654028436018905,59.92217898832685,37.65690376569037,2.1201413427561837,89.36170212765957,9.338521400778205,37.65690376569037,4.2654028436018905,0.0,59.92217898832685,93.359375,69.11431402465709,19.0,81.00023338536705,30.9,65.0,49.3,41.7,45.8,55.0,54.9,"Screen is supported by above-peer latest revenue growth, above-peer EBIT margin proxy, strong free cash flow conversion proxy; key caution is no major structured red flag from the cached screen.","Platform screen reflects scale, margins, cash conversion and leverage discipline; it is not a transaction recommendation.",Value creation screen looks for peer margin or cash-conversion gaps with enough growth and risk control for further diligence.,"Red flag screen combines leverage, weak cash conversion, liquidity, valuation support, volatility, trend and data-gap indicators."
DOCU,"DocuSign, Inc.",Software / SaaS,Technology,Software - Application,9603823616.0,8734737408.0,49.43000030517578,93.83999633789062,41.75,0.4732523206075938,0.4679085411799926,0.883,2.713,33.398647,live_yfinance,live_api,yfinance,2026-05-28T16:37:29+00:00,2026.0,2026-03-18,1261333.0,3219500000.0,2556438000.0,347328000.0,309085000.0,618150000.0,,1165007000.0,106445000.0,0.0815526655175344,0.0856691277434884,0.7940481441217581,0.1078825904643578,0.0960040378940829,3.3541983370186106,1271452000.0,3.6606665745347335,0.0330625873582854,0.1920018636434229,,,0.143607565274715,0.0856691277434884,,live_sec_companyfacts,live_api,True,False,2.713072653517627,25.14838253178552,1.0,0.8666666666666667,0.92,71.0,8.0,Small/mid-cap platform candidate,live_public_data,2026-05-28T16:37:54+00:00,47.85992217898833,53.54330708661418,84.33734939759037,39.34426229508197,39.0625,91.86046511627907,84.83412322274881,53.30739299610895,76.15062761506276,53.54330708661418,69.6113074204947,48.05825242718447,0.0,0.0,69.921875,48.28897338403042,10.24734982332155,24.468085106382976,0.0,28.975265017667844,100.0,100.0,75.5,24,0.1671192713761259,0.0296233749895463,1.4289316731583392,0.6188754767909217,4.5899539494285815,0.0782592154748114,2.2317349013763943,-0.4089107029373603,27.86885245901639,12.322274881516588,79.296875,0.0,0.0,0.0,35.0,24.5,Market fields 100%; SEC fields 87%; filing age 71 days; peer count 24; source live_public_data; real filing chunks 0; EBIT proxy used instead of EBITDA.,0.0,0.0,15.165876777251185,46.69260700389105,23.84937238493724,89.75265017667844,75.53191489361703,52.14007782101167,23.84937238493724,15.165876777251185,0.0,46.69260700389105,30.078125,70.21250873850826,25.4,74.56759142752196,29.8,55.6,70.1,73.2,42.0,65.3,63.3,"Screen is supported by above-peer EBIT margin proxy, strong free cash flow conversion proxy; key caution is material share price drawdown.","Platform screen reflects scale, margins, cash conversion and leverage discipline; it is not a transaction recommendation.",Value creation screen looks for peer margin or cash-conversion gaps with enough growth and risk control for further diligence.,"Red flag screen combines leverage, weak cash conversion, liquidity, valuation support, volatility, trend and data-gap indicators."
ESTC,Elastic N.V.,Software / SaaS,Technology,Software - Application,6094139392.0,4922334208.0,58.880001068115234,94.47000122070312,43.29999923706055,0.3767333512512788,0.5048711406913708,0.885,2.935,,live_yfinance,live_api,yfinance,2026-05-28T16:37:30+00:00,2025.0,2025-06-10,1707753.0,1483296000.0,1103423000.0,-31569000.0,-108114000.0,731214000.0,,266168000.0,4345000.0,0.170418544315134,0.1981487078955848,0.7438993970185317,-0.0212830075723254,-0.0728876771729985,-8.431309195729987,270513000.0,-8.56894421742849,0.0029292872090263,0.4929656656527085,,,0.2080710777781141,0.1981487078955848,,live_sec_companyfacts,live_api,True,False,3.318511078031627,-155.92303234185434,0.8888888888888888,0.8666666666666667,0.8755555555555556,352.0,8.0,Small/mid-cap platform candidate,live_public_data,2026-05-28T16:37:54+00:00,78.21011673151752,85.03937007874016,77.10843373493977,11.065573770491802,5.859375,3.10077519379845,4.265402843601896,78.98832684824903,82.42677824267783,85.03937007874016,48.93992932862191,95.63106796116504,0.0,0.0,61.71875,96.57794676806084,18.727915194346288,21.276595744680847,0.0,21.20141342756184,85.0,60.0,72.8,24,0.1671192713761259,0.0296233749895463,1.4289316731583392,0.6188754767909217,4.5899539494285815,-0.0509063825618717,-9.99787589058683,-0.2770055833687047,72.1311475409836,96.2085308056872,68.359375,0.0,0.0,0.0,35.0,27.16666666666667,Market fields 89%; SEC fields 87%; filing age 352 days; peer count 24; source live_public_data; real filing chunks 0; EBIT proxy used instead of EBITDA.,0.0,0.0,95.73459715639811,21.01167315175097,17.573221757322173,81.2720848056537,78.72340425531915,21.789883268482484,17.573221757322173,100.0,0.0,21.01167315175097,38.28125,63.652869642083736,34.0,65.97866068004306,36.3,44.5,54.7,44.9,73.1,55.7,59.3,Screen is supported by above-peer latest revenue growth; key caution is material share price drawdown.,"Platform screen reflects scale, margins, cash conversion and leverage discipline; it is not a transaction recommendation.",Value creation screen looks for peer margin or cash-conversion gaps with enough growth and risk control for further diligence.,"Red flag screen combines leverage, weak cash conversion, liquidity, valuation support, volatility, trend and data-gap indicators."
GTLB,GitLab Inc.,Software / SaaS,Technology,Software - Infrastructure,4720118272.0,3296729088.0,27.954200744628903,51.040000915527344,19.420000076293945,0.4523079889654801,0.5699007770473871,0.823,3.451,,live_yfinance,live_api,yfinance,2026-05-28T16:37:30+00:00,2026.0,2026-03-17,1653482.0,955224000.0,834481000.0,-48065000.0,-58564000.0,229576000.0,,232856000.0,10827000.0,0.2581169023600953,0.31058476691652,0.8735971876753515,-0.0503180405852449,-0.0613091798363525,-4.844606262353064,243683000.0,-5.069863726204098,0.0113345142081857,0.2403373449578318,,,0.3628686793725243,0.31058476691652,,live_sec_companyfacts,live_api,True,False,3.4512628325921457,-68.58897509622386,0.8888888888888888,0.8666666666666667,0.8755555555555556,72.0,8.0,Small/mid-cap platform candidate,live_public_data,2026-05-28T16:37:54+00:00,89.49416342412452,94.09448818897637,93.97590361445783,6.557377049180328,6.25,4.263565891472868,6.6350710900473935,57.97665369649806,89.9581589958159,94.09448818897637,48.93992932862191,77.66990291262135,0.0,0.0,60.9375,93.91634980988593,11.307420494699649,15.957446808510634,0.0,16.25441696113074,85.0,60.0,72.8,24,0.1671192713761259,0.0296233749895463,1.4289316731583392,0.6188754767909217,4.5899539494285815,-0.0799414155747912,-6.498795399362438,-0.2480833423128777,78.68852459016394,94.3127962085308,66.40625,0.0,0.0,0.0,35.0,27.16666666666667,Market fields 89%; SEC fields 87%; filing age 72 days; peer count 24; source live_public_data; real filing chunks 0; EBIT proxy used instead of EBITDA.,0.0,0.0,93.36492890995261,42.02334630350194,10.041841004184107,88.69257950530034,84.04255319148936,10.505836575875477,10.041841004184107,100.0,0.0,42.02334630350194,39.0625,63.907886188271476,36.6,63.42196351171975,36.1,49.0,57.5,44.2,73.3,56.6,60.4,Screen is supported by above-peer latest revenue growth; key caution is material share price drawdown.,"Platform screen reflects scale, margins, cash conversion and leverage discipline; it is not a transaction recommendation.",Value creation screen looks for peer margin or cash-conversion gaps with enough growth and risk control for further diligence.,"Red flag screen combines leverage, weak cash conversion, liquidity, valuation support, volatility, trend and data-gap indicators."
HUBS,"HubSpot, Inc.",Software / SaaS,Technology,Software - Application,10304690176.0,8836663296.0,201.3000030517578,616.9199829101562,179.0,0.6737016004860493,0.5810761578308526,1.229,2.679,105.39268,live_yfinance,live_api,yfinance,2026-05-28T16:37:31+00:00,2025.0,2026-02-11,1404655.0,3131266000.0,2622779000.0,69463000.0,45911000.0,884945000.0,,760717000.0,53165000.0,0.1917087560508048,0.2184570470312226,0.8376097718941795,0.0221836790614403,0.0146621206885649,10.951398586297742,813882000.0,11.716770079034882,0.0169787555576562,0.2826157215643768,,,0.0826654092368507,0.2184570470312226,,live_sec_companyfacts,live_api,True,False,2.822073658386097,127.21395989231678,1.0,0.8666666666666667,0.92,106.0,8.0,Small/mid-cap platform candidate,live_public_data,2026-05-28T16:37:54+00:00,82.49027237354085,86.22047244094489,92.7710843373494,18.852459016393443,16.015625,97.67441860465115,96.6824644549763,61.86770428015564,66.94560669456067,86.22047244094489,69.6113074204947,65.53398058252426,0.0,0.0,67.1875,4.1825095057034245,0.35335689045936647,14.184397163120565,0.0,30.742049469964666,100.0,100.0,88.0,24,0.1671192713761259,0.0296233749895463,1.4289316731583392,0.6188754767909217,4.5899539494285815,-0.007439695928106,10.287838405876542,-0.3851629690669498,54.91803278688525,2.843601895734597,75.390625,388.0,388.0,0.0,100.0,12.0,Market fields 100%; SEC fields 87%; filing age 106 days; peer count 24; source live_public_data; real filing chunks 388; EBIT proxy used instead of EBITDA.,0.0,0.0,3.317535545023702,38.13229571984436,33.05439330543933,99.64664310954063,85.81560283687944,17.509727626459153,33.05439330543933,3.317535545023702,0.0,38.13229571984436,32.8125,77.12029503086644,25.2,74.75796695796653,22.9,62.7,74.7,73.7,51.7,70.4,69.3,"Screen is supported by above-peer latest revenue growth, strong free cash flow conversion proxy; key caution is material share price drawdown.","Platform screen reflects scale, margins, cash conversion and leverage discipline; it is not a transaction recommendation.",Value creation screen looks for peer margin or cash-conversion gaps with enough growth and risk control for further diligence.,"Red flag screen combines leverage, weak cash conversion, liquidity, valuation support, volatility, trend and data-gap indicators."
INTU,Intuit Inc.,Software / SaaS,Technology,Software - Application,86132015104.0,84295540736.0,314.88250732421875,801.957275390625,304.3500061035156,0.6073575027162853,0.4206618943646024,1.035,4.028,19.200153,live_yfinance,live_api,yfinance,2026-05-28T16:37:31+00:00,2025.0,2025-09-03,896878.0,18831000000.0,,4834000000.0,3869000000.0,9481000000.0,5973000000.0,6207000000.0,84000000.0,0.1563401903592263,0.1395336514824015,,0.2567043704529764,0.2054590834262652,1.2840297889946215,6291000000.0,1.30140670252379,0.0044607296479209,0.5034783070468908,1.2356226727347952,-0.7256930078609847,0.0569558241697767,0.1395336514824015,-1.4842829134178404,live_sec_companyfacts,live_api,True,False,4.476424020816738,17.438051455523375,1.0,0.8666666666666667,0.92,267.0,8.0,Large-cap strategic / unlikely PE target,live_public_data,2026-05-28T16:37:54+00:00,75.09727626459144,75.19685039370079,0.0,74.18032786885246,73.046875,52.71317829457365,47.867298578199055,79.37743190661479,61.50627615062761,75.19685039370079,69.6113074204947,92.23300970873787,54.2483660130719,74.50980392156863,51.171875,65.77946768060836,3.180212014134276,32.26950354609929,70.50359712230217,80.91872791519434,20.0,35.0,73.4,24,0.1671192713761259,0.0296233749895463,1.4289316731583392,0.6188754767909217,4.5899539494285815,0.22708099546343,-0.1275249706345491,-0.0247344373958211,11.065573770491802,57.81990521327014,54.296875,7.0,0.0,7.0,64.0,26.599999999999994,Market fields 100%; SEC fields 87%; filing age 267 days; peer count 24; source live_public_data; real filing chunks 0; EBIT proxy used instead of EBITDA.,45.751633986928105,25.49019607843137,52.132701421800945,20.622568093385212,38.49372384937239,96.81978798586573,67.73049645390071,24.902723735408557,38.49372384937239,52.132701421800945,45.751633986928105,20.622568093385212,48.828125,59.55840749263671,46.2,53.750608570750806,40.4,54.9,44.9,41.4,46.6,49.4,49.8,"Screen is supported by above-peer EBIT margin proxy, strong free cash flow conversion proxy; key caution is material share price drawdown.","Platform screen reflects scale, margins, cash conversion and leverage discipline; it is not a transaction recommendation.",Value creation screen looks for peer margin or cash-conversion gaps with enough growth and risk control for further diligence.,"Red flag screen combines leverage, weak cash conversion, liquidity, valuation support, volatility, trend and data-gap indicators."
MDB,"MongoDB, Inc.",Software / SaaS,Technology,Software - Infrastructure,26148792320.0,21341200384.0,324.8299865722656,440.6000061035156,188.4499969482422,0.2627553743248263,0.7027556152387391,1.486,8.662,,live_yfinance,live_api,yfinance,2026-05-28T16:37:32+00:00,2026.0,2026-03-11,1441816.0,2463797000.0,1767739000.0,-55691000.0,-71151000.0,1086625000.0,,505148000.0,4960000.0,0.2279426826478499,0.2426308261987642,0.7174856532417241,-0.0226037291221638,-0.0288785967350394,-9.07054999910219,510108000.0,-9.159612863837964,0.0020131528693313,0.4410367412574981,,,0.2369317993660452,0.2426308261987642,,live_sec_companyfacts,live_api,True,False,8.661915078230876,-383.2073473990411,0.8888888888888888,0.8666666666666667,0.8755555555555556,78.0,8.0,Mid-cap possible public-to-private screen,live_public_data,2026-05-28T16:37:54+00:00,85.99221789883269,88.58267716535433,75.90361445783132,10.245901639344263,10.15625,2.7131782945736433,3.7914691943127963,73.92996108949417,84.93723849372385,88.58267716535433,48.93992932862191,98.05825242718447,0.0,0.0,21.875,98.09885931558935,30.03533568904594,6.382978723404253,0.0,51.23674911660777,65.0,100.0,85.3,24,0.1671192713761259,0.0296233749895463,1.4289316731583392,0.6188754767909217,4.5899539494285815,-0.0522271041117101,-10.588544536996302,0.8871464013945558,72.54098360655738,96.6824644549763,20.3125,457.0,457.0,0.0,100.0,14.666666666666671,Market fields 89%; SEC fields 87%; filing age 78 days; peer count 24; source live_public_data; real filing chunks 457; EBIT proxy used instead of EBITDA.,0.0,0.0,96.2085308056872,26.07003891050583,15.062761506276146,69.96466431095406,93.61702127659575,14.007782101167308,15.062761506276146,100.0,0.0,26.07003891050583,78.125,60.567769326423,34.5,65.48612611797867,39.4,46.5,49.3,57.2,66.3,58.1,58.4,Screen is supported by above-peer latest revenue growth; key caution is no major structured red flag from the cached screen.,"Platform screen reflects scale, margins, cash conversion and leverage discipline; it is not a transaction recommendation.",Value creation screen looks for peer margin or cash-conversion gaps with enough growth and risk control for further diligence.,"Red flag screen combines leverage, weak cash conversion, liquidity, valuation support, volatility, trend and data-gap indicators."
MSFT,Microsoft Corporation,Software / SaaS,Technology,Software - Infrastructure,3163844771840.0,3112696020992.0,425.9100036621094,538.6585083007812,355.9989318847656,0.2093135129236913,0.2385764837553384,1.093,9.78,25.351788,live_yfinance,live_api,yfinance,2026-05-28T16:37:32+00:00,2025.0,2025-07-30,789019.0,281724000000.0,193893000000.0,123627000000.0,101832000000.0,30242000000.0,43151000000.0,136162000000.0,64551000000.0,0.1493215623240671,0.1242311465286305,0.6882374238616519,0.4388231034629637,0.3614601524896707,1.1013937084940992,200713000000.0,1.623536929635112,0.2291285087532478,0.1073461969871221,0.3490418759656062,0.1044189376107161,0.0165907939859879,0.1242311465286305,-0.2455995306950082,live_sec_companyfacts,live_api,True,False,11.04874281563516,25.178124689525752,1.0,1.0,1.0,302.0,8.0,Mega-cap benchmark / public quality comp,live_public_data,2026-05-28T16:37:54+00:00,73.54085603112841,68.89763779527559,68.67469879518072,87.70491803278688,87.890625,45.348837209302324,58.29383886255924,38.52140077821012,47.28033472803347,68.89763779527559,94.69964664310953,12.135922330097081,73.20261437908498,61.43790849673203,19.140625,47.52851711026616,36.74911660777384,73.04964539007092,51.07913669064747,100.0,5.0,3.0,77.4,24,0.1671192713761259,0.0296233749895463,1.4289316731583392,0.6188754767909217,4.5899539494285815,0.4091997284734173,0.1946052564767728,1.407157661573196,7.377049180327869,34.59715639810427,15.625,7.0,0.0,7.0,64.0,22.599999999999994,Market fields 100%; SEC fields 100%; filing age 302 days; peer count 24; source live_public_data; real filing chunks 0; EBIT proxy used instead of EBITDA.,26.797385620915033,38.56209150326798,41.70616113744076,61.47859922178988,52.71966527196653,63.25088339222616,26.95035460992908,26.459143968871587,52.71966527196653,41.70616113744076,26.797385620915033,61.47859922178988,80.859375,58.69144284217669,41.7,58.288002344154954,41.3,71.2,49.6,29.6,30.6,47.3,46.9,"Screen is supported by above-peer EBIT margin proxy, strong free cash flow conversion proxy; key caution is no major structured red flag from the cached screen.","Platform screen reflects scale, margins, cash conversion and leverage discipline; it is not a transaction recommendation.",Value creation screen looks for peer margin or cash-conversion gaps with enough growth and risk control for further diligence.,"Red flag screen combines leverage, weak cash conversion, liquidity, valuation support, volatility, trend and data-gap indicators."
NET,"Cloudflare, Inc.",Software / SaaS,Technology,Software - Infrastructure,79696035840.0,73312862208.0,225.47000122070312,256.7900085449219,160.19000244140625,0.1219673907940999,0.575810554739293,1.673,31.484,,live_yfinance,live_api,yfinance,2026-05-28T16:37:32+00:00,2025.0,2026-02-26,1477333.0,2167937000.0,1615412000.0,-92706000.0,-102267000.0,954357000.0,,603114000.0,315617000.0,0.2984566603538756,0.3051033430533778,0.745137889154528,-0.0427623127424828,-0.0471724962487378,-6.505663063879361,918731000.0,-9.910156839902488,0.1455840275801372,0.4402143604726521,,,0.1528129348117115,0.3051033430533778,,live_sec_companyfacts,live_api,True,False,33.81687853844461,-790.8103273574526,0.8888888888888888,0.8666666666666667,0.8755555555555556,91.0,8.0,Large-cap strategic / unlikely PE target,live_public_data,2026-05-28T16:37:54+00:00,92.60700389105058,93.30708661417323,78.3132530120482,6.967213114754098,7.03125,3.875968992248062,3.3175355450236967,73.54085603112841,77.82426778242679,93.30708661417323,48.93992932862191,18.446601941747577,0.0,0.0,5.078125,98.47908745247148,53.003533568904594,14.893617021276595,0.0,77.73851590106007,20.0,35.0,72.8,24,0.1671192713761259,0.0296233749895463,1.4289316731583392,0.6188754767909217,4.5899539494285815,-0.0723856877320291,-11.339088513060826,6.367585581692946,77.8688524590164,97.1563981042654,4.296875,0.0,0.0,0.0,35.0,27.16666666666667,Market fields 89%; SEC fields 87%; filing age 91 days; peer count 24; source live_public_data; real filing chunks 0; EBIT proxy used instead of EBITDA.,0.0,0.0,96.6824644549763,26.459143968871587,22.175732217573213,46.996466431095406,85.1063829787234,7.3929961089494185,22.175732217573213,100.0,0.0,26.459143968871587,94.921875,58.59257224358948,32.4,67.62997790777447,41.4,48.1,34.4,27.1,60.8,44.8,47.7,Screen is supported by above-peer latest revenue growth; key caution is no major structured red flag from the cached screen.,"Platform screen reflects scale, margins, cash conversion and leverage discipline; it is not a transaction recommendation.",Value creation screen looks for peer margin or cash-conversion gaps with enough growth and risk control for further diligence.,"Red flag screen combines leverage, weak cash conversion, liquidity, valuation support, volatility, trend and data-gap indicators."
NOW,"ServiceNow, Inc.",Software / SaaS,Technology,Software - Application,111613313024.0,102566174720.0,108.24500274658205,208.93800354003903,83.0,0.4819276488116777,0.452216295663063,0.819,7.347,64.41965,live_yfinance,live_api,yfinance,2026-05-28T16:37:33+00:00,2025.0,2026-01-29,1373715.0,13278000000.0,10295000000.0,2261000000.0,1748000000.0,3732000000.0,,5444000000.0,868000000.0,0.2088492352512745,0.2237651786474261,0.7753426720891701,0.170281668926043,0.1316463322789576,2.4077841662980983,6312000000.0,2.791685095090668,0.0653712908570567,0.281066425666516,,,0.1152092051579271,0.2237651786474261,,live_sec_companyfacts,live_api,True,False,7.7245198614249135,45.36319094206104,1.0,0.8666666666666667,0.92,119.0,8.0,Large-cap strategic / unlikely PE target,live_public_data,2026-05-28T16:37:54+00:00,84.43579766536965,86.61417322834646,81.92771084337349,56.14754098360656,52.734375,83.72093023255815,75.35545023696683,61.478599221789885,73.22175732217573,86.61417322834646,69.6113074204947,31.06796116504854,0.0,0.0,26.171875,14.828897338403046,8.48056537102474,28.01418439716312,0.0,86.21908127208481,20.0,15.0,73.4,24,0.1671192713761259,0.0296233749895463,1.4289316731583392,0.6188754767909217,4.5899539494285815,0.1406582939364966,1.3627534219323287,0.6829188149886699,19.262295081967213,17.535545023696685,24.21875,7.0,0.0,7.0,64.0,26.599999999999994,Market fields 100%; SEC fields 87%; filing age 119 days; peer count 24; source live_public_data; real filing chunks 0; EBIT proxy used instead of EBITDA.,0.0,0.0,24.64454976303317,38.521400778210115,26.778242677824267,91.51943462897526,71.98581560283688,15.564202334630352,26.778242677824267,24.64454976303317,0.0,38.521400778210115,73.828125,70.69582786343048,26.2,73.84567096562257,29.3,67.0,49.5,26.7,33.9,48.0,49.5,"Screen is supported by above-peer latest revenue growth, above-peer EBIT margin proxy, strong free cash flow conversion proxy; key caution is material share price drawdown.","Platform screen reflects scale, margins, cash conversion and leverage discipline; it is not a transaction recommendation.",Value creation screen looks for peer margin or cash-conversion gaps with enough growth and risk control for further diligence.,"Red flag screen combines leverage, weak cash conversion, liquidity, valuation support, volatility, trend and data-gap indicators."
OKTA,"Okta, Inc.",Software / SaaS,Technology,Software - Infrastructure,16657912832.0,13729469440.0,95.0,106.62999725341795,62.93000030517578,0.109068719431531,0.4268943579246934,0.592,4.703,72.51909,live_yfinance,live_api,yfinance,2026-05-28T16:37:33+00:00,2026.0,2026-03-05,1660134.0,2919000000.0,2258000000.0,255000000.0,235000000.0,864000000.0,,884000000.0,9000000.0,0.1183908045977011,0.1625084769972626,0.7735525865022268,0.0873586844809866,0.0805070229530661,3.466666666666667,893000000.0,3.501960784313725,0.0030832476875642,0.2959917780061665,,,0.5184674035337316,0.1625084769972626,,live_sec_companyfacts,live_api,True,False,4.703483878040425,53.84105662745098,1.0,0.8666666666666667,0.92,84.0,8.0,Mid-cap possible public-to-private screen,live_public_data,2026-05-28T16:37:54+00:00,66.53696498054474,79.92125984251969,80.72289156626506,31.967213114754102,34.765625,93.02325581395348,82.46445497630332,63.035019455252915,92.88702928870293,79.92125984251969,69.6113074204947,94.1747572815534,0.0,0.0,48.4375,11.026615969581755,56.18374558303887,31.20567375886525,0.0,39.92932862190813,100.0,100.0,75.5,24,0.1671192713761259,0.0296233749895463,1.4289316731583392,0.6188754767909217,4.5899539494285815,0.0577353094914402,2.073029111155386,0.0247344373958211,31.557377049180328,13.270142180094787,47.265625,0.0,0.0,0.0,35.0,24.5,Market fields 100%; SEC fields 87%; filing age 84 days; peer count 24; source live_public_data; real filing chunks 0; EBIT proxy used instead of EBITDA.,0.0,0.0,17.535545023696685,36.964980544747085,7.112970711297066,43.81625441696113,68.79432624113475,33.46303501945526,7.112970711297066,17.535545023696685,0.0,36.964980544747085,51.5625,74.52811713974862,17.8,82.16204651872228,25.5,61.1,71.7,72.5,47.4,67.9,66.4,"Screen is supported by above-peer EBIT margin proxy, strong free cash flow conversion proxy; key caution is no major structured red flag from the cached screen.","Platform screen reflects scale, margins, cash conversion and leverage discipline; it is not a transaction recommendation.",Value creation screen looks for peer margin or cash-conversion gaps with enough growth and risk control for further diligence.,"Red flag screen combines leverage, weak cash conversion, liquidity, valuation support, volatility, trend and data-gap indicators."
PATH,"UiPath, Inc.",Software / SaaS,Technology,Software - Infrastructure,6128220672.0,4455728128.0,11.774999618530272,19.290000915527344,9.380000114440918,0.3895801420593985,0.6255847056323258,0.909,2.767,22.644232,live_yfinance,live_api,yfinance,2026-05-28T16:37:34+00:00,2026.0,2026-03-25,1734722.0,1610572000.0,1339588000.0,100628000.0,282330000.0,871595000.0,,371208000.0,19048000.0,0.1265388231080868,0.1501434661696947,0.8317467334586718,0.0624796656094853,0.1752979686719997,3.688913622451008,390256000.0,3.878204873395079,0.0118268540617867,0.5411710870423676,,,0.3624671016205227,0.1501434661696947,,live_sec_companyfacts,live_api,True,False,2.7665501002128434,44.279207854672656,1.0,0.8666666666666667,0.92,64.0,8.0,Small/mid-cap platform candidate,live_public_data,2026-05-28T16:37:54+00:00,68.09338521400778,76.77165354330708,91.56626506024097,27.049180327868854,64.84375,93.4108527131783,86.25592417061611,81.32295719844358,89.5397489539749,76.77165354330708,69.6113074204947,76.2135922330097,0.0,0.0,67.96875,16.349809885931556,17.667844522968203,11.34751773049646,0.0,21.554770318021202,85.0,60.0,75.5,24,0.1671192713761259,0.0296233749895463,1.4289316731583392,0.6188754767909217,4.5899539494285815,0.0328562906199389,2.44927320023674,-0.3972597261989392,40.57377049180328,10.42654028436019,76.953125,0.0,0.0,0.0,35.0,24.5,Market fields 100%; SEC fields 87%; filing age 64 days; peer count 24; source live_public_data; real filing chunks 0; EBIT proxy used instead of EBITDA.,0.0,0.0,13.744075829383888,18.677042801556425,10.460251046025107,82.3321554770318,88.65248226950354,31.90661478599222,10.460251046025107,13.744075829383888,0.0,18.677042801556425,32.03125,77.10842649338038,20.8,79.18826349724583,22.9,60.1,67.6,55.2,50.4,62.3,63.6,"Screen is supported by above-peer EBIT margin proxy, strong free cash flow conversion proxy; key caution is material share price drawdown.","Platform screen reflects scale, margins, cash conversion and leverage discipline; it is not a transaction recommendation.",Value creation screen looks for peer margin or cash-conversion gaps with enough growth and risk control for further diligence.,"Red flag screen combines leverage, weak cash conversion, liquidity, valuation support, volatility, trend and data-gap indicators."
PCOR,"Procore Technologies, Inc.",Software / SaaS,Technology,Software - Application,7076750848.0,6575204352.0,46.900001525878906,79.5999984741211,45.9900016784668,0.4108039896366749,0.4642949870940022,0.782,4.795,,live_yfinance,live_api,yfinance,2026-05-28T16:37:34+00:00,2025.0,2026-02-24,1611052.0,1322509000.0,1051677000.0,-93981000.0,-100783000.0,480684000.0,,300270000.0,18100000.0,0.1483023474700184,0.2245632919820033,0.7952134919308678,-0.0710626543940343,-0.0762059086176351,-3.195007501516264,318370000.0,-3.38759962120003,0.0136861072401019,0.3634636890939872,,,0.3266932560923146,0.2245632919820033,,live_sec_companyfacts,live_api,True,False,4.971765297627464,-69.96312395058575,0.8888888888888888,0.8666666666666667,0.8755555555555556,93.0,8.0,Small/mid-cap platform candidate,live_public_data,2026-05-28T16:37:54+00:00,73.15175097276264,87.4015748031496,85.54216867469879,5.737704918032787,5.46875,6.976744186046512,9.47867298578199,69.64980544747081,87.44769874476988,87.4015748031496,48.93992932862191,73.30097087378641,0.0,0.0,45.3125,95.05703422053232,16.254416961130747,26.241134751773053,0.0,22.968197879858657,100.0,100.0,72.8,24,0.1671192713761259,0.0296233749895463,1.4289316731583392,0.6188754767909217,4.5899539494285815,-0.1006860293835806,-4.816531294358369,0.0831841348313344,83.60655737704919,90.99526066350711,42.578125,0.0,0.0,0.0,35.0,27.16666666666667,Market fields 89%; SEC fields 87%; filing age 93 days; peer count 24; source live_public_data; real filing chunks 0; EBIT proxy used instead of EBITDA.,0.0,0.0,90.521327014218,30.35019455252919,12.55230125523012,83.74558303886926,73.75886524822694,26.848249027237358,12.55230125523012,100.0,0.0,30.35019455252919,54.6875,61.3691459714654,33.7,66.34406668215351,38.6,46.1,60.7,60.1,67.4,60.5,61.7,Screen is supported by balanced but not standout structured metrics; key caution is material share price drawdown.,"Platform screen reflects scale, margins, cash conversion and leverage discipline; it is not a transaction recommendation.",Value creation screen looks for peer margin or cash-conversion gaps with enough growth and risk control for further diligence.,"Red flag screen combines leverage, weak cash conversion, liquidity, valuation support, volatility, trend and data-gap indicators."
SNOW,Snowflake Inc.,Software / SaaS,Technology,Software - Application,83510509568.0,59228880896.0,240.94000244140625,277.1400146484375,121.11000061035156,0.1306199404404027,0.6408258975738552,1.079,12.645,,live_yfinance,live_api,yfinance,2026-05-28T16:37:35+00:00,2026.0,2026-03-20,1640147.0,4683946000.0,3146141000.0,-1311910000.0,-1329035000.0,2864303000.0,,1221942000.0,101628000.0,0.2916256250006894,0.313765188615279,0.6716860100436683,-0.2800864911764568,-0.2837425965201136,-0.9314221249933304,1323570000.0,-1.0088878048036831,0.0216970904446806,0.6115149491475778,,,0.1149414393774245,0.313765188615279,,live_sec_companyfacts,live_api,True,False,12.645081923660094,-45.14706107583599,0.8888888888888888,0.8666666666666667,0.8755555555555556,69.0,8.0,Large-cap strategic / unlikely PE target,live_public_data,2026-05-28T16:37:54+00:00,91.82879377431907,94.88188976377953,67.46987951807229,2.8688524590163933,3.125,11.24031007751938,12.796208530805686,83.26848249027238,72.38493723849372,94.88188976377953,48.93992932862191,60.19417475728155,0.0,0.0,16.40625,91.25475285171103,50.883392226148416,10.283687943262409,0.0,79.15194346289752,20.0,35.0,72.8,24,0.1671192713761259,0.0296233749895463,1.4289316731583392,0.6188754767909217,4.5899539494285815,-0.3097098661660031,-2.437819477962022,1.754947448924694,95.49180327868852,86.7298578199052,13.671875,0.0,0.0,0.0,35.0,27.16666666666667,Market fields 89%; SEC fields 87%; filing age 69 days; peer count 24; source live_public_data; real filing chunks 0; EBIT proxy used instead of EBITDA.,0.0,0.0,87.20379146919431,16.731517509727624,27.61506276150628,49.11660777385159,89.71631205673759,8.171206225680933,27.61506276150628,100.0,0.0,16.731517509727624,83.59375,59.44333316843507,30.8,69.1891392456868,40.6,46.8,33.9,29.0,68.0,46.3,49.7,Screen is supported by above-peer latest revenue growth; key caution is no major structured red flag from the cached screen.,"Platform screen reflects scale, margins, cash conversion and leverage discipline; it is not a transaction recommendation.",Value creation screen looks for peer margin or cash-conversion gaps with enough growth and risk control for further diligence.,"Red flag screen combines leverage, weak cash conversion, liquidity, valuation support, volatility, trend and data-gap indicators."
TEAM,Atlassian Corporation,Software / SaaS,Technology,Software - Application,23524280320.0,22709780480.0,92.6999969482422,220.88999938964844,57.150001525878906,0.5803341156033052,0.6117860337731028,0.899,3.669,,live_yfinance,live_api,yfinance,2026-05-28T16:37:35+00:00,2025.0,2025-08-15,1650372.0,5215304000.0,4320453000.0,-98895000.0,-256687000.0,2513762000.0,987684000.0,1460393000.0,44850000.0,0.1965540334827467,0.2146937314869672,0.828418247526894,-0.0189624612486635,-0.0492180321607331,-14.767106527124728,1505243000.0,-15.22061782698822,0.0085996904494924,0.4819972143522218,-9.987198543910209,15.431295818797716,0.0690621703482116,0.2146937314869672,-6.774478061548797,live_sec_companyfacts,live_api,True,False,4.354449995628251,-229.6352745841549,0.8888888888888888,1.0,0.9555555555555556,286.0,8.0,Mid-cap possible public-to-private screen,live_public_data,2026-05-28T16:37:54+00:00,82.87937743190662,85.8267716535433,90.36144578313254,11.885245901639344,6.640625,1.937984496124031,1.8957345971563981,78.21011673151752,65.27196652719665,85.8267716535433,87.45583038869258,81.06796116504854,93.4640522875817,6.5359477124183,51.5625,97.33840304182509,5.300353356890463,12.765957446808507,87.05035971223022,48.409893992932865,65.0,100.0,89.3,24,0.1671192713761259,0.0296233749895463,1.4289316731583392,0.6188754767909217,4.5899539494285815,-0.0485858362382098,-16.64954950014656,-0.0513085657056863,71.31147540983606,98.5781990521327,55.46875,377.0,377.0,0.0,100.0,10.666666666666671,Market fields 89%; SEC fields 100%; filing age 286 days; peer count 24; source live_public_data; real filing chunks 377; EBIT proxy used instead of EBITDA.,6.535947712418301,93.4640522875817,98.1042654028436,21.789883268482484,34.72803347280335,94.69964664310953,87.2340425531915,17.12062256809338,34.72803347280335,100.0,6.535947712418301,21.789883268482484,48.4375,60.36751005024039,56.8,43.244164310487065,39.6,54.1,51.6,69.7,68.9,62.9,61.7,Screen is supported by above-peer latest revenue growth; key caution is material share price drawdown.,"Platform screen reflects scale, margins, cash conversion and leverage discipline; it is not a transaction recommendation.",Value creation screen looks for peer margin or cash-conversion gaps with enough growth and risk control for further diligence.,"Red flag screen combines leverage, weak cash conversion, liquidity, valuation support, volatility, trend and data-gap indicators."
TWLO,Twilio Inc.,Software / SaaS,Technology,Software - Infrastructure,28232214528.0,26279448576.0,186.01499938964844,201.6999969482422,92.44000244140624,0.0777639950218672,0.567861776437158,1.32,4.957,286.17694,live_yfinance,live_api,yfinance,2026-05-28T16:37:35+00:00,2025.0,2026-02-24,1447669.0,5067220000.0,2478734000.0,55094000.0,33834000.0,682534000.0,,1003244000.0,,0.136648515175741,0.098152832966645,0.4891703932333706,0.0108726283840054,0.0066770339555022,18.20967800486441,,,,0.1346959476793981,,,0.3358929285626888,0.098152832966645,,live_sec_companyfacts,live_api,True,False,5.186166887563595,476.9929316440992,1.0,0.7333333333333333,0.84,93.0,8.0,Mid-cap possible public-to-private screen,live_public_data,2026-05-28T16:37:54+00:00,71.20622568093385,59.4488188976378,61.44578313253012,15.163934426229508,14.0625,99.2248062015504,0.0,42.80155642023346,88.28451882845188,59.4488188976378,34.62897526501767,0.0,0.0,0.0,43.359375,1.520912547528519,66.07773851590106,16.312056737588655,0.0,54.416961130742045,65.0,75.0,71.5,24,0.1671192713761259,0.0296233749895463,1.4289316731583392,0.6188754767909217,4.5899539494285815,-0.0187507466055409,,0.1298951895169314,58.19672131147541,0.0,40.625,0.0,0.0,0.0,35.0,28.5,Market fields 100%; SEC fields 73%; filing age 93 days; peer count 24; source live_public_data; real filing chunks 0; EBIT proxy used instead of EBITDA.,0.0,0.0,100.0,57.19844357976654,11.71548117154812,33.92226148409894,83.68794326241135,28.793774319066145,11.71548117154812,100.0,0.0,57.19844357976654,56.640625,57.39388642596312,34.1,65.8773770438704,42.6,39.8,43.0,50.3,42.0,49.0,48.3,Screen is supported by balanced but not standout structured metrics; key caution is no major structured red flag from the cached screen.,"Platform screen reflects scale, margins, cash conversion and leverage discipline; it is not a transaction recommendation.",Value creation screen looks for peer margin or cash-conversion gaps with enough growth and risk control for further diligence.,"Red flag screen combines leverage, weak cash conversion, liquidity, valuation support, volatility, trend and data-gap indicators."
WDAY,"Workday, Inc.",Software / SaaS,Technology,Software - Application,31602724864.0,30203500544.0,127.95999908447266,252.8999938964844,112.5,0.4940292519862672,0.4045083143499084,1.035,3.065,39.862926,live_yfinance,live_api,yfinance,2026-05-28T16:37:36+00:00,2026.0,2026-03-06,1327811.0,9552000000.0,,1009000000.0,693000000.0,1509000000.0,2987000000.0,2939000000.0,162000000.0,0.1309495619228036,0.153981043411203,,0.1056323283082077,0.0725502512562814,2.912784935579782,3101000000.0,3.073339940535184,0.0169597989949748,0.1579773869346733,2.960356788899901,1.464816650148662,0.1474530508583209,0.153981043411203,14.408458346891823,live_sec_companyfacts,live_api,True,False,3.162008013400335,29.93409370069376,1.0,0.8666666666666667,0.92,83.0,8.0,Mid-cap possible public-to-private screen,live_public_data,2026-05-28T16:37:54+00:00,69.26070038910505,77.95275590551181,0.0,38.52459016393443,31.25,89.14728682170544,80.09478672985783,47.85992217898833,76.98744769874477,77.95275590551181,69.6113074204947,66.01941747572815,40.52287581699346,44.44444444444444,63.28125,34.22053231939164,7.067137809187274,34.39716312056738,5.755395683453235,57.243816254416956,65.0,75.0,75.5,24,0.1671192713761259,0.0296233749895463,1.4289316731583392,0.6188754767909217,4.5899539494285815,0.0760089533186613,1.6444082673768443,-0.3111024536980411,28.688524590163933,14.218009478672986,70.703125,0.0,0.0,0.0,35.0,24.5,Market fields 100%; SEC fields 87%; filing age 83 days; peer count 24; source live_public_data; real filing chunks 0; EBIT proxy used instead of EBITDA.,59.47712418300654,55.55555555555556,19.90521327014217,52.14007782101167,23.012552301255226,92.93286219081273,65.60283687943263,30.739299610894946,23.012552301255226,19.90521327014217,59.47712418300654,52.14007782101167,36.71875,61.87512853146138,51.7,48.25153585111274,38.1,53.4,55.7,64.3,43.8,57.7,55.9,"Screen is supported by above-peer EBIT margin proxy, strong free cash flow conversion proxy; key caution is material share price drawdown.","Platform screen reflects scale, margins, cash conversion and leverage discipline; it is not a transaction recommendation.",Value creation screen looks for peer margin or cash-conversion gaps with enough growth and risk control for further diligence.,"Red flag screen combines leverage, weak cash conversion, liquidity, valuation support, volatility, trend and data-gap indicators."
ZS,"Zscaler, Inc.",Software / SaaS,Technology,Software - Infrastructure,20963325952.0,18770757632.0,129.6356964111328,336.2699890136719,118.0500030517578,0.6144892477875504,0.5738541633645097,0.962,5.915,,live_yfinance,live_api,yfinance,2026-05-28T16:37:36+00:00,2025.0,2025-09-11,1713683.0,2673115000.0,2054937000.0,-18291000.0,-41478000.0,2389023000.0,,972453000.0,164252000.0,0.233116874430002,0.3481497314980284,0.7687424596397835,-0.0068425787891654,-0.0155167286106284,-53.165655240282106,1136705000.0,-62.14559072768028,0.0614459160941448,0.8937224922983111,,,0.344806357088504,0.3481497314980284,,live_sec_companyfacts,live_api,True,False,7.022053907893974,-1026.2291636323876,0.8888888888888888,0.8666666666666667,0.8755555555555556,259.0,8.0,Mid-cap possible public-to-private screen,live_public_data,2026-05-28T16:37:54+00:00,87.15953307392996,95.66929133858267,79.51807228915662,12.704918032786885,11.71875,0.3875968992248062,0.47393364928909953,86.7704280155642,89.1213389121339,95.66929133858267,48.93992932862191,32.03883495145631,0.0,0.0,30.46875,99.61977186311786,2.8268551236749095,15.248226950354615,0.0,44.16961130742049,100.0,100.0,85.3,24,0.1671192713761259,0.0296233749895463,1.4289316731583392,0.6188754767909217,4.5899539494285815,-0.0364659537787117,-63.57452240083862,0.5298745881248269,65.98360655737704,100.0,28.515625,464.0,464.0,0.0,100.0,14.666666666666671,Market fields 89%; SEC fields 87%; filing age 259 days; peer count 24; source live_public_data; real filing chunks 464; EBIT proxy used instead of EBITDA.,0.0,0.0,99.5260663507109,13.229571984435793,10.878661087866107,97.1731448763251,84.75177304964538,12.840466926070036,10.878661087866107,100.0,0.0,13.229571984435793,69.53125,64.19295536377899,35.1,64.90295830536321,35.8,48.4,61.8,56.6,59.9,60.0,60.9,Screen is supported by above-peer latest revenue growth; key caution is material share price drawdown.,"Platform screen reflects scale, margins, cash conversion and leverage discipline; it is not a transaction recommendation.",Value creation screen looks for peer margin or cash-conversion gaps with enough growth and risk control for further diligence.,"Red flag screen combines leverage, weak cash conversion, liquidity, valuation support, volatility, trend and data-gap indicators."
ABNB,"Airbnb, Inc.",Travel / Leisure / Consumer Platforms,Consumer Cyclical,Travel Services,78120550400.0,68931002368.0,131.62579345703125,144.17999267578125,111.54000091552734,0.0870731020702763,0.2890918699321573,1.208,5.45,32.420147,live_yfinance,live_api,yfinance,2026-05-28T16:37:37+00:00,2025.0,2026-02-12,1559720.0,12241000000.0,,3137000000.0,2511000000.0,13486000000.0,1999000000.0,4646000000.0,,0.1025941271842911,0.1337825597298969,,0.2562699125888408,0.2051302998121068,1.481032833917756,,,,1.1017073768482968,0.6372330251832962,-3.661778769525024,0.0194560061714101,0.1337825597298969,-0.3617614443994087,live_sec_companyfacts,live_api,True,False,5.631157778612859,21.973542355116354,1.0,0.7333333333333333,0.84,105.0,8.0,Large-cap strategic / unlikely PE target,live_public_data,2026-05-28T16:37:54+00:00,59.92217898832685,73.62204724409449,0.0,73.77049180327869,72.65625,63.565891472868216,0.0,88.715953307393,48.53556485355649,73.62204724409449,34.62897526501767,0.0,67.3202614379085,88.23529411764706,39.84375,56.273764258555126,63.604240282685524,56.73758865248226,53.956834532374096,75.97173144876325,20.0,35.0,71.5,24,0.0880247512739627,0.0855435805293634,2.862619808306709,1.890566037735849,2.6722155879259275,0.1707263320594774,,1.1072992029746933,15.573770491803279,0.0,17.578125,0.0,0.0,0.0,35.0,28.5,Market fields 100%; SEC fields 73%; filing age 105 days; peer count 24; source live_public_data; real filing chunks 0; EBIT proxy used instead of EBITDA.,32.6797385620915,11.76470588235294,100.0,11.284046692607006,51.46443514644351,36.39575971731448,43.262411347517734,40.07782101167315,51.46443514644351,100.0,32.6797385620915,11.284046692607006,60.15625,51.61515219939161,40.2,59.78452291774263,48.4,46.4,40.1,37.7,25.4,42.4,40.9,"Screen is supported by above-peer latest revenue growth, above-peer EBIT margin proxy; key caution is no major structured red flag from the cached screen.","Platform screen reflects scale, margins, cash conversion and leverage discipline; it is not a transaction recommendation.",Value creation screen looks for peer margin or cash-conversion gaps with enough growth and risk control for further diligence.,"Red flag screen combines leverage, weak cash conversion, liquidity, valuation support, volatility, trend and data-gap indicators."
CCL,Carnival Corporation Ltd.,Travel / Leisure / Consumer Platforms,Consumer Cyclical,Travel Services,38970900480.0,63957204992.0,28.13500022888184,33.62763595581055,22.17108917236328,0.1633369569643992,0.4648110697660047,2.331,2.371,12.394274,live_yfinance,live_api,yfinance,2026-05-28T16:37:37+00:00,2025.0,2026-01-27,815097.0,26622000000.0,,2772000000.0,2760000000.0,1958000000.0,26640000000.0,6218000000.0,3611000000.0,0.063986251548699,0.2981966756672283,,0.1041244083840432,0.1036736533693937,2.2431457431457438,9829000000.0,3.545815295815296,0.1356396964916234,0.0735481932236496,9.61038961038961,8.904040404040405,0.4640027778777974,0.2981966756672283,17.453732839437336,live_sec_companyfacts,live_api,True,False,2.402419239426038,23.07258477344877,1.0,0.8666666666666667,0.92,121.0,8.0,Large-cap strategic / unlikely PE target,live_public_data,2026-05-28T16:37:54+00:00,38.52140077821012,92.91338582677166,0.0,37.704918032786885,41.40625,82.17054263565892,82.93838862559242,30.35019455252918,91.63179916317992,92.91338582677166,69.6113074204947,18.93203883495146,15.032679738562093,16.993464052287578,73.828125,50.19011406844107,45.22968197879859,25.531914893617024,3.597122302158273,61.48409893992933,20.0,35.0,75.5,24,0.0880247512739627,0.0855435805293634,2.862619808306709,1.890566037735849,2.6722155879259275,0.0185808278546798,0.6831954875085868,-0.1009635411599761,44.26229508196721,24.170616113744074,57.03125,0.0,0.0,0.0,35.0,24.5,Market fields 100%; SEC fields 87%; filing age 121 days; peer count 24; source live_public_data; real filing chunks 0; EBIT proxy used instead of EBITDA.,84.9673202614379,83.00653594771242,17.061611374407576,69.64980544747081,8.36820083682008,54.77031802120141,74.46808510638297,61.47859922178988,8.36820083682008,17.061611374407576,84.9673202614379,69.64980544747081,26.171875,53.46828568713705,60.4,39.60818709352341,46.5,50.6,40.7,44.1,41.4,46.9,46.1,"Screen is supported by above-peer EBIT margin proxy, strong free cash flow conversion proxy; key caution is elevated debt to EBIT proxy.","Platform screen reflects scale, margins, cash conversion and leverage discipline; it is not a transaction recommendation.",Value creation screen looks for peer margin or cash-conversion gaps with enough growth and risk control for further diligence.,"Red flag screen combines leverage, weak cash conversion, liquidity, valuation support, volatility, trend and data-gap indicators."
CHWY,"Chewy, Inc.",Travel / Leisure / Consumer Platforms,Consumer Cyclical,Internet Retail,8742025216.0,8507384832.0,21.375,48.209999084472656,19.65999984741211,0.5566272473362398,0.4619403917067032,1.495,0.675,41.10577,live_yfinance,live_api,yfinance,2026-05-28T16:37:37+00:00,2025.0,2026-03-25,1766502.0,12601500000.0,3753900000.0,263300000.0,222800000.0,860100000.0,,691600000.0,129200000.0,0.0624014919062652,0.0765862570132998,0.2978931079633377,0.0208943379756378,0.0176804348688648,2.6266616027345235,820800000.0,3.1173566274211923,0.0102527476887672,0.0682537793119866,,,0.0157573626953633,0.0765862570132998,,live_sec_companyfacts,live_api,True,False,0.6751089022735388,32.31061462969996,1.0,0.8666666666666667,0.92,64.0,8.0,Small/mid-cap platform candidate,live_public_data,2026-05-28T16:37:54+00:00,37.35408560311284,47.24409448818898,26.506024096385545,18.442622950819672,16.796875,86.04651162790698,80.56872037914692,28.793774319066145,45.60669456066946,47.24409448818898,69.6113074204947,78.15533980582524,0.0,0.0,94.53125,26.996197718631176,6.0070671378091856,26.95035460992907,0.0,26.501766784452297,100.0,100.0,75.5,24,0.0880247512739627,0.0855435805293634,2.862619808306709,1.890566037735849,2.6722155879259275,-0.0646492425537255,0.2547368191144832,-0.7473598667248503,75.0,31.753554502369667,94.140625,0.0,0.0,0.0,35.0,24.5,Market fields 100%; SEC fields 87%; filing age 64 days; peer count 24; source live_public_data; real filing chunks 0; EBIT proxy used instead of EBITDA.,0.0,0.0,19.431279620853076,71.20622568093385,54.39330543933054,93.99293286219081,73.04964539007092,62.64591439688716,54.39330543933054,19.431279620853076,0.0,71.20622568093385,5.46875,63.781116996356225,32.3,67.66365271759364,36.2,39.1,58.9,74.2,59.5,62.6,61.8,Screen is supported by strong free cash flow conversion proxy; key caution is material share price drawdown.,"Platform screen reflects scale, margins, cash conversion and leverage discipline; it is not a transaction recommendation.",Value creation screen looks for peer margin or cash-conversion gaps with enough growth and risk control for further diligence.,"Red flag screen combines leverage, weak cash conversion, liquidity, valuation support, volatility, trend and data-gap indicators."
CZR,"Caesars Entertainment, Inc.",Travel / Leisure / Consumer Platforms,Consumer Cyclical,Resorts & Casinos,5910684160.0,31169822720.0,29.019899368286133,31.51000022888184,18.13999938964844,0.0790257328628419,0.5256126909338513,1.771,2.696,,live_yfinance,live_api,yfinance,2026-05-28T16:37:38+00:00,2025.0,2026-02-17,1590895.0,11486000000.0,,-448000000.0,-437000000.0,887000000.0,11784000000.0,1302000000.0,805000000.0,0.0214317474433081,0.020078995246566,,-0.0390040048755006,-0.0380463172557896,-2.90625,2107000000.0,-4.703125,0.0700853212606651,0.0772244471530558,-26.303571428571427,-24.323660714285715,0.0132092840996403,0.020078995246566,-3.707111251580276,live_sec_companyfacts,live_api,True,False,2.713723029775379,-69.57549714285715,0.8888888888888888,0.8666666666666667,0.8755555555555556,100.0,8.0,Mid-cap possible public-to-private screen,live_public_data,2026-05-28T16:37:54+00:00,16.731517509727624,20.47244094488189,0.0,7.786885245901639,8.984375,7.3643410852713185,7.5829383886255926,31.1284046692607,44.35146443514644,20.47244094488189,48.93992932862191,28.640776699029125,96.73202614379085,96.73202614379085,69.53125,94.67680608365019,65.7243816254417,19.85815602836879,82.73381294964028,20.848056537102476,65.0,75.0,72.8,24,0.0880247512739627,0.0855435805293634,2.862619808306709,1.890566037735849,2.6722155879259275,-0.1245475854048639,-7.565744808306709,0.0155329689853609,86.0655737704918,94.7867298578199,47.65625,0.0,0.0,0.0,35.0,27.16666666666667,Market fields 89%; SEC fields 87%; filing age 100 days; peer count 24; source live_public_data; real filing chunks 0; EBIT proxy used instead of EBITDA.,3.2679738562091507,3.2679738562091507,92.41706161137441,68.8715953307393,55.64853556485356,34.275618374558306,80.1418439716312,83.26848249027238,55.64853556485356,100.0,3.2679738562091507,68.8715953307393,30.46875,43.77929714422151,39.9,60.107007294087666,56.2,23.1,40.2,61.4,61.1,50.6,49.6,Screen is supported by balanced but not standout structured metrics; key caution is no major structured red flag from the cached screen.,"Platform screen reflects scale, margins, cash conversion and leverage discipline; it is not a transaction recommendation.",Value creation screen looks for peer margin or cash-conversion gaps with enough growth and risk control for further diligence.,"Red flag screen combines leverage, weak cash conversion, liquidity, valuation support, volatility, trend and data-gap indicators."
DASH,"DoorDash, Inc.",Travel / Leisure / Consumer Platforms,Consumer Cyclical,Internet Retail,68638769152.0,66426556416.0,157.52999877929688,281.739990234375,146.60000610351562,0.4408674514106067,0.438172694417162,1.871,4.512,74.65877,live_yfinance,live_api,yfinance,2026-05-28T16:37:38+00:00,2025.0,2026-02-18,1792789.0,13717000000.0,,939000000.0,932000000.0,4681000000.0,,2431000000.0,257000000.0,0.2793322141391532,0.2772574009717286,,0.0684552015746883,0.0679448859079973,2.5889243876464323,2688000000.0,2.862619808306709,0.0187358751913683,0.3412553765400598,,,0.280972291047573,0.2772574009717286,,live_sec_companyfacts,live_api,True,False,4.8426446319166,70.7418066198083,1.0,0.7333333333333333,0.84,99.0,8.0,Large-cap strategic / unlikely PE target,live_public_data,2026-05-28T16:37:54+00:00,91.05058365758755,91.33858267716536,0.0,27.86885245901639,29.296875,85.27131782945736,77.25118483412322,68.48249027237354,86.19246861924687,91.33858267716536,34.62897526501767,61.6504854368932,0.0,0.0,46.875,7.604562737642584,13.07420494699647,30.14184397163121,0.0,72.08480565371025,20.0,35.0,71.5,24,0.0880247512739627,0.0855435805293634,2.862619808306709,1.890566037735849,2.6722155879259275,-0.017088378954675,0.0,0.81222078555244,57.377049180327866,50.23696682464455,21.09375,0.0,0.0,0.0,35.0,28.5,Market fields 100%; SEC fields 73%; filing age 99 days; peer count 24; source live_public_data; real filing chunks 0; EBIT proxy used instead of EBITDA.,0.0,0.0,22.748815165876778,31.51750972762646,13.807531380753133,86.92579505300353,69.8581560283688,8.949416342412448,13.807531380753133,22.748815165876778,0.0,31.51750972762646,53.125,76.66232511033613,23.1,76.91610328049937,23.3,53.2,36.5,36.1,52.7,49.5,52.1,"Screen is supported by above-peer latest revenue growth, strong free cash flow conversion proxy; key caution is material share price drawdown.","Platform screen reflects scale, margins, cash conversion and leverage discipline; it is not a transaction recommendation.",Value creation screen looks for peer margin or cash-conversion gaps with enough growth and risk control for further diligence.,"Red flag screen combines leverage, weak cash conversion, liquidity, valuation support, volatility, trend and data-gap indicators."
DKNG,DraftKings Inc.,Travel / Leisure / Consumer Platforms,Consumer Cyclical,Gambling,12361050112.0,13356395520.0,24.915000915527344,48.22999954223633,20.71999931335449,0.4834127897158988,0.4669320809407239,1.666,2.123,276.83334,live_yfinance,live_api,yfinance,2026-05-28T16:37:39+00:00,2025.0,2026-02-13,1883685.0,6054525000.0,,-15817000.0,3710000.0,1604595000.0,,662855000.0,15352000.0,0.2699050422436484,,,-0.0026124262431817,0.0006127648329142,-41.90775747613328,678207000.0,-42.87835872795094,0.0025356241819135,0.2650240935498656,,,,,,live_sec_companyfacts,live_api,True,False,2.2060187248380343,-844.4329215401151,1.0,0.7333333333333333,0.84,104.0,8.0,Mid-cap possible public-to-private screen,live_public_data,2026-05-28T16:37:54+00:00,90.27237354085604,0.0,0.0,13.114754098360656,12.890625,0.7751937984496124,0.9478672985781991,60.311284046692606,0.0,0.0,34.62897526501767,96.11650485436894,0.0,0.0,76.5625,98.85931558935361,8.127208480565374,24.822695035460995,0.0,35.68904593639576,100.0,100.0,71.5,24,0.0880247512739627,0.0855435805293634,2.862619808306709,1.890566037735849,2.6722155879259275,-0.088156006772545,-45.74097853625765,-0.1744607976969918,81.14754098360656,99.52606635071089,62.890625,0.0,0.0,0.0,35.0,28.5,Market fields 100%; SEC fields 73%; filing age 104 days; peer count 24; source live_public_data; real filing chunks 0; EBIT proxy used instead of EBITDA.,0.0,0.0,99.0521327014218,39.688715953307394,100.0,91.87279151943463,75.177304964539,9.727626459143963,100.0,100.0,0.0,39.688715953307394,23.4375,53.8367737740431,45.8,54.18754930426904,46.2,18.9,39.0,60.8,74.3,52.1,53.7,Screen is supported by above-peer latest revenue growth; key caution is material share price drawdown.,"Platform screen reflects scale, margins, cash conversion and leverage discipline; it is not a transaction recommendation.",Value creation screen looks for peer margin or cash-conversion gaps with enough growth and risk control for further diligence.,"Red flag screen combines leverage, weak cash conversion, liquidity, valuation support, volatility, trend and data-gap indicators."
EBAY,eBay Inc.,Travel / Leisure / Consumer Platforms,Consumer Cyclical,Internet Retail,49028702208.0,52345839616.0,110.4250030517578,118.95999908447266,71.39461517333984,0.0717467728513868,0.385052656588526,1.385,4.511,25.50231,live_yfinance,live_api,yfinance,2026-05-28T16:37:39+00:00,2025.0,2026-02-19,1065088.0,11100000000.0,7931000000.0,2307000000.0,2031000000.0,3055000000.0,750000000.0,1959000000.0,525000000.0,0.079451521929398,0.042572293921697,0.7145045045045045,0.2078378378378378,0.1829729729729729,0.8491547464239272,2484000000.0,1.0767230169050714,0.0472972972972973,0.2752252252252252,0.3250975292587776,-0.99913307325531,0.3712885780113957,0.042572293921697,5.8660094593025,live_sec_companyfacts,live_api,True,False,4.715841406846847,22.690004168183787,1.0,1.0,1.0,98.0,8.0,Large-cap strategic / unlikely PE target,live_public_data,2026-05-28T16:37:54+00:00,46.69260700389105,30.314960629921263,73.49397590361446,63.52459016393443,67.96875,27.51937984496124,34.59715639810427,61.08949416342413,90.3765690376569,30.314960629921263,94.69964664310953,36.89320388349514,74.50980392156863,77.12418300653596,48.046875,53.61216730038023,67.49116607773851,36.87943262411347,12.230215827338132,66.78445229681978,20.0,35.0,79.5,24,0.0880247512739627,0.0855435805293634,2.862619808306709,1.890566037735849,2.6722155879259275,0.1222942573084744,-1.7858967914016377,0.7647683174047737,21.721311475409834,83.88625592417061,23.046875,0.0,0.0,0.0,35.0,20.5,Market fields 100%; SEC fields 100%; filing age 98 days; peer count 24; source live_public_data; real filing chunks 0; EBIT proxy used instead of EBITDA.,25.49019607843137,22.875816993464053,65.40284360189574,38.91050583657587,9.623430962343093,32.50883392226148,63.12056737588653,53.30739299610895,9.623430962343093,65.40284360189574,25.49019607843137,38.91050583657587,51.953125,59.29483804174506,35.1,64.85831440556052,40.7,56.5,45.5,42.9,45.5,51.0,50.6,"Screen is supported by above-peer EBIT margin proxy, strong free cash flow conversion proxy; key caution is no major structured red flag from the cached screen.","Platform screen reflects scale, margins, cash conversion and leverage discipline; it is not a transaction recommendation.",Value creation screen looks for peer margin or cash-conversion gaps with enough growth and risk control for further diligence.,"Red flag screen combines leverage, weak cash conversion, liquidity, valuation support, volatility, trend and data-gap indicators."
ETSY,"Etsy, Inc.",Travel / Leisure / Consumer Platforms,Consumer Cyclical,Internet Retail,6325783040.0,7705336320.0,66.66000366210938,75.55999755859375,44.04999923706055,0.1177871120176094,0.5619253182607369,1.898,2.655,25.540232,live_yfinance,live_api,yfinance,2026-05-28T16:37:39+00:00,2025.0,2026-02-19,1370637.0,2883501000.0,2065701000.0,246665000.0,162982000.0,1404360000.0,649008000.0,693414000.0,15386000.0,0.0267664222036425,0.039636589806512,0.7163864344073403,0.0855435805293634,0.0565222623470565,2.8111568321407576,708800000.0,2.873532929276549,0.0053358746884429,0.487032950569464,2.631131291427645,-3.062258528773843,0.3435129357131415,0.039636589806512,,live_sec_companyfacts,live_api,True,False,2.6722155879259275,31.23806101392577,1.0,1.0,1.0,98.0,8.0,Small/mid-cap platform candidate,live_public_data,2026-05-28T16:37:54+00:00,19.844357976653697,28.74015748031496,74.69879518072288,31.557377049180328,27.34375,88.37209302325581,77.72511848341233,78.59922178988327,88.70292887029288,28.74015748031496,94.69964664310953,89.32038834951457,42.48366013071896,86.27450980392157,70.703125,31.1787072243346,55.12367491166077,17.021276595744684,0.0,22.261484098939928,100.0,100.0,79.5,24,0.0880247512739627,0.0855435805293634,2.862619808306709,1.890566037735849,2.6722155879259275,0.0,0.0109131209698398,0.0,50.204918032786885,48.34123222748815,50.1953125,0.0,0.0,0.0,35.0,20.5,Market fields 100%; SEC fields 100%; filing age 98 days; peer count 24; source live_public_data; real filing chunks 0; EBIT proxy used instead of EBITDA.,57.51633986928104,13.725490196078432,22.27488151658767,21.400778210116727,11.29707112970712,44.87632508833922,82.97872340425532,80.1556420233463,11.29707112970712,22.27488151658767,57.51633986928104,21.400778210116727,29.296875,58.32852190562888,35.8,64.18745147667971,41.7,49.4,72.6,75.3,50.7,65.4,63.2,Screen is supported by strong free cash flow conversion proxy; key caution is no major structured red flag from the cached screen.,"Platform screen reflects scale, margins, cash conversion and leverage discipline; it is not a transaction recommendation.",Value creation screen looks for peer margin or cash-conversion gaps with enough growth and risk control for further diligence.,"Red flag screen combines leverage, weak cash conversion, liquidity, valuation support, volatility, trend and data-gap indicators."
EXPE,"Expedia Group, Inc.",Travel / Leisure / Consumer Platforms,Consumer Cyclical,Travel Services,27355179008.0,27368202240.0,227.9178924560547,300.65771484375,161.06576538085938,0.2419356590450298,0.4647821457446164,1.3,1.804,20.11632,live_yfinance,live_api,yfinance,2026-05-28T16:37:40+00:00,2025.0,2026-02-13,1324424.0,14733000000.0,,1591000000.0,1301000000.0,6976000000.0,6161000000.0,3880000000.0,770000000.0,0.0761083923745526,0.0808796250697421,,0.1079888685264372,0.0883051652752324,2.438717787554997,4650000000.0,2.9226901319924576,0.0522636258738885,0.4734948754496708,3.872407291011942,-0.5122564424890006,0.0618759003255287,0.0808796250697421,-7.726105720140474,live_sec_companyfacts,live_api,True,False,1.8576123152107515,17.201887014456318,1.0,0.8666666666666667,0.92,104.0,8.0,Mid-cap possible public-to-private screen,live_public_data,2026-05-28T16:37:54+00:00,44.3579766536965,50.0,0.0,39.75409836065574,36.71875,84.10852713178295,79.14691943127961,77.04280155642024,64.43514644351464,50.0,69.6113074204947,35.43689320388349,33.333333333333336,71.89542483660131,83.59375,67.30038022813687,32.155477031802114,25.886524822695034,87.76978417266187,53.003533568904594,65.0,75.0,75.5,24,0.0880247512739627,0.0855435805293634,2.862619808306709,1.890566037735849,2.6722155879259275,0.0224452879970738,0.0600703236857484,-0.3048418983841944,42.21311475409836,44.54976303317535,70.3125,0.0,0.0,0.0,35.0,24.5,Market fields 100%; SEC fields 87%; filing age 104 days; peer count 24; source live_public_data; real filing chunks 0; EBIT proxy used instead of EBITDA.,66.66666666666666,28.104575163398692,20.853080568720387,22.957198443579756,35.56485355648536,67.84452296819788,74.11347517730496,55.6420233463035,35.56485355648536,20.853080568720387,66.66666666666666,22.957198443579756,16.40625,58.956281017145855,44.8,55.24647076637735,41.0,44.9,54.8,64.6,48.6,57.2,55.8,"Screen is supported by above-peer EBIT margin proxy, strong free cash flow conversion proxy; key caution is elevated debt to EBIT proxy.","Platform screen reflects scale, margins, cash conversion and leverage discipline; it is not a transaction recommendation.",Value creation screen looks for peer margin or cash-conversion gaps with enough growth and risk control for further diligence.,"Red flag screen combines leverage, weak cash conversion, liquidity, valuation support, volatility, trend and data-gap indicators."
LVS,Las Vegas Sands Corp.,Travel / Leisure / Consumer Platforms,Consumer Cyclical,Resorts & Casinos,33794502656.0,46693564416.0,51.0,68.72942352294922,39.429664611816406,0.257959729824145,0.3600020434629614,0.842,3.398,18.819187,live_yfinance,live_api,yfinance,2026-05-28T16:37:40+00:00,2025.0,2026-02-06,1300514.0,3649000000.0,,2213000000.0,448000000.0,3966000000.0,,3023000000.0,1168000000.0,0.2600138121546962,0.4837938388040266,,0.6064675253494108,0.1227733625650863,1.3660189787618615,4191000000.0,1.8938093086308176,0.320087695258975,1.0868731159221705,,,1.848186415233028,0.4837938388040266,,live_sec_companyfacts,live_api,True,False,12.796263199780762,21.09966760777225,1.0,0.7333333333333333,0.84,111.0,8.0,Mid-cap possible public-to-private screen,live_public_data,2026-05-28T16:37:54+00:00,89.88326848249028,96.8503937007874,0.0,92.62295081967213,48.828125,58.139534883720934,65.87677725118483,88.32684824902724,99.16317991631799,96.8503937007874,34.62897526501767,9.708737864077666,0.0,0.0,16.015625,57.79467680608366,30.742049469964662,41.13475177304965,0.0,59.01060070671378,65.0,75.0,71.5,24,0.0880247512739627,0.0855435805293634,2.862619808306709,1.890566037735849,2.6722155879259275,0.5209239448200474,-0.9688104996758916,3.7886342919332856,6.147540983606557,78.67298578199052,7.03125,0.0,0.0,0.0,35.0,28.5,Market fields 100%; SEC fields 73%; filing age 111 days; peer count 24; source live_public_data; real filing chunks 0; EBIT proxy used instead of EBITDA.,0.0,0.0,34.12322274881517,11.673151750972764,0.8368200836820137,69.25795053003534,58.86524822695035,10.11673151750972,0.8368200836820137,34.12322274881517,0.0,11.673151750972764,83.984375,76.24947997241924,18.6,81.42080923054507,23.8,63.4,59.3,52.7,40.1,58.7,58.6,"Screen is supported by above-peer latest revenue growth, above-peer EBIT margin proxy, strong free cash flow conversion proxy; key caution is no major structured red flag from the cached screen.","Platform screen reflects scale, margins, cash conversion and leverage discipline; it is not a transaction recommendation.",Value creation screen looks for peer margin or cash-conversion gaps with enough growth and risk control for further diligence.,"Red flag screen combines leverage, weak cash conversion, liquidity, valuation support, volatility, trend and data-gap indicators."
LYFT,"Lyft, Inc.",Travel / Leisure / Consumer Platforms,Technology,Software - Application,5256704512.0,4770255872.0,13.845000267028809,24.56999969482422,12.649999618530272,0.4365079186409057,0.4960587365775865,1.846,0.732,2.0241227,live_yfinance,live_api,yfinance,2026-05-28T16:37:41+00:00,2025.0,2026-02-11,1759509.0,5895475000.0,,-53247000.0,2844008000.0,1837370000.0,1053011000.0,1168438000.0,,0.0987676156744137,0.1564376855850682,,-0.0090318422179722,0.4824052345230876,-21.94373391928184,,,,0.3116576696534206,-19.775968599169907,14.730576370499746,0.4050924754289909,0.1564376855850682,-19.244185208540383,live_sec_companyfacts,live_api,True,False,0.8091385125032334,-89.58731706950627,1.0,0.7333333333333333,0.84,106.0,8.0,Small/mid-cap platform candidate,live_public_data,2026-05-28T16:37:54+00:00,57.58754863813229,79.13385826771653,0.0,12.295081967213115,92.578125,1.1627906976744187,0.0,64.2023346303502,91.21338912133892,79.13385826771653,34.62897526501767,0.0,94.77124183006535,7.843137254901967,92.578125,95.81749049429658,13.780918727915193,21.98581560283688,93.5251798561151,18.374558303886925,85.0,60.0,71.5,24,0.0880247512739627,0.0855435805293634,2.862619808306709,1.890566037735849,2.6722155879259275,-0.0945754227473355,,-0.6972031313045156,82.78688524590164,0.0,89.453125,0.0,0.0,0.0,35.0,28.5,Market fields 100%; SEC fields 73%; filing age 106 days; peer count 24; source live_public_data; real filing chunks 0; EBIT proxy used instead of EBITDA.,5.228758169934641,92.15686274509804,100.0,35.797665369649806,8.78661087866108,86.21908127208481,78.01418439716312,42.41245136186771,8.78661087866108,100.0,5.228758169934641,35.797665369649806,7.421875,62.19961699976235,54.0,46.01486377049373,37.8,38.2,45.0,56.2,51.4,51.8,52.3,Screen is supported by above-peer latest revenue growth; key caution is material share price drawdown.,"Platform screen reflects scale, margins, cash conversion and leverage discipline; it is not a transaction recommendation.",Value creation screen looks for peer margin or cash-conversion gaps with enough growth and risk control for further diligence.,"Red flag screen combines leverage, weak cash conversion, liquidity, valuation support, volatility, trend and data-gap indicators."
MGM,MGM Resorts International,Travel / Leisure / Consumer Platforms,Consumer Cyclical,Resorts & Casinos,10986251264.0,40820166656.0,42.93999862670898,42.93999862670898,30.71999931335449,0.0,0.3723048272174875,1.285,2.304,58.821915,live_yfinance,live_api,yfinance,2026-05-28T16:37:41+00:00,2025.0,2026-02-11,789570.0,17537683000.0,,280779000.0,520872000.0,2150364000.0,6230141000.0,2529378000.0,1068927000.0,0.0172348379938105,0.101362355792971,,0.0160100396386455,0.0297001605058091,9.008430117637005,3598305000.0,12.815434915004328,0.0609502977103645,0.122613916558989,22.18877124001439,14.530207031152615,-0.0528378013606014,0.101362355792971,12.541393891732303,live_sec_companyfacts,live_api,True,False,2.3275689642696813,145.3818364478825,1.0,0.8666666666666667,0.92,106.0,8.0,Mid-cap possible public-to-private screen,live_public_data,2026-05-28T16:37:54+00:00,15.953307392996107,61.417322834645674,0.0,16.80327868852459,20.3125,96.89922480620154,97.6303317535545,41.245136186770424,15.899581589958158,61.417322834645674,69.6113074204947,32.52427184466019,3.26797385620915,9.150326797385622,75.0,3.4220532319391594,97.87985865724382,39.00709219858156,7.913669064748197,33.92226148409894,65.0,75.0,75.5,24,0.0880247512739627,0.0855435805293634,2.862619808306709,1.890566037735849,2.6722155879259275,-0.0695335408907179,9.95281510669762,-0.1289741086810094,76.22950819672131,3.7914691943127963,58.59375,0.0,0.0,0.0,35.0,24.5,Market fields 100%; SEC fields 87%; filing age 106 days; peer count 24; source live_public_data; real filing chunks 0; EBIT proxy used instead of EBITDA.,96.73202614379085,90.84967320261438,2.3696682464454994,58.754863813229576,84.10041841004184,2.1201413427561837,60.99290780141844,84.04669260700389,100.0,2.3696682464454994,96.73202614379085,58.754863813229576,25.0,39.54669855212931,62.4,37.565512849731675,60.5,35.8,49.1,66.6,46.6,52.2,49.0,Screen is supported by strong free cash flow conversion proxy; key caution is elevated debt to EBIT proxy.,"Platform screen reflects scale, margins, cash conversion and leverage discipline; it is not a transaction recommendation.",Value creation screen looks for peer margin or cash-conversion gaps with enough growth and risk control for further diligence.,"Red flag screen combines leverage, weak cash conversion, liquidity, valuation support, volatility, trend and data-gap indicators."
MTCH,"Match Group, Inc.",Travel / Leisure / Consumer Platforms,Communication Services,Internet Content & Information,8437250048.0,11371730944.0,36.16999816894531,38.66999816894531,28.72016143798828,0.0646496022336942,0.3133718141514369,1.358,3.231,13.805344,live_yfinance,live_api,yfinance,2026-05-28T16:37:41+00:00,2025.0,2026-02-26,891103.0,3487197000.0,,746003000.0,613461000.0,1027838000.0,3972953000.0,1080380000.0,56765000.0,0.0022486810123547,0.0302622369907936,,0.2139262565321087,0.1759180797643494,1.4482247390426044,1137145000.0,1.5243169263394385,0.0162781167797517,0.2947461815320442,5.325652845900083,3.9478594590102185,0.0955475843930288,0.0302622369907936,-4.835452981788524,live_sec_companyfacts,live_api,True,False,3.260994702622192,15.243545862416102,1.0,0.8666666666666667,0.92,91.0,8.0,Mid-cap possible public-to-private screen,live_public_data,2026-05-28T16:37:54+00:00,12.45136186770428,22.83464566929134,0.0,65.57377049180327,65.625,62.4031007751938,54.02843601895735,62.64591439688716,69.8744769874477,22.83464566929134,69.6113074204947,66.99029126213591,22.87581699346405,25.49019607843137,62.890625,71.86311787072243,69.96466431095406,52.127659574468076,83.45323741007195,25.08833922261484,100.0,100.0,75.5,24,0.0880247512739627,0.0855435805293634,2.862619808306709,1.890566037735849,2.6722155879259275,0.1283826760027453,-1.3383028819672709,0.2203336876547646,20.081967213114755,80.56872037914692,37.5,0.0,0.0,0.0,35.0,24.5,Market fields 100%; SEC fields 87%; filing age 91 days; peer count 24; source live_public_data; real filing chunks 0; EBIT proxy used instead of EBITDA.,77.12418300653596,74.50980392156863,45.97156398104265,37.35408560311284,30.125523012552307,30.03533568904594,47.87234042553192,87.54863813229572,30.125523012552307,45.97156398104265,77.12418300653596,37.35408560311284,37.109375,47.30070820457822,55.1,44.85213409887555,52.7,37.9,58.5,71.3,44.2,56.5,53.6,"Screen is supported by above-peer EBIT margin proxy, strong free cash flow conversion proxy; key caution is elevated debt to EBIT proxy.","Platform screen reflects scale, margins, cash conversion and leverage discipline; it is not a transaction recommendation.",Value creation screen looks for peer margin or cash-conversion gaps with enough growth and risk control for further diligence.,"Red flag screen combines leverage, weak cash conversion, liquidity, valuation support, volatility, trend and data-gap indicators."
NCLH,Norwegian Cruise Line Holdings Ltd.,Travel / Leisure / Consumer Platforms,Consumer Cyclical,Travel Services,8362691584.0,24230455296.0,18.21500015258789,26.940000534057617,14.789999961853027,0.3238678622310923,0.5294505634791771,1.921,2.415,14.689516,live_yfinance,live_api,yfinance,2026-05-28T16:37:42+00:00,2025.0,2026-03-02,1513761.0,,,428721000.0,423246000.0,209893000.0,,2089746000.0,3259606000.0,,,,,,4.874372843877487,5349352000.0,12.477466697455922,,,,,,,,live_sec_companyfacts,live_api,True,False,,56.51800424052006,1.0,0.4666666666666667,0.6799999999999999,87.0,8.0,Mid-cap possible public-to-private screen,live_public_data,2026-05-28T16:37:54+00:00,0.0,0.0,0.0,0.0,0.0,94.18604651162791,97.1563981042654,0.0,0.0,0.0,8.657243816254418,0.0,0.0,0.0,0.0,10.266159695817489,24.38162544169611,19.14893617021277,0.0,24.381625441696116,65.0,100.0,63.5,24,0.0880247512739627,0.0855435805293634,2.862619808306709,1.890566037735849,2.6722155879259275,,9.614846889149211,,0.0,4.265402843601896,0.0,0.0,0.0,0.0,35.0,36.5,Market fields 100%; SEC fields 47%; filing age 87 days; peer count 24; source live_public_data; real filing chunks 0; EBIT proxy used instead of EBITDA.,0.0,0.0,2.8436018957345937,100.0,100.0,75.61837455830388,80.85106382978722,100.0,100.0,2.8436018957345937,0.0,100.0,100.0,40.15693859029948,36.5,63.5151011344691,59.8,20.2,36.9,63.1,7.5,41.3,35.4,Screen is supported by strong free cash flow conversion proxy; key caution is incomplete public data coverage.,"Platform screen reflects scale, margins, cash conversion and leverage discipline; it is not a transaction recommendation.",Value creation screen looks for peer margin or cash-conversion gaps with enough growth and risk control for further diligence.,"Red flag screen combines leverage, weak cash conversion, liquidity, valuation support, volatility, trend and data-gap indicators."
NFLX,"Netflix, Inc.",Travel / Leisure / Consumer Platforms,Communication Services,Entertainment,363665620992.0,372441317376.0,86.36499786376953,133.91299438476562,75.86000061035156,0.3550663379565598,0.3315009484737587,1.548,7.943,27.859678,live_yfinance,live_api,yfinance,2026-05-28T16:37:42+00:00,2025.0,2026-01-23,1065280.0,45183036000.0,,12722552000.0,10981201000.0,9039194000.0,14462836000.0,10149273000.0,688220000.0,0.1585106891967753,0.1263971837136066,,0.2815780683706159,0.2430381393583202,0.7977387712779638,10837493000.0,0.8518332642696214,0.0152318228460787,0.2000572515755692,1.136787336377167,0.4263014212871757,0.1150799685431575,0.1263971837136066,-1.5898976170103123,live_sec_companyfacts,live_api,True,False,8.242945812140645,29.2741045488358,1.0,0.8666666666666667,0.92,125.0,8.0,Mega-cap benchmark / public quality comp,live_public_data,2026-05-28T16:37:54+00:00,75.87548638132296,70.07874015748031,0.0,77.8688524590164,76.953125,25.968992248062015,24.170616113744074,54.474708171206224,72.80334728033473,70.07874015748031,69.6113074204947,69.41747572815534,54.90196078431373,54.2483660130719,24.609375,36.12167300380228,21.201413427561832,46.808510638297875,71.94244604316546,97.87985865724382,5.0,3.0,75.5,24,0.0880247512739627,0.0855435805293634,2.862619808306709,1.890566037735849,2.6722155879259275,0.1960344878412525,-2.010786544037088,2.0846859248128653,13.934426229508196,84.83412322274881,12.109375,0.0,0.0,0.0,35.0,24.5,Market fields 100%; SEC fields 87%; filing age 125 days; peer count 24; source live_public_data; real filing chunks 0; EBIT proxy used instead of EBITDA.,45.09803921568628,45.751633986928105,75.82938388625593,45.525291828793776,27.196652719665266,78.79858657243817,53.191489361702125,24.124513618677042,27.196652719665266,75.82938388625593,45.09803921568628,45.525291828793776,75.390625,53.77528712781851,52.4,47.588636166871794,46.2,53.8,35.2,20.8,43.6,40.1,42.0,"Screen is supported by above-peer latest revenue growth, above-peer EBIT margin proxy, strong free cash flow conversion proxy; key caution is material share price drawdown.","Platform screen reflects scale, margins, cash conversion and leverage discipline; it is not a transaction recommendation.",Value creation screen looks for peer margin or cash-conversion gaps with enough growth and risk control for further diligence.,"Red flag screen combines leverage, weak cash conversion, liquidity, valuation support, volatility, trend and data-gap indicators."
PENN,"PENN Entertainment, Inc.",Travel / Leisure / Consumer Platforms,Consumer Cyclical,Resorts & Casinos,2594553600.0,12904833024.0,19.38500022888184,20.46999931335449,11.760000228881836,0.0530043537307209,0.5200617343491545,1.437,1.826,,live_yfinance,live_api,yfinance,2026-05-28T16:37:43+00:00,2025.0,2026-02-26,921738.0,,,-820700000.0,-845300000.0,714800000.0,2887100000.0,508200000.0,,,,,,,-0.6192274887291337,,,,,-3.517850615328378,-2.646886803947849,,,-19.3621175862354,live_sec_companyfacts,live_api,True,False,,-15.724178169855,0.8888888888888888,0.4666666666666667,0.6355555555555555,91.0,8.0,Mid-cap possible public-to-private screen,live_public_data,2026-05-28T16:37:54+00:00,0.0,0.0,0.0,0.0,0.0,13.178294573643413,0.0,0.0,0.0,0.0,3.7102473498233217,0.0,91.50326797385621,85.62091503267975,0.0,90.11406844106465,74.20494699646642,20.921985815602838,94.24460431654677,8.8339222614841,100.0,100.0,60.8,24,0.0880247512739627,0.0855435805293634,2.862619808306709,1.890566037735849,2.6722155879259275,,,,0.0,0.0,0.0,0.0,0.0,0.0,35.0,39.16666666666667,Market fields 89%; SEC fields 47%; filing age 91 days; peer count 24; source live_public_data; real filing chunks 0; EBIT proxy used instead of EBITDA.,8.49673202614379,14.37908496732026,100.0,100.0,100.0,25.795053003533567,79.07801418439716,100.0,100.0,100.0,8.49673202614379,100.0,100.0,23.011013767209008,51.7,48.296867943979834,77.0,11.4,44.8,64.4,8.7,39.5,33.2,Screen is supported by balanced but not standout structured metrics; key caution is incomplete public data coverage.,"Platform screen reflects scale, margins, cash conversion and leverage discipline; it is not a transaction recommendation.",Value creation screen looks for peer margin or cash-conversion gaps with enough growth and risk control for further diligence.,"Red flag screen combines leverage, weak cash conversion, liquidity, valuation support, volatility, trend and data-gap indicators."
PINS,"Pinterest, Inc.",Travel / Leisure / Consumer Platforms,Communication Services,Internet Content & Information,11449615360.0,11126417408.0,20.440000534057617,39.16999816894531,15.420000076293944,0.4781720324341801,0.4881217045302503,0.923,2.544,42.583336,live_yfinance,live_api,yfinance,2026-05-28T16:37:43+00:00,2025.0,2026-02-12,1506293.0,4221767000.0,,445890000.0,416855000.0,975362000.0,,1284264000.0,32375000.0,0.1578647269488005,0.1463372124673132,,0.1056169134866988,0.0987394614624634,2.8802260647244835,1316639000.0,2.952833658525645,0.0076685899529746,0.231031698338634,,,0.1362830082981114,0.1463372124673132,,live_sec_companyfacts,live_api,True,False,2.6354882701958684,24.95327862925834,1.0,0.7333333333333333,0.84,105.0,8.0,Mid-cap possible public-to-private screen,live_public_data,2026-05-28T16:37:54+00:00,75.4863813229572,75.98425196850394,0.0,38.114754098360656,39.453125,88.75968992248062,79.62085308056872,57.58754863813229,75.31380753138075,75.98425196850394,34.62897526501767,84.46601941747574,0.0,0.0,71.484375,48.66920152091255,9.540636042402827,22.3404255319149,0.0,34.62897526501767,100.0,100.0,71.5,24,0.0880247512739627,0.0855435805293634,2.862619808306709,1.890566037735849,2.6722155879259275,0.0200733329573354,0.090213850218936,-0.013744144707488,43.44262295081967,41.70616113744076,53.125,0.0,0.0,0.0,35.0,28.5,Market fields 100%; SEC fields 73%; filing age 105 days; peer count 24; source live_public_data; real filing chunks 0; EBIT proxy used instead of EBITDA.,0.0,0.0,20.379146919431278,42.41245136186771,24.686192468619254,90.45936395759718,77.6595744680851,24.5136186770428,24.686192468619254,20.379146919431278,0.0,42.41245136186771,28.515625,73.77551696532387,26.1,73.92252072939841,26.2,48.6,61.8,69.0,52.9,63.1,63.0,"Screen is supported by above-peer latest revenue growth, above-peer EBIT margin proxy, strong free cash flow conversion proxy; key caution is material share price drawdown.","Platform screen reflects scale, margins, cash conversion and leverage discipline; it is not a transaction recommendation.",Value creation screen looks for peer margin or cash-conversion gaps with enough growth and risk control for further diligence.,"Red flag screen combines leverage, weak cash conversion, liquidity, valuation support, volatility, trend and data-gap indicators."
RCL,Royal Caribbean Cruises Ltd.,Travel / Leisure / Consumer Platforms,Consumer Cyclical,Travel Services,75550531584.0,95297208320.0,281.70001220703125,361.55511474609375,244.5682678222656,0.2208656420063139,0.453829011688344,1.777,5.183,17.17683,live_yfinance,live_api,yfinance,2026-05-28T16:37:44+00:00,2025.0,2026-02-11,884887.0,17935000000.0,,4373000000.0,4291000000.0,825000000.0,,6465000000.0,5229000000.0,0.0880247512739627,0.2659236958635664,,0.2438249233342626,0.2392528575411207,1.478390121198262,11694000000.0,2.6741367482277614,0.2915528296626707,0.0459994424310008,,,0.3302422688810278,0.2659236958635664,,live_sec_companyfacts,live_api,True,False,5.3134769066071925,21.792181184541505,1.0,0.7333333333333333,0.84,106.0,8.0,Large-cap strategic / unlikely PE target,live_public_data,2026-05-28T16:37:54+00:00,50.97276264591439,90.5511811023622,0.0,71.31147540983606,76.5625,63.17829457364341,72.03791469194313,21.40077821011673,87.86610878661088,90.5511811023622,34.62897526501767,11.165048543689316,0.0,0.0,41.796875,56.65399239543727,35.33568904593639,27.6595744680851,0.0,74.91166077738515,20.0,35.0,71.5,24,0.0880247512739627,0.0855435805293634,2.862619808306709,1.890566037735849,2.6722155879259275,0.1582813428048992,-0.1884830600789477,0.9884162530207048,17.62295081967213,61.137440758293835,19.140625,0.0,0.0,0.0,35.0,28.5,Market fields 100%; SEC fields 73%; filing age 106 days; peer count 24; source live_public_data; real filing chunks 0; EBIT proxy used instead of EBITDA.,0.0,0.0,27.96208530805687,78.59922178988327,12.13389121338912,64.66431095406361,72.3404255319149,49.02723735408561,12.13389121338912,27.96208530805687,0.0,78.59922178988327,58.203125,64.2354948826412,27.4,72.62710547662644,35.8,54.5,41.8,36.2,36.2,46.9,47.2,"Screen is supported by above-peer EBIT margin proxy, strong free cash flow conversion proxy; key caution is no major structured red flag from the cached screen.","Platform screen reflects scale, margins, cash conversion and leverage discipline; it is not a transaction recommendation.",Value creation screen looks for peer margin or cash-conversion gaps with enough growth and risk control for further diligence.,"Red flag screen combines leverage, weak cash conversion, liquidity, valuation support, volatility, trend and data-gap indicators."
ROKU,"Roku, Inc.",Travel / Leisure / Consumer Platforms,Communication Services,Entertainment,19144062976.0,17588647936.0,129.6199951171875,131.91000366210938,72.45999908447266,0.0173603857277404,0.4447323338050617,2.043,3.542,96.01481,live_yfinance,live_api,yfinance,2026-05-28T16:37:44+00:00,2025.0,2026-02-13,1428439.0,4737251000.0,2074424000.0,93898000.0,88361000.0,1587068000.0,,483718000.0,5280000.0,0.1518036673897578,0.1485619201651329,0.43789615538632,0.0198212001010712,0.0186523787741033,5.1515261240921,488998000.0,5.207757353724254,0.0011145704544682,0.3350187693242347,,,0.177274469440218,0.1485619201651329,,live_sec_companyfacts,live_api,True,False,3.712838508240328,187.31653428188037,1.0,0.8666666666666667,0.92,104.0,8.0,Mid-cap possible public-to-private screen,live_public_data,2026-05-28T16:37:54+00:00,74.31906614785993,76.37795275590551,56.62650602409639,17.62295081967213,17.1875,94.96124031007753,89.57345971563981,68.09338521400778,82.00836820083683,76.37795275590551,69.6113074204947,99.02912621359224,0.0,0.0,58.59375,3.041825095057038,88.33922261484099,29.078014184397162,0.0,41.69611307420495,100.0,100.0,75.5,24,0.0880247512739627,0.0855435805293634,2.862619808306709,1.890566037735849,2.6722155879259275,-0.0657223804282921,2.345137545417545,0.3894232654791497,75.40983606557377,11.374407582938389,32.03125,0.0,0.0,0.0,35.0,24.5,Market fields 100%; SEC fields 87%; filing age 104 days; peer count 24; source live_public_data; real filing chunks 0; EBIT proxy used instead of EBITDA.,0.0,0.0,10.426540284360186,31.90661478599222,17.991631799163173,11.66077738515901,70.92198581560284,25.680933852140072,17.991631799163173,10.426540284360186,0.0,31.90661478599222,41.40625,76.73893034242967,14.1,85.86395999650286,23.3,56.2,67.2,73.5,59.0,68.7,68.2,"Screen is supported by above-peer latest revenue growth, strong free cash flow conversion proxy; key caution is no major structured red flag from the cached screen.","Platform screen reflects scale, margins, cash conversion and leverage discipline; it is not a transaction recommendation.",Value creation screen looks for peer margin or cash-conversion gaps with enough growth and risk control for further diligence.,"Red flag screen combines leverage, weak cash conversion, liquidity, valuation support, volatility, trend and data-gap indicators."
SEAT,Vivid Seats Inc.,Travel / Leisure / Consumer Platforms,Communication Services,Internet Content & Information,94381864.0,348633152.0,8.59000015258789,39.400001525878906,5.300000190734863,0.7819797000021494,0.9699840453304114,1.031,0.655,,live_yfinance,live_api,yfinance,2026-05-28T16:37:45+00:00,2025.0,2026-03-12,1856031.0,450509000.0,,-652105000.0,-721490000.0,103306000.0,,-91599000.0,2164000.0,-0.3046530975117728,-0.0411863026140585,,-1.4474849559054317,-1.6014996370771728,0.1404666426419058,-89435000.0,0.1371481586554312,0.004803455646835,0.2293095143493248,,,-1.5828592706107498,-0.0411863026140585,,live_sec_companyfacts,live_api,True,False,0.7738650104659396,-0.5346273253540458,0.8888888888888888,0.7333333333333333,0.7955555555555556,77.0,8.0,Distressed/special situations watchlist,live_public_data,2026-05-28T16:37:54+00:00,1.9455252918287937,8.661417322834646,0.0,0.819672131147541,0.78125,15.891472868217054,16.587677725118482,57.19844357976653,0.8368200836820083,8.661417322834646,21.73144876325088,89.80582524271846,0.0,0.0,93.75,85.17110266159695,0.0,2.4822695035460973,0.0,0.7067137809187279,35.0,20.0,68.8,24,0.0880247512739627,0.0855435805293634,2.862619808306709,1.890566037735849,2.6722155879259275,-1.533028536434795,-2.725471649651278,-0.7104032272087059,99.59016393442623,87.67772511848341,90.234375,0.0,0.0,0.0,35.0,31.16666666666667,Market fields 89%; SEC fields 73%; filing age 77 days; peer count 24; source live_public_data; real filing chunks 0; EBIT proxy used instead of EBITDA.,0.0,0.0,83.41232227488152,42.80155642023347,99.16317991631799,100.0,97.51773049645391,100.0,100.0,83.41232227488152,0.0,42.80155642023347,6.25,41.45412102094596,46.2,53.80010523424282,58.5,7.1,19.2,27.8,68.3,34.5,38.3,"Screen is supported by balanced but not standout structured metrics; key caution is material share price drawdown, incomplete public data coverage.","Platform screen reflects scale, margins, cash conversion and leverage discipline; it is not a transaction recommendation.",Value creation screen looks for peer margin or cash-conversion gaps with enough growth and risk control for further diligence.,"Red flag screen combines leverage, weak cash conversion, liquidity, valuation support, volatility, trend and data-gap indicators."
SNAP,Snap Inc.,Travel / Leisure / Consumer Platforms,Communication Services,Internet Content & Information,9802106880.0,11122802688.0,5.914999961853027,10.350000381469728,3.930000066757202,0.4285024402083082,0.5481423294340625,1.055,1.824,,live_yfinance,live_api,yfinance,2026-05-28T16:37:45+00:00,2025.0,2026-02-05,1564408.0,5931447000.0,,-451136000.0,-460489000.0,1031397000.0,3536829000.0,656170000.0,218981000.0,0.1063246936713149,0.0882854585693329,,-0.0760583378726978,-0.0776351875014646,-1.454483792027238,875151000.0,-1.939882873457228,0.0369186473384993,0.1738862372031647,-7.839828787771315,-5.553606894594978,0.2283187959172782,0.0882854585693329,,live_sec_companyfacts,live_api,True,False,1.8752258408445697,-24.655098879273652,0.8888888888888888,0.8666666666666667,0.8755555555555556,112.0,8.0,Mid-cap possible public-to-private screen,live_public_data,2026-05-28T16:37:54+00:00,61.86770428015564,55.51181102362205,0.0,4.918032786885246,5.078125,10.077519379844961,12.322274881516588,49.80544747081712,84.10041841004184,55.51181102362205,48.93992932862191,43.689320388349515,92.15686274509804,92.15686274509804,83.203125,90.8745247148289,14.487632508833926,17.730496453900713,0.0,29.681978798586574,100.0,100.0,72.8,24,0.0880247512739627,0.0855435805293634,2.862619808306709,1.890566037735849,2.6722155879259275,-0.1616019184020612,-4.802502681763937,-0.2982505418658795,88.9344262295082,90.52132701421802,69.140625,0.0,0.0,0.0,35.0,27.16666666666667,Market fields 89%; SEC fields 87%; filing age 112 days; peer count 24; source live_public_data; real filing chunks 0; EBIT proxy used instead of EBITDA.,7.8431372549019605,7.8431372549019605,87.67772511848341,50.19455252918288,15.89958158995816,85.51236749116607,82.26950354609929,38.13229571984436,15.89958158995816,100.0,7.8431372549019605,50.19455252918288,16.796875,58.80709018640885,40.2,59.77448209358348,41.2,36.1,55.7,72.5,69.2,61.4,61.3,Screen is supported by above-peer latest revenue growth; key caution is material share price drawdown.,"Platform screen reflects scale, margins, cash conversion and leverage discipline; it is not a transaction recommendation.",Value creation screen looks for peer margin or cash-conversion gaps with enough growth and risk control for further diligence.,"Red flag screen combines leverage, weak cash conversion, liquidity, valuation support, volatility, trend and data-gap indicators."
TRIP,"Tripadvisor, Inc.",Travel / Leisure / Consumer Platforms,Consumer Cyclical,Travel Services,1251464320.0,1311420288.0,10.755000114440918,19.13999938964844,9.239999771118164,0.4380877503968162,0.5286161121145999,0.914,0.699,97.77273,live_yfinance,live_api,yfinance,2026-05-28T16:37:46+00:00,2025.0,2026-02-13,1526520.0,1891000000.0,,45000000.0,40000000.0,1035000000.0,1172000000.0,245000000.0,82000000.0,0.0305177111716621,0.0822000971149217,,0.0237969328397673,0.0211528291909042,5.444444444444445,327000000.0,7.266666666666667,0.0433632998413537,0.5473294553146484,26.044444444444444,3.0444444444444443,-0.0211092333800718,0.0822000971149217,13.566832504145935,live_sec_companyfacts,live_api,True,False,0.6935062337387625,29.142673066666667,1.0,0.8666666666666667,0.92,104.0,8.0,Small/mid-cap platform candidate,live_public_data,2026-05-28T16:37:54+00:00,22.957198443579767,50.39370078740157,0.0,19.262295081967213,17.578125,95.73643410852713,94.3127962085308,81.71206225680933,23.84937238493724,50.39370078740157,69.6113074204947,38.3495145631068,1.9607843137254943,32.6797385620915,94.140625,36.50190114068441,13.427561837455826,19.50354609929078,7.194244604316546,3.53356890459364,85.0,60.0,75.5,24,0.0880247512739627,0.0855435805293634,2.862619808306709,1.890566037735849,2.6722155879259275,-0.061746647689596,4.4040468583599575,-0.7404751933667763,74.59016393442623,6.161137440758294,93.359375,0.0,0.0,0.0,35.0,24.5,Market fields 100%; SEC fields 87%; filing age 104 days; peer count 24; source live_public_data; real filing chunks 0; EBIT proxy used instead of EBITDA.,98.0392156862745,67.3202614379085,5.6872037914692015,18.287937743190668,76.15062761506276,86.57243816254417,80.49645390070921,77.04280155642023,100.0,5.6872037914692015,98.0392156862745,18.287937743190668,5.859375,44.30169273443248,63.4,36.57562883710971,55.7,33.4,56.3,57.2,48.0,51.1,50.4,"Screen is supported by strong free cash flow conversion proxy; key caution is elevated debt to EBIT proxy, material share price drawdown.","Platform screen reflects scale, margins, cash conversion and leverage discipline; it is not a transaction recommendation.",Value creation screen looks for peer margin or cash-conversion gaps with enough growth and risk control for further diligence.,"Red flag screen combines leverage, weak cash conversion, liquidity, valuation support, volatility, trend and data-gap indicators."
UBER,"Uber Technologies, Inc.",Travel / Leisure / Consumer Platforms,Technology,Software - Application,142726021120.0,151366926336.0,70.11499786376953,100.0999984741211,69.18000030517578,0.2995504602140788,0.3248108116456125,1.158,2.819,17.398262,live_yfinance,live_api,yfinance,2026-05-28T16:37:46+00:00,2025.0,2026-02-13,1543151.0,52017000000.0,,5565000000.0,10093000000.0,9647000000.0,10521000000.0,10099000000.0,336000000.0,0.1827959434262585,0.177305807366942,,0.1069842551473556,0.194032720072284,1.8147349505840071,10435000000.0,1.8751123090745727,0.006459426725878,0.185458600073053,1.890566037735849,0.1570530098831985,0.1644551589337847,0.177305807366942,6.962618439482574,live_sec_companyfacts,live_api,True,False,2.9099510993713595,27.199807068463613,1.0,0.8666666666666667,0.92,104.0,8.0,Mega-cap benchmark / public quality comp,live_public_data,2026-05-28T16:37:54+00:00,79.76653696498055,81.88976377952756,0.0,38.9344262295082,71.484375,75.1937984496124,64.45497630331754,52.14007782101168,79.9163179916318,81.88976377952756,69.6113074204947,87.37864077669903,50.326797385620914,60.130718954248366,66.40625,40.68441064638784,26.14840989399293,48.93617021276596,8.633093525179858,89.04593639575971,5.0,3.0,75.5,24,0.0880247512739627,0.0855435805293634,2.862619808306709,1.890566037735849,2.6722155879259275,0.0214406746179922,-0.9875074992321364,0.0889656929327148,43.0327868852459,79.14691943127961,41.40625,0.0,0.0,0.0,35.0,24.5,Market fields 100%; SEC fields 87%; filing age 104 days; peer count 24; source live_public_data; real filing chunks 0; EBIT proxy used instead of EBITDA.,49.673202614379086,39.869281045751634,35.54502369668246,47.85992217898832,20.0836820083682,73.85159010600707,51.06382978723404,20.233463035019454,20.0836820083682,35.54502369668246,49.673202614379086,47.85992217898832,33.59375,65.13207657029035,45.0,54.9994686846621,34.9,55.9,36.7,29.5,58.5,47.0,49.9,"Screen is supported by above-peer latest revenue growth, above-peer EBIT margin proxy, strong free cash flow conversion proxy; key caution is no major structured red flag from the cached screen.","Platform screen reflects scale, margins, cash conversion and leverage discipline; it is not a transaction recommendation.",Value creation screen looks for peer margin or cash-conversion gaps with enough growth and risk control for further diligence.,"Red flag screen combines leverage, weak cash conversion, liquidity, valuation support, volatility, trend and data-gap indicators."
WYNN,"Wynn Resorts, Limited",Travel / Leisure / Consumer Platforms,Consumer Cyclical,Resorts & Casinos,10451322880.0,19986298880.0,100.6999969482422,132.45240783691406,82.48084259033203,0.2397269434902834,0.351725818560274,1.007,2.74,28.853867,live_yfinance,live_api,yfinance,2026-05-28T16:37:47+00:00,2025.0,2026-03-02,1174922.0,,,514140000.0,409135000.0,1560095000.0,10546812000.0,1352653000.0,660433000.0,,,,,,2.630904033920722,2013086000.0,3.915443264480492,,,20.513502158945037,17.479124363013966,,,37.82241055794165,live_sec_companyfacts,live_api,True,False,,38.8732619130976,1.0,0.6,0.76,87.0,8.0,Mid-cap possible public-to-private screen,live_public_data,2026-05-28T16:37:54+00:00,0.0,0.0,0.0,0.0,0.0,86.43410852713178,86.7298578199052,0.0,0.0,0.0,16.431095406360424,0.0,4.575163398692805,3.26797385620915,0.0,19.39163498098859,32.50883392226148,42.90780141843972,1.4388489208633115,31.802120141342755,100.0,100.0,67.5,24,0.0880247512739627,0.0855435805293634,2.862619808306709,1.890566037735849,2.6722155879259275,,1.0528234561737828,,0.0,20.379146919431278,0.0,0.0,0.0,0.0,35.0,32.5,Market fields 100%; SEC fields 60%; filing age 87 days; peer count 24; source live_public_data; real filing chunks 0; EBIT proxy used instead of EBITDA.,95.42483660130719,96.73202614379085,13.270142180094794,100.0,100.0,67.49116607773851,57.09219858156028,100.0,100.0,13.270142180094794,95.42483660130719,100.0,100.0,23.53293077642472,77.7,22.338062534663933,76.5,20.8,47.5,63.7,9.1,40.5,34.3,"Screen is supported by strong free cash flow conversion proxy; key caution is elevated debt to EBIT proxy, incomplete public data coverage.","Platform screen reflects scale, margins, cash conversion and leverage discipline; it is not a transaction recommendation.",Value creation screen looks for peer margin or cash-conversion gaps with enough growth and risk control for further diligence.,"Red flag screen combines leverage, weak cash conversion, liquidity, valuation support, volatility, trend and data-gap indicators."
