ticker,company_name,sector_theme,peer_count,revenue_growth_yoy_peer_median,revenue_growth_yoy_peer_q1,revenue_growth_yoy_peer_q3,revenue_growth_yoy_gap_to_median,revenue_growth_yoy_premium_discount_to_median,revenue_growth_yoy_peer_percentile,revenue_cagr_3y_peer_median,revenue_cagr_3y_peer_q1,revenue_cagr_3y_peer_q3,revenue_cagr_3y_gap_to_median,revenue_cagr_3y_premium_discount_to_median,revenue_cagr_3y_peer_percentile,gross_margin_peer_median,gross_margin_peer_q1,gross_margin_peer_q3,gross_margin_gap_to_median,gross_margin_premium_discount_to_median,gross_margin_peer_percentile,operating_margin_peer_median,operating_margin_peer_q1,operating_margin_peer_q3,operating_margin_gap_to_median,operating_margin_premium_discount_to_median,operating_margin_peer_percentile,fcf_conversion_peer_median,fcf_conversion_peer_q1,fcf_conversion_peer_q3,fcf_conversion_gap_to_median,fcf_conversion_premium_discount_to_median,fcf_conversion_peer_percentile,debt_to_ebit_proxy_peer_median,debt_to_ebit_proxy_peer_q1,debt_to_ebit_proxy_peer_q3,debt_to_ebit_proxy_gap_to_median,debt_to_ebit_proxy_premium_discount_to_median,debt_to_ebit_proxy_peer_percentile,net_debt_to_ebit_proxy_peer_median,net_debt_to_ebit_proxy_peer_q1,net_debt_to_ebit_proxy_peer_q3,net_debt_to_ebit_proxy_gap_to_median,net_debt_to_ebit_proxy_premium_discount_to_median,net_debt_to_ebit_proxy_peer_percentile,ev_to_sales_peer_median,ev_to_sales_peer_q1,ev_to_sales_peer_q3,ev_to_sales_gap_to_median,ev_to_sales_premium_discount_to_median,ev_to_sales_peer_percentile,ev_to_ebit_proxy_peer_median,ev_to_ebit_proxy_peer_q1,ev_to_ebit_proxy_peer_q3,ev_to_ebit_proxy_gap_to_median,ev_to_ebit_proxy_premium_discount_to_median,ev_to_ebit_proxy_peer_percentile,drawdown_from_52w_high_peer_median,drawdown_from_52w_high_peer_q1,drawdown_from_52w_high_peer_q3,drawdown_from_52w_high_gap_to_median,drawdown_from_52w_high_premium_discount_to_median,drawdown_from_52w_high_peer_percentile,realised_volatility_peer_median,realised_volatility_peer_q1,realised_volatility_peer_q3,realised_volatility_gap_to_median,realised_volatility_premium_discount_to_median,realised_volatility_peer_percentile,valuation_premium_discount_to_median,margin_gap_vs_peers,growth_gap_vs_peers,leverage_gap_vs_peers,cash_conversion_gap_vs_peers,red_flag_comparison_vs_peers
ADP,"Automatic Data Processing, Inc.",Business Services,12,0.0774821121822642,0.060225117453754654,0.11562383203076686,-0.006746899242349891,-0.087076862676109,45.45454545454545,0.0761371928036849,0.06496797728498979,0.10886152137976085,0.0,0.0,54.54545454545454,0.5003939486165667,0.441519876157501,0.5964165250833545,,,0.0,0.2449984182220816,0.20354677407997573,0.3916976607001242,0.013263622836432315,0.05413758559212147,63.63636363636363,1.2857809860120686,1.0136835486678275,1.995493801476189,,,0.0,2.2345047923322685,1.5287637158414324,3.5390404379528873,-1.4859878152508577,-0.6650188535509272,85.71428571428572,1.4728434504792332,0.9859478327180928,3.1783293681327836,-1.67621061870582,-1.1380779254987456,85.71428571428572,6.8368030989012665,4.838581085081329,8.894634348038174,-2.5484808095073195,-0.3727591350286046,90.9090909090909,22.68508910099889,21.883974570456942,30.496645939770218,-6.080549495341746,-0.26804168448577975,90.9090909090909,0.2878874380581667,0.19000570250149512,0.44795797628449385,0.02938141334281469,0.10205868495338193,41.666666666666664,0.25983788614391284,0.22498968414878845,0.30067854556329937,-0.02411763171332365,-0.09281799537102896,66.66666666666667,-0.3727591350286046,0.013263622836432315,-0.006746899242349891,-1.4859878152508577,,
CTAS,Cintas Corporation,Business Services,12,0.0774821121822642,0.060225117453754654,0.11562383203076686,0.0,0.0,54.54545454545454,0.0761371928036849,0.06496797728498979,0.10886152137976085,0.019846152572096293,0.260663045763565,72.72727272727273,0.5003939486165667,0.441519876157501,0.5964165250833545,0.0,0.0,66.66666666666666,0.2449984182220816,0.20354677407997573,0.3916976607001242,-0.026027202921305004,-0.10623416718434626,36.36363636363637,1.2857809860120686,1.0136835486678275,1.995493801476189,-0.14860815425942464,-0.11557812401654988,50.0,2.2345047923322685,1.5287637158414324,3.5390404379528873,-1.1634877187672774,-0.5206915298458076,71.42857142857143,1.4728434504792332,0.9859478327180928,3.1783293681327836,-0.5184118229124347,-0.3519802615435837,71.42857142857143,6.8368030989012665,4.838581085081329,8.894634348038174,0.0,0.0,45.45454545454546,22.68508910099889,21.883974570456942,30.496645939770218,8.53729366520307,0.37633943720446517,18.181818181818176,0.2878874380581667,0.19000570250149512,0.44795797628449385,-0.04108060856781548,-0.14269677358938906,58.33333333333333,0.25983788614391284,0.22498968414878845,0.30067854556329937,-0.06703991284052666,-0.25800668961490925,75.0,0.0,-0.026027202921305004,0.0,-1.1634877187672774,-0.14860815425942464,
FIS,"Fidelity National Information Services, Inc.",Business Services,12,0.0774821121822642,0.060225117453754654,0.11562383203076686,0.004472485740013507,0.05772281645462509,63.63636363636363,0.0761371928036849,0.06496797728498979,0.10886152137976085,-0.4976818610876139,-6.536645793743094,9.090909090909092,0.5003939486165667,0.441519876157501,0.5964165250833545,-0.11774814491813151,-0.23531088903786393,33.33333333333333,0.2449984182220816,0.20354677407997573,0.3916976607001242,-0.0568760853629067,-0.23214878600298033,27.27272727272727,1.2857809860120686,1.0136835486678275,1.995493801476189,,,0.0,2.2345047923322685,1.5287637158414324,3.5390404379528873,17.336383676476807,7.758490264136746,0.0,1.4728434504792332,0.9859478327180928,3.1783293681327836,16.9657198765529,11.519024558266937,0.0,6.8368030989012665,4.838581085081329,8.894634348038174,8.139463461553927,1.190536474988143,0.0,22.68508910099889,21.883974570456942,30.496645939770218,56.92410100864194,2.5093179381047883,0.0,0.2878874380581667,0.19000570250149512,0.44795797628449385,0.1912857614275546,0.6644463638906882,8.333333333333337,0.25983788614391284,0.22498968414878845,0.30067854556329937,0.03773759143180183,0.14523513869297963,25.0,1.190536474988143,-0.0568760853629067,0.004472485740013507,17.336383676476807,,
GPN,Global Payments Inc.,Business Services,12,0.0774821121822642,0.060225117453754654,0.11562383203076686,-0.3149688699099823,-4.0650527075083955,9.090909090909092,0.0761371928036849,0.06496797728498979,0.10886152137976085,-0.12570548343423682,-1.65103911511895,18.181818181818183,0.5003939486165667,0.441519876157501,0.5964165250833545,,,0.0,0.2449984182220816,0.20354677407997573,0.3916976607001242,-0.017298991888054505,-0.07060858602104784,45.45454545454545,1.2857809860120686,1.0136835486678275,1.995493801476189,0.5803515871204086,0.45136115204223537,75.0,2.2345047923322685,1.5287637158414324,3.5390404379528873,,,0.0,1.4728434504792332,0.9859478327180928,3.1783293681327836,,,0.0,6.8368030989012665,4.838581085081329,8.894634348038174,-1.814317454565864,-0.2653751217228182,63.63636363636363,22.68508910099889,21.883974570456942,30.496645939770218,-0.6275647356647802,-0.027664195316612034,63.63636363636363,0.2878874380581667,0.19000570250149512,0.44795797628449385,-0.1115804004873168,-0.3875834292733966,75.0,0.25983788614391284,0.22498968414878845,0.30067854556329937,0.12353930831535154,0.47544763447978683,8.333333333333337,-0.2653751217228182,-0.017298991888054505,-0.3149688699099823,,0.5803515871204086,
MCO,Moody's Corporation,Business Services,12,0.0774821121822642,0.060225117453754654,0.11562383203076686,0.011400506327893911,0.14713726829072568,72.72727272727273,0.0761371928036849,0.06496797728498979,0.10886152137976085,0.0456025045800556,0.5989517461937278,81.81818181818183,0.5003939486165667,0.441519876157501,0.5964165250833545,,,0.0,0.2449984182220816,0.20354677407997573,0.3916976607001242,0.16054705988105392,0.6552983527245642,90.9090909090909,1.2857809860120686,1.0136835486678275,1.995493801476189,-0.2547905706766054,-0.19816016370474923,37.5,2.2345047923322685,1.5287637158414324,3.5390404379528873,0.0,0.0,42.85714285714286,1.4728434504792332,0.9859478327180928,3.1783293681327836,0.0,0.0,42.85714285714286,6.8368030989012665,4.838581085081329,8.894634348038174,4.1659041558279375,0.6093351081732096,9.090909090909093,22.68508910099889,21.883974570456942,30.496645939770218,4.445548148841361,0.19596785046991994,36.36363636363637,0.2878874380581667,0.19000570250149512,0.44795797628449385,-0.1285238864585693,-0.44643798050195393,83.33333333333334,0.25983788614391284,0.22498968414878845,0.30067854556329937,0.0011404132463798677,0.0043889413638019,41.666666666666664,0.6093351081732096,0.16054705988105392,0.011400506327893911,0.0,-0.2547905706766054,
PAYX,"Paychex, Inc.",Business Services,12,0.0774821121822642,0.060225117453754654,0.11562383203076686,-0.023312197918819194,-0.300871998223035,27.27272727272727,0.0761371928036849,0.06496797728498979,0.10886152137976085,-0.017042610928528205,-0.2238408102656416,27.27272727272727,0.5003939486165667,0.441519876157501,0.5964165250833545,,,0.0,0.2449984182220816,0.20354677407997573,0.3916976607001242,0.1572012120921513,0.6416417429669055,81.81818181818183,1.2857809860120686,1.0136835486678275,1.995493801476189,-0.3240180373471482,-0.2520009557398346,25.0,2.2345047923322685,1.5287637158414324,3.5390404379528873,0.039588686228327674,0.017716984257172663,28.57142857142857,1.4728434504792332,0.9859478327180928,3.1783293681327836,-0.45537941260984605,-0.30918385281319266,57.14285714285714,6.8368030989012665,4.838581085081329,8.894634348038174,0.014290668196700551,0.0020902559266329002,36.36363636363637,22.68508910099889,21.883974570456942,30.496645939770218,-5.651026285612154,-0.24910751994195707,81.81818181818181,0.2878874380581667,0.19000570250149512,0.44795797628449385,0.09680832483308582,0.33627144513865875,33.333333333333336,0.25983788614391284,0.22498968414878845,0.30067854556329937,-0.0011404132463798677,-0.0043889413638019,50.0,0.0020902559266329002,0.1572012120921513,-0.023312197918819194,0.039588686228327674,-0.3240180373471482,
ROP,"Roper Technologies, Inc.",Business Services,12,0.0774821121822642,0.060225117453754654,0.11562383203076686,3.1324694087809233,40.42829138953122,100.0,0.0761371928036849,0.06496797728498979,0.10886152137976085,0.6914672057882114,9.081858423269129,100.0,0.5003939486165667,0.441519876157501,0.5964165250833545,0.1920451529335756,0.3837879204265371,100.0,0.2449984182220816,0.20354677407997573,0.3916976607001242,0.0,0.0,54.54545454545454,1.2857809860120686,1.0136835486678275,1.995493801476189,,,0.0,2.2345047923322685,1.5287637158414324,3.5390404379528873,2.56948260501291,1.149911431754419,14.28571428571429,1.4728434504792332,0.9859478327180928,3.1783293681327836,3.177536178672154,2.1574161039574493,14.28571428571429,6.8368030989012665,4.838581085081329,8.894634348038174,-1.5177833699547305,-0.2220019134672244,54.54545454545454,22.68508910099889,21.883974570456942,30.496645939770218,-0.9746643254191198,-0.04296497673338222,72.72727272727273,0.2878874380581667,0.19000570250149512,0.44795797628449385,0.15534791976185391,0.5396134017159386,25.0,0.25983788614391284,0.22498968414878845,0.30067854556329937,-0.01731408099830653,-0.06663416661539887,58.33333333333333,-0.2220019134672244,0.0,3.1324694087809233,2.56948260501291,,
RSG,"Republic Services, Inc.",Business Services,12,0.0774821121822642,0.060225117453754654,0.11562383203076686,-0.0426143477112063,-0.5499894944908433,18.181818181818183,0.0761371928036849,0.06496797728498979,0.10886152137976085,-0.005295820108862009,-0.06955628272921695,36.36363636363637,0.5003939486165667,0.441519876157501,0.5964165250833545,,,0.0,0.2449984182220816,0.20354677407997573,0.3916976607001242,-0.08864859000196229,-0.3618333156812701,18.181818181818183,1.2857809860120686,1.0136835486678275,1.995493801476189,1.097796500495256,0.8537974292963699,87.5,2.2345047923322685,1.5287637158414324,3.5390404379528873,,,0.0,1.4728434504792332,0.9859478327180928,3.1783293681327836,,,0.0,6.8368030989012665,4.838581085081329,8.894634348038174,-2.1821265730740107,-0.3191735291345011,72.72727272727273,22.68508910099889,21.883974570456942,30.496645939770218,7.085820012339582,0.3123558378277462,27.27272727272727,0.2878874380581667,0.19000570250149512,0.44795797628449385,-0.09331551391312318,-0.3241388875546181,66.66666666666667,0.25983788614391284,0.22498968414878845,0.30067854556329937,-0.07910197247168205,-0.30442817114002735,91.66666666666666,-0.3191735291345011,-0.08864859000196229,-0.0426143477112063,,1.097796500495256,
SPGI,S&P Global Inc.,Business Services,12,0.0774821121822642,0.060225117453754654,0.11562383203076686,0.1496924097029883,1.9319608808657798,90.9090909090909,0.0761371928036849,0.06496797728498979,0.10886152137976085,0.08986066477472308,1.180246624096364,90.9090909090909,0.5003939486165667,0.441519876157501,0.5964165250833545,,,0.0,0.2449984182220816,0.20354677407997573,0.3916976607001242,0.1610396621117733,0.6573089870555698,100.0,1.2857809860120686,1.0136835486678275,1.995493801476189,-0.3469661474059982,-0.26984855988743134,12.5,2.2345047923322685,1.5287637158414324,3.5390404379528873,-0.24799443421439493,-0.11098406907221277,57.14285714285714,1.4728434504792332,0.9859478327180928,3.1783293681327836,0.23343565663494714,0.15849318986277322,28.57142857142857,6.8368030989012665,4.838581085081329,8.894634348038174,2.305007379971973,0.33714695986233795,18.181818181818176,22.68508910099889,21.883974570456942,30.496645939770218,-0.17042626110809067,-0.007512699657000082,54.54545454545454,0.2878874380581667,0.19000570250149512,0.44795797628449385,-0.02938141334281469,-0.10205868495338193,50.0,0.25983788614391284,0.22498968414878845,0.30067854556329937,0.011398470327407761,0.04386762260332832,33.333333333333336,0.33714695986233795,0.1610396621117733,0.1496924097029883,-0.24799443421439493,-0.3469661474059982,
TRI,Thomson Reuters Corporation,Business Services,12,0.0774821121822642,0.060225117453754654,0.11562383203076686,,,0.0,0.0761371928036849,0.06496797728498979,0.10886152137976085,,,0.0,0.5003939486165667,0.441519876157501,0.5964165250833545,,,0.0,0.2449984182220816,0.20354677407997573,0.3916976607001242,,,0.0,1.2857809860120686,1.0136835486678275,1.995493801476189,,,0.0,2.2345047923322685,1.5287637158414324,3.5390404379528873,,,0.0,1.4728434504792332,0.9859478327180928,3.1783293681327836,,,0.0,6.8368030989012665,4.838581085081329,8.894634348038174,,,0.0,22.68508910099889,21.883974570456942,30.496645939770218,,,0.0,0.2878874380581667,0.19000570250149512,0.44795797628449385,0.31357414028214375,1.0892248109095581,0.0,0.25983788614391284,0.22498968414878845,0.30067854556329937,0.14794079184852527,0.5693580487588609,0.0,,,,,,
VRSK,"Verisk Analytics, Inc.",Business Services,12,0.0774821121822642,0.060225117453754654,0.11562383203076686,-0.01120179153819989,-0.14457261453907552,36.36363636363637,0.0761371928036849,0.06496797728498979,0.10886152137976085,-0.004534311428514806,-0.05955448659902987,45.45454545454545,0.5003939486165667,0.441519876157501,0.5964165250833545,,,0.0,0.2449984182220816,0.20354677407997573,0.3916976607001242,0.13619727286393388,0.5559108252710281,72.72727272727273,1.2857809860120686,1.0136835486678275,1.995493801476189,0.14860815425942464,0.11557812401654988,62.5,2.2345047923322685,1.5287637158414324,3.5390404379528873,,,0.0,1.4728434504792332,0.9859478327180928,3.1783293681327836,,,0.0,6.8368030989012665,4.838581085081329,8.894634348038174,1.8106551183018444,0.2648394420767847,27.27272727272727,22.68508910099889,21.883974570456942,30.496645939770218,0.0,0.0,45.45454545454546,0.2878874380581667,0.19000570250149512,0.44795797628449385,0.1742383936197469,0.6052309708093017,16.666666666666664,0.25983788614391284,0.22498968414878845,0.30067854556329937,0.05014986338214067,0.19300443105654289,16.666666666666664,0.2648394420767847,0.13619727286393388,-0.01120179153819989,,0.14860815425942464,
WM,"Waste Management, Inc.",Business Services,12,0.0774821121822642,0.060225117453754654,0.11562383203076686,0.06488293336911141,0.8373924192526496,81.81818181818183,0.0761371928036849,0.06496797728498979,0.10886152137976085,0.009494331928057292,0.12470031502918484,63.63636363636363,0.5003939486165667,0.441519876157501,0.5964165250833545,,,0.0,0.2449984182220816,0.20354677407997573,0.3916976607001242,-0.1090676135878966,-0.44517680717853053,9.090909090909092,1.2857809860120686,1.0136835486678275,1.995493801476189,1.4199983484888075,1.1043858665953854,100.0,2.2345047923322685,1.5287637158414324,3.5390404379528873,,,0.0,1.4728434504792332,0.9859478327180928,3.1783293681327836,,,0.0,6.8368030989012665,4.838581085081329,8.894634348038174,-2.499804430753353,-0.3656393777312518,81.81818181818181,22.68508910099889,21.883974570456942,30.496645939770218,9.220840388785113,0.4064714204000677,9.090909090909093,0.2878874380581667,0.19000570250149512,0.44795797628449385,-0.1659338752098768,-0.5763845631095248,91.66666666666666,0.25983788614391284,0.22498968414878845,0.30067854556329937,-0.07554324116051014,-0.29073220338111144,83.33333333333334,-0.3656393777312518,-0.1090676135878966,0.06488293336911141,,1.4199983484888075,
BKNG,Booking Holdings Inc.,Consumer Services,12,0.0703603744644217,0.048039005811999796,0.08804134793023688,0.06351215597072721,0.9026693853490312,100.0,0.09575177452507486,0.05976759422787202,0.1514557890050055,0.06773521329364754,0.707404260961341,83.33333333333334,0.3995065581051313,0.3995065581051313,0.3995065581051313,,,0.0,0.16222184356766967,0.11972628338803964,0.24608393476999327,0.09159544662068714,0.5646307834152974,91.66666666666666,1.3683995966735922,1.1408579784371242,2.4567122260602856,0.055927101218679276,0.040870445558907675,66.66666666666666,2.7423887587822016,0.276129190031187,4.847574957666823,0.0,0.0,42.85714285714286,0.2147248243559719,-0.4946675512369085,4.174262540455219,0.0,0.0,42.85714285714286,4.207953970098269,3.2472507365626453,5.639445877179646,0.7561311211080319,0.17969092021469377,33.333333333333336,24.621255267802866,21.45428473243098,36.37980645896997,-5.063544729161176,-0.2056574562947957,91.66666666666666,0.1297512160388989,0.03670082668693313,0.24718579138007474,0.1422124229711117,1.0960392304028734,16.666666666666664,0.2735538278041144,0.23749729474542136,0.3337898326398795,0.0445581072273703,0.1628860673785831,25.0,0.17969092021469377,0.09159544662068714,0.06351215597072721,0.0,0.055927101218679276,
CCL,Carnival Corporation Ltd.,Consumer Services,12,0.0703603744644217,0.048039005811999796,0.08804134793023688,-0.006374122915722702,-0.09059250983585697,50.0,0.09575177452507486,0.05976759422787202,0.1514557890050055,0.20244490114215344,2.114267878023905,100.0,0.3995065581051313,0.3995065581051313,0.3995065581051313,,,0.0,0.16222184356766967,0.11972628338803964,0.24608393476999327,-0.058097435183626464,-0.3581357103699265,25.0,1.3683995966735922,1.1408579784371242,2.4567122260602856,2.1774156991417035,1.591213344723813,100.0,2.7423887587822016,0.276129190031187,4.847574957666823,6.868000851607409,2.5043863054110704,0.0,0.2147248243559719,-0.4946675512369085,4.174262540455219,8.689315579684433,40.46721475146833,0.0,4.207953970098269,3.2472507365626453,5.639445877179646,-1.805534730672231,-0.42907663522518663,83.33333333333334,24.621255267802866,21.45428473243098,36.37980645896997,-1.548670494354095,-0.06289973754422205,50.0,0.1297512160388989,0.03670082668693313,0.24718579138007474,0.03819515982375052,0.2943722686367715,41.666666666666664,0.2735538278041144,0.23749729474542136,0.3337898326398795,0.19216978680001456,0.7024935031712403,0.0,-0.42907663522518663,-0.058097435183626464,-0.006374122915722702,6.868000851607409,2.1774156991417035,
CMG,"Chipotle Mexican Grill, Inc.",Consumer Services,12,0.0703603744644217,0.048039005811999796,0.08804134793023688,-0.016289670169430497,-0.2315176730286946,41.66666666666667,0.09575177452507486,0.05976759422787202,0.1514557890050055,0.01788905538258294,0.1868274031610586,66.66666666666666,0.3995065581051313,0.3995065581051313,0.3995065581051313,,,0.0,0.16222184356766967,0.11972628338803964,0.24608393476999327,0.006282787771245635,0.03872960405991697,58.333333333333336,1.3683995966735922,1.1408579784371242,2.4567122260602856,0.015146416078713143,0.011068708376947919,58.333333333333336,2.7423887587822016,0.276129190031187,4.847574957666823,,,0.0,0.2147248243559719,-0.4946675512369085,4.174262540455219,,,0.0,4.207953970098269,3.2472507365626453,5.639445877179646,-0.3249603089821549,-0.0772252527692374,50.0,24.621255267802866,21.45428473243098,36.37980645896997,-1.5774158773815756,-0.06406724028584997,58.33333333333333,0.1297512160388989,0.03670082668693313,0.24718579138007474,0.3089507467943967,2.3811009732793145,0.0,0.2735538278041144,0.23749729474542136,0.3337898326398795,0.10726969766094946,0.39213378413320105,16.666666666666664,-0.0772252527692374,0.006282787771245635,-0.016289670169430497,,0.015146416078713143,
DPZ,"Domino's Pizza, Inc.",Consumer Services,12,0.0703603744644217,0.048039005811999796,0.08804134793023688,-0.0207306774720607,-0.2946356899016127,33.33333333333333,0.09575177452507486,0.05976759422787202,0.1514557890050055,-0.053032917003862354,-0.5538583202964498,8.333333333333332,0.3995065581051313,0.3995065581051313,0.3995065581051313,0.0,0.0,100.0,0.16222184356766967,0.11972628338803964,0.24608393476999327,-0.006282787771245663,-0.03872960405991714,50.0,1.3683995966735922,1.1408579784371242,2.4567122260602856,-0.18369885492127058,-0.1342435757565403,41.66666666666667,2.7423887587822016,0.276129190031187,4.847574957666823,-2.7422589456352453,-0.9999526642068742,85.71428571428572,0.2147248243559719,-0.4946675512369085,4.174262540455219,-0.7779645970271889,-3.623077114444277,71.42857142857143,4.207953970098269,3.2472507365626453,5.639445877179646,-1.116605943359775,-0.2653560260626375,75.0,24.621255267802866,21.45428473243098,36.37980645896997,-4.797177130673454,-0.19483885279182767,83.33333333333334,0.1297512160388989,0.03670082668693313,0.24718579138007474,0.2198714744381648,1.6945619559530618,8.333333333333337,0.2735538278041144,0.23749729474542136,0.3337898326398795,-0.013550843475229835,-0.04953629632604988,58.33333333333333,-0.2653560260626375,-0.006282787771245663,-0.0207306774720607,-2.7422589456352453,-0.18369885492127058,
HLT,Hilton Worldwide Holdings Inc.,Consumer Services,12,0.0703603744644217,0.048039005811999796,0.08804134793023688,0.007051474470606001,0.10021939940316316,66.66666666666666,0.09575177452507486,0.05976759422787202,0.1514557890050055,0.015504164480746943,0.16192038797867722,58.333333333333336,0.3995065581051313,0.3995065581051313,0.3995065581051313,,,0.0,0.16222184356766967,0.11972628338803964,0.24608393476999327,0.009885474315875442,0.060937997611596545,66.66666666666666,1.3683995966735922,1.1408579784371242,2.4567122260602856,-0.2921447704187661,-0.21349375659634318,8.333333333333332,2.7423887587822016,0.276129190031187,4.847574957666823,,,0.0,0.2147248243559719,-0.4946675512369085,4.174262540455219,,,0.0,4.207953970098269,3.2472507365626453,5.639445877179646,3.200116744080649,0.7604923359002228,8.333333333333337,24.621255267802866,21.45428473243098,36.37980645896997,18.422066801695202,0.7482180173723992,8.333333333333337,0.1297512160388989,0.03670082668693313,0.24718579138007474,-0.11221368152826999,-0.8648372242972181,75.0,0.2735538278041144,0.23749729474542136,0.3337898326398795,-0.0446424960173086,-0.16319455799856716,75.0,0.7604923359002228,0.009885474315875442,0.007051474470606001,,-0.2921447704187661,
LYV,"Live Nation Entertainment, Inc.",Consumer Services,12,0.0703603744644217,0.048039005811999796,0.08804134793023688,0.017988827943200503,0.25566702963323057,91.66666666666666,0.09575177452507486,0.05976759422787202,0.1514557890050055,0.05169361487535834,0.5398710899276457,75.0,0.3995065581051313,0.3995065581051313,0.3995065581051313,,,0.0,0.16222184356766967,0.11972628338803964,0.24608393476999327,-0.12133019649051857,-0.74792761456879,8.333333333333332,1.3683995966735922,1.1408579784371242,2.4567122260602856,1.0158377886642012,0.7423546390495696,75.0,2.7423887587822016,0.276129190031187,4.847574957666823,,,0.0,0.2147248243559719,-0.4946675512369085,4.174262540455219,,,0.0,4.207953970098269,3.2472507365626453,5.639445877179646,-2.547763068050979,-0.6054636258275137,91.66666666666666,24.621255267802866,21.45428473243098,36.37980645896997,15.978500934606195,0.6489718237681094,16.666666666666664,0.1297512160388989,0.03670082668693313,0.24718579138007474,-0.08666262529319768,-0.6679137809946735,66.66666666666667,0.2735538278041144,0.23749729474542136,0.3337898326398795,0.036695194799904074,0.13414250165850597,33.333333333333336,-0.6054636258275137,-0.12133019649051857,0.017988827943200503,,1.0158377886642012,
MAR,"Marriott International, Inc.",Consumer Services,12,0.0703603744644217,0.048039005811999796,0.08804134793023688,-0.0270934421935055,-0.3850667708882863,25.0,0.09575177452507486,0.05976759422787202,0.1514557890050055,-0.015504164480746957,-0.16192038797867736,50.0,0.3995065581051313,0.3995065581051313,0.3995065581051313,,,0.0,0.16222184356766967,0.11972628338803964,0.24608393476999327,-0.032610600918926064,-0.20102472146621111,41.66666666666667,1.3683995966735922,1.1408579784371242,2.4567122260602856,-0.24406253126404587,-0.17835618474116133,25.0,2.7423887587822016,0.276129190031187,4.847574957666823,,,0.0,0.2147248243559719,-0.4946675512369085,4.174262540455219,,,0.0,4.207953970098269,3.2472507365626453,5.639445877179646,0.32496030898215533,0.07722525276923752,41.666666666666664,24.621255267802866,21.45428473243098,36.37980645896997,10.351901276687414,0.4204457150576137,25.0,0.1297512160388989,0.03670082668693313,0.24718579138007474,-0.1297512160388989,-1.0,91.66666666666666,0.2735538278041144,0.23749729474542136,0.3337898326398795,-0.012969719687308812,-0.047411947372186396,50.0,0.07722525276923752,-0.032610600918926064,-0.0270934421935055,,-0.24406253126404587,
MCD,McDonald's Corporation,Consumer Services,12,0.0703603744644217,0.048039005811999796,0.08804134793023688,-0.0331304361928167,-0.47086782077274725,16.666666666666664,0.09575177452507486,0.05976759422787202,0.1514557890050055,-0.04512297915717166,-0.4712495343400152,25.0,0.3995065581051313,0.3995065581051313,0.3995065581051313,,,0.0,0.16222184356766967,0.11972628338803964,0.24608393476999327,0.29874151890210904,1.8415616068220257,100.0,1.3683995966735922,1.1408579784371242,2.4567122260602856,-0.24550764153762827,-0.1794122434224817,16.666666666666664,2.7423887587822016,0.276129190031187,4.847574957666823,0.541561858501749,0.1974781499404328,28.57142857142857,0.2147248243559719,-0.4946675512369085,4.174262540455219,3.0067711814537597,14.00290437061492,28.57142857142857,4.207953970098269,3.2472507365626453,5.639445877179646,5.214411605352727,1.2391798109975414,0.0,24.621255267802866,21.45428473243098,36.37980645896997,-4.180659891703456,-0.16979881188959897,75.0,0.1297512160388989,0.03670082668693313,0.24718579138007474,0.041980158643139615,0.32354346976258114,33.333333333333336,0.2735538278041144,0.23749729474542136,0.3337898326398795,-0.10991580122358963,-0.40180684769031194,91.66666666666666,1.2391798109975414,0.29874151890210904,-0.0331304361928167,0.541561858501749,-0.24550764153762827,
RCL,Royal Caribbean Cruises Ltd.,Consumer Services,12,0.0703603744644217,0.048039005811999796,0.08804134793023688,0.017664376809541,0.2510557532418071,75.0,0.09575177452507486,0.05976759422787202,0.1514557890050055,0.17017192133849154,1.7772195051479491,91.66666666666666,0.3995065581051313,0.3995065581051313,0.3995065581051313,,,0.0,0.16222184356766967,0.11972628338803964,0.24608393476999327,0.08160307976659292,0.503033857660191,75.0,1.3683995966735922,1.1408579784371242,2.4567122260602856,1.3057371515541691,0.9542074951850704,83.33333333333334,2.7423887587822016,0.276129190031187,4.847574957666823,,,0.0,0.2147248243559719,-0.4946675512369085,4.174262540455219,,,0.0,4.207953970098269,3.2472507365626453,5.639445877179646,1.1055229365089234,0.2627222028484085,25.0,24.621255267802866,21.45428473243098,36.37980645896997,-2.829074083261361,-0.11490373063801225,66.66666666666667,0.1297512160388989,0.03670082668693313,0.24718579138007474,0.10917529279786392,0.8414201895813725,25.0,0.2735538278041144,0.23749729474542136,0.3337898326398795,0.18060388971338176,0.6602133523889421,8.333333333333337,0.2627222028484085,0.08160307976659292,0.017664376809541,,1.3057371515541691,
ROST,"Ross Stores, Inc.",Consumer Services,12,0.0703603744644217,0.048039005811999796,0.08804134793023688,0.006374122915722702,0.09059250983585697,58.333333333333336,0.09575177452507486,0.05976759422787202,0.1514557890050055,-0.028134034415206552,-0.2938225902835774,41.66666666666667,0.3995065581051313,0.3995065581051313,0.3995065581051313,,,0.0,0.16222184356766967,0.11972628338803964,0.24608393476999327,-0.037294935178297864,-0.22990082197371003,33.33333333333333,1.3683995966735922,1.1408579784371242,2.4567122260602856,-0.015146416078713143,-0.011068708376947919,50.0,2.7423887587822016,0.276129190031187,4.847574957666823,-2.2084259974006173,-0.8052928274039826,57.14285714285714,0.2147248243559719,-0.4946675512369085,4.174262540455219,-1.3210560368822326,-6.152320957041181,85.71428571428572,4.207953970098269,3.2472507365626453,5.639445877179646,-0.9087356635942401,-0.21595665495671243,66.66666666666667,24.621255267802866,21.45428473243098,36.37980645896997,1.7879335053718748,0.07261747973142334,33.333333333333336,0.1297512160388989,0.03670082668693313,0.24718579138007474,-0.12404448995473279,-0.9560179375701939,83.33333333333334,0.2735538278041144,0.23749729474542136,0.3337898326398795,-0.0331945454058212,-0.12134557089652954,66.66666666666667,-0.21595665495671243,-0.037294935178297864,0.006374122915722702,-2.2084259974006173,-0.015146416078713143,
SBUX,Starbucks Corporation,Consumer Services,12,0.0703603744644217,0.048039005811999796,0.08804134793023688,-0.0424912229228004,-0.6039084249656238,8.333333333333332,0.09575177452507486,0.05976759422787202,0.1514557890050055,-0.047153819470092256,-0.49245896176831605,16.666666666666664,0.3995065581051313,0.3995065581051313,0.3995065581051313,,,0.0,0.16222184356766967,0.11972628338803964,0.24608393476999327,-0.09479302933374367,-0.5843419557379241,16.666666666666664,1.3683995966735922,1.1408579784371242,2.4567122260602856,1.444586483970926,1.055675905987209,91.66666666666666,2.7423887587822016,0.276129190031187,4.847574957666823,3.6688105392674935,1.3378156278968572,14.28571428571429,0.2147248243559719,-0.4946675512369085,4.174262540455219,4.912304250744734,22.87720698097343,14.28571428571429,4.207953970098269,3.2472507365626453,5.639445877179646,-0.46770334112482814,-0.11114744706057367,58.33333333333333,24.621255267802866,21.45428473243098,36.37980645896997,30.848363640185816,1.2529159583722005,0.0,0.1297512160388989,0.03670082668693313,0.24718579138007474,-0.08556472255277489,-0.6594521821446585,58.33333333333333,0.2735538278041144,0.23749729474542136,0.3337898326398795,0.012969719687308867,0.0474119473721866,41.666666666666664,-0.11114744706057367,-0.09479302933374367,-0.0424912229228004,3.6688105392674935,1.444586483970926,
YUM,"Yum! Brands, Inc.",Consumer Services,12,0.0703603744644217,0.048039005811999796,0.08804134793023688,0.017730763434637697,0.2519992761494384,83.33333333333334,0.09575177452507486,0.05976759422787202,0.1514557890050055,-0.03293791401054656,-0.3439927267553772,33.33333333333333,0.3995065581051313,0.3995065581051313,0.3995065581051313,,,0.0,0.16222184356766967,0.11972628338803964,0.24608393476999327,0.09063912550951564,0.5587356395176596,83.33333333333334,1.3683995966735922,1.1408579784371242,2.4567122260602856,-0.2220346472272754,-0.16225863246891753,33.33333333333333,2.7423887587822016,0.276129190031187,4.847574957666823,-2.724093140101412,-0.9933285831112749,71.42857142857143,0.2147248243559719,-0.4946675512369085,4.174262540455219,-0.6408201541585719,-2.9843785229797977,57.14285714285714,4.207953970098269,3.2472507365626453,5.639445877179646,2.409398818798736,0.5725820282065653,16.666666666666664,24.621255267802866,21.45428473243098,36.37980645896997,1.548670494354095,0.06289973754422205,41.666666666666664,0.1297512160388989,0.03670082668693313,0.24718579138007474,-0.03819515982375049,-0.2943722686367713,50.0,0.2735538278041144,0.23749729474542136,0.3337898326398795,-0.05784546131732701,-0.21145915515665462,83.33333333333334,0.5725820282065653,0.09063912550951564,0.017730763434637697,-2.724093140101412,-0.2220346472272754,
AMT,American Tower Corporation,Digital Infrastructure / Telecom Infrastructure,11,0.053612254229538,0.02452828922173365,0.11132560129707335,0.1546242549364832,2.884121497194797,90.9090909090909,0.0305943981856573,-0.0313284240712957,0.08741928144035985,0.0,0.0,54.54545454545454,8.687870657428691,8.687870657428691,8.687870657428691,,,0.0,0.164062782670362,0.1394842140291671,1.7363828950396434,3.088635155143507,18.825934223907748,81.81818181818183,2.500557530414312,2.2171062067057483,3.533975188627587,-0.1536683641308878,-0.06145364074284138,50.0,6.041733772144808,0.9871381059986754,23.398147547796015,-4.9288633956912244,-0.8158028111757536,57.14285714285714,5.6232756809747215,0.2733570301695226,22.966302519920198,-5.037703116754237,-0.8958662890738831,57.14285714285714,8.344984486079374,3.270878621707347,79.96095016888131,137.32527505446984,16.456025206942925,18.181818181818176,44.78444120097234,20.099551063957584,63.4276433124019,0.0,0.0,45.45454545454546,0.0811496233591037,0.04478127438190215,0.15868766481631044,0.0997881567972099,1.2296810837386993,9.090909090909093,0.2606985141685127,0.2272021353516651,0.315084961359115,-0.028644289704494008,-0.10987515519930677,63.63636363636363,16.456025206942925,3.088635155143507,0.1546242549364832,-4.9288633956912244,-0.1536683641308878,
CCI,Crown Castle Inc.,Digital Infrastructure / Telecom Infrastructure,11,0.053612254229538,0.02452828922173365,0.11132560129707335,-0.029802730420014297,-0.5558939993908016,27.27272727272727,0.0305943981856573,-0.0313284240712957,0.08741928144035985,-0.35492347909341687,-11.600930240223047,9.090909090909092,8.687870657428691,8.687870657428691,8.687870657428691,,,0.0,0.164062782670362,0.1394842140291671,1.7363828950396434,5.040588380120336,30.723533382022293,100.0,2.500557530414312,2.2171062067057483,3.533975188627587,0.39399117378586634,0.15756133142059195,75.0,6.041733772144808,0.9871381059986754,23.398147547796015,,,0.0,5.6232756809747215,0.2733570301695226,22.966302519920198,,,0.0,8.344984486079374,3.270878621707347,79.96095016888131,314.8382171511299,37.727837322684664,0.0,44.78444120097234,20.099551063957584,63.4276433124019,17.310633286963316,0.38653230503158487,27.27272727272727,0.0811496233591037,0.04478127438190215,0.15868766481631044,0.0923837530050799,1.1384372370560845,18.181818181818176,0.2606985141685127,0.2272021353516651,0.315084961359115,0.0011960907680710897,0.004588022957806156,36.36363636363637,37.727837322684664,5.040588380120336,-0.029802730420014297,,0.39399117378586634,
DLR,"Digital Realty Trust, Inc.",Digital Infrastructure / Telecom Infrastructure,11,0.053612254229538,0.02452828922173365,0.11132560129707335,0.0467886841737076,0.8727236868903955,72.72727272727273,0.0305943981856573,-0.0313284240712957,0.08741928144035985,0.0615916517231003,2.0131676181156117,81.81818181818183,8.687870657428691,8.687870657428691,8.687870657428691,,,0.0,0.164062782670362,0.1394842140291671,1.7363828950396434,0.056005069595055496,0.3413636455720852,72.72727272727273,2.500557530414312,2.2171062067057483,3.533975188627587,,,0.0,6.041733772144808,0.9871381059986754,23.398147547796015,,,0.0,5.6232756809747215,0.2733570301695226,22.966302519920198,,,0.0,8.344984486079374,3.270878621707347,79.96095016888131,5.9066563111340304,0.7078091422443237,27.27272727272727,44.78444120097234,20.099551063957584,63.4276433124019,19.97577093589581,0.4460426523187724,18.181818181818176,0.0811496233591037,0.04478127438190215,0.15868766481631044,-0.021319322102975595,-0.2627162175310812,54.54545454545454,0.2606985141685127,0.2272021353516651,0.315084961359115,-0.03921303202394369,-0.15041524938878942,81.81818181818181,0.7078091422443237,0.056005069595055496,0.0467886841737076,,,
EQIX,"Equinix, Inc.",Digital Infrastructure / Telecom Infrastructure,11,0.053612254229538,0.02452828922173365,0.11132560129707335,0.0,0.0,54.54545454545454,0.0305943981856573,-0.0313284240712957,0.08741928144035985,0.0520581147863048,1.7015570782075302,72.72727272727273,8.687870657428691,8.687870657428691,8.687870657428691,,,0.0,0.164062782670362,0.1394842140291671,1.7363828950396434,-0.00045206334737191156,-0.0027554289889146016,45.45454545454545,2.500557530414312,2.2171062067057483,3.533975188627587,2.951697111495502,1.1804155975593336,87.5,6.041733772144808,0.9871381059986754,23.398147547796015,-5.180327936601042,-0.8574240659998549,71.42857142857143,5.6232756809747215,0.2733570301695226,22.966302519920198,-5.971418917048992,-1.061911109436115,85.71428571428572,8.344984486079374,3.270878621707347,79.96095016888131,5.493101541044419,0.6582518577724976,36.36363636363637,44.78444120097234,20.099551063957584,63.4276433124019,39.79489494756878,0.8885875067411754,9.090909090909093,0.0811496233591037,0.04478127438190215,0.15868766481631044,-0.0454846223526681,-0.5605031849795449,90.9090909090909,0.2606985141685127,0.2272021353516651,0.315084961359115,0.0,0.0,45.45454545454546,0.6582518577724976,-0.00045206334737191156,0.0,-5.180327936601042,2.951697111495502,
IRM,Iron Mountain Incorporated,Digital Infrastructure / Telecom Infrastructure,11,0.053612254229538,0.02452828922173365,0.11132560129707335,0.0686380099613631,1.2802671879360479,81.81818181818183,0.0305943981856573,-0.0313284240712957,0.08741928144035985,0.0752516319473453,2.4596539369950206,90.9090909090909,8.687870657428691,8.687870657428691,8.687870657428691,,,0.0,0.164062782670362,0.1394842140291671,1.7363828950396434,-0.133463529178089,-0.8134905857731697,18.181818181818183,2.500557530414312,2.2171062067057483,3.533975188627587,14.600920773277185,5.839066126528186,100.0,6.041733772144808,0.9871381059986754,23.398147547796015,71.76552326897495,11.878299504001195,0.0,5.6232756809747215,0.2733570301695226,22.966302519920198,71.43329950322135,12.703147338997137,0.0,8.344984486079374,3.270878621707347,79.96095016888131,0.0,0.0,45.45454545454546,44.78444120097234,20.099551063957584,63.4276433124019,227.93412326291767,5.089582836147319,0.0,0.0811496233591037,0.04478127438190215,0.15868766481631044,-0.042909463464184394,-0.5287697180589642,81.81818181818181,0.2606985141685127,0.2272021353516651,0.315084961359115,0.0547389542145173,0.2099703344651003,18.181818181818176,0.0,-0.133463529178089,0.0686380099613631,71.76552326897495,14.600920773277185,
LUMN,"Lumen Technologies, Inc.",Digital Infrastructure / Telecom Infrastructure,11,0.053612254229538,0.02452828922173365,0.11132560129707335,-0.1194049824016874,-2.2271957058634646,9.090909090909092,0.0305943981856573,-0.0313284240712957,0.08741928144035985,-0.141238602601535,-4.616485728676562,18.181818181818183,8.687870657428691,8.687870657428691,8.687870657428691,,,0.0,0.164062782670362,0.1394842140291671,1.7363828950396434,-0.40375919075437927,-2.461004160618315,9.090909090909092,2.500557530414312,2.2171062067057483,3.533975188627587,-5.85291393689443,-2.3406435827631897,12.5,6.041733772144808,0.9871381059986754,23.398147547796015,,,0.0,5.6232756809747215,0.2733570301695226,22.966302519920198,,,0.0,8.344984486079374,3.270878621707347,79.96095016888131,-6.330644995478368,-0.7586167483041805,90.9090909090909,44.78444120097234,20.099551063957584,63.4276433124019,-53.188152823947306,-1.1876480178743976,90.9090909090909,0.0811496233591037,0.04478127438190215,0.15868766481631044,0.0,0.0,45.45454545454546,0.2606985141685127,0.2272021353516651,0.315084961359115,0.5387776944811793,2.066669601856339,0.0,-0.7586167483041805,-0.40375919075437927,-0.1194049824016874,,-5.85291393689443,
SBAC,SBA Communications Corporation,Digital Infrastructure / Telecom Infrastructure,11,0.053612254229538,0.02452828922173365,0.11132560129707335,0.5457833066755508,10.18019694413163,100.0,0.0305943981856573,-0.0313284240712957,0.08741928144035985,-0.0932512463282487,-3.0479843323724873,27.27272727272727,8.687870657428691,8.687870657428691,8.687870657428691,0.0,0.0,100.0,0.164062782670362,0.1394842140291671,1.7363828950396434,4.915888791575644,29.963461009025668,90.9090909090909,2.500557530414312,2.2171062067057483,3.533975188627587,-0.422150106486864,-0.168822393147227,25.0,6.041733772144808,0.9871381059986754,23.398147547796015,4.344637659325083,0.7191044529892852,28.57142857142857,5.6232756809747215,0.2733570301695226,22.966302519920198,4.411237755812239,0.7844605184015465,28.57142857142857,8.344984486079374,3.270878621707347,79.96095016888131,140.8257541866296,16.875496224294615,9.090909090909093,44.78444120097234,20.099551063957584,63.4276433124019,-15.41984264279618,-0.34431249401100916,54.54545454545454,0.0811496233591037,0.04478127438190215,0.15868766481631044,0.0626923299093336,0.772552321431083,27.27272727272727,0.2606985141685127,0.2272021353516651,0.315084961359115,0.05403394016668728,0.20726600739949105,27.27272727272727,16.875496224294615,4.915888791575644,0.5457833066755508,4.344637659325083,-0.422150106486864,
T,AT&T Inc.,Digital Infrastructure / Telecom Infrastructure,11,0.053612254229538,0.02452828922173365,0.11132560129707335,-0.026539274893937696,-0.49502255175302295,45.45454545454545,0.0305943981856573,-0.0313284240712957,0.08741928144035985,0.557970660582201,18.237674008040415,100.0,8.687870657428691,8.687870657428691,8.687870657428691,,,0.0,0.164062782670362,0.1394842140291671,1.7363828950396434,0.050878959339061086,0.31011883689238673,63.63636363636363,2.500557530414312,2.2171062067057483,3.533975188627587,-0.23721839611579698,-0.09486620212912789,37.5,6.041733772144808,0.9871381059986754,23.398147547796015,,,0.0,5.6232756809747215,0.2733570301695226,22.966302519920198,,,0.0,8.344984486079374,3.270878621707347,79.96095016888131,-5.649413040771849,-0.6769830489434554,81.81818181818181,44.78444120097234,20.099551063957584,63.4276433124019,-32.24350140906653,-0.7199710556702553,81.81818181818181,0.0811496233591037,0.04478127438190215,0.15868766481631044,0.0545720215234283,0.6724864425055423,36.36363636363637,0.2606985141685127,0.2272021353516651,0.315084961359115,-0.04538024968131349,-0.1740717618819269,90.9090909090909,-0.6769830489434554,0.050878959339061086,-0.026539274893937696,,-0.23721839611579698,
TMUS,"T-Mobile US, Inc.",Digital Infrastructure / Telecom Infrastructure,11,0.053612254229538,0.02452828922173365,0.11132560129707335,0.031264895647611896,0.5831669661520464,63.63636363636363,0.0305943981856573,-0.0313284240712957,0.08741928144035985,0.004746532670520897,0.15514384828612443,63.63636363636363,8.687870657428691,8.687870657428691,8.687870657428691,,,0.0,0.164062782670362,0.1394842140291671,1.7363828950396434,-0.0023465363081565938,-0.01430267285464308,36.36363636363637,2.500557530414312,2.2171062067057483,3.533975188627587,0.1536683641308878,0.06145364074284138,62.5,6.041733772144808,0.9871381059986754,23.398147547796015,0.0,0.0,42.85714285714286,5.6232756809747215,0.2733570301695226,22.966302519920198,0.0,0.0,42.85714285714286,8.344984486079374,3.270878621707347,79.96095016888131,-4.663485641431604,-0.5588369456181691,63.63636363636363,44.78444120097234,20.099551063957584,63.4276433124019,-22.019264989782645,-0.49167220577722814,63.63636363636363,0.0811496233591037,0.04478127438190215,0.15868766481631044,0.1723292429797284,2.123598802389214,0.0,0.2606985141685127,0.2272021353516651,0.315084961359115,-0.013147289550936109,-0.050431010674797494,54.54545454545454,-0.5588369456181691,-0.0023465363081565938,0.031264895647611896,0.0,0.1536683641308878,
UNIT,Uniti Group Inc.,Digital Infrastructure / Telecom Infrastructure,11,0.053612254229538,0.02452828922173365,0.11132560129707335,-0.053612254229538,-1.0,18.181818181818183,0.0305943981856573,-0.0313284240712957,0.08741928144035985,-0.0305943981856573,-1.0,36.36363636363637,8.687870657428691,8.687870657428691,8.687870657428691,,,0.0,0.164062782670362,0.1394842140291671,1.7363828950396434,-0.0468106009742332,-0.28532126672681113,27.27272727272727,2.500557530414312,2.2171062067057483,3.533975188627587,,,0.0,6.041733772144808,0.9871381059986754,23.398147547796015,30.36818989197733,5.0264031877718205,14.28571428571429,5.6232756809747215,0.2733570301695226,22.966302519920198,30.274815922078716,5.383839889711929,14.28571428571429,8.344984486079374,3.270878621707347,79.96095016888131,-2.565483117540551,-0.3074281470289302,54.54545454545454,44.78444120097234,20.099551063957584,63.4276433124019,4.5067641730734636,0.10063236365614438,36.36363636363637,0.0811496233591037,0.04478127438190215,0.15868766481631044,-0.038578730646672395,-0.47540246090796523,72.72727272727273,0.2606985141685127,0.2272021353516651,0.315084961359115,0.27203769849467013,1.0434953929918753,9.090909090909093,-0.3074281470289302,-0.0468106009742332,-0.053612254229538,30.36818989197733,,
VZ,Verizon Communications Inc.,Digital Infrastructure / Telecom Infrastructure,11,0.053612254229538,0.02452828922173365,0.11132560129707335,-0.028365199595594397,-0.5290805246530077,36.36363636363637,0.0305943981856573,-0.0313284240712957,0.08741928144035985,-0.0273020015199523,-0.8923856372096092,45.45454545454545,8.687870657428691,8.687870657428691,8.687870657428691,,,0.0,0.164062782670362,0.1394842140291671,1.7363828950396434,0.0,0.0,54.54545454545454,2.500557530414312,2.2171062067057483,3.533975188627587,,,0.0,6.041733772144808,0.9871381059986754,23.398147547796015,-5.22054464017586,-0.8640805498986052,85.71428571428572,5.6232756809747215,0.2733570301695226,22.966302519920198,-5.6621341848561615,-1.0069102967889179,71.42857142857143,8.344984486079374,3.270878621707347,79.96095016888131,-5.484726087312451,-0.6572482065678801,72.72727272727273,44.78444120097234,20.099551063957584,63.4276433124019,-27.35051528424686,-0.610714671229459,72.72727272727273,0.0811496233591037,0.04478127438190215,0.15868766481631044,-0.03415796730773069,-0.42092576519517155,63.63636363636363,0.2606985141685127,0.2272021353516651,0.315084961359115,-0.038348467929201185,-0.14709891251782567,72.72727272727273,-0.6572482065678801,0.0,-0.028365199595594397,-5.22054464017586,,
AES,The AES Corporation,Energy Transition,12,0.12898090691365,-0.0036650920345333,0.3139232530484017,-0.1326459989481833,-1.0284157719327172,33.33333333333333,0.051943257367141,-0.0844771639024293,0.2080475583983747,0.5351551277627964,10.302687102971952,100.0,0.18050286700078694,0.15679475448475827,0.32165832471370137,0.00023775263462547103,0.0013171681900456158,62.5,-0.0567735689530426,-0.3471042272959741,0.07650616521476003,,,0.0,0.2507931202282863,-2.022510781479551,1.8514491309768468,,,0.0,-4.260501166166182,-14.906148741510883,4.4549470794505615,,,0.0,-1.608045599296417,-2.7943161476114122,2.2730604906579095,,,0.0,6.07220386901428,4.7327153589346365,9.257902245185718,-2.111347426277421,-0.3477069399878635,77.77777777777779,-3.881364275455439,-36.45452610474395,54.571868730529644,,,0.0,0.0734090886508578,0.0,0.14922400861517823,0.0665790512712438,0.9069592402638528,25.0,0.7268471712952824,0.45604614175726144,1.0415666671514845,-0.29439261458463345,-0.40502684224526775,75.0,-0.3477069399878635,,-0.1326459989481833,,,
ALB,Albemarle Corporation,Energy Transition,12,0.12898090691365,-0.0036650920345333,0.3139232530484017,-0.17264280645630198,-1.3385144405278737,11.11111111111111,0.051943257367141,-0.0844771639024293,0.2080475583983747,-0.1364204212695703,-2.6263355088675873,33.33333333333333,0.18050286700078694,0.15679475448475827,0.32165832471370137,-0.05047103373236725,-0.2796134741291794,25.0,-0.0567735689530426,-0.3471042272959741,0.07650616521476003,-0.014605598505194106,-0.2572605311685512,50.0,0.2507931202282863,-2.022510781479551,1.8514491309768468,-5.350628580231992,-21.33482998003112,11.11111111111111,-4.260501166166182,-14.906148741510883,4.4549470794505615,-4.439254203177074,-1.0419558709267398,50.0,-1.608045599296417,-2.7943161476114122,2.2730604906579095,-2.683996549094687,-1.6691047506793593,83.33333333333334,6.07220386901428,4.7327153589346365,9.257902245185718,-1.3394885100796436,-0.22059346803470994,66.66666666666667,-3.881364275455439,-36.45452610474395,54.571868730529644,-62.42251019469309,-16.082620894264927,81.81818181818181,0.0734090886508578,0.0,0.14922400861517823,0.1035225260435503,1.4102140204452822,16.666666666666664,0.7268471712952824,0.45604614175726144,1.0415666671514845,-0.10885378126995271,-0.14976158065796577,50.0,-0.22059346803470994,-0.014605598505194106,-0.17264280645630198,-4.439254203177074,-5.350628580231992,
BE,Bloom Energy Corporation,Energy Transition,12,0.12898090691365,-0.0036650920345333,0.3139232530484017,0.2596845100368854,2.01335621101454,88.88888888888889,0.051943257367141,-0.0844771639024293,0.2080475583983747,0.15610430103123368,3.0052851696972005,77.77777777777779,0.18050286700078694,0.15679475448475827,0.32165832471370137,0.11296030821681247,0.6258089419506007,75.0,-0.0567735689530426,-0.3471042272959741,0.07650616521476003,0.0146055985051941,0.2572605311685511,62.5,0.2507931202282863,-2.022510781479551,1.8514491309768468,-2.273303901707837,-9.064458784350006,33.33333333333333,-4.260501166166182,-14.906148741510883,4.4549470794505615,-26.755552575362657,-6.279907347012577,83.33333333333334,-1.608045599296417,-2.7943161476114122,2.2730604906579095,-0.0067949295884699445,-0.004225582652284856,50.0,6.07220386901428,4.7327153589346365,9.257902245185718,35.922671450602785,5.915919858012644,0.0,-3.881364275455439,-36.45452610474395,54.571868730529644,-992.0137398428329,-255.58377659010893,90.9090909090909,0.0734090886508578,0.0,0.14922400861517823,-0.027676930451097592,-0.3770232127895268,50.0,0.7268471712952824,0.45604614175726144,1.0415666671514845,0.3410613426667142,0.46923391344967846,8.333333333333337,5.915919858012644,0.0146055985051941,0.2596845100368854,-26.755552575362657,-2.273303901707837,
CSIQ,Canadian Solar Inc.,Energy Transition,12,0.12898090691365,-0.0036650920345333,0.3139232530484017,,,0.0,0.051943257367141,-0.0844771639024293,0.2080475583983747,,,0.0,0.18050286700078694,0.15679475448475827,0.32165832471370137,,,0.0,-0.0567735689530426,-0.3471042272959741,0.07650616521476003,,,0.0,0.2507931202282863,-2.022510781479551,1.8514491309768468,-5.292132052578239,-21.10158383834866,22.22222222222222,-4.260501166166182,-14.906148741510883,4.4549470794505615,-12.714445366067242,-2.9842605060259504,66.66666666666667,-1.608045599296417,-2.7943161476114122,2.2730604906579095,-1.5794290878905035,-0.9822041667111714,66.66666666666667,6.07220386901428,4.7327153589346365,9.257902245185718,,,0.0,-3.881364275455439,-36.45452610474395,54.571868730529644,-52.50624683447145,-13.52778124086546,72.72727272727273,0.0734090886508578,0.0,0.14922400861517823,0.35928899954748283,4.89433946328231,0.0,0.7268471712952824,0.45604614175726144,1.0415666671514845,0.21485584020668513,0.2955997473633969,33.333333333333336,,,,-12.714445366067242,-5.292132052578239,
ENPH,"Enphase Energy, Inc.",Energy Transition,12,0.12898090691365,-0.0036650920345333,0.3139232530484017,-0.021792225158095493,-0.1689569850263569,44.44444444444444,0.051943257367141,-0.0844771639024293,0.2080475583983747,-0.1937973284423308,-3.7309429224383965,22.22222222222222,0.18050286700078694,0.15679475448475827,0.32165832471370137,0.28589971007908827,1.5839067535577804,100.0,-0.0567735689530426,-0.3471042272959741,0.07650616521476003,0.19582047031320582,3.449148502099082,87.5,0.2507931202282863,-2.022510781479551,1.8514491309768468,0.6142795798801046,2.449347810342453,66.66666666666666,-4.260501166166182,-14.906148741510883,4.4549470794505615,10.1408462597633,2.3802003248572174,16.666666666666664,-1.608045599296417,-2.7943161476114122,2.2730604906579095,5.172543143409612,3.21666446876432,16.666666666666664,6.07220386901428,4.7327153589346365,9.257902245185718,0.0,0.0,44.44444444444444,-3.881364275455439,-36.45452610474395,54.571868730529644,47.55154900892092,12.251246117150709,27.27272727272727,0.0734090886508578,0.0,0.14922400861517823,-0.0734090886508578,-1.0,79.16666666666666,0.7268471712952824,0.45604614175726144,1.0415666671514845,0.1088537812699526,0.14976158065796563,41.666666666666664,0.0,0.19582047031320582,-0.021792225158095493,10.1408462597633,0.6142795798801046,
FSLR,"First Solar, Inc.",Energy Transition,12,0.12898090691365,-0.0036650920345333,0.3139232530484017,0.1118696385434024,0.8673348732017893,66.66666666666666,0.051943257367141,-0.0844771639024293,0.2080475583983747,0.206431690617483,3.9741768437508598,88.88888888888889,0.18050286700078694,0.15679475448475827,0.32165832471370137,0.22574090620122034,1.2506222751588547,87.5,-0.0567735689530426,-0.3471042272959741,0.07650616521476003,0.3596666734161048,6.335107692693849,100.0,0.2507931202282863,-2.022510781479551,1.8514491309768468,1.6006560107485606,6.382376076710364,77.77777777777779,-4.260501166166182,-14.906148741510883,4.4549470794505615,4.439254203177073,1.0419558709267396,33.333333333333336,-1.608045599296417,-2.7943161476114122,2.2730604906579095,0.0067949295884699445,0.004225582652284856,33.333333333333336,6.07220386901428,4.7327153589346365,9.257902245185718,-0.7904761038561459,-0.1301794407611789,55.55555555555556,-3.881364275455439,-36.45452610474395,54.571868730529644,21.318960864262035,5.492646232428279,36.36363636363637,0.0734090886508578,0.0,0.14922400861517823,-0.03503815836281259,-0.4773000047645077,58.33333333333333,0.7268471712952824,0.45604614175726144,1.0415666671514845,-0.16786842057691342,-0.23095421872215927,58.33333333333333,-0.1301794407611789,0.3596666734161048,0.1118696385434024,4.439254203177073,1.6006560107485606,
NEE,"NextEra Energy, Inc.",Energy Transition,12,0.12898090691365,-0.0036650920345333,0.3139232530484017,,,0.0,0.051943257367141,-0.0844771639024293,0.2080475583983747,,,0.0,0.18050286700078694,0.15679475448475827,0.32165832471370137,,,0.0,-0.0567735689530426,-0.3471042272959741,0.07650616521476003,,,0.0,0.2507931202282863,-2.022510781479551,1.8514491309768468,,,0.0,-4.260501166166182,-14.906148741510883,4.4549470794505615,24.80266452157457,5.821536846073272,0.0,-1.608045599296417,-2.7943161476114122,2.2730604906579095,21.486632795764407,13.361954912948768,0.0,6.07220386901428,4.7327153589346365,9.257902245185718,,,0.0,-3.881364275455439,-36.45452610474395,54.571868730529644,69.35491700304925,17.86869566498268,18.181818181818176,0.0734090886508578,0.0,0.14922400861517823,0.031106604183224598,0.4237432279151597,33.333333333333336,0.7268471712952824,0.45604614175726144,1.0415666671514845,-0.49033353508583793,-0.6746033477877283,91.66666666666666,,,,24.80266452157457,,
ORA,"Ormat Technologies, Inc.",Energy Transition,12,0.12898090691365,-0.0036650920345333,0.3139232530484017,,,0.0,0.051943257367141,-0.0844771639024293,0.2080475583983747,,,0.0,0.18050286700078694,0.15679475448475827,0.32165832471370137,,,0.0,-0.0567735689530426,-0.3471042272959741,0.07650616521476003,,,0.0,0.2507931202282863,-2.022510781479551,1.8514491309768468,5.3918542427499965,21.499211134029597,100.0,-4.260501166166182,-14.906148741510883,4.4549470794505615,,,0.0,-1.608045599296417,-2.7943161476114122,2.2730604906579095,,,0.0,6.07220386901428,4.7327153589346365,9.257902245185718,,,0.0,-3.881364275455439,-36.45452610474395,54.571868730529644,71.77431002224226,18.49203139115827,9.090909090909093,0.0734090886508578,0.0,0.14922400861517823,-0.0734090886508578,-1.0,79.16666666666666,0.7268471712952824,0.45604614175726144,1.0415666671514845,-0.42770887262486035,-0.5884440216815581,83.33333333333334,,,,,5.3918542427499965,
PLUG,Plug Power Inc.,Energy Transition,12,0.12898090691365,-0.0036650920345333,0.3139232530484017,0.0,0.0,55.55555555555556,0.051943257367141,-0.0844771639024293,0.2080475583983747,-0.0479300545692119,-0.9227387152568559,44.44444444444444,0.18050286700078694,0.15679475448475827,0.32165832471370137,-0.5214431714580561,-2.8888359510421666,12.5,-0.0567735689530426,-0.3471042272959741,0.07650616521476003,-2.328445026407837,-41.01283518627644,12.5,0.2507931202282863,-2.022510781479551,1.8514491309768468,0.0,0.0,55.55555555555556,-4.260501166166182,-14.906148741510883,4.4549470794505615,,,0.0,-1.608045599296417,-2.7943161476114122,2.2730604906579095,,,0.0,6.07220386901428,4.7327153589346365,9.257902245185718,3.1856983761714384,0.5246362679665073,22.22222222222222,-3.881364275455439,-36.45452610474395,54.571868730529644,0.0,0.0,45.45454545454546,0.0734090886508578,0.0,0.14922400861517823,-0.0734090886508578,-1.0,79.16666666666666,0.7268471712952824,0.45604614175726144,1.0415666671514845,0.3889954303030996,0.535181872703567,0.0,0.5246362679665073,-2.328445026407837,0.0,,0.0,
RUN,Sunrun Inc.,Energy Transition,12,0.12898090691365,-0.0036650920345333,0.3139232530484017,0.3221499899371916,2.497656417882565,100.0,0.051943257367141,-0.0844771639024293,0.2080475583983747,0.0320641819077511,0.6172924751545272,66.66666666666666,0.18050286700078694,0.15679475448475827,0.32165832471370137,,,0.0,-0.0567735689530426,-0.3471042272959741,0.07650616521476003,-0.34103677715146813,-6.006963864356309,25.0,0.2507931202282863,-2.022510781479551,1.8514491309768468,,,0.0,-4.260501166166182,-14.906148741510883,4.4549470794505615,,,0.0,-1.608045599296417,-2.7943161476114122,2.2730604906579095,,,0.0,6.07220386901428,4.7327153589346365,9.257902245185718,0.5001963329473726,0.08237475943451336,33.333333333333336,-3.881364275455439,-36.45452610474395,54.571868730529644,-12.640076824105567,-3.2566066792641823,63.63636363636363,0.0734090886508578,0.0,0.14922400861517823,0.2166422930588713,2.9511644544348914,8.333333333333337,0.7268471712952824,0.45604614175726144,1.0415666671514845,0.33270022799970467,0.4577306497689386,16.666666666666664,0.08237475943451336,-0.34103677715146813,0.3221499899371916,,,
SEDG,"SolarEdge Technologies, Inc.",Energy Transition,12,0.12898090691365,-0.0036650920345333,0.3139232530484017,0.1849423461347517,1.4338738233447739,77.77777777777779,0.051943257367141,-0.0844771639024293,0.2080475583983747,-0.3271095277368176,-6.297439635423118,11.11111111111111,0.18050286700078694,0.15679475448475827,0.32165832471370137,-0.014787138777249131,-0.08192190530239425,37.5,-0.0567735689530426,-0.3471042272959741,0.07650616521476003,-0.273428618740086,-4.816125245996755,37.5,0.2507931202282863,-2.022510781479551,1.8514491309768468,-0.5773746607825094,-2.3021949735182123,44.44444444444444,-4.260501166166182,-14.906148741510883,4.4549470794505615,,,0.0,-1.608045599296417,-2.7943161476114122,2.2730604906579095,,,0.0,6.07220386901428,4.7327153589346365,9.257902245185718,-2.427950572108728,-0.3998466824373709,88.88888888888889,-3.881364275455439,-36.45452610474395,54.571868730529644,-7.155065623344372,-1.8434408923148027,54.54545454545454,0.0734090886508578,0.0,0.14922400861517823,-0.0734090886508578,-1.0,79.16666666666666,0.7268471712952824,0.45604614175726144,1.0415666671514845,0.3087259184750346,0.42474667394641946,25.0,-0.3998466824373709,-0.273428618740086,0.1849423461347517,,-0.5773746607825094,
TSLA,"Tesla, Inc.",Energy Transition,12,0.12898090691365,-0.0036650920345333,0.3139232530484017,-0.1582878984173862,-1.227219611065044,22.22222222222222,0.051943257367141,-0.0844771639024293,0.2080475583983747,0.0,0.0,55.55555555555556,0.18050286700078694,0.15679475448475827,0.32165832471370137,-0.00023775263462544327,-0.0013171681900454619,50.0,-0.0567735689530426,-0.3471042272959741,0.07650616521476003,0.11243282211933489,1.9803726310094762,75.0,0.2507931202282863,-2.022510781479551,1.8514491309768468,4.1588317376724335,16.582718592467074,88.88888888888889,-4.260501166166182,-14.906148741510883,4.4549470794505615,,,0.0,-1.608045599296417,-2.7943161476114122,2.2730604906579095,,,0.0,6.07220386901428,4.7327153589346365,9.257902245185718,11.071685314952312,1.82333886572053,11.111111111111116,-3.881364275455439,-36.45452610474395,54.571868730529644,311.8964418897033,80.35742583143794,0.0,0.0734090886508578,0.0,0.14922400861517823,0.027676930451097606,0.37702321278952694,41.666666666666664,0.7268471712952824,0.45604614175726144,1.0415666671514845,-0.26293716785581683,-0.3617502801685918,66.66666666666667,1.82333886572053,0.11243282211933489,-0.1582878984173862,,4.1588317376724335,
AFRM,"Affirm Holdings, Inc.",Financial Technology,12,0.1975904025521421,0.08649445900986028,0.3522044142681361,0.15102365445456967,0.7643268726815619,75.0,0.12577877833672635,0.0646187399168438,0.19945366952003546,0.13246979171673295,1.0531966796663732,83.33333333333334,0.5639865462577223,0.49609728118749363,0.6318758113279509,,,0.0,0.2474399653844572,0.06618090732382918,0.4950935319253919,-0.192264134165192,-0.7770132600304226,25.0,1.1063467971626166,-2.34873076050863,1.5916199171752656,14.93715834405826,13.501334646935954,100.0,1.0315484760823739,0.613087790950146,1.4950913562061983,,,0.0,-2.8392487809513165,-5.614451871470131,-0.5726555458791094,,,0.0,9.179289787286557,3.6402496022071964,14.547520464062238,18.57021432325183,2.023055677899159,8.333333333333337,27.205023434779367,22.07626560558794,38.12499555922186,475.7235867435364,17.486608231895996,0.0,0.3498267341169544,0.1801348631990121,0.4984864823989792,-0.11398384203845591,-0.32582942045918284,58.33333333333333,0.433667478055013,0.2951055119947693,0.6189968942363225,0.16914860909429547,0.3900421812881207,25.0,2.023055677899159,-0.192264134165192,0.15102365445456967,,14.93715834405826,
AXP,American Express Company,Financial Technology,12,0.1975904025521421,0.08649445900986028,0.3522044142681361,-0.13373979083288923,-0.6768536786476592,25.0,0.12577877833672635,0.0646187399168438,0.19945366952003546,-0.061043609223661754,-0.4853251878487798,33.33333333333333,0.5639865462577223,0.49609728118749363,0.6318758113279509,,,0.0,0.2474399653844572,0.06618090732382918,0.4950935319253919,0.0865470576641579,0.34976992309906907,66.66666666666666,1.1063467971626166,-2.34873076050863,1.5916199171752656,0.405287853072976,0.36632984712604966,70.0,1.0315484760823739,0.613087790950146,1.4950913562061983,-0.9321646413596483,-0.9036556816988702,83.33333333333334,-2.8392487809513165,-5.614451871470131,-0.5726555458791094,-0.5258110233255957,-0.1851937128064621,50.0,9.179289787286557,3.6402496022071964,14.547520464062238,-3.856650044501354,-0.4201468886888033,58.33333333333333,27.205023434779367,22.07626560558794,38.12499555922186,-11.268357111038881,-0.4142013381482047,75.0,0.3498267341169544,0.1801348631990121,0.4984864823989792,-0.166227643426504,-0.47517135546001643,66.66666666666667,0.433667478055013,0.2951055119947693,0.6189968942363225,-0.1751026283353238,-0.40377163886177125,75.0,-0.4201468886888033,0.0865470576641579,-0.13373979083288923,-0.9321646413596483,0.405287853072976,
COF,Capital One Financial Corporation,Financial Technology,12,0.1975904025521421,0.08649445900986028,0.3522044142681361,0.16538508350026687,0.8370096996822678,83.33333333333334,0.12577877833672635,0.0646187399168438,0.19945366952003546,0.01594571859093616,0.12677590609321526,66.66666666666666,0.5639865462577223,0.49609728118749363,0.6318758113279509,,,0.0,0.2474399653844572,0.06618090732382918,0.4950935319253919,0.035492309485302104,0.14343806357294103,58.333333333333336,1.1063467971626166,-2.34873076050863,1.5916199171752656,11.73714290033848,10.608918406452704,90.0,1.0315484760823739,0.613087790950146,1.4950913562061983,-0.5550031012467755,-0.5380291029604081,66.66666666666667,-2.8392487809513165,-5.614451871470131,-0.5726555458791094,-23.90603837380537,-8.419846310824314,83.33333333333334,9.179289787286557,3.6402496022071964,14.547520464062238,3.1482811697960535,0.34297655295254614,41.666666666666664,27.205023434779367,22.07626560558794,38.12499555922186,16.365724945755485,0.6015699631720686,16.666666666666664,0.3498267341169544,0.1801348631990121,0.4984864823989792,-0.08773450993563703,-0.2507941828891372,50.0,0.433667478055013,0.2951055119947693,0.6189968942363225,-0.12638174530188367,-0.29142546235816996,66.66666666666667,0.34297655295254614,0.035492309485302104,0.16538508350026687,-0.5550031012467755,11.73714290033848,
COIN,"Coinbase Global, Inc.",Financial Technology,12,0.1975904025521421,0.08649445900986028,0.3522044142681361,-0.10354799444541271,-0.5240537653041495,33.33333333333333,0.12577877833672635,0.0646187399168438,0.19945366952003546,0.18424887387572753,1.464864552766358,91.66666666666666,0.5639865462577223,0.49609728118749363,0.6318758113279509,,,0.0,0.2474399653844572,0.06618090732382918,0.4950935319253919,-0.035492309485302104,-0.14343806357294103,50.0,1.1063467971626166,-2.34873076050863,1.5916199171752656,,,0.0,1.0315484760823739,0.613087790950146,1.4950913562061983,3.703215807965942,3.5899581006896115,0.0,-2.8392487809513165,-5.614451871470131,-0.5726555458791094,-3.525000446249887,-1.2415257408576938,66.66666666666667,9.179289787286557,3.6402496022071964,14.547520464062238,-3.1482811697960518,-0.3429765529525459,50.0,27.205023434779367,22.07626560558794,38.12499555922186,1.2501561797574645,0.045953137395913564,41.666666666666664,0.3498267341169544,0.1801348631990121,0.4984864823989792,0.23619451681295645,0.6751757192290274,8.333333333333337,0.433667478055013,0.2951055119947693,0.6189968942363225,0.2636823065619724,0.6080287775891807,8.333333333333337,-0.3429765529525459,-0.035492309485302104,-0.10354799444541271,3.703215807965942,,
HOOD,"Robinhood Markets, Inc.",Financial Technology,12,0.1975904025521421,0.08649445900986028,0.3522044142681361,0.3181669678307789,1.6102349290311198,91.66666666666666,0.12577877833672635,0.0646187399168438,0.19945366952003546,0.36209598003065047,2.8788320638738583,100.0,0.5639865462577223,0.49609728118749363,0.6318758113279509,,,0.0,0.2474399653844572,0.06618090732382918,0.4950935319253919,0.2238321115214225,0.9045915892109253,75.0,1.1063467971626166,-2.34873076050863,1.5916199171752656,,,0.0,1.0315484760823739,0.613087790950146,1.4950913562061983,,,0.0,-2.8392487809513165,-5.614451871470131,-0.5726555458791094,,,0.0,9.179289787286557,3.6402496022071964,14.547520464062238,4.9844703450630945,0.5430126361155582,25.0,27.205023434779367,22.07626560558794,38.12499555922186,2.849293013038473,0.1047340767733318,33.333333333333336,0.3498267341169544,0.1801348631990121,0.4984864823989792,0.15017326588304558,0.4292789865306278,16.666666666666664,0.433667478055013,0.2951055119947693,0.6189968942363225,0.2338718374423519,0.5392883932437379,16.666666666666664,0.5430126361155582,0.2238321115214225,0.3181669678307789,,,
MA,Mastercard Incorporated,Financial Technology,12,0.1975904025521421,0.08649445900986028,0.3522044142681361,-0.03342666484489612,-0.16917150030136288,50.0,0.12577877833672635,0.0646187399168438,0.19945366952003546,0.012441071185524955,0.0989123232873082,58.333333333333336,0.5639865462577223,0.49609728118749363,0.6318758113279509,,,0.0,0.2474399653844572,0.06618090732382918,0.4950935319253919,0.3191179315994713,1.2896782098382744,83.33333333333334,1.1063467971626166,-2.34873076050863,1.5916199171752656,-0.13008455149569864,-0.11758026672045234,40.0,1.0315484760823739,0.613087790950146,1.4950913562061983,-0.008833436788585391,-0.008563278404649596,50.0,-2.8392487809513165,-5.614451871470131,-0.5726555458791094,3.148862302320678,1.1090476901659962,0.0,9.179289787286557,3.6402496022071964,14.547520464062238,4.487672313289819,0.4888910163295321,33.333333333333336,27.205023434779367,22.07626560558794,38.12499555922186,-3.082224735242278,-0.11329616174128743,66.66666666666667,0.3498267341169544,0.1801348631990121,0.4984864823989792,-0.18008455339225732,-0.5147821359246125,75.0,0.433667478055013,0.2951055119947693,0.6189968942363225,-0.2150632945367679,-0.4959175068910424,91.66666666666666,0.4888910163295321,0.3191179315994713,-0.03342666484489612,-0.008833436788585391,-0.13008455149569864,
MQ,"Marqeta, Inc.",Financial Technology,12,0.1975904025521421,0.08649445900986028,0.3522044142681361,0.0349345730393332,0.17680298530751928,66.66666666666666,0.12577877833672635,0.0646187399168438,0.19945366952003546,-0.18404950018348215,-1.4632794388474453,8.333333333333332,0.5639865462577223,0.49609728118749363,0.6318758113279509,0.13577853014045727,0.24074781755239102,100.0,0.2474399653844572,0.06618090732382918,0.4950935319253919,-0.2687703242990717,-1.0862041783810983,8.333333333333332,1.1063467971626166,-2.34873076050863,1.5916199171752656,-13.444706764151888,-12.15234391117934,10.0,1.0315484760823739,0.613087790950146,1.4950913562061983,,,0.0,-2.8392487809513165,-5.614451871470131,-0.5726555458791094,,,0.0,9.179289787286557,3.6402496022071964,14.547520464062238,-7.7148503585285795,-0.8404626651196647,83.33333333333334,27.205023434779367,22.07626560558794,38.12499555922186,-95.86019396520174,-3.523621076637355,91.66666666666666,0.3498267341169544,0.1801348631990121,0.4984864823989792,0.09087605125437948,0.2597744608735298,33.333333333333336,0.433667478055013,0.2951055119947693,0.6189968942363225,-0.027409924888024184,-0.06320493529041413,50.0,-0.8404626651196647,-0.2687703242990717,0.0349345730393332,,-13.444706764151888,
PYPL,"PayPal Holdings, Inc.",Financial Technology,12,0.1975904025521421,0.08649445900986028,0.3522044142681361,-0.1543473293062384,-0.781147906541198,16.666666666666664,0.12577877833672635,0.0646187399168438,0.19945366952003546,-0.061509326008544946,-0.4890278536803433,25.0,0.5639865462577223,0.49609728118749363,0.6318758113279509,,,0.0,0.2474399653844572,0.06618090732382918,0.4950935319253919,-0.0646050443667314,-0.2610938142767358,41.66666666666667,1.1063467971626166,-2.34873076050863,1.5916199171752656,0.09200439822073037,0.08316054103169883,60.0,1.0315484760823739,0.613087790950146,1.4950913562061983,0.615112694568904,0.5963003279351309,16.666666666666664,-2.8392487809513165,-5.614451871470131,-0.5726555458791094,0.5258110233255957,0.1851937128064621,33.333333333333336,9.179289787286557,3.6402496022071964,14.547520464062238,-7.945449924269554,-0.8655843870703497,91.66666666666666,27.205023434779367,22.07626560558794,38.12499555922186,-20.4566415821825,-0.7519435383404367,83.33333333333334,0.3498267341169544,0.1801348631990121,0.4984864823989792,0.08773450993563697,0.250794182889137,41.666666666666664,0.433667478055013,0.2951055119947693,0.6189968942363225,-0.04469757944816677,-0.10306878359574993,58.33333333333333,-0.8655843870703497,-0.0646050443667314,-0.1543473293062384,0.615112694568904,0.09200439822073037,
SOFI,"SoFi Technologies, Inc.",Financial Technology,12,0.1975904025521421,0.08649445900986028,0.3522044142681361,0.03342666484489609,0.16917150030136274,58.333333333333336,0.12577877833672635,0.0646187399168438,0.19945366952003546,0.05407659100550116,0.42993414088290005,75.0,0.5639865462577223,0.49609728118749363,0.6318758113279509,,,0.0,0.2474399653844572,0.06618090732382918,0.4950935319253919,0.6016025031270378,2.4313069321372733,100.0,1.1063467971626166,-2.34873076050863,1.5916199171752656,-7.762175282853594,-7.016041717444109,20.0,1.0315484760823739,0.613087790950146,1.4950913562061983,,,0.0,-2.8392487809513165,-5.614451871470131,-0.5726555458791094,,,0.0,9.179289787286557,3.6402496022071964,14.547520464062238,21.649225414867946,2.3584858868768284,0.0,27.205023434779367,22.07626560558794,38.12499555922186,9.104721184004827,0.3346705877990605,25.0,0.3498267341169544,0.1801348631990121,0.4984864823989792,0.14815524241501787,0.4235103494562725,25.0,0.433667478055013,0.2951055119947693,0.6189968942363225,0.1176564497890496,0.2713056794499224,33.333333333333336,2.3584858868768284,0.6016025031270378,0.03342666484489609,,-7.762175282853594,
UPST,"Upstart Holdings, Inc.",Financial Technology,12,0.1975904025521421,0.08649445900986028,0.3522044142681361,0.44233274301254644,2.238634758061284,100.0,0.12577877833672635,0.0646187399168438,0.19945366952003546,-0.07792383480426304,-0.6195308607279575,16.666666666666664,0.5639865462577223,0.49609728118749363,0.6318758113279509,,,0.0,0.2474399653844572,0.06618090732382918,0.4950935319253919,-0.2066000802277739,-0.8349503278775975,16.666666666666664,1.1063467971626166,-2.34873076050863,1.5916199171752656,-4.563408559729762,-4.124754165179735,30.0,1.0315484760823739,0.613087790950146,1.4950913562061983,,,0.0,-2.8392487809513165,-5.614451871470131,-0.5726555458791094,,,0.0,9.179289787286557,3.6402496022071964,14.547520464062238,-4.922004369839531,-0.5362075371731455,66.66666666666667,27.205023434779367,22.07626560558794,38.12499555922186,77.03830146963291,2.8317675099351627,8.333333333333337,0.3498267341169544,0.1801348631990121,0.4984864823989792,0.2850240882262447,0.8147578799136466,0.0,0.433667478055013,0.2951055119947693,0.6189968942363225,0.26884675874006275,0.6199375612527673,0.0,-0.5362075371731455,-0.2066000802277739,0.44233274301254644,,-4.563408559729762,
V,Visa Inc.,Financial Technology,12,0.1975904025521421,0.08649445900986028,0.3522044142681361,-0.08419063636609311,-0.42608666857630423,41.66666666666667,0.12577877833672635,0.0646187399168438,0.19945366952003546,-0.01656635703418345,-0.13171027142458908,41.66666666666667,0.5639865462577223,0.49609728118749363,0.6318758113279509,,,0.0,0.2474399653844572,0.06618090732382918,0.4950935319253919,0.35741003461554277,1.4444313151281798,91.66666666666666,1.1063467971626166,-2.34873076050863,1.5916199171752656,-0.09200439822073014,-0.08316054103169863,50.0,1.0315484760823739,0.613087790950146,1.4950913562061983,0.008833436788585614,0.00856327840464981,33.333333333333336,-2.8392487809513165,-5.614451871470131,-0.5726555458791094,2.8468539723210773,1.0026785928097546,16.666666666666664,9.179289787286557,3.6402496022071964,14.547520464062238,6.519511671913444,0.7102414046174964,16.666666666666664,27.205023434779367,22.07626560558794,38.12499555922186,-1.2501561797574645,-0.045953137395913564,50.0,0.3498267341169544,0.1801348631990121,0.4984864823989792,-0.23434019059576972,-0.6698750202362318,91.66666666666666,0.433667478055013,0.2951055119947693,0.6189968942363225,-0.2130210371608474,-0.4912082365877216,83.33333333333334,0.7102414046174964,0.35741003461554277,-0.08419063636609311,0.008833436788585614,-0.09200439822073014,
XYZ,"Block, Inc.",Financial Technology,12,0.1975904025521421,0.08649445900986028,0.3522044142681361,-0.1945793399753965,-0.984761088909918,8.333333333333332,0.12577877833672635,0.0646187399168438,0.19945366952003546,-0.012441071185524955,-0.0989123232873082,50.0,0.5639865462577223,0.49609728118749363,0.6318758113279509,-0.13577853014045727,-0.24074781755239102,50.0,0.2474399653844572,0.06618090732382918,0.4950935319253919,-0.1775906993591067,-0.7177122704619565,33.33333333333333,1.1063467971626166,-2.34873076050863,1.5916199171752656,0.5119348756592066,0.46272550069484203,80.0,1.0315484760823739,0.613087790950146,1.4950913562061983,,,0.0,-2.8392487809513165,-5.614451871470131,-0.5726555458791094,,,0.0,9.179289787286557,3.6402496022071964,14.547520464062238,-7.3901476307988485,-0.8050892609398066,75.0,27.205023434779367,22.07626560558794,38.12499555922186,-1.5906933452066028,-0.058470574341539926,58.33333333333333,0.3498267341169544,0.1801348631990121,0.4984864823989792,-0.23035931495175752,-0.6584954564242753,83.33333333333334,0.433667478055013,0.2951055119947693,0.6189968942363225,0.027409924888024184,0.06320493529041413,41.666666666666664,-0.8050892609398066,-0.1775906993591067,-0.1945793399753965,,0.5119348756592066,
CI,The Cigna Group,Healthcare Services,12,0.1067440629406596,0.0720491026945922,0.11789105434668612,0.005666456602398187,0.05308451305201155,58.333333333333336,0.0810361685450312,0.05080719554662845,0.1145593944431898,0.06946309789167118,0.8571863544248276,100.0,0.1844942576279215,0.1329417061161872,0.23604680913965578,,,0.0,0.033267483940804546,0.012497157645529475,0.10695039287658822,-0.004962645817850747,-0.14917406518272236,41.66666666666667,1.550771208226221,0.9129150438699218,1.706519528071603,,,0.0,4.231387306753458,3.644601542416453,4.92073212220181,,,0.0,3.3390461997019374,0.0826397146254458,3.6487325774536,,,0.0,0.6791229514594959,0.32612662587733054,1.8723729015297126,-0.31946441113210416,-0.4704073252796811,66.66666666666667,16.02887742393444,11.600427854920161,20.048016222271308,-3.322267382037511,-0.2072676266821204,58.33333333333333,0.0710673502978295,0.0277301356736937,0.1637643690743218,0.06049319640562341,0.8512093971719522,25.0,0.3852982535412227,0.29781699291755376,0.44150977267486047,-0.0573131105781175,-0.148749987967401,58.33333333333333,-0.4704073252796811,-0.004962645817850747,0.005666456602398187,,,
CNC,Centene Corporation,Healthcare Services,12,0.1067440629406596,0.0720491026945922,0.11789105434668612,0.09308412165780788,0.8720309035787268,100.0,0.0810361685450312,0.05080719554662845,0.1145593944431898,0.007162854018087597,0.08839082778336504,66.66666666666666,0.1844942576279215,0.1329417061161872,0.23604680913965578,-0.10310510302346859,-0.5588526404513123,50.0,0.033267483940804546,0.012497157645529475,0.10695039287658822,-0.07180546917402005,-2.158428010419699,8.333333333333332,1.550771208226221,0.9129150438699218,1.706519528071603,-2.42101496565785,-1.5611683740421114,9.090909090909092,4.231387306753458,3.644601542416453,4.92073212220181,-6.8177428358854435,-1.6112311026230244,88.88888888888889,3.3390461997019374,0.0826397146254458,3.6487325774536,-3.2564064850764916,-0.9752505027834527,66.66666666666667,0.6791229514594959,0.32612662587733054,1.8723729015297126,-0.5543949523301519,-0.8163395908483253,83.33333333333334,16.02887742393444,11.600427854920161,20.048016222271308,-19.265372491710895,-1.2019165149359554,91.66666666666666,0.0710673502978295,0.0277301356736937,0.1637643690743218,-0.062805646249253,-0.8837482470648856,91.66666666666666,0.3852982535412227,0.29781699291755376,0.44150977267486047,0.2567847281610256,0.6664570259557443,0.0,-0.8163395908483253,-0.07180546917402005,0.09308412165780788,-6.8177428358854435,-2.42101496565785,
CVS,CVS Health Corporation,Healthcare Services,12,0.1067440629406596,0.0720491026945922,0.11789105434668612,-0.028264197915941813,-0.264784730291316,41.66666666666667,0.0810361685450312,0.05080719554662845,0.1145593944431898,-0.0047253207801084,-0.058311256133519854,41.66666666666667,0.1844942576279215,0.1329417061161872,0.23604680913965578,,,0.0,0.033267483940804546,0.012497157645529475,0.10695039287658822,-0.027954936529552245,-0.8403081092424863,16.666666666666664,1.550771208226221,0.9129150438699218,1.706519528071603,4.755876731848685,3.0667816803798402,100.0,4.231387306753458,3.644601542416453,4.92073212220181,-4.231387306753458,-1.0,77.77777777777779,3.3390461997019374,0.0826397146254458,3.6487325774536,-7.417697885095196,-2.221502022271313,88.88888888888889,0.6791229514594959,0.32612662587733054,1.8723729015297126,-0.22099376570687257,-0.32541053903705836,50.0,16.02887742393444,11.600427854920161,20.048016222271308,70.20643499554123,4.379996997837694,0.0,0.0710673502978295,0.0277301356736937,0.1637643690743218,-0.009503790233086597,-0.13372934537812445,50.0,0.3852982535412227,0.29781699291755376,0.44150977267486047,-0.07748155095186932,-0.20109499651178572,66.66666666666667,-0.32541053903705836,-0.027954936529552245,-0.028264197915941813,-4.231387306753458,4.755876731848685,
DGX,Quest Diagnostics Incorporated,Healthcare Services,12,0.1067440629406596,0.0720491026945922,0.11789105434668612,0.01106387871250089,0.10364865649391145,75.0,0.0810361685450312,0.05080719554662845,0.1145593944431898,-0.043600487765566104,-0.5380373794614639,25.0,0.1844942576279215,0.1329417061161872,0.23604680913965578,,,0.0,0.033267483940804546,0.012497157645529475,0.10695039287658822,0.10773840640808525,3.238549888527569,100.0,1.550771208226221,0.9129150438699218,1.706519528071603,0.0,0.0,54.54545454545454,4.231387306753458,3.644601542416453,4.92073212220181,-0.5867857643370051,-0.13867455796364286,66.66666666666667,3.3390461997019374,0.0826397146254458,3.6487325774536,0.03563246353713723,0.010671449691327418,33.333333333333336,0.6791229514594959,0.32612662587733054,1.8723729015297126,1.846296192718121,2.718647910146853,0.0,16.02887742393444,11.600427854920161,20.048016222271308,1.8811484475308582,0.11735996213446073,41.666666666666664,0.0710673502978295,0.0277301356736937,0.1637643690743218,0.009503790233086604,0.13372934537812456,41.666666666666664,0.3852982535412227,0.29781699291755376,0.44150977267486047,-0.1594169030489445,-0.4137493528293106,91.66666666666666,2.718647910146853,0.10773840640808525,0.01106387871250089,-0.5867857643370051,0.0,
DVA,DaVita Inc.,Healthcare Services,12,0.1067440629406596,0.0720491026945922,0.11789105434668612,-0.04217258532167331,-0.3950813203083491,16.666666666666664,0.0810361685450312,0.05080719554662845,0.1145593944431898,-0.02577180140934831,-0.318028380068674,33.33333333333333,0.1844942576279215,0.1329417061161872,0.23604680913965578,,,0.0,0.033267483940804546,0.012497157645529475,0.10695039287658822,0.06545099355131985,1.9674164017868607,66.66666666666666,1.550771208226221,0.9129150438699218,1.706519528071603,0.2775046676683841,0.17894623410360783,90.9090909090909,4.231387306753458,3.644601542416453,4.92073212220181,,,0.0,3.3390461997019374,0.0826397146254458,3.6487325774536,,,0.0,0.6791229514594959,0.32612662587733054,1.8723729015297126,1.290508682595862,1.900257795473476,16.666666666666664,16.02887742393444,11.600427854920161,20.048016222271308,3.9231283615325445,0.2447537814266706,25.0,0.0710673502978295,0.0277301356736937,0.1637643690743218,-0.0430430394105302,-0.6056654600198988,66.66666666666667,0.3852982535412227,0.29781699291755376,0.44150977267486047,0.041663607908951794,0.1081333941330576,25.0,1.900257795473476,0.06545099355131985,-0.04217258532167331,,0.2775046676683841,
ELV,"Elevance Health, Inc.",Healthcare Services,12,0.1067440629406596,0.0720491026945922,0.11789105434668612,0.01818602614984889,0.17037037610193587,91.66666666666666,0.0810361685450312,0.05080719554662845,0.1145593944431898,0.002348368174896698,0.028979259718970137,58.333333333333336,0.1844942576279215,0.1329417061161872,0.23604680913965578,,,0.0,0.033267483940804546,0.012497157645529475,0.10695039287658822,0.00042994229899455394,0.012923799700620105,58.333333333333336,1.550771208226221,0.9129150438699218,1.706519528071603,-0.7451080189564744,-0.48047578843608546,27.27272727272727,4.231387306753458,3.644601542416453,4.92073212220181,0.5221149287159905,0.12339095688136958,33.333333333333336,3.3390461997019374,0.0826397146254458,3.6487325774536,0.0,0.0,44.44444444444444,0.6791229514594959,0.32612662587733054,1.8723729015297126,-0.27775921808598675,-0.4089969533337923,58.33333333333333,16.02887742393444,11.600427854920161,20.048016222271308,-4.118064695469464,-0.25691535261978726,66.66666666666667,0.0710673502978295,0.0277301356736937,0.1637643690743218,-0.044219740264952595,-0.6222230050738663,75.0,0.3852982535412227,0.29781699291755376,0.44150977267486047,-0.0026048096155745215,-0.00676050200496389,50.0,-0.4089969533337923,0.00042994229899455394,0.01818602614984889,0.5221149287159905,-0.7451080189564744,
HCA,"HCA Healthcare, Inc.",Healthcare Services,12,0.1067440629406596,0.0720491026945922,0.11789105434668612,-0.0359680335934648,-0.33695582313987704,25.0,0.0810361685450312,0.05080719554662845,0.1145593944431898,-0.0023483681748967117,-0.02897925971897031,50.0,0.1844942576279215,0.1329417061161872,0.23604680913965578,,,0.0,0.033267483940804546,0.012497157645529475,0.10695039287658822,0.09678542611210546,2.9093100723915097,83.33333333333334,1.550771208226221,0.9129150438699218,1.706519528071603,0.23726784791698474,0.1529999052460954,81.81818181818183,4.231387306753458,3.644601542416453,4.92073212220181,0.0,0.0,44.44444444444444,3.3390461997019374,0.0826397146254458,3.6487325774536,0.7865640525356543,0.2355654895119054,11.111111111111116,0.6791229514594959,0.32612662587733054,1.8723729015297126,1.1608303725616682,1.7093081158086914,25.0,16.02887742393444,11.600427854920161,20.048016222271308,-1.88114844753086,-0.11735996213446084,50.0,0.0710673502978295,0.0277301356736937,0.1637643690743218,0.20849297306538112,2.9337378161930543,8.333333333333337,0.3852982535412227,0.29781699291755376,0.44150977267486047,-0.11748038963906793,-0.30490766194583546,75.0,1.7093081158086914,0.09678542611210546,-0.0359680335934648,0.0,0.23726784791698474,
HUM,Humana Inc.,Healthcare Services,12,0.1067440629406596,0.0720491026945922,0.11789105434668612,-0.005666456602398201,-0.05308451305201168,50.0,0.0810361685450312,0.05080719554662845,0.1145593944431898,0.0366365659319242,0.45210140841697777,83.33333333333334,0.1844942576279215,0.1329417061161872,0.23604680913965578,,,0.0,0.033267483940804546,0.012497157645529475,0.10695039287658822,-0.022177281571604247,-0.6666353731789886,25.0,1.550771208226221,0.9129150438699218,1.706519528071603,-0.5306043097561239,-0.34215512058869824,36.36363636363637,4.231387306753458,3.644601542416453,4.92073212220181,4.370142595889101,1.0327919141115218,0.0,3.3390461997019374,0.0826397146254458,3.6487325774536,2.3417604762368667,0.7013261680673678,0.0,0.6791229514594959,0.32612662587733054,1.8723729015297126,-0.45359206893234877,-0.6679086135397705,75.0,16.02887742393444,11.600427854920161,20.048016222271308,4.307170108749844,0.26871314782895184,16.666666666666664,0.0710673502978295,0.0277301356736937,0.1637643690743218,-0.0572853540088773,-0.8060713361171548,83.33333333333334,0.3852982535412227,0.29781699291755376,0.44150977267486047,0.09985525280769558,0.25916352303686774,16.666666666666664,-0.6679086135397705,-0.022177281571604247,-0.005666456602398201,4.370142595889101,-0.5306043097561239,
LH,Labcorp Holdings Inc.,Healthcare Services,12,0.1067440629406596,0.0720491026945922,0.11789105434668612,-0.03427060246360161,-0.32105394454259323,33.33333333333333,0.0810361685450312,0.05080719554662845,0.1145593944431898,-0.0969584442731177,-1.1964835704101509,8.333333333333332,0.1844942576279215,0.1329417061161872,0.23604680913965578,0.10310510302346859,0.5588526404513123,100.0,0.033267483940804546,0.012497157645529475,0.10695039287658822,0.06598206987700976,1.9833802278049297,75.0,1.550771208226221,0.9129150438699218,1.706519528071603,-0.05225167330891045,-0.03369399240309352,45.45454545454545,4.231387306753458,3.644601542416453,4.92073212220181,-0.19823933246299763,-0.0468497251827078,55.55555555555556,3.3390461997019374,0.0826397146254458,3.6487325774536,0.3096863777516625,0.09274695803229883,22.22222222222222,0.6791229514594959,0.32612662587733054,1.8723729015297126,1.2924432582497152,1.9031064337792432,8.333333333333337,16.02887742393444,11.600427854920161,20.048016222271308,3.8358588279612817,0.23930926205933478,33.333333333333336,0.0710673502978295,0.0277301356736937,0.1637643690743218,0.0366535206130013,0.515757523805144,33.333333333333336,0.3852982535412227,0.29781699291755376,0.44150977267486047,-0.15804594431730282,-0.410191177522152,83.33333333333334,1.9031064337792432,0.06598206987700976,-0.03427060246360161,-0.19823933246299763,-0.05225167330891045,
MOH,"Molina Healthcare, Inc.",Healthcare Services,12,0.1067440629406596,0.0720491026945922,0.11789105434668612,0.010746711967089498,0.10067737418861163,66.66666666666666,0.0810361685450312,0.05080719554662845,0.1145593944431898,0.0431437987825566,0.5324017603149871,91.66666666666666,0.1844942576279215,0.1329417061161872,0.23604680913965578,,,0.0,0.033267483940804546,0.012497157645529475,0.10695039287658822,-0.020301341203165346,-0.610245765483471,33.33333333333333,1.550771208226221,0.9129150438699218,1.706519528071603,-2.287613313489379,-1.4751455929504655,18.181818181818183,4.231387306753458,3.644601542416453,4.92073212220181,2.1625006389171704,0.5110618532758123,11.111111111111116,3.3390461997019374,0.0826397146254458,3.6487325774536,-4.3271616496170475,-1.2959274567699348,77.77777777777779,0.6791229514594959,0.32612662587733054,1.8723729015297126,-0.591881571104633,-0.8715381652654011,91.66666666666666,16.02887742393444,11.600427854920161,20.048016222271308,-9.300478537686562,-0.5802326820341778,83.33333333333334,0.0710673502978295,0.0277301356736937,0.1637643690743218,0.3482085315300288,4.899697682138904,0.0,0.3852982535412227,0.29781699291755376,0.44150977267486047,0.20756002302187593,0.5386996206554808,8.333333333333337,-0.8715381652654011,-0.020301341203165346,0.010746711967089498,2.1625006389171704,-2.287613313489379,
THC,Tenet Healthcare Corporation,Healthcare Services,12,0.1067440629406596,0.0720491026945922,0.11789105434668612,-0.0755318684088425,-0.7075978403673059,8.333333333333332,0.0810361685450312,0.05080719554662845,0.1145593944431898,-0.045201977454380204,-0.5578000325775743,16.666666666666664,0.1844942576279215,0.1329417061161872,0.23604680913965578,,,0.0,0.033267483940804546,0.012497157645529475,0.10695039287658822,0.09812622793155586,2.949613746148028,91.66666666666666,1.550771208226221,0.9129150438699218,1.706519528071603,0.07422879177377895,0.047865727310402006,72.72727272727273,4.231387306753458,3.644601542416453,4.92073212220181,,,0.0,3.3390461997019374,0.0826397146254458,3.6487325774536,,,0.0,0.6791229514594959,0.32612662587733054,1.8723729015297126,0.722752461773728,1.0642439049077468,33.333333333333336,16.02887742393444,11.600427854920161,20.048016222271308,-5.3596041896487225,-0.3343717746350547,75.0,0.0710673502978295,0.0277301356736937,0.1637643690743218,0.18930848588909888,2.6637898429552203,16.666666666666664,0.3852982535412227,0.29781699291755376,0.44150977267486047,0.002604809615574577,0.006760502004964034,41.666666666666664,1.0642439049077468,0.09812622793155586,-0.0755318684088425,,0.07422879177377895,
UNH,UnitedHealth Group Incorporated,Healthcare Services,12,0.1067440629406596,0.0720491026945922,0.11789105434668612,0.011396329486603393,0.10676312267539187,83.33333333333334,0.0810361685450312,0.05080719554662845,0.1145593944431898,0.0324854458869034,0.4008758862883735,75.0,0.1844942576279215,0.1329417061161872,0.23604680913965578,,,0.0,0.033267483940804546,0.012497157645529475,0.10695039287658822,-0.000429942298994547,-0.012923799700619897,50.0,1.550771208226221,0.9129150438699218,1.706519528071603,0.03587912857720821,0.02313631333035059,63.63636363636363,4.231387306753458,3.644601542416453,4.92073212220181,0.6893448154483517,0.16291224732563023,22.22222222222222,3.3390461997019374,0.0826397146254458,3.6487325774536,-0.07613540157987231,-0.02280154182552748,55.55555555555556,0.6791229514594959,0.32612662587733054,1.8723729015297126,0.22099376570687257,0.32541053903705836,41.666666666666664,16.02887742393444,11.600427854920161,20.048016222271308,11.382331581440809,0.7101140822528611,8.333333333333337,0.0710673502978295,0.0277301356736937,0.1637643690743218,-0.0283163438666661,-0.3984437825245741,58.33333333333333,0.3852982535412227,0.29781699291755376,0.44150977267486047,0.014977777815444682,0.038873204531258594,33.333333333333336,0.32541053903705836,-0.000429942298994547,0.011396329486603393,0.6893448154483517,0.03587912857720821,
CARR,Carrier Global Corporation,Industrials,12,0.04699429356543345,0.0058890690887146505,0.0819185696690114,3.177364680793541,67.61171282146147,91.66666666666666,0.0325122119220242,-0.03577599449297662,0.09153780253704008,-0.011320104168548499,-0.348180068329344,50.0,0.4360663451358664,0.3958360010163857,0.47755943415392704,,,0.0,0.179685222967065,0.16692685988293748,0.24042804433701986,-0.09700715242859999,-0.5398727331427844,9.090909090909092,1.0930656934306568,0.9767583591583754,1.3043065343869118,0.5226184000064955,0.47812167479726136,100.0,1.449128368329353,0.2684234151579405,3.0289905089757725,4.931850497076654,3.403322027821734,0.0,1.1035549306615802,-0.8497552295705254,2.200946795284539,4.411461754544204,3.997500832966726,0.0,5.453811605536261,4.086684046360033,6.956364890619752,-2.458835692352833,-0.45084720012272245,91.66666666666666,30.858613442399456,27.99331375770734,35.20912489657664,5.365936715553826,0.1738878101431828,18.181818181818176,0.11589027217071296,0.06841969130327377,0.16841160534469277,0.07564340392242194,0.6527157327838087,16.666666666666664,0.29496006765407085,0.25599820020131153,0.3218696171317986,0.04862759878055145,0.1648616342113872,0.0,-0.45084720012272245,-0.09700715242859999,3.177364680793541,4.931850497076654,0.5226184000064955,
CAT,Caterpillar Inc.,Industrials,12,0.04699429356543345,0.0058890690887146505,0.0819185696690114,-0.0040990166748782475,-0.08722371087823459,50.0,0.0325122119220242,-0.03577599449297662,0.09153780253704008,0.011320104168548499,0.348180068329344,58.333333333333336,0.4360663451358664,0.3958360010163857,0.47755943415392704,,,0.0,0.179685222967065,0.16692685988293748,0.24042804433701986,-0.01470275540577548,-0.08182506698656233,27.27272727272727,1.0930656934306568,0.9767583591583754,1.3043065343869118,0.21264679872251335,0.1945416455758553,81.81818181818183,1.449128368329353,0.2684234151579405,3.0289905089757725,1.7981140314554198,1.2408245333906476,9.999999999999998,1.1035549306615802,-0.8497552295705254,2.200946795284539,1.2481624041066022,1.131037857225947,19.999999999999996,5.453811605536261,4.086684046360033,6.956364890619752,1.3357020926098873,0.24491166714559637,25.0,30.858613442399456,27.99331375770734,35.20912489657664,10.29432722157686,0.3335965577582481,0.0,0.11589027217071296,0.06841969130327377,0.16841160534469277,-0.09755016004323086,-0.8417458878648065,91.66666666666666,0.29496006765407085,0.25599820020131153,0.3218696171317986,0.04108458580873503,0.13928863705347067,8.333333333333337,0.24491166714559637,-0.01470275540577548,-0.0040990166748782475,1.7981140314554198,0.21264679872251335,
DE,Deere & Company,Industrials,12,0.04699429356543345,0.0058890690887146505,0.0819185696690114,-0.16363131112286244,-3.4819400124618767,16.666666666666664,0.0325122119220242,-0.03577599449297662,0.09153780253704008,-0.0782755307735879,-2.407573220835308,25.0,0.4360663451358664,0.3958360010163857,0.47755943415392704,,,0.0,0.179685222967065,0.16692685988293748,0.24042804433701986,,,0.0,1.0930656934306568,0.9767583591583754,1.3043065343869118,,,0.0,1.449128368329353,0.2684234151579405,3.0289905089757725,,,0.0,1.1035549306615802,-0.8497552295705254,2.200946795284539,,,0.0,5.453811605536261,4.086684046360033,6.956364890619752,-1.4560392157280133,-0.266976441622949,75.0,30.858613442399456,27.99331375770734,35.20912489657664,,,0.0,0.11589027217071296,0.06841969130327377,0.16841160534469277,0.08268119626445344,0.7134438008969324,8.333333333333337,0.29496006765407085,0.25599820020131153,0.3218696171317986,-0.0039901064991530455,-0.013527615893527127,50.0,-0.266976441622949,,-0.16363131112286244,,,
EMR,Emerson Electric Co.,Industrials,12,0.04699429356543345,0.0058890690887146505,0.0819185696690114,0.0040990166748782475,0.08722371087823459,58.333333333333336,0.0325122119220242,-0.03577599449297662,0.09153780253704008,-0.0649590982954718,-1.997990738103785,33.33333333333333,0.4360663451358664,0.3958360010163857,0.47755943415392704,0.0829861780361213,0.1903063122430718,100.0,0.179685222967065,0.16692685988293748,0.24042804433701986,0.42464021472603486,2.3632450555150455,100.0,1.0930656934306568,0.9767583591583754,1.3043065343869118,0.10972912592857975,0.10038657931362556,63.63636363636363,1.449128368329353,0.2684234151579405,3.0289905089757725,1.59245309043002,1.0989040896810962,19.999999999999996,1.1035549306615802,-0.8497552295705254,2.200946795284539,1.4117824926513038,1.2793042316479357,9.999999999999998,5.453811605536261,4.086684046360033,6.956364890619752,13.194833469643966,2.4193783034693856,0.0,30.858613442399456,27.99331375770734,35.20912489657664,0.0,0.0,45.45454545454546,0.11589027217071296,0.06841969130327377,0.16841160534469277,0.013160570363443952,0.11356061312944095,41.666666666666664,0.29496006765407085,0.25599820020131153,0.3218696171317986,0.0039901064991530455,0.013527615893527127,41.666666666666664,2.4193783034693856,0.42464021472603486,0.0040990166748782475,1.59245309043002,0.10972912592857975,
ETN,Eaton Corporation plc,Industrials,12,0.04699429356543345,0.0058890690887146505,0.0819185696690114,0.056309830560300055,1.1982269822163818,83.33333333333334,0.0325122119220242,-0.03577599449297662,0.09153780253704008,0.06518758055731991,2.005018320920853,83.33333333333334,0.4360663451358664,0.3958360010163857,0.47755943415392704,,,0.0,0.179685222967065,0.16692685988293748,0.24042804433701986,0.0,0.0,54.54545454545454,1.0930656934306568,0.9767583591583754,1.3043065343869118,0.0,0.0,54.54545454545454,1.449128368329353,0.2684234151579405,3.0289905089757725,-1.4489256108273254,-0.9998600831324134,80.0,1.1035549306615802,-0.8497552295705254,2.200946795284539,-1.2294673394207043,-1.1140970922794389,60.0,5.453811605536261,4.086684046360033,6.956364890619752,1.0646769237554903,0.19521703365673979,33.333333333333336,30.858613442399456,27.99331375770734,35.20912489657664,5.418651997989837,0.17559609436452056,9.090909090909093,0.11589027217071296,0.06841969130327377,0.16841160534469277,-0.05696090024951766,-0.4915071746972085,83.33333333333334,0.29496006765407085,0.25599820020131153,0.3218696171317986,0.02470969184978694,0.08377300712707479,25.0,0.19521703365673979,0.0,0.056309830560300055,-1.4489256108273254,0.0,
GE,GE Aerospace,Industrials,12,0.04699429356543345,0.0058890690887146505,0.0819185696690114,3.5946698424807253,76.49162418997989,100.0,0.0325122119220242,-0.03577599449297662,0.09153780253704008,0.264607298256248,8.138704893129697,100.0,0.4360663451358664,0.3958360010163857,0.47755943415392704,,,0.0,0.179685222967065,0.16692685988293748,0.24042804433701986,0.03839350345317272,0.21367090080751922,72.72727272727273,1.0930656934306568,0.9767583591583754,1.3043065343869118,-0.11206569343065687,-0.10252420701168609,36.36363636363637,1.449128368329353,0.2684234151579405,3.0289905089757725,-1.446628368329353,-0.9982748250226569,70.0,1.1035549306615802,-0.8497552295705254,2.200946795284539,-2.34025493066158,-2.1206510574499444,90.0,5.453811605536261,4.086684046360033,6.956364890619752,2.0031068625043016,0.36728567236736087,16.666666666666664,30.858613442399456,27.99331375770734,35.20912489657664,3.335086192800542,0.10807634630200734,27.27272727272727,0.11589027217071296,0.06841969130327377,0.16841160534469277,-0.034708092344784156,-0.2994909900086969,58.33333333333333,0.29496006765407085,0.25599820020131153,0.3218696171317986,0.01581665202720356,0.05362302820513768,33.333333333333336,0.36728567236736087,0.03839350345317272,3.5946698424807253,-1.446628368329353,-0.11206569343065687,
HON,Honeywell International Inc.,Industrials,12,0.04699429356543345,0.0058890690887146505,0.0819185696690114,-0.7935265809569862,-16.885594414821952,8.333333333333332,0.0325122119220242,-0.03577599449297662,0.09153780253704008,-0.3821087143716681,-11.752775089191106,8.333333333333332,0.4360663451358664,0.3958360010163857,0.47755943415392704,-0.0804606882389613,-0.1845147857349366,33.33333333333333,0.179685222967065,0.16692685988293748,0.24042804433701986,0.3814953468218262,2.1231314435453132,90.9090909090909,1.0930656934306568,0.9767583591583754,1.3043065343869118,0.2571899676358149,0.2352923243145686,90.9090909090909,1.449128368329353,0.2684234151579405,3.0289905089757725,-0.3729778935302295,-0.2573808516082133,50.0,1.1035549306615802,-0.8497552295705254,2.200946795284539,-2.307718553744122,-2.0911678155981295,80.0,5.453811605536261,4.086684046360033,6.956364890619752,12.291667228651074,2.253775545927106,8.333333333333337,30.858613442399456,27.99331375770734,35.20912489657664,0.7630780229036844,0.024728201878805808,36.36363636363637,0.11589027217071296,0.06841969130327377,0.16841160534469277,-0.05453953268770166,-0.4706135525107908,75.0,0.29496006765407085,0.25599820020131153,0.3218696171317986,-0.07574931336687604,-0.25681209653001175,83.33333333333334,2.253775545927106,0.3814953468218262,-0.7935265809569862,-0.3729778935302295,0.2571899676358149,
IR,Ingersoll Rand Inc.,Industrials,12,0.04699429356543345,0.0058890690887146505,0.0819185696690114,0.010490157021988848,0.2232219324114888,66.66666666666666,0.0325122119220242,-0.03577599449297662,0.09153780253704008,0.056971593967581204,1.7523136876758576,75.0,0.4360663451358664,0.3958360010163857,0.47755943415392704,0.0,0.0,66.66666666666666,0.179685222967065,0.16692685988293748,0.24042804433701986,-0.030081908324343293,-0.16741448087724548,18.181818181818183,1.0930656934306568,0.9767583591583754,1.3043065343869118,0.20983488318999655,0.19196914188333575,72.72727272727273,1.449128368329353,0.2684234151579405,3.0289905089757725,-1.449128368329353,-1.0,90.0,1.1035549306615802,-0.8497552295705254,2.200946795284539,-2.1945911005025724,-1.9886559694739592,70.0,5.453811605536261,4.086684046360033,6.956364890619752,-1.3374903403256324,-0.245239556674074,66.66666666666667,30.858613442399456,27.99331375770734,35.20912489657664,-3.3437066033290392,-0.10835569814471367,72.72727272727273,0.11589027217071296,0.06841969130327377,0.16841160534469277,0.16524176334330226,1.425846710411481,0.0,0.29496006765407085,0.25599820020131153,0.3218696171317986,0.03350912236155018,0.11360562339187445,16.666666666666664,-0.245239556674074,-0.030081908324343293,0.010490157021988848,-1.449128368329353,0.20983488318999655,
ITW,Illinois Tool Works Inc.,Industrials,12,0.04699429356543345,0.0058890690887146505,0.0819185696690114,-0.037810748465420846,-0.8045816969835772,33.33333333333333,0.0325122119220242,-0.03577599449297662,0.09153780253704008,-0.0301743892701152,-0.928094014104118,41.66666666666667,0.4360663451358664,0.3958360010163857,0.47755943415392704,,,0.0,0.179685222967065,0.16692685988293748,0.24042804433701986,0.083092139286737,0.4624316786582233,81.81818181818183,1.0930656934306568,0.9767583591583754,1.3043065343869118,-0.252221291153617,-0.23074669040431076,18.181818181818183,1.449128368329353,0.2684234151579405,3.0289905089757725,0.3729778935302295,0.2573808516082133,40.0,1.1035549306615802,-0.8497552295705254,2.200946795284539,0.5167012363213421,0.4682152396451894,40.0,5.453811605536261,4.086684046360033,6.956364890619752,-0.44692850207079093,-0.081947917235921,50.0,30.858613442399456,27.99331375770734,35.20912489657664,-11.804905541071179,-0.38254815185089763,90.9090909090909,0.11589027217071296,0.06841969130327377,0.16841160534469277,0.04341258751076013,0.3746007900198122,33.333333333333336,0.29496006765407085,0.25599820020131153,0.3218696171317986,-0.09173830444269696,-0.3110194039902636,91.66666666666666,-0.081947917235921,0.083092139286737,-0.037810748465420846,0.3729778935302295,-0.252221291153617,
MMM,3M Company,Industrials,12,0.04699429356543345,0.0058890690887146505,0.0819185696690114,-0.031816267115789554,-0.6770240533883021,41.66666666666667,0.0325122119220242,-0.03577599449297662,0.09153780253704008,-0.1325716196627331,-4.077594596783719,16.666666666666664,0.4360663451358664,0.3958360010163857,0.47755943415392704,,,0.0,0.179685222967065,0.16692685988293748,0.24042804433701986,-0.010813970762479502,-0.060182860804650726,36.36363636363637,1.0930656934306568,0.9767583591583754,1.3043065343869118,-0.329714162455105,-0.30164167116093077,9.090909090909092,1.449128368329353,0.2684234151579405,3.0289905089757725,1.5420892912956174,1.064149543268852,30.000000000000004,1.1035549306615802,-0.8497552295705254,2.200946795284539,0.6450802461720302,0.5845474731242469,30.000000000000004,5.453811605536261,4.086684046360033,6.956364890619752,-1.9149070090956646,-0.3511135234579442,83.33333333333334,30.858613442399456,27.99331375770734,35.20912489657664,-9.902384657210753,-0.3208953207082521,81.81818181818181,0.11589027217071296,0.06841969130327377,0.16841160534469277,-0.013160570363443966,-0.11356061312944107,50.0,0.29496006765407085,0.25599820020131153,0.3218696171317986,-0.03471218234207607,-0.11768434492897702,66.66666666666667,-0.3511135234579442,-0.010813970762479502,-0.031816267115789554,1.5420892912956174,-0.329714162455105,
PH,Parker-Hannifin Corporation,Industrials,12,0.04699429356543345,0.0058890690887146505,0.0819185696690114,-0.05098865251061265,-1.0849966802802893,25.0,0.0325122119220242,-0.03577599449297662,0.09153780253704008,0.0451213273145095,1.3878270547302787,66.66666666666666,0.4360663451358664,0.3958360010163857,0.47755943415392704,,,0.0,0.179685222967065,0.16692685988293748,0.24042804433701986,0.027216540257116312,0.15146788259880953,63.63636363636363,1.0930656934306568,0.9767583591583754,1.3043065343869118,-0.06774307351344255,-0.06197529930779052,45.45454545454545,1.449128368329353,0.2684234151579405,3.0289905089757725,,,0.0,1.1035549306615802,-0.8497552295705254,2.200946795284539,,,0.0,5.453811605536261,4.086684046360033,6.956364890619752,0.4469285020707918,0.08194791723592115,41.666666666666664,30.858613442399456,27.99331375770734,35.20912489657664,-2.3390879649219762,-0.07580016416771632,54.54545454545454,0.11589027217071296,0.06841969130327377,0.16841160534469277,0.04481397625783243,0.3866931660305266,25.0,0.29496006765407085,0.25599820020131153,0.3218696171317986,-0.051710922784809044,-0.17531499499605355,75.0,0.08194791723592115,0.027216540257116312,-0.05098865251061265,,-0.06774307351344255,
TT,Trane Technologies plc,Industrials,12,0.04699429356543345,0.0058890690887146505,0.0819185696690114,0.027795757951337256,0.5914709179027294,75.0,0.0325122119220242,-0.03577599449297662,0.09153780253704008,0.0681238953033638,2.0953325312577635,91.66666666666666,0.4360663451358664,0.3958360010163857,0.47755943415392704,,,0.0,0.179685222967065,0.16692685988293748,0.24042804433701986,-0.007158384364501502,-0.03983846999935873,45.45454545454545,1.0930656934306568,0.9767583591583754,1.3043065343869118,-0.12054897511390605,-0.11028520594727967,27.27272727272727,1.449128368329353,0.2684234151579405,3.0289905089757725,-0.3829347076975911,-0.2642517502704488,60.0,1.1035549306615802,-0.8497552295705254,2.200946795284539,-0.516701236321342,-0.4682152396451893,50.0,5.453811605536261,4.086684046360033,6.956364890619752,-0.5416756476713429,-0.09932056456102707,58.33333333333333,30.858613442399456,27.99331375770734,35.20912489657664,-2.3868927660551904,-0.0773493200046254,63.63636363636363,0.11589027217071296,0.06841969130327377,0.16841160534469277,-0.045114263594018364,-0.38928430099432754,66.66666666666667,0.29496006765407085,0.25599820020131153,0.3218696171317986,-0.026602890680180236,-0.09019149911295825,58.33333333333333,-0.09932056456102707,-0.007158384364501502,0.027795757951337256,-0.3829347076975911,-0.12054897511390605,
AEP,"American Electric Power Company, Inc.",Infrastructure / Utilities-Like Assets,12,0.09272790103582235,0.08751486965296733,0.10453999360755416,-0.005981480208268747,-0.06450572202597361,30.0,0.0050504227497286,-0.009081370408446976,0.06456813364410155,0.0287969872009099,5.701896381339046,70.0,,,,,,0.0,0.16995864372766525,0.13776620487434418,0.17604660549306167,0.006292393043139249,0.037023083410938025,80.0,4.508701740348069,3.2068769498919973,5.775104167263946,-1.7905318057075466,-0.3971280223937187,18.181818181818183,9.496630160067395,0.9954807342200518,12.851102184930186,2.875134545814957,0.30275313425436723,27.27272727272727,9.430918281381636,0.8693357464641922,12.391437579581396,2.870781065023591,0.30440101158452826,27.27272727272727,5.871860164063698,5.313974956898379,6.293751781415107,-0.2059453897571819,-0.03507327899557041,50.0,35.81445384406966,31.53872578588736,42.74545170299653,-3.667608763808218,-0.10240582698193286,66.66666666666667,0.05124887822423865,0.04459403842861925,0.08710998493177807,-0.00284207260991165,-0.05545628915966134,58.33333333333333,0.18268453127652784,0.15742223094680893,0.1938717399305567,-0.0043486558143850385,-0.023804181908552068,58.33333333333333,-0.03507327899557041,0.006292393043139249,-0.005981480208268747,2.875134545814957,-1.7905318057075466,
AWK,"American Water Works Company, Inc.",Infrastructure / Utilities-Like Assets,12,0.09272790103582235,0.08751486965296733,0.10453999360755416,0.007852369757214359,0.08468184515662504,70.0,0.0050504227497286,-0.009081370408446976,0.06456813364410155,0.1031207601826777,20.418243242750165,100.0,,,,,,0.0,0.16995864372766525,0.13776620487434418,0.17604660549306167,0.10772149686987423,0.6338100523000332,100.0,4.508701740348069,3.2068769498919973,5.775104167263946,-0.8624288852144542,-0.19128097951049544,36.36363636363637,9.496630160067395,0.9954807342200518,12.851102184930186,-8.379893169912684,-0.8824070252992998,63.63636363636363,9.430918281381636,0.8693357464641922,12.391437579581396,-8.411930939609483,-0.8919524789241552,63.63636363636363,5.871860164063698,5.313974956898379,6.293751781415107,1.8801065799316161,0.3201892632658445,9.999999999999998,35.81445384406966,31.53872578588736,42.74545170299653,-7.897560949554894,-0.22051323144391918,83.33333333333334,0.05124887822423865,0.04459403842861925,0.08710998493177807,0.08475212210029165,1.6537361409055644,8.333333333333337,0.18268453127652784,0.15742223094680893,0.1938717399305567,0.029343259935357163,0.1606225755969483,8.333333333333337,0.3201892632658445,0.10772149686987423,0.007852369757214359,-8.379893169912684,-0.8624288852144542,
CNP,"CenterPoint Energy, Inc.",Infrastructure / Utilities-Like Assets,12,0.09272790103582235,0.08751486965296733,0.10453999360755416,-0.0009365072098168475,-0.010099519123753908,50.0,0.0050504227497286,-0.009081370408446976,0.06456813364410155,-0.0046931650293637,-0.9292618186499143,40.0,,,,,,0.0,0.16995864372766525,0.13776620487434418,0.17604660549306167,-0.03640396877853816,-0.21419310003950362,20.0,4.508701740348069,3.2068769498919973,5.775104167263946,1.390255757647119,0.3083494623753471,81.81818181818183,9.496630160067395,0.9954807342200518,12.851102184930186,7.396713865594192,0.7788777430437176,0.0,9.430918281381636,0.8693357464641922,12.391437579581396,7.423131437944747,0.7871059017232045,0.0,5.871860164063698,5.313974956898379,6.293751781415107,-0.33859670727886293,-0.05766430020781228,60.0,35.81445384406966,31.53872578588736,42.74545170299653,5.6162445488733965,0.15681502706492795,25.0,0.05124887822423865,0.04459403842861925,0.08710998493177807,-0.03234998926573655,-0.6312331193707243,91.66666666666666,0.18268453127652784,0.15742223094680893,0.1938717399305567,-0.02477055371710915,-0.13559196032648324,66.66666666666667,-0.05766430020781228,-0.03640396877853816,-0.0009365072098168475,7.396713865594192,1.390255757647119,
DUK,Duke Energy Corporation,Infrastructure / Utilities-Like Assets,12,0.09272790103582235,0.08751486965296733,0.10453999360755416,,,0.0,0.0050504227497286,-0.009081370408446976,0.06456813364410155,,,0.0,,,,,,0.0,0.16995864372766525,0.13776620487434418,0.17604660549306167,,,0.0,4.508701740348069,3.2068769498919973,5.775104167263946,0.10509377785921359,0.023309099583752994,63.63636363636363,9.496630160067395,0.9954807342200518,12.851102184930186,5.771577122845768,0.6077500150647973,9.090909090909093,9.430918281381636,0.8693357464641922,12.391437579581396,5.773738581363462,0.6122138278689024,9.090909090909093,5.871860164063698,5.313974956898379,6.293751781415107,,,0.0,35.81445384406966,31.53872578588736,42.74545170299653,-2.588720107374982,-0.07228143471476212,58.33333333333333,0.05124887822423865,0.04459403842861925,0.08710998493177807,0.0014022657182985454,0.027361881213535135,41.666666666666664,0.18268453127652784,0.15742223094680893,0.1938717399305567,-0.039765915248408834,-0.21767532790291666,91.66666666666666,,,,5.771577122845768,0.10509377785921359,
ETR,Entergy Corporation,Infrastructure / Utilities-Like Assets,12,0.09272790103582235,0.08751486965296733,0.10453999360755416,-0.002907684906613847,-0.03135717377545901,40.0,0.0050504227497286,-0.009081370408446976,0.06456813364410155,-0.0252548087251133,-5.000533614036655,20.0,,,,,,0.0,0.16995864372766525,0.13776620487434418,0.17604660549306167,0.0054746679321679426,0.03221176523943275,70.0,4.508701740348069,3.2068769498919973,5.775104167263946,1.1425490961846343,0.25340977558130295,72.72727272727273,9.496630160067395,0.9954807342200518,12.851102184930186,3.833809503910624,0.40370209635324117,18.181818181818176,9.430918281381636,0.8693357464641922,12.391437579581396,3.0502575313759284,0.32343165748744707,18.181818181818176,5.871860164063698,5.313974956898379,6.293751781415107,0.4502254031617685,0.07667508942348247,19.999999999999996,35.81445384406966,31.53872578588736,42.74545170299653,0.22251945028418163,0.006213118626714101,41.666666666666664,0.05124887822423865,0.04459403842861925,0.08710998493177807,-0.0014022657182985523,-0.02736188121353527,50.0,0.18268453127652784,0.15742223094680893,0.1938717399305567,0.010599271705025864,0.058019535813800496,25.0,0.07667508942348247,0.0054746679321679426,-0.002907684906613847,3.833809503910624,1.1425490961846343,
EXC,Exelon Corporation,Infrastructure / Utilities-Like Assets,12,0.09272790103582235,0.08751486965296733,0.10453999360755416,-0.03931466497537415,-0.42397880827892603,20.0,0.0050504227497286,-0.009081370408446976,0.06456813364410155,0.0783127019893316,15.50616767547627,90.0,,,,,,0.0,0.16995864372766525,0.13776620487434418,0.17604660549306167,-0.03429205950802644,-0.20176708142584748,30.0,4.508701740348069,3.2068769498919973,5.775104167263946,-0.016754004097689013,-0.0037159264601068095,45.45454545454545,9.496630160067395,0.9954807342200518,12.851102184930186,-8.990704909383712,-0.9467258130351269,81.81818181818181,9.430918281381636,0.8693357464641922,12.391437579581396,-9.289927701010928,-0.9850501747375916,81.81818181818181,5.871860164063698,5.313974956898379,6.293751781415107,-1.8406133684498798,-0.313463419942218,80.0,35.81445384406966,31.53872578588736,42.74545170299653,-6.100085941304545,-0.1703246953831359,75.0,0.05124887822423865,0.04459403842861925,0.08710998493177807,0.03027830837703374,0.5908091928286017,33.333333333333336,0.18268453127652784,0.15742223094680893,0.1938717399305567,-0.0022282693392707276,-0.012197361887733217,50.0,-0.313463419942218,-0.03429205950802644,-0.03931466497537415,-8.990704909383712,-0.016754004097689013,
NRG,"NRG Energy, Inc.",Infrastructure / Utilities-Like Assets,12,0.09272790103582235,0.08751486965296733,0.10453999360755416,0.0009365072098168475,0.010099519123753908,60.0,0.0050504227497286,-0.009081370408446976,0.06456813364410155,-0.0172780025344462,-3.4211002505433203,30.0,,,,,,0.0,0.16995864372766525,0.13776620487434418,0.17604660549306167,-0.13259086437550527,-0.780136046437058,10.0,4.508701740348069,3.2068769498919973,5.775104167263946,-1.8102890419353708,-0.4015100457267367,9.090909090909092,9.496630160067395,0.9954807342200518,12.851102184930186,,,0.0,9.430918281381636,0.8693357464641922,12.391437579581396,,,0.0,5.871860164063698,5.313974956898379,6.293751781415107,-4.12716932173991,-0.7028725491452522,90.0,35.81445384406966,31.53872578588736,42.74545170299653,10.875257789087307,0.303655553046723,16.666666666666664,0.05124887822423865,0.04459403842861925,0.08710998493177807,0.19657692812864505,3.835731335787016,0.0,0.18268453127652784,0.15742223094680893,0.1938717399305567,0.25987876070725807,1.4225548210969328,0.0,-0.7028725491452522,-0.13259086437550527,0.0009365072098168475,,-1.8102890419353708,
PEG,Public Service Enterprise Group Incorporated,Infrastructure / Utilities-Like Assets,12,0.09272790103582235,0.08751486965296733,0.10453999360755416,0.08977938759391527,0.9682025214744371,100.0,0.0050504227497286,-0.009081370408446976,0.06456813364410155,0.06975795212552731,13.812299599924772,80.0,,,,,,0.0,0.16995864372766525,0.13776620487434418,0.17604660549306167,0.025143262912702857,0.14793753563361794,90.0,4.508701740348069,3.2068769498919973,5.775104167263946,-1.7412206956976903,-0.3861911468029972,27.27272727272727,9.496630160067395,0.9954807342200518,12.851102184930186,0.0,0.0,45.45454545454546,9.430918281381636,0.8693357464641922,12.391437579581396,0.0,0.0,45.45454545454546,5.871860164063698,5.313974956898379,6.293751781415107,-0.6309813737941372,-0.10745851504703721,70.0,35.81445384406966,31.53872578588736,42.74545170299653,-8.952190524777329,-0.24996026921850376,91.66666666666666,0.05124887822423865,0.04459403842861925,0.08710998493177807,0.04185277988574494,0.8166574827768672,16.666666666666664,0.18268453127652784,0.15742223094680893,0.1938717399305567,0.004018972460566261,0.02199952252379147,33.333333333333336,-0.10745851504703721,0.025143262912702857,0.08977938759391527,0.0,-1.7412206956976903,
SO,The Southern Company,Infrastructure / Utilities-Like Assets,12,0.09272790103582235,0.08751486965296733,0.10453999360755416,0.013132000176570957,0.1416186501568481,80.0,0.0050504227497286,-0.009081370408446976,0.06456813364410155,-0.0019406888490333001,-0.3842626538813189,50.0,,,,,,0.0,0.16995864372766525,0.13776620487434418,0.17604660549306167,-0.0008049199094404547,-0.004735975127750638,50.0,4.508701740348069,3.2068769498919973,5.775104167263946,0.0,0.0,54.54545454545454,9.496630160067395,0.9954807342200518,12.851102184930186,-9.35220127429024,-0.9847915646558009,90.9090909090909,9.430918281381636,0.8693357464641922,12.391437579581396,-9.614555008727105,-1.0194717759041558,90.9090909090909,5.871860164063698,5.313974956898379,6.293751781415107,0.33689025992033095,0.057373685766927675,30.000000000000004,35.81445384406966,31.53872578588736,42.74545170299653,0.890327368172791,0.024859442839729802,33.333333333333336,0.05124887822423865,0.04459403842861925,0.08710998493177807,-0.004897820661565355,-0.09556932427154832,66.66666666666667,0.18268453127652784,0.15742223094680893,0.1938717399305567,-0.026737540167548146,-0.14635908131201206,75.0,0.057373685766927675,-0.0008049199094404547,0.013132000176570957,-9.35220127429024,0.0,
SRE,Sempra,Infrastructure / Utilities-Like Assets,12,0.09272790103582235,0.08751486965296733,0.10453999360755416,-0.041957889189486244,-0.4524839743032381,10.0,0.0050504227497286,-0.009081370408446976,0.06456813364410155,-0.037787040792568095,-7.481955999544533,10.0,,,,,,0.0,0.16995864372766525,0.13776620487434418,0.17604660549306167,-0.02589357688920496,-0.1523522212303351,40.0,4.508701740348069,3.2068769498919973,5.775104167263946,3.9748086006245416,0.8815860594756681,100.0,9.496630160067395,0.9954807342200518,12.851102184930186,-7.167954922504512,-0.7547893096485124,54.54545454545454,9.430918281381636,0.8693357464641922,12.391437579581396,-7.118453217099915,-0.7547995862876946,54.54545454545454,5.871860164063698,5.313974956898379,6.293751781415107,2.646722115852553,0.4507467892458894,0.0,35.81445384406966,31.53872578588736,42.74545170299653,23.315649427031516,0.651012284831819,0.0,0.05124887822423865,0.04459403842861925,0.08710998493177807,0.03386388231480425,0.6607731425190103,25.0,0.18268453127652784,0.15742223094680893,0.1938717399305567,0.012951019501037858,0.07089280855111932,16.666666666666664,0.4507467892458894,-0.02589357688920496,-0.041957889189486244,-7.167954922504512,3.9748086006245416,
WEC,"WEC Energy Group, Inc.",Infrastructure / Utilities-Like Assets,12,0.09272790103582235,0.08751486965296733,0.10453999360755416,0.04683186128699535,0.5050460623378439,90.0,0.0050504227497286,-0.009081370408446976,0.06456813364410155,0.0019406888490332997,0.38426265388131886,60.0,,,,,,0.0,0.16995864372766525,0.13776620487434418,0.17604660549306167,0.0008049199094404547,0.004735975127750638,60.0,4.508701740348069,3.2068769498919973,5.775104167263946,,,0.0,9.496630160067395,0.9954807342200518,12.851102184930186,2.4648278620419557,0.2595476311593526,36.36363636363637,9.430918281381636,0.8693357464641922,12.391437579581396,2.4881734425502433,0.2638315133598766,36.36363636363637,5.871860164063698,5.313974956898379,6.293751781415107,0.2059453897571828,0.03507327899557056,40.0,35.81445384406966,31.53872578588736,42.74545170299653,-0.22251945028418163,-0.006213118626714101,50.0,0.05124887822423865,0.04459403842861925,0.08710998493177807,-0.011925897197781553,-0.23270552665757832,75.0,0.18268453127652784,0.15742223094680893,0.1938717399305567,-0.034047388823668034,-0.1863725876830306,83.33333333333334,0.03507327899557056,0.0008049199094404547,0.04683186128699535,2.4648278620419557,,
XEL,Xcel Energy Inc.,Infrastructure / Utilities-Like Assets,12,0.09272790103582235,0.08751486965296733,0.10453999360755416,,,0.0,0.0050504227497286,-0.009081370408446976,0.06456813364410155,,,0.0,,,,,,0.0,0.16995864372766525,0.13776620487434418,0.17604660549306167,,,0.0,4.508701740348069,3.2068769498919973,5.775104167263946,3.9464590041527767,0.8752983079000725,90.9090909090909,9.496630160067395,0.9954807342200518,12.851102184930186,-8.622405681782004,-0.9079437165025718,72.72727272727273,9.430918281381636,0.8693357464641922,12.391437579581396,-8.711234130225403,-0.9236888572582564,72.72727272727273,5.871860164063698,5.313974956898379,6.293751781415107,,,0.0,35.81445384406966,31.53872578588736,42.74545170299653,13.841966361232089,0.3864910636777479,8.333333333333337,0.05124887822423865,0.04459403842861925,0.08710998493177807,-0.023703974626317754,-0.4625267020011909,83.33333333333334,0.18268453127652784,0.15742223094680893,0.1938717399305567,0.0022282693392707553,0.01219736188773337,41.666666666666664,,,,-8.622405681782004,3.9464590041527767,
ADBE,Adobe Inc.,Software / SaaS,12,0.2027016343670106,0.18255694706480435,0.2440260772770842,-0.0974237920047693,-0.48062657367810985,8.333333333333332,0.22111111283932433,0.15610018642323487,0.2783973810852754,-0.11588771351416313,-0.5241152831534781,8.333333333333332,0.7753426720891701,0.7313117711981261,0.8139865778522284,0.11733266132830644,0.1513300706281936,100.0,0.02962337498954635,-0.019872778217038575,0.23612070429295512,0.33783003070694906,11.404170889581767,91.66666666666666,1.2352007178751307,-9.347248857854094,1.9261250552852722,-0.06620598464865957,-0.053599373519269994,50.0,0.3490418759656062,0.0,1.2356226727347952,-0.3490418759656062,-1.0,60.0,0.1044189376107161,-0.6218227616212503,0.7470588235294118,-0.7262416992319664,-6.955076500964467,60.0,7.373286884659444,4.301284398780188,11.447827592641394,-3.3315683194694907,-0.4518430344004401,83.33333333333334,14.2186598344711,-268.02829278787647,30.224391252659572,-3.219391621052276,-0.22642018717174195,50.0,0.3980917621417783,0.3072363406208448,0.6016447849330375,0.030479671658055985,0.07656443703851577,41.666666666666664,0.5460824807207562,0.4037213206945266,0.5895158955679877,-0.22435961009179117,-0.4108529718727954,83.33333333333334,-0.4518430344004401,0.33783003070694906,-0.0974237920047693,-0.3490418759656062,-0.06620598464865957,
CRM,"Salesforce, Inc.",Software / SaaS,12,0.2027016343670106,0.18255694706480435,0.2440260772770842,-0.011405768400346905,-0.05626875400370811,33.33333333333333,0.22111111283932433,0.15610018642323487,0.2783973810852754,-0.05948874810247834,-0.2690445873053303,33.33333333333333,0.7753426720891701,0.7313117711981261,0.8139865778522284,0.0014183152678437505,0.0018292753886769615,63.63636363636363,0.02962337498954635,-0.019872778217038575,0.23612070429295512,0.19963610725006836,6.739141212657808,75.0,1.2352007178751307,-9.347248857854094,1.9261250552852722,0.40240432414167615,0.32578051349736675,75.0,0.3490418759656062,0.0,1.2356226727347952,1.1676598047066626,3.345328698673741,0.0,0.1044189376107161,-0.6218227616212503,0.7470588235294118,0.6426398859186957,6.15443808013561,19.999999999999996,7.373286884659444,4.301284398780188,11.447827592641394,-3.231499276423441,-0.43827119803879666,75.0,14.2186598344711,-268.02829278787647,30.224391252659572,3.847278236117134,0.27057952584180683,33.333333333333336,0.3980917621417783,0.3072363406208448,0.6016447849330375,-0.045973166261716214,-0.11548384225379452,58.33333333333333,0.5460824807207562,0.4037213206945266,0.5895158955679877,-0.19320687579830348,-0.353805299784194,75.0,-0.43827119803879666,0.19963610725006836,-0.011405768400346905,1.1676598047066626,0.40240432414167615,
DDOG,"Datadog, Inc.",Software / SaaS,12,0.2027016343670106,0.18255694706480435,0.2440260772770842,0.07405205145132021,0.36532537925787967,83.33333333333334,0.22111111283932433,0.15610018642323487,0.2783973810852754,0.048384280923250256,0.21882337934959356,75.0,0.7753426720891701,0.7313117711981261,0.8139865778522284,0.024212236088392847,0.031227787351304537,72.72727272727273,0.02962337498954635,-0.019872778217038575,0.23612070429295512,0.0074396959281060535,0.2511427523275593,58.333333333333336,1.2352007178751307,-9.347248857854094,1.9261250552852722,7.422525169970186,6.009165200890489,91.66666666666666,0.3490418759656062,0.0,1.2356226727347952,,,0.0,0.1044189376107161,-0.6218227616212503,0.7470588235294118,,,0.0,7.373286884659444,4.301284398780188,11.447827592641394,14.651365770397604,1.9870874414069837,8.333333333333337,14.2186598344711,-268.02829278787647,30.224391252659572,580.0292562109073,40.79352505534379,0.0,0.3980917621417783,0.3072363406208448,0.6016447849330375,-0.3898646376700368,-0.9793335977929344,91.66666666666666,0.5460824807207562,0.4037213206945266,0.5895158955679877,0.08659651089445786,0.15857771298607126,8.333333333333337,1.9870874414069837,0.0074396959281060535,0.07405205145132021,,7.422525169970186,
HUBS,"HubSpot, Inc.",Software / SaaS,12,0.2027016343670106,0.18255694706480435,0.2440260772770842,-0.010992878316205795,-0.05423181885303471,41.66666666666667,0.22111111283932433,0.15610018642323487,0.2783973810852754,-0.0026540658081017354,-0.01200331260613923,50.0,0.7753426720891701,0.7313117711981261,0.8139865778522284,0.06226709980500944,0.08030913562029289,90.9090909090909,0.02962337498954635,-0.019872778217038575,0.23612070429295512,-0.00743969592810605,-0.25114275232755917,50.0,1.2352007178751307,-9.347248857854094,1.9261250552852722,10.481569361159751,8.485721558833612,100.0,0.3490418759656062,0.0,1.2356226727347952,,,0.0,0.1044189376107161,-0.6218227616212503,0.7470588235294118,,,0.0,7.373286884659444,4.301284398780188,11.447827592641394,-4.551213226273347,-0.6172570384779702,91.66666666666666,14.2186598344711,-268.02829278787647,30.224391252659572,112.99530005784568,7.946972596102538,8.333333333333337,0.3980917621417783,0.3072363406208448,0.6016447849330375,0.2765499956533578,0.6946890690867046,0.0,0.5460824807207562,0.4037213206945266,0.5895158955679877,0.036120707542807495,0.06614514989591494,25.0,-0.6172570384779702,-0.00743969592810605,-0.010992878316205795,,10.481569361159751,
INTU,Intuit Inc.,Software / SaaS,12,0.2027016343670106,0.18255694706480435,0.2440260772770842,-0.0463614440077843,-0.22871766255146464,25.0,0.22111111283932433,0.15610018642323487,0.2783973810852754,-0.08157746135692284,-0.36894328968532236,25.0,0.7753426720891701,0.7313117711981261,0.8139865778522284,,,0.0,0.02962337498954635,-0.019872778217038575,0.23612070429295512,0.22708099546343005,7.665601760216842,83.33333333333334,1.2352007178751307,-9.347248857854094,1.9261250552852722,0.06620598464865934,0.05359937351926981,58.333333333333336,0.3490418759656062,0.0,1.2356226727347952,0.886580796769189,2.540041346948727,19.999999999999996,0.1044189376107161,-0.6218227616212503,0.7470588235294118,-0.8301119454717008,-7.949821789668444,80.0,7.373286884659444,4.301284398780188,11.447827592641394,-2.8968628638427054,-0.3928862268833997,58.33333333333333,14.2186598344711,-268.02829278787647,30.224391252659572,3.2193916210522744,0.22642018717174184,41.666666666666664,0.3980917621417783,0.3072363406208448,0.6016447849330375,0.21818451110847226,0.5480759258483902,16.666666666666664,0.5460824807207562,0.4037213206945266,0.5895158955679877,-0.12541258810220496,-0.2296586917358657,66.66666666666667,-0.3928862268833997,0.22708099546343005,-0.0463614440077843,0.886580796769189,0.06620598464865934,
MDB,"MongoDB, Inc.",Software / SaaS,12,0.2027016343670106,0.18255694706480435,0.2440260772770842,0.025241048280839284,0.12452316114599235,66.66666666666666,0.22111111283932433,0.15610018642323487,0.2783973810852754,0.021519713359439863,0.09732533604078812,66.66666666666666,0.7753426720891701,0.7313117711981261,0.8139865778522284,-0.057857018847445985,-0.07462122353146068,27.27272727272727,0.02962337498954635,-0.019872778217038575,0.23612070429295512,-0.05222710411171015,-1.7630369304692772,25.0,1.2352007178751307,-9.347248857854094,1.9261250552852722,-10.394813581713095,-8.415485379246622,33.33333333333333,0.3490418759656062,0.0,1.2356226727347952,,,0.0,0.1044189376107161,-0.6218227616212503,0.7470588235294118,,,0.0,7.373286884659444,4.301284398780188,11.447827592641394,1.2886281935714328,0.17476984331811357,33.333333333333336,14.2186598344711,-268.02829278787647,30.224391252659572,-397.4260072335122,-27.95101731528944,75.0,0.3980917621417783,0.3072363406208448,0.6016447849330375,-0.06640766630882683,-0.1668149723861306,66.66666666666667,0.5460824807207562,0.4037213206945266,0.5895158955679877,0.15082460929127972,0.2761938253214264,0.0,0.17476984331811357,-0.05222710411171015,0.025241048280839284,,-10.394813581713095,
MSFT,Microsoft Corporation,Software / SaaS,12,0.2027016343670106,0.18255694706480435,0.2440260772770842,-0.05338007204294351,-0.26334307668330786,16.666666666666664,0.22111111283932433,0.15610018642323487,0.2783973810852754,-0.09687996631069383,-0.4381505979805455,16.666666666666664,0.7753426720891701,0.7313117711981261,0.8139865778522284,-0.0871052482275182,-0.11234419484846883,18.181818181818183,0.02962337498954635,-0.019872778217038575,0.23612070429295512,0.40919972847341735,13.813406764685586,100.0,1.2352007178751307,-9.347248857854094,1.9261250552852722,0.38833621175998134,0.31439118042938113,66.66666666666666,0.3490418759656062,0.0,1.2356226727347952,0.0,0.0,40.0,0.1044189376107161,-0.6218227616212503,0.7470588235294118,0.0,0.0,40.0,7.373286884659444,4.301284398780188,11.447827592641394,3.6754559309757164,0.49848269685840085,25.0,14.2186598344711,-268.02829278787647,30.224391252659572,10.959464855054652,0.7707804380047831,25.0,0.3980917621417783,0.3072363406208448,0.6016447849330375,-0.16419868715725364,-0.4124644184392219,75.0,0.5460824807207562,0.4037213206945266,0.5895158955679877,-0.30924418699214007,-0.5662957481880373,91.66666666666666,0.49848269685840085,0.40919972847341735,-0.05338007204294351,0.0,0.38833621175998134,
NET,"Cloudflare, Inc.",Software / SaaS,12,0.2027016343670106,0.18255694706480435,0.2440260772770842,0.09575502598686497,0.47239395126677364,100.0,0.22111111283932433,0.15610018642323487,0.2783973810852754,0.08399223021405344,0.3798643547829656,83.33333333333334,0.7753426720891701,0.7313117711981261,0.8139865778522284,-0.030204782934642016,-0.0389566884707311,36.36363636363637,0.02962337498954635,-0.019872778217038575,0.23612070429295512,-0.07238568773202915,-2.4435327763150885,16.666666666666664,1.2352007178751307,-9.347248857854094,1.9261250552852722,-11.145357557777618,-9.023114540404864,25.0,0.3490418759656062,0.0,1.2356226727347952,,,0.0,0.1044189376107161,-0.6218227616212503,0.7470588235294118,,,0.0,7.373286884659444,4.301284398780188,11.447827592641394,26.44359165378517,3.5864048242585835,0.0,14.2186598344711,-268.02829278787647,30.224391252659572,-805.0289871919236,-56.61778230605436,83.33333333333334,0.3980917621417783,0.3072363406208448,0.6016447849330375,-0.21284309302972823,-0.5346583709359082,83.33333333333334,0.5460824807207562,0.4037213206945266,0.5895158955679877,0.02581846290068268,0.047279419890207335,41.666666666666664,3.5864048242585835,-0.07238568773202915,0.09575502598686497,,-11.145357557777618,
NOW,"ServiceNow, Inc.",Software / SaaS,12,0.2027016343670106,0.18255694706480435,0.2440260772770842,0.006147600884263887,0.03032832420646925,58.333333333333336,0.22111111283932433,0.15610018642323487,0.2783973810852754,0.002654065808101763,0.012003312606139356,58.333333333333336,0.7753426720891701,0.7313117711981261,0.8139865778522284,0.0,0.0,54.54545454545454,0.02962337498954635,-0.019872778217038575,0.23612070429295512,0.14065829393649665,4.748219741543051,66.66666666666666,1.2352007178751307,-9.347248857854094,1.9261250552852722,1.5564843772155372,1.2601064383229137,83.33333333333334,0.3490418759656062,0.0,1.2356226727347952,,,0.0,0.1044189376107161,-0.6218227616212503,0.7470588235294118,,,0.0,7.373286884659444,4.301284398780188,11.447827592641394,0.35123297676546983,0.047635875595215295,41.666666666666664,14.2186598344711,-268.02829278787647,30.224391252659572,31.144531107589938,2.1903984953690565,16.666666666666664,0.3980917621417783,0.3072363406208448,0.6016447849330375,0.11315080255989574,0.28423296666861864,33.333333333333336,0.5460824807207562,0.4037213206945266,0.5895158955679877,-0.09730228072453595,-0.17818238848481258,58.33333333333333,0.047635875595215295,0.14065829393649665,0.006147600884263887,,1.5564843772155372,
SNOW,Snowflake Inc.,Software / SaaS,12,0.2027016343670106,0.18255694706480435,0.2440260772770842,0.08892399063367878,0.4386939992436047,91.66666666666666,0.22111111283932433,0.15610018642323487,0.2783973810852754,0.09265407577595469,0.4190385303848748,91.66666666666666,0.7753426720891701,0.7313117711981261,0.8139865778522284,-0.10365666204550172,-0.1336914190034164,9.090909090909092,0.02962337498954635,-0.019872778217038575,0.23612070429295512,-0.30970986616600316,-10.454914953994782,8.333333333333332,1.2352007178751307,-9.347248857854094,1.9261250552852722,-2.2440885226788136,-1.8167804553572755,41.66666666666667,0.3490418759656062,0.0,1.2356226727347952,,,0.0,0.1044189376107161,-0.6218227616212503,0.7470588235294118,,,0.0,7.373286884659444,4.301284398780188,11.447827592641394,5.27179503900065,0.7149857480751127,16.666666666666664,14.2186598344711,-268.02829278787647,30.224391252659572,-59.36572091030709,-4.17519805673833,58.33333333333333,0.3980917621417783,0.3072363406208448,0.6016447849330375,-0.03047967165805593,-0.07656443703851563,50.0,0.5460824807207562,0.4037213206945266,0.5895158955679877,-0.02581846290068268,-0.047279419890207335,50.0,0.7149857480751127,-0.30970986616600316,0.08892399063367878,,-2.2440885226788136,
TEAM,Atlassian Corporation,Software / SaaS,12,0.2027016343670106,0.18255694706480435,0.2440260772770842,-0.006147600884263915,-0.030328324206469387,50.0,0.22111111283932433,0.15610018642323487,0.2783973810852754,-0.006417381352357143,-0.029023332522506395,41.66666666666667,0.7753426720891701,0.7313117711981261,0.8139865778522284,0.0530755754377239,0.06845434586324409,81.81818181818183,0.02962337498954635,-0.019872778217038575,0.23612070429295512,-0.04858583623820985,-1.6401181923178934,33.33333333333333,1.2352007178751307,-9.347248857854094,1.9261250552852722,-16.45581854486335,-13.322384213937049,16.666666666666664,0.3490418759656062,0.0,1.2356226727347952,-10.336240419875814,-29.613181487983763,80.0,0.1044189376107161,-0.6218227616212503,0.7470588235294118,15.326876881187,146.78253994813736,0.0,7.373286884659444,4.301284398780188,11.447827592641394,-3.018836889031193,-0.40942892040618417,66.66666666666667,14.2186598344711,-268.02829278787647,30.224391252659572,-243.853934418626,-17.15027557150197,66.66666666666667,0.3980917621417783,0.3072363406208448,0.6016447849330375,0.19867586001885484,0.499070513164996,25.0,0.5460824807207562,0.4037213206945266,0.5895158955679877,0.06537153676050356,0.11971000548162951,16.666666666666664,-0.40942892040618417,-0.04858583623820985,-0.006147600884263915,-10.336240419875814,-16.45581854486335,
ZS,"Zscaler, Inc.",Software / SaaS,12,0.2027016343670106,0.18255694706480435,0.2440260772770842,0.0304152400629914,0.15004930847238118,75.0,0.22111111283932433,0.15610018642323487,0.2783973810852754,0.12703861865870408,0.5745465120562245,100.0,0.7753426720891701,0.7313117711981261,0.8139865778522284,-0.006600212449386578,-0.008512639232924233,45.45454545454545,0.02962337498954635,-0.019872778217038575,0.23612070429295512,-0.03646595377871175,-1.230985793873252,41.66666666666667,1.2352007178751307,-9.347248857854094,1.9261250552852722,-63.38079144555541,-51.31213941859344,8.333333333333332,0.3490418759656062,0.0,1.2356226727347952,,,0.0,0.1044189376107161,-0.6218227616212503,0.7470588235294118,,,0.0,7.373286884659444,4.301284398780188,11.447827592641394,-0.35123297676546983,-0.047635875595215295,50.0,14.2186598344711,-268.02829278787647,30.224391252659572,-1040.4478234668586,-73.17481644398315,91.66666666666666,0.3980917621417783,0.3072363406208448,0.6016447849330375,0.2259900536845818,0.5676833212240564,8.333333333333337,0.5460824807207562,0.4037213206945266,0.5895158955679877,0.028255395631033742,0.05174199251684541,33.333333333333336,-0.047635875595215295,-0.03646595377871175,0.0304152400629914,,-63.38079144555541,
