ticker,company_name,cik,filing_type,filing_date,accession_number,section_label,chunk_id,text,source_type,source_url,keyword_score,semantic_score,section_boost,combined_score,retrieval_mode,retrieved_at,query,expected_question_type,section_match_flag,evidence_snippet,evidence_strength,question_id,question,rank
HUBS,"HubSpot, Inc.",1404655,10-K,2026-02-11,0001193125-26-046646,MD&A,HUBS-10-K-200,"name, URL, or email address indicate that these subscriptions are managed by the same business entity. Average Subscription Revenue per Customer. We believe that our ability to increase the Average Subscription Revenue per Customer is an indicator of our ability to grow the long-term value of our existing customer relationships. We define Average Subscription Revenue per Customer during a particular period as subscription revenue from our Customers during the period divided by the average Customers during the same period. Net Revenue Retention. We believe that our ability to retain and expand a customer relationship is an indicator of the stability of our revenue base and the long-term value of our Customers. Net Revenue Retention is a measure of the percentage of recurring revenue retained from Customers over a given period of time. Our Net Revenue Retention for a given period is calculated by first dividing Retained Subscription Revenue by Retention Base Revenue in the given period, calculating the weighted average of these rates using the Retention Base Revenue for the period, and then annualizing the resulting rates. In 2025, we",real_sec_filing,https://www.sec.gov/Archives/edgar/data/1404655/000119312526046646/hubs-20251231.htm,0.04958067784331463,,0.08,0.12958067784331462,keyword,2026-05-28T16:38:50+00:00,What are the company's main revenue drivers?,revenue_drivers,True,"name, URL, or email address indicate that these subscriptions are managed by the same business entity. Average Subscription Revenue per Customer. We believe that our ability to increase the Average Subscription Revenue per Customer is an indicator of our ability to grow the long-term value of our existing customer relationships. We define Average Subscription Revenue per Customer during a particular period as subscription revenue from our Customers during the period divided by the average Customers during the same period. Net Revenue Retention. We believe that our ability to retain and expand a customer relationship is an indicator of the sta",0.12958067784331462,revenue_drivers,What are the company's main revenue drivers?,1
HUBS,"HubSpot, Inc.",1404655,10-K,2026-02-11,0001193125-26-046646,MD&A,HUBS-10-K-201,"Retained Subscription Revenue by Retention Base Revenue in the given period, calculating the weighted average of these rates using the Retention Base Revenue for the period, and then annualizing the resulting rates. In 2025, we adjusted our calculation to remove the impact of commissions owed to Solutions Partners that are no longer eligible to receive commissions due to our change in duration and eligibility of lifetime commissions to better align with the value delivered to customers. We reported Net Revenue Retention of 102.2% in 2024 and 103.9% in 2023 under the previous methodology. A definition of each of the key terms used to calculate Net Revenue Retention is included below. Retained Subscription Revenue. Contractual Monthly Subscription Revenue of the same cohort of Customers as those that comprise the Retention Base Revenue at the end of the same month. Retention Base Revenue. Contractual Monthly Subscription Revenue of our Customers as of the beginning of each month. Contractual Monthly Subscription Revenue. The subscription fees contractually committed to be paid for a full month under our Customer agreements, converted into USD at fixed",real_sec_filing,https://www.sec.gov/Archives/edgar/data/1404655/000119312526046646/hubs-20251231.htm,0.042541084514500775,,0.08,0.12254108451450077,keyword,2026-05-28T16:38:50+00:00,What are the company's main revenue drivers?,revenue_drivers,True,"Retained Subscription Revenue by Retention Base Revenue in the given period, calculating the weighted average of these rates using the Retention Base Revenue for the period, and then annualizing the resulting rates. In 2025, we adjusted our calculation to remove the impact of commissions owed to Solutions Partners that are no longer eligible to receive commissions due to our change in duration and eligibility of lifetime commissions to better align with the value delivered to customers. We reported Net Revenue Retention of 102.2% in 2024 and 103.9% in 2023 under the previous methodology. A definition of each of the key terms used to calculate",0.12254108451450077,revenue_drivers,What are the company's main revenue drivers?,2
HUBS,"HubSpot, Inc.",1404655,10-K,2026-02-11,0001193125-26-046646,MD&A,HUBS-10-K-194,"integrated applications to meet the needs of the various customers we serve. We also generate revenue through usage and consumption-based models. Customers pay additional fees if the number of contacts stored and tracked in the customer’s database exceeds specified thresholds. We also generate revenue based on the purchase of additional subscriptions, products and seats. Most of our Customers’ subscriptions are one year or less in duration. 48 Subscriptions are billed in advance on various schedules. Because the mix of billing terms for orders can vary from period to period, the annualized value of the orders we enter into with our customers will not be completely reflected in deferred revenue at any single point in time. Accordingly, we do not believe that change in deferred revenue is an accurate indicator of future revenue. Many of our customers purchase on-boarding, training, and consulting services, which are designed to help customers enhance their ability to attract, engage and delight their customers using our customer platform. Professional services and other revenue, which includes revenue from Payments, accounted for 2% of total revenue for the",real_sec_filing,https://www.sec.gov/Archives/edgar/data/1404655/000119312526046646/hubs-20251231.htm,0.04036171718390589,,0.08,0.1203617171839059,keyword,2026-05-28T16:38:50+00:00,What are the company's main revenue drivers?,revenue_drivers,True,"integrated applications to meet the needs of the various customers we serve. We also generate revenue through usage and consumption-based models. Customers pay additional fees if the number of contacts stored and tracked in the customer’s database exceeds specified thresholds. We also generate revenue based on the purchase of additional subscriptions, products and seats. Most of our Customers’ subscriptions are one year or less in duration. 48 Subscriptions are billed in advance on various schedules. Because the mix of billing terms for orders can vary from period to period, the annualized value of the orders we enter into with our customers ",0.1203617171839059,revenue_drivers,What are the company's main revenue drivers?,3
HUBS,"HubSpot, Inc.",1404655,10-K,2026-02-11,0001193125-26-046646,MD&A,HUBS-10-K-021,"our customer platform on a subscription basis. In 2025, our total revenue was $3.1 billion and we generated a net income of $45.9 million. As of December 31, 2025, we had 8,882 full-time employees and 288,706 Customers, as defined in our Key Business Metrics in Item 7, of varying sizes in more than 135 countries. Our company was formed as a limited liability company in Delaware on April 4, 2005. We converted to a Delaware corporation on June 7, 2007. Our principal executive offices are located at Two Canal Park, Cambridge, Massachusetts, and our main telephone number is 888-482-7768. Our website address is https://www.hubspot.com. Information contained on or that can be accessed through our website does not constitute part of this Annual Report on Form 10-K, and inclusions of our website address in this Annual Report on Form 10-K are inactive textual references only. The HubSpot Approach Our customer platform features a central database of lead and customer interactions and integrated applications designed to help businesses build their presence online, attract prospects across channels, convert prospects into leads, close leads",real_sec_filing,https://www.sec.gov/Archives/edgar/data/1404655/000119312526046646/hubs-20251231.htm,0.036203472199943416,,0.08,0.11620347219994343,keyword,2026-05-28T16:38:50+00:00,What are the company's main revenue drivers?,revenue_drivers,True,"our customer platform on a subscription basis. In 2025, our total revenue was $3.1 billion and we generated a net income of $45.9 million. As of December 31, 2025, we had 8,882 full-time employees and 288,706 Customers, as defined in our Key Business Metrics in Item 7, of varying sizes in more than 135 countries. Our company was formed as a limited liability company in Delaware on April 4, 2005. We converted to a Delaware corporation on June 7, 2007. Our principal executive offices are located at Two Canal Park, Cambridge, Massachusetts, and our main telephone number is 888-482-7768. Our website address is https://www.hubspot.com. Information",0.11620347219994343,revenue_drivers,What are the company's main revenue drivers?,4
HUBS,"HubSpot, Inc.",1404655,10-K,2026-02-11,0001193125-26-046646,Liquidity and Capital Resources,HUBS-10-K-303,"revenue recognition criteria have been met. Deferred revenue represents amounts billed for which revenue has not yet been recognized. Deferred revenue that will be recognized during the succeeding 12-month period is recorded as current deferred revenue, and the remaining portion is recorded as long-term deferred revenue. The Company recognized $ 802.7 million of revenue in 2025 that was included in deferred revenue as of December 31, 2024, $ 670.3 million of revenue in 2024 that was included in deferred revenue as of December 31, 2023, and $ 543.2 million of revenue in 2023 that was included in deferred revenue as of December 31, 2022. As of December 31, 2025, approximately $ 1.6 billion of revenue is expected to be recognized from remaining performance obligations for contracts with original performance obligations that exceed one year . The Company expects to recognize revenue on approximately 89 % of these remaining performance obligations over the next 24 months, with the balance recognized thereafter. Additional contract liabilities of $ 5.9 million and $ 6.4 million were included in accrued expenses and other current liabilities",real_sec_filing,https://www.sec.gov/Archives/edgar/data/1404655/000119312526046646/hubs-20251231.htm,0.06995230748218992,,0.04,0.10995230748218993,keyword,2026-05-28T16:38:50+00:00,What are the company's main revenue drivers?,revenue_drivers,True,"revenue recognition criteria have been met. Deferred revenue represents amounts billed for which revenue has not yet been recognized. Deferred revenue that will be recognized during the succeeding 12-month period is recorded as current deferred revenue, and the remaining portion is recorded as long-term deferred revenue. The Company recognized $ 802.7 million of revenue in 2025 that was included in deferred revenue as of December 31, 2024, $ 670.3 million of revenue in 2024 that was included in deferred revenue as of December 31, 2023, and $ 543.2 million of revenue in 2023 that was included in deferred revenue as of December 31, 2022. As of ",0.10995230748218993,revenue_drivers,What are the company's main revenue drivers?,5
HUBS,"HubSpot, Inc.",1404655,10-K,2026-02-11,0001193125-26-046646,MD&A,HUBS-10-K-199,"key business metrics used by other companies. Year Ended December 31, 2025 2024 2023 Customers 288,706 247,939 205,091 Average Subscription Revenue per Customer $ 11,414 $ 11,343 $ 11,384 Net Revenue Retention 103.5 % 101.8 % 103.0 % Customers . We believe that our ability to increase our customer base is an indicator of our market penetration, the growth of our business, and our potential future business opportunities as we continue to expand our sales force and invest in marketing efforts. We define our Customers at the end of a particular period as the number of business entities with one or more paid subscriptions to our customer platform, either purchased directly with us or purchased from a Solutions Partner. A single customer may have separate paid subscriptions to our customer platform, but we count these as one Customer if certain customer-provided information such as company name, URL, or email address indicate that these subscriptions are managed by the same business entity. Average Subscription Revenue per Customer. We believe that our ability to increase the Average Subscription Revenue per Customer is",real_sec_filing,https://www.sec.gov/Archives/edgar/data/1404655/000119312526046646/hubs-20251231.htm,0.06391777039559754,,0.08,0.14391777039559756,keyword,2026-05-28T16:38:51+00:00,What does the company say about customer concentration?,revenue_drivers,True,"key business metrics used by other companies. Year Ended December 31, 2025 2024 2023 Customers 288,706 247,939 205,091 Average Subscription Revenue per Customer $ 11,414 $ 11,343 $ 11,384 Net Revenue Retention 103.5 % 101.8 % 103.0 % Customers . We believe that our ability to increase our customer base is an indicator of our market penetration, the growth of our business, and our potential future business opportunities as we continue to expand our sales force and invest in marketing efforts. We define our Customers at the end of a particular period as the number of business entities with one or more paid subscriptions to our customer platform",0.14391777039559756,customer_concentration,What does the company say about customer concentration?,1
HUBS,"HubSpot, Inc.",1404655,10-K,2026-02-11,0001193125-26-046646,MD&A,HUBS-10-K-195,"to help customers enhance their ability to attract, engage and delight their customers using our customer platform. Professional services and other revenue, which includes revenue from Payments, accounted for 2% of total revenue for the years ended December 31, 2025, 2024, and 2023. We have focused on rapidly growing our business and plan to continue to make investments to help us address some of the challenges facing us to support this growth, such as demand for our customer platform by existing and new customers, significant competition from other customer platform providers and related applications and rapid technological changes in our industry. We believe that the growth of our business is dependent on many factors, including our ability to expand our customer base, increase adoption of our customer platform within existing customers, develop new products and applications to extend the functionality of our customer platform and provide a high level of customer service. We have invested and intend to continue investing for long-term growth. We intend to continue to invest in sales and marketing to support our growth, including investments in",real_sec_filing,https://www.sec.gov/Archives/edgar/data/1404655/000119312526046646/hubs-20251231.htm,0.053153114998726235,,0.08,0.13315311499872623,keyword,2026-05-28T16:38:51+00:00,What does the company say about customer concentration?,revenue_drivers,True,"to help customers enhance their ability to attract, engage and delight their customers using our customer platform. Professional services and other revenue, which includes revenue from Payments, accounted for 2% of total revenue for the years ended December 31, 2025, 2024, and 2023. We have focused on rapidly growing our business and plan to continue to make investments to help us address some of the challenges facing us to support this growth, such as demand for our customer platform by existing and new customers, significant competition from other customer platform providers and related applications and rapid technological changes in our in",0.13315311499872623,customer_concentration,What does the company say about customer concentration?,2
HUBS,"HubSpot, Inc.",1404655,10-K,2026-02-11,0001193125-26-046646,MD&A,HUBS-10-K-029,"the needs of our customers as their businesses grow. Businesses that want to use software outside of our customer platform can leverage our ecosystem of third-party integrations from our platform application partners to have a single, integrated stack. We make it easy to find and install new or existing software solutions that complement our customer platform. Over 2,000 integrations and applications are available for our users, across a wide range of categories, including integrations with leading social media, email, sales, video, analytics, content and webinar tools. Customers can build custom applications and integrations on top of our customer platform themselves, or through third party developers in our ecosystem. Smart CRM. The core of our customer platform is our Smart CRM: a unified data platform of lead and customer information that allows businesses to track their interactions with contacts and customers, manage their customer activities, report on their pipeline and sales, and manage and govern their team and business processes. This allows a complete view of lead and customer interactions across all of our integrated Hubs, giving our customer platform substantial",real_sec_filing,https://www.sec.gov/Archives/edgar/data/1404655/000119312526046646/hubs-20251231.htm,0.05078548410477708,,0.08,0.13078548410477708,keyword,2026-05-28T16:38:51+00:00,What does the company say about customer concentration?,revenue_drivers,True,"the needs of our customers as their businesses grow. Businesses that want to use software outside of our customer platform can leverage our ecosystem of third-party integrations from our platform application partners to have a single, integrated stack. We make it easy to find and install new or existing software solutions that complement our customer platform. Over 2,000 integrations and applications are available for our users, across a wide range of categories, including integrations with leading social media, email, sales, video, analytics, content and webinar tools. Customers can build custom applications and integrations on top of our cu",0.13078548410477708,customer_concentration,What does the company say about customer concentration?,3
HUBS,"HubSpot, Inc.",1404655,10-K,2026-02-11,0001193125-26-046646,MD&A,HUBS-10-K-028,"important to our customers’ success and a differentiator for our business, there is a need to move quickly on data enrichment. Selectively Pursue Acquisitions. We will continue to selectively pursue acquisitions of complementary businesses, technologies and teams that would allow us to add new features and functionalities to our customer platform and accelerate the pace of our innovation, while continuing to stay focused on the customer experience. Our Customer Platform Our customer platform, with engagement Hubs, our Smart CRM, and connected ecosystems enable companies to have a unified customer profile and connect with their customers at every part of their customer relationship lifecycle. Each Hub can be used standalone, with our Smart platform, a third party CRM, and/or in conjunction with any version of the other Hubs. Our Hubs are available in both free and paid tiers with gradually increasing levels of functionality that support the needs of our customers as their businesses grow. Businesses that want to use software outside of our customer platform can leverage our ecosystem of third-party integrations from our platform application partners to have a",real_sec_filing,https://www.sec.gov/Archives/edgar/data/1404655/000119312526046646/hubs-20251231.htm,0.04727799176261629,,0.08,0.12727799176261628,keyword,2026-05-28T16:38:51+00:00,What does the company say about customer concentration?,revenue_drivers,True,"important to our customers’ success and a differentiator for our business, there is a need to move quickly on data enrichment. Selectively Pursue Acquisitions. We will continue to selectively pursue acquisitions of complementary businesses, technologies and teams that would allow us to add new features and functionalities to our customer platform and accelerate the pace of our innovation, while continuing to stay focused on the customer experience. Our Customer Platform Our customer platform, with engagement Hubs, our Smart CRM, and connected ecosystems enable companies to have a unified customer profile and connect with their customers at ev",0.12727799176261628,customer_concentration,What does the company say about customer concentration?,4
HUBS,"HubSpot, Inc.",1404655,10-K,2026-02-11,0001193125-26-046646,MD&A,HUBS-10-K-153,"customers without compromising our profitability; • attracting new customers for our customer platform, increasing our existing customers’ use of our customer platform and providing our customers with excellent customer support; • customer renewal rates and the amounts for which agreements are renewed; • global awareness of our thought leadership and brand; • changes in the competitive dynamics of our market, including consolidation among competitors or customers and the introduction of new products or product enhancements; • changes to the commission plans, quotas and other compensation-related metrics for our sales representatives; • the amount and timing of payment for operating expenses, particularly research and development, sales and marketing expenses and employee benefit expenses; • the amount and timing of costs associated with recruiting, training and integrating new employees while maintaining our company culture; • our ability to manage our existing business and future growth, including increases in the number of customers on our platform and the introduction and adoption of our customer platform in new markets outside of the United States; • unforeseen costs and expenses related to the expansion of",real_sec_filing,https://www.sec.gov/Archives/edgar/data/1404655/000119312526046646/hubs-20251231.htm,0.04146981235665292,,0.08,0.12146981235665291,keyword,2026-05-28T16:38:51+00:00,What does the company say about customer concentration?,revenue_drivers,True,"customers without compromising our profitability; • attracting new customers for our customer platform, increasing our existing customers’ use of our customer platform and providing our customers with excellent customer support; • customer renewal rates and the amounts for which agreements are renewed; • global awareness of our thought leadership and brand; • changes in the competitive dynamics of our market, including consolidation among competitors or customers and the introduction of new products or product enhancements; • changes to the commission plans, quotas and other compensation-related metrics for our sales representatives; • the am",0.12146981235665291,customer_concentration,What does the company say about customer concentration?,5
HUBS,"HubSpot, Inc.",1404655,10-K,2026-02-11,0001193125-26-046646,MD&A,HUBS-10-K-083,"market value of certain securities in our portfolio and investments in some financial instruments could pose risks arising from market liquidity and credit concerns, which could adversely affect our financial results. Economic uncertainty may lead to decreased demand for our products and services and otherwise harm our business and results of operations. Our overall performance depends, in part, on worldwide economic conditions. Impacts of economic weakness include: • falling overall demand for goods and services, leading to reduced profitability; • reduced credit availability; • higher borrowing costs; • reduced liquidity; • changes in the labor market; • supply chain disruptions; • volatility in credit, equity and foreign exchange markets; and • bankruptcies. Economic weakness could lead to inflation, higher interest rates, and uncertainty about business continuity, which may adversely affect our business and our results of operations. As our customers react to global economic conditions and the potential for 24 a global recession, we may see them reduce spending on our products and take additional precautionary measures to limit or delay expenditures and preserve capital and liquidity. Reductions in spending",real_sec_filing,https://www.sec.gov/Archives/edgar/data/1404655/000119312526046646/hubs-20251231.htm,0.05252598638272271,,0.08,0.13252598638272273,keyword,2026-05-28T16:38:51+00:00,What are the main liquidity risks?,liquidity_debt,True,"market value of certain securities in our portfolio and investments in some financial instruments could pose risks arising from market liquidity and credit concerns, which could adversely affect our financial results. Economic uncertainty may lead to decreased demand for our products and services and otherwise harm our business and results of operations. Our overall performance depends, in part, on worldwide economic conditions. Impacts of economic weakness include: • falling overall demand for goods and services, leading to reduced profitability; • reduced credit availability; • higher borrowing costs; • reduced liquidity; • changes in the l",0.13252598638272273,liquidity_risks,What are the main liquidity risks?,1
HUBS,"HubSpot, Inc.",1404655,10-K,2026-02-11,0001193125-26-046646,MD&A,HUBS-10-K-176,"are not within our control, including the emergence and spread of more transmissible variants and the degree of transmissibility and severity thereof. The extent to which global pandemics, impact our financial condition or results of operations will depend on factors, such as the duration and scope of the pandemic, as well as whether there is a material impact on the businesses or productivity of our customers, partners, employees, suppliers and other partners. To the extent that a pandemic, harms our business and results of operations, many of the other risks described in this “Risk Factors” section, may be heightened. Climate-related risks, regulatory compliance and evolving stakeholder expectations may impact our business. While we seek to partner with organizations that mitigate their business risks associated with climate change, we recognize that there are inherent risks wherever business is conducted, including risks relating to the physical impact of climate change and to transitioning to a lower carbon economy. Any of our primary locations may be vulnerable to the adverse effects of climate change. For example, our offices globally may experience climate-related events",real_sec_filing,https://www.sec.gov/Archives/edgar/data/1404655/000119312526046646/hubs-20251231.htm,0.04263628055934901,,0.08,0.12263628055934901,keyword,2026-05-28T16:38:51+00:00,What are the main liquidity risks?,liquidity_debt,True,"are not within our control, including the emergence and spread of more transmissible variants and the degree of transmissibility and severity thereof. The extent to which global pandemics, impact our financial condition or results of operations will depend on factors, such as the duration and scope of the pandemic, as well as whether there is a material impact on the businesses or productivity of our customers, partners, employees, suppliers and other partners. To the extent that a pandemic, harms our business and results of operations, many of the other risks described in this “Risk Factors” section, may be heightened. Climate-related risks,",0.12263628055934901,liquidity_risks,What are the main liquidity risks?,2
HUBS,"HubSpot, Inc.",1404655,10-K,2026-02-11,0001193125-26-046646,MD&A,HUBS-10-K-045,"by reference into this Annual Report on Form 10-K or in any other report or document we file with the SEC, and any references to our websites are intended to be inactive textual references only. 15 Item 1A. RI SK FACTORS An investment in our common stock involves a high degree of risk. You should carefully consider the risks described below and the other information in this Annual Report on Form 10-K and in our other public filings before making an investment decision. Our business, prospects, financial condition, or operating results could be harmed by any of these risks, as well as other risks not currently known to us or that we currently consider immaterial. If any such risks and uncertainties actually occurs, our business, financial condition or operating results could differ materially from the plans, projections and other forward-looking statements included in the section titled “Management’s Discussion and Analysis of Financial Condition and Results of Operations” and elsewhere in this Annual Report on Form 10-K and in our other public filings. The trading price of our common stock could",real_sec_filing,https://www.sec.gov/Archives/edgar/data/1404655/000119312526046646/hubs-20251231.htm,0.03826000653533394,,0.08,0.11826000653533394,keyword,2026-05-28T16:38:51+00:00,What are the main liquidity risks?,liquidity_debt,True,"by reference into this Annual Report on Form 10-K or in any other report or document we file with the SEC, and any references to our websites are intended to be inactive textual references only. 15 Item 1A. RI SK FACTORS An investment in our common stock involves a high degree of risk. You should carefully consider the risks described below and the other information in this Annual Report on Form 10-K and in our other public filings before making an investment decision. Our business, prospects, financial condition, or operating results could be harmed by any of these risks, as well as other risks not currently known to us or that we currently ",0.11826000653533394,liquidity_risks,What are the main liquidity risks?,3
HUBS,"HubSpot, Inc.",1404655,10-K,2026-02-11,0001193125-26-046646,MD&A,HUBS-10-K-021,"our customer platform on a subscription basis. In 2025, our total revenue was $3.1 billion and we generated a net income of $45.9 million. As of December 31, 2025, we had 8,882 full-time employees and 288,706 Customers, as defined in our Key Business Metrics in Item 7, of varying sizes in more than 135 countries. Our company was formed as a limited liability company in Delaware on April 4, 2005. We converted to a Delaware corporation on June 7, 2007. Our principal executive offices are located at Two Canal Park, Cambridge, Massachusetts, and our main telephone number is 888-482-7768. Our website address is https://www.hubspot.com. Information contained on or that can be accessed through our website does not constitute part of this Annual Report on Form 10-K, and inclusions of our website address in this Annual Report on Form 10-K are inactive textual references only. The HubSpot Approach Our customer platform features a central database of lead and customer interactions and integrated applications designed to help businesses build their presence online, attract prospects across channels, convert prospects into leads, close leads",real_sec_filing,https://www.sec.gov/Archives/edgar/data/1404655/000119312526046646/hubs-20251231.htm,0.03356697221561167,,0.08,0.11356697221561167,keyword,2026-05-28T16:38:51+00:00,What are the main liquidity risks?,liquidity_debt,True,"our customer platform on a subscription basis. In 2025, our total revenue was $3.1 billion and we generated a net income of $45.9 million. As of December 31, 2025, we had 8,882 full-time employees and 288,706 Customers, as defined in our Key Business Metrics in Item 7, of varying sizes in more than 135 countries. Our company was formed as a limited liability company in Delaware on April 4, 2005. We converted to a Delaware corporation on June 7, 2007. Our principal executive offices are located at Two Canal Park, Cambridge, Massachusetts, and our main telephone number is 888-482-7768. Our website address is https://www.hubspot.com. Information",0.11356697221561167,liquidity_risks,What are the main liquidity risks?,4
HUBS,"HubSpot, Inc.",1404655,10-K,2026-02-11,0001193125-26-046646,MD&A,HUBS-10-K-183,"and corrective actions. We maintain a written incident response plan that establishes roles, responsibilities and procedures to guide incident response operations. Policies and procedures : Our security and legal teams actively participate in industry and other advisory groups and monitor regulatory requirements to keep apprised of evolving risks. Policies and procedures, including our Written Information Security Policy, are periodically updated to adapt to evolving business conditions and information technology requirements. We, like other companies in our industry, face a number of cybersecurity risks in connection with our business. Although risks from cybersecurity threats have to date not materially affected, and we do not believe they are reasonably likely to materially affect, us, our business strategy, results of operations or financial condition, we have, from time to time, experienced threats and security incidents relating to our and our third party vendors’ information systems. For more information, please see “Item 1A, Risk Factors.” Governance Related to Cybersecurity Risks 44 Board oversight : Our board of directors has final oversight responsibility over cybersecurity-related matters. The full board of directors participates in interactive sessions",real_sec_filing,https://www.sec.gov/Archives/edgar/data/1404655/000119312526046646/hubs-20251231.htm,0.03345522705265269,,0.08,0.1134552270526527,keyword,2026-05-28T16:38:51+00:00,What are the main liquidity risks?,liquidity_debt,True,"and corrective actions. We maintain a written incident response plan that establishes roles, responsibilities and procedures to guide incident response operations. Policies and procedures : Our security and legal teams actively participate in industry and other advisory groups and monitor regulatory requirements to keep apprised of evolving risks. Policies and procedures, including our Written Information Security Policy, are periodically updated to adapt to evolving business conditions and information technology requirements. We, like other companies in our industry, face a number of cybersecurity risks in connection with our business. Altho",0.1134552270526527,liquidity_risks,What are the main liquidity risks?,5
HUBS,"HubSpot, Inc.",1404655,10-K,2026-02-11,0001193125-26-046646,Liquidity and Capital Resources,HUBS-10-K-266,"classified as long-term in the consolidated balance sheets. The Company classifies its debt investments with readily determinable market values as available-for-sale. These debt investments are classified as investments on the consolidated balance sheets and are carried at fair market value. For available-for-sale debt securities, any realized gains and losses are determined based on the specific identification method and are reported in other income (expense) in the consolidated statements of operations. For securities in an unrealized loss position, the Company first assesses whether it intends to sell or if it is more likely than not that the Company will be required to sell the security before the recovery of its entire amortized cost basis. If either of these criteria is met, the security’s amortized cost basis is written down to fair value through other income (expense) in the consolidated statements of operations. The Company does not intend to sell these investments and it is more likely than not that the Company will not be required to sell these investments before recovery of their amortized cost basis. If neither of the above",real_sec_filing,https://www.sec.gov/Archives/edgar/data/1404655/000119312526046646/hubs-20251231.htm,0.03478640639560719,,0.08,0.1147864063956072,keyword,2026-05-28T16:38:52+00:00,What does management say about debt obligations?,liquidity_debt,True,"classified as long-term in the consolidated balance sheets. The Company classifies its debt investments with readily determinable market values as available-for-sale. These debt investments are classified as investments on the consolidated balance sheets and are carried at fair market value. For available-for-sale debt securities, any realized gains and losses are determined based on the specific identification method and are reported in other income (expense) in the consolidated statements of operations. For securities in an unrealized loss position, the Company first assesses whether it intends to sell or if it is more likely than not that ",0.1147864063956072,debt_obligations,What does management say about debt obligations?,1
HUBS,"HubSpot, Inc.",1404655,10-K,2026-02-11,0001193125-26-046646,MD&A,HUBS-10-K-185,"matters to the board of directors. As appropriate, the board of directors also receives information regarding cybersecurity incidents as well as ongoing updates regarding mitigation of any such incidents until they have been resolved. Management’s role in assessing and managing cybersecurity risk : Our risk management program for cybersecurity is led by the HubSpot Security & Privacy Committee, which we refer to as the Committee. The Committee oversees our information and technology risk management, compliance, and control functions, and serves as a forum for the discussion of issues involving information security and risk management. The Committee’s members include senior members of management who are responsible for and collectively have experience in information security, information technology, data protection, risk management and compliance. This collaboration helps us incorporate cyber risk management across all of our significant risk management programs. The Committee is chaired by the CISO, who works collaboratively across the Company to implement a program designed to protect our information systems from cybersecurity threats and to promptly respond to any cybersecurity incidents in accordance with our incident response and recovery plans.",real_sec_filing,https://www.sec.gov/Archives/edgar/data/1404655/000119312526046646/hubs-20251231.htm,0.03187326820158583,,0.08,0.11187326820158583,keyword,2026-05-28T16:38:52+00:00,What does management say about debt obligations?,liquidity_debt,True,"matters to the board of directors. As appropriate, the board of directors also receives information regarding cybersecurity incidents as well as ongoing updates regarding mitigation of any such incidents until they have been resolved. Management’s role in assessing and managing cybersecurity risk : Our risk management program for cybersecurity is led by the HubSpot Security & Privacy Committee, which we refer to as the Committee. The Committee oversees our information and technology risk management, compliance, and control functions, and serves as a forum for the discussion of issues involving information security and risk management. The Com",0.11187326820158583,debt_obligations,What does management say about debt obligations?,2
HUBS,"HubSpot, Inc.",1404655,10-K,2026-02-11,0001193125-26-046646,Liquidity and Capital Resources,HUBS-10-K-284,"same periods when the hedged transactions are recognized in the consolidated statements of operations. For derivative instruments not designated as cash flow hedges, changes in the value of the foreign exchange contracts are recognized in other (expense) income, net in the consolidated statements of operations. Revenue Recognition — The Company generates revenue from arrangements with multiple performance obligations, which typically include subscriptions to its online software products and support, as well as professional services and other revenue, which include on-boarding, training, consulting services and Payments. The Company’s customers do not have the right to take possession of the online software products. The Company recognizes revenue from contracts with customers using a five-step model, which is described below: • Identify the customer contract; • Identify performance obligations that are distinct; • Determine the transaction price; • Allocate the transaction price to the distinct performance obligations; and • Recognize revenue as the performance obligations are satisfied. Identify the customer contract A customer contract is generally identified when the Company and a customer have executed an arrangement that calls for the Company to",real_sec_filing,https://www.sec.gov/Archives/edgar/data/1404655/000119312526046646/hubs-20251231.htm,0.02871458798189977,,0.08,0.10871458798189977,keyword,2026-05-28T16:38:52+00:00,What does management say about debt obligations?,liquidity_debt,True,"same periods when the hedged transactions are recognized in the consolidated statements of operations. For derivative instruments not designated as cash flow hedges, changes in the value of the foreign exchange contracts are recognized in other (expense) income, net in the consolidated statements of operations. Revenue Recognition — The Company generates revenue from arrangements with multiple performance obligations, which typically include subscriptions to its online software products and support, as well as professional services and other revenue, which include on-boarding, training, consulting services and Payments. The Company’s customer",0.10871458798189977,debt_obligations,What does management say about debt obligations?,3
HUBS,"HubSpot, Inc.",1404655,10-K,2026-02-11,0001193125-26-046646,MD&A,HUBS-10-K-181,"the systematic identification, assessment and treatment (through mitigation, transfer, avoidance and/or acceptance) of cybersecurity risks. This risk management program addresses, but is not limited to, risks identified by internal auditors and assessors, threat intelligence providers, internal stakeholders, vulnerability management programs and security management programs. We also engage external independent assessors regularly to conduct cyber risk assessments and to report both findings and recommendations to management. Risk assessments: Our security team, in coordination with our enterprise risk management team, conducts periodic risk assessments to identify and analyze the business and security risks, vulnerabilities, emerging technologies, laws and regulations. Our internal audit team evaluates the results of these risk assessments to determine critical areas for audit as part of our annual internal audit plan. The results of the internal audits are reported to the audit committee, and the security team manages and maintains remediation strategies for identified risks. Vendor risk management: As part of our risk management program, our vendor risk management teams are responsible for conducting due diligence on vendors submitted for risk evaluation where medium- or high-risk data are in",real_sec_filing,https://www.sec.gov/Archives/edgar/data/1404655/000119312526046646/hubs-20251231.htm,0.02763351492842543,,0.08,0.10763351492842543,keyword,2026-05-28T16:38:52+00:00,What does management say about debt obligations?,liquidity_debt,True,"the systematic identification, assessment and treatment (through mitigation, transfer, avoidance and/or acceptance) of cybersecurity risks. This risk management program addresses, but is not limited to, risks identified by internal auditors and assessors, threat intelligence providers, internal stakeholders, vulnerability management programs and security management programs. We also engage external independent assessors regularly to conduct cyber risk assessments and to report both findings and recommendations to management. Risk assessments: Our security team, in coordination with our enterprise risk management team, conducts periodic risk a",0.10763351492842543,debt_obligations,What does management say about debt obligations?,4
HUBS,"HubSpot, Inc.",1404655,10-K,2026-02-11,0001193125-26-046646,Liquidity and Capital Resources,HUBS-10-K-268,"other comprehensive income (loss). In considering the underlying risk of its portfolio, the Company has a zero-loss expectation for U.S. treasury and U.S. government agency securities, which represents the majority of its debt investment available-for-sale securities portfolio. As of December 31, 2025 and 2024 , no allowance for credit losses in investments was recorded. Strategic Investments — Strategic investments consist of non-marketable equity investments of privately held companies in which the Company does not have a controlling interest. Strategic investments that consist of non-controlling equity investments without readily determinable fair values in privately held companies f or which the Company does not have the ability to exercise significant influence are measured under the measurement alternative method of accounting. Under the measurement alternative method of accounting, the non-marketable equity securities are carried at cost less any impairment, plus or minus adjustments resulting from observable price changes in orderly transactions for the identical or a similar investment of the same issuer. On a quarterly basis, the Company performs a qualitative assessment to evaluate whether the investment is impaired. If there are sufficient",real_sec_filing,https://www.sec.gov/Archives/edgar/data/1404655/000119312526046646/hubs-20251231.htm,0.02722795041470873,,0.08,0.10722795041470873,keyword,2026-05-28T16:38:52+00:00,What does management say about debt obligations?,liquidity_debt,True,"other comprehensive income (loss). In considering the underlying risk of its portfolio, the Company has a zero-loss expectation for U.S. treasury and U.S. government agency securities, which represents the majority of its debt investment available-for-sale securities portfolio. As of December 31, 2025 and 2024 , no allowance for credit losses in investments was recorded. Strategic Investments — Strategic investments consist of non-marketable equity investments of privately held companies in which the Company does not have a controlling interest. Strategic investments that consist of non-controlling equity investments without readily determina",0.10722795041470873,debt_obligations,What does management say about debt obligations?,5
HUBS,"HubSpot, Inc.",1404655,10-K,2026-02-11,0001193125-26-046646,MD&A,HUBS-10-K-063,"to our customer platform to mid-sized businesses, but we have sold and will continue to sell to organizations ranging from small businesses to enterprises. Our gross margins can vary depending on numerous factors related to the implementation and use of our customer platform, including the sophistication and intensity of our customers’ use of our platform and the level of professional services and support required by a customer. Sales to enterprise customers may entail longer sales cycles and more significant selling efforts. Selling to small businesses may involve greater credit risk and uncertainty. If there are changes in the mix of businesses that purchase our platform or the mix of the product plans purchased by our customers, our gross margins could decrease and our operating results could be adversely affected. We have in the past completed acquisitions and may continue to acquire or invest in other companies or technologies in the future, which could divert management’s attention, fail to meet our expectations, result in additional dilution to our stockholders, increase expenses, disrupt our operations or harm our operating results. We have",real_sec_filing,https://www.sec.gov/Archives/edgar/data/1404655/000119312526046646/hubs-20251231.htm,0.04255607890729929,,0.08,0.12255607890729929,keyword,2026-05-28T16:38:52+00:00,What risks could pressure margins?,margin_pressure,True,"to our customer platform to mid-sized businesses, but we have sold and will continue to sell to organizations ranging from small businesses to enterprises. Our gross margins can vary depending on numerous factors related to the implementation and use of our customer platform, including the sophistication and intensity of our customers’ use of our platform and the level of professional services and support required by a customer. Sales to enterprise customers may entail longer sales cycles and more significant selling efforts. Selling to small businesses may involve greater credit risk and uncertainty. If there are changes in the mix of busine",0.12255607890729929,margin_pressure,What risks could pressure margins?,1
HUBS,"HubSpot, Inc.",1404655,10-K,2026-02-11,0001193125-26-046646,MD&A,HUBS-10-K-176,"are not within our control, including the emergence and spread of more transmissible variants and the degree of transmissibility and severity thereof. The extent to which global pandemics, impact our financial condition or results of operations will depend on factors, such as the duration and scope of the pandemic, as well as whether there is a material impact on the businesses or productivity of our customers, partners, employees, suppliers and other partners. To the extent that a pandemic, harms our business and results of operations, many of the other risks described in this “Risk Factors” section, may be heightened. Climate-related risks, regulatory compliance and evolving stakeholder expectations may impact our business. While we seek to partner with organizations that mitigate their business risks associated with climate change, we recognize that there are inherent risks wherever business is conducted, including risks relating to the physical impact of climate change and to transitioning to a lower carbon economy. Any of our primary locations may be vulnerable to the adverse effects of climate change. For example, our offices globally may experience climate-related events",real_sec_filing,https://www.sec.gov/Archives/edgar/data/1404655/000119312526046646/hubs-20251231.htm,0.04019844241533266,,0.08,0.12019844241533266,keyword,2026-05-28T16:38:52+00:00,What risks could pressure margins?,margin_pressure,True,"are not within our control, including the emergence and spread of more transmissible variants and the degree of transmissibility and severity thereof. The extent to which global pandemics, impact our financial condition or results of operations will depend on factors, such as the duration and scope of the pandemic, as well as whether there is a material impact on the businesses or productivity of our customers, partners, employees, suppliers and other partners. To the extent that a pandemic, harms our business and results of operations, many of the other risks described in this “Risk Factors” section, may be heightened. Climate-related risks,",0.12019844241533266,margin_pressure,What risks could pressure margins?,2
HUBS,"HubSpot, Inc.",1404655,10-K,2026-02-11,0001193125-26-046646,MD&A,HUBS-10-K-045,"by reference into this Annual Report on Form 10-K or in any other report or document we file with the SEC, and any references to our websites are intended to be inactive textual references only. 15 Item 1A. RI SK FACTORS An investment in our common stock involves a high degree of risk. You should carefully consider the risks described below and the other information in this Annual Report on Form 10-K and in our other public filings before making an investment decision. Our business, prospects, financial condition, or operating results could be harmed by any of these risks, as well as other risks not currently known to us or that we currently consider immaterial. If any such risks and uncertainties actually occurs, our business, financial condition or operating results could differ materially from the plans, projections and other forward-looking statements included in the section titled “Management’s Discussion and Analysis of Financial Condition and Results of Operations” and elsewhere in this Annual Report on Form 10-K and in our other public filings. The trading price of our common stock could",real_sec_filing,https://www.sec.gov/Archives/edgar/data/1404655/000119312526046646/hubs-20251231.htm,0.036072393026404165,,0.08,0.11607239302640417,keyword,2026-05-28T16:38:52+00:00,What risks could pressure margins?,margin_pressure,True,"by reference into this Annual Report on Form 10-K or in any other report or document we file with the SEC, and any references to our websites are intended to be inactive textual references only. 15 Item 1A. RI SK FACTORS An investment in our common stock involves a high degree of risk. You should carefully consider the risks described below and the other information in this Annual Report on Form 10-K and in our other public filings before making an investment decision. Our business, prospects, financial condition, or operating results could be harmed by any of these risks, as well as other risks not currently known to us or that we currently ",0.11607239302640417,margin_pressure,What risks could pressure margins?,3
HUBS,"HubSpot, Inc.",1404655,10-K,2026-02-11,0001193125-26-046646,MD&A,HUBS-10-K-082,"sales prices of our products and services at or above the rate at which our costs increase, which could/would reduce our profit margins and have a material adverse effect on our financial results and net income. We also may experience lower than expected sales and potential adverse impacts on our competitive position if there is a decrease in consumer spending or a negative reaction to our pricing. A reduction in our revenue would be detrimental to our profitability and financial condition and could also have an adverse impact on our future growth. There continues to be uncertainty in the changing market and economic conditions, including the possibility of additional measures that could be taken by the Federal Reserve and other domestic and international government agencies, related to concerns over inflation risk. A sharp rise in interest rates could have an adverse impact on the fair market value of certain securities in our portfolio and investments in some financial instruments could pose risks arising from market liquidity and credit concerns, which could adversely affect our financial results. Economic uncertainty may lead",real_sec_filing,https://www.sec.gov/Archives/edgar/data/1404655/000119312526046646/hubs-20251231.htm,0.03277177634878442,,0.08,0.11277177634878442,keyword,2026-05-28T16:38:52+00:00,What risks could pressure margins?,margin_pressure,True,"sales prices of our products and services at or above the rate at which our costs increase, which could/would reduce our profit margins and have a material adverse effect on our financial results and net income. We also may experience lower than expected sales and potential adverse impacts on our competitive position if there is a decrease in consumer spending or a negative reaction to our pricing. A reduction in our revenue would be detrimental to our profitability and financial condition and could also have an adverse impact on our future growth. There continues to be uncertainty in the changing market and economic conditions, including the",0.11277177634878442,margin_pressure,What risks could pressure margins?,4
HUBS,"HubSpot, Inc.",1404655,10-K,2026-02-11,0001193125-26-046646,MD&A,HUBS-10-K-084,"and the potential for 24 a global recession, we may see them reduce spending on our products and take additional precautionary measures to limit or delay expenditures and preserve capital and liquidity. Reductions in spending on our solutions, delays in purchasing decisions, lack of renewals, inability to attract new customers, as well as pressure for extended billing terms or pricing discounts, would limit our ability to grow our business and could negatively affect our operating results and financial condition. Risks Related to Our Technical Operations Infrastructure and Dependence on Third Parties Interruptions or delays in service from our third-party data center providers could impair our ability to deliver our platform to our customers, resulting in customer dissatisfaction, damage to our reputation, loss of customers, limited growth and reduction in revenue. We currently serve the majority of our platform functions from third-party data center hosting facilities operated by Amazon Web Services (“AWS”) in the United States and Europe. We also have several colocations which host certain critical services (for example, VPN access) in various locations around the world. In addition, we",real_sec_filing,https://www.sec.gov/Archives/edgar/data/1404655/000119312526046646/hubs-20251231.htm,0.03201618051357095,,0.08,0.11201618051357096,keyword,2026-05-28T16:38:52+00:00,What risks could pressure margins?,margin_pressure,True,"and the potential for 24 a global recession, we may see them reduce spending on our products and take additional precautionary measures to limit or delay expenditures and preserve capital and liquidity. Reductions in spending on our solutions, delays in purchasing decisions, lack of renewals, inability to attract new customers, as well as pressure for extended billing terms or pricing discounts, would limit our ability to grow our business and could negatively affect our operating results and financial condition. Risks Related to Our Technical Operations Infrastructure and Dependence on Third Parties Interruptions or delays in service from ou",0.11201618051357096,margin_pressure,What risks could pressure margins?,5
HUBS,"HubSpot, Inc.",1404655,10-K,2026-02-11,0001193125-26-046646,MD&A,HUBS-10-K-151,"stock may decrease significantly. From time to time, we may invest funds in social impact investment funds, and may receive no return on our investment or lose our entire investment. From time to time, we may invest in social impact investment funds. As of December 31, 2025, we have invested $12.2 million in the National Strategic Investments Impact Fund (f/k/a the Black Economic Development Fund) and $7.5 million in support of Minority Depository Institutions to help close the racial wealth, health and opportunity gap. There is no guarantee as to the performance of this investment or any similar investments we make in the future. Depending on the performance of this investment and future investments we may make, we may not receive any return on our investment or we may lose our entire investment, which could have an adverse effect on our business. We may experience quarterly fluctuations in our operating results due to a number of factors, which makes our future results difficult to predict and could cause our operating results to fall below expectations or our guidance. Our quarterly",real_sec_filing,https://www.sec.gov/Archives/edgar/data/1404655/000119312526046646/hubs-20251231.htm,0.07603497690243449,,0.08,0.1560349769024345,keyword,2026-05-28T16:38:53+00:00,What capex or investment requirements are disclosed?,capex_investment,True,"stock may decrease significantly. From time to time, we may invest funds in social impact investment funds, and may receive no return on our investment or lose our entire investment. From time to time, we may invest in social impact investment funds. As of December 31, 2025, we have invested $12.2 million in the National Strategic Investments Impact Fund (f/k/a the Black Economic Development Fund) and $7.5 million in support of Minority Depository Institutions to help close the racial wealth, health and opportunity gap. There is no guarantee as to the performance of this investment or any similar investments we make in the future. Depending o",0.1560349769024345,capex_requirements,What capex or investment requirements are disclosed?,1
HUBS,"HubSpot, Inc.",1404655,10-K,2026-02-11,0001193125-26-046646,Liquidity and Capital Resources,HUBS-10-K-269,"in orderly transactions for the identical or a similar investment of the same issuer. On a quarterly basis, the Company performs a qualitative assessment to evaluate whether the investment is impaired. If there are sufficient indicators that the fair value of the investment is less than the carrying value, the carrying value of the investment is reduced and an impairment is recorded in the consolidated statements of operations in other income (expense). T he Company has certain other non-marketable strategic investments that do not qualify for the measurement alternative method of accounting, for which the fair value option has been elected. Under the fair value option, the non-marketable investments are measured at fair value based on valuation methods which may include a combination of observable and unobservable inputs and are reviewed quarterly for reductions in fair value that are other-than-temporary. Any changes to the fair value are recorded in the consolidated statements of operations in other income (expense). Strategic investments that consist of non-controlling equity investments without readily determinable fair values, in which the Company has significant influence over the",real_sec_filing,https://www.sec.gov/Archives/edgar/data/1404655/000119312526046646/hubs-20251231.htm,0.04125312564279178,,0.08,0.12125312564279178,keyword,2026-05-28T16:38:53+00:00,What capex or investment requirements are disclosed?,capex_investment,True,"in orderly transactions for the identical or a similar investment of the same issuer. On a quarterly basis, the Company performs a qualitative assessment to evaluate whether the investment is impaired. If there are sufficient indicators that the fair value of the investment is less than the carrying value, the carrying value of the investment is reduced and an impairment is recorded in the consolidated statements of operations in other income (expense). T he Company has certain other non-marketable strategic investments that do not qualify for the measurement alternative method of accounting, for which the fair value option has been elected. ",0.12125312564279178,capex_requirements,What capex or investment requirements are disclosed?,2
HUBS,"HubSpot, Inc.",1404655,10-K,2026-02-11,0001193125-26-046646,MD&A,HUBS-10-K-150,"become consistently profitable, and, even if we do, we may not be able to maintain or increase our level of profitability. We have spent and intend to continue to expend significant funds on our marketing, sales, customer service, and general and administrative operations, the development and enhancement of our customer platform, scaling our data center infrastructure and services capabilities and expanding into new markets. Our efforts to grow our business may be more costly than we expect, and we may not be able to increase our revenue enough to offset our higher operating expenses. We may incur significant losses in the future for a number of reasons, including the other risks described in this Annual Report on Form 10-K, and unforeseen expenses, difficulties, complications and delays and other unknown events. If we are unable to achieve and sustain profitability, the market price of our common stock may decrease significantly. From time to time, we may invest funds in social impact investment funds, and may receive no return on our investment or lose our entire investment. From time to time, we",real_sec_filing,https://www.sec.gov/Archives/edgar/data/1404655/000119312526046646/hubs-20251231.htm,0.03424272212210503,,0.08,0.11424272212210504,keyword,2026-05-28T16:38:53+00:00,What capex or investment requirements are disclosed?,capex_investment,True,"become consistently profitable, and, even if we do, we may not be able to maintain or increase our level of profitability. We have spent and intend to continue to expend significant funds on our marketing, sales, customer service, and general and administrative operations, the development and enhancement of our customer platform, scaling our data center infrastructure and services capabilities and expanding into new markets. Our efforts to grow our business may be more costly than we expect, and we may not be able to increase our revenue enough to offset our higher operating expenses. We may incur significant losses in the future for a number",0.11424272212210504,capex_requirements,What capex or investment requirements are disclosed?,3
HUBS,"HubSpot, Inc.",1404655,10-K,2026-02-11,0001193125-26-046646,MD&A,HUBS-10-K-069,"in early-stage companies are inherently speculative, as these companies may not yet be revenue-generating and could still be in the process of developing their products and services at the time of our investment. The financial success of our investment in any company or partnership is typically dependent on a liquidity event, such as a public offering, acquisition or other favorable market event reflecting appreciation to the cost of our initial investment. In certain cases, our ability to sell these investments may be impacted by contractual obligations to hold the securities for a set period of time after a public offering. All of our investments are subject to a risk of partial or total loss of invested capital. We may experience future volatility in our consolidated statements of operations due to changes in market prices, observable price changes and impairments of our strategic investments. The resulting gains or losses could be material depending on market conditions and events, particularly in periods with economic uncertainty, inflation, geopolitical conflict, volatile public equity markets or unsettled global market conditions. Because our long-term growth strategy",real_sec_filing,https://www.sec.gov/Archives/edgar/data/1404655/000119312526046646/hubs-20251231.htm,0.03167172987062029,,0.08,0.1116717298706203,keyword,2026-05-28T16:38:53+00:00,What capex or investment requirements are disclosed?,capex_investment,True,"in early-stage companies are inherently speculative, as these companies may not yet be revenue-generating and could still be in the process of developing their products and services at the time of our investment. The financial success of our investment in any company or partnership is typically dependent on a liquidity event, such as a public offering, acquisition or other favorable market event reflecting appreciation to the cost of our initial investment. In certain cases, our ability to sell these investments may be impacted by contractual obligations to hold the securities for a set period of time after a public offering. All of our inves",0.1116717298706203,capex_requirements,What capex or investment requirements are disclosed?,4
HUBS,"HubSpot, Inc.",1404655,10-K,2026-02-11,0001193125-26-046646,MD&A,HUBS-10-K-164,"expend significant management time on compliance-related issues as we implement additional corporate governance practices and comply with reporting requirements. Moreover, if we are not able to comply with the requirements of Section 404 applicable to us in a timely manner, or if we or our independent registered public accounting firm identifies deficiencies in our internal control over financial reporting that are deemed to be material weaknesses, the market price of our stock could decline and we could be subject to sanctions or investigations by the SEC or other regulatory authorities, which would require additional financial and management resources. Furthermore, investor perceptions of our company may suffer if deficiencies are found, and this could cause a decline in the market price of our stock. Irrespective of compliance with Section 404, any failure of our internal control over financial reporting could have a material adverse effect on our stated operating results and harm our reputation. If we are unable to implement these requirements effectively or efficiently, it could harm our operations, financial reporting, or financial results and could result in an adverse",real_sec_filing,https://www.sec.gov/Archives/edgar/data/1404655/000119312526046646/hubs-20251231.htm,0.030761948898937713,,0.08,0.11076194889893771,keyword,2026-05-28T16:38:53+00:00,What capex or investment requirements are disclosed?,capex_investment,True,"expend significant management time on compliance-related issues as we implement additional corporate governance practices and comply with reporting requirements. Moreover, if we are not able to comply with the requirements of Section 404 applicable to us in a timely manner, or if we or our independent registered public accounting firm identifies deficiencies in our internal control over financial reporting that are deemed to be material weaknesses, the market price of our stock could decline and we could be subject to sanctions or investigations by the SEC or other regulatory authorities, which would require additional financial and managemen",0.11076194889893771,capex_requirements,What capex or investment requirements are disclosed?,5
HUBS,"HubSpot, Inc.",1404655,10-K,2026-02-11,0001193125-26-046646,Business,HUBS-10-K-012,ITEM 1. Business 7,real_sec_filing,https://www.sec.gov/Archives/edgar/data/1404655/000119312526046646/hubs-20251231.htm,0.0,,0.08,0.08,keyword,2026-05-28T16:38:53+00:00,What does management say about competition?,risk_competition_regulation,True,ITEM 1. Business 7,0.08,competition,What does management say about competition?,1
HUBS,"HubSpot, Inc.",1404655,10-K,2026-02-11,0001193125-26-046646,Legal / Regulatory Matters,HUBS-10-K-014,"Legal Proceedings 45 ITEM 4. Mine Safety Disclosures 45 PART II ITEM 5. Market for Registrant’s Common Equity, Related Stockholder Matters and Issuer Purchases of Equity Securities 46 ITEM 6. [Reserved] 47",real_sec_filing,https://www.sec.gov/Archives/edgar/data/1404655/000119312526046646/hubs-20251231.htm,0.0,,0.08,0.08,keyword,2026-05-28T16:38:53+00:00,What does management say about competition?,risk_competition_regulation,True,"Legal Proceedings 45 ITEM 4. Mine Safety Disclosures 45 PART II ITEM 5. Market for Registrant’s Common Equity, Related Stockholder Matters and Issuer Purchases of Equity Securities 46 ITEM 6. [Reserved] 47",0.08,competition,What does management say about competition?,2
HUBS,"HubSpot, Inc.",1404655,10-K,2026-02-11,0001193125-26-046646,Risk Factors,HUBS-10-K-013,ITEM 1A. Risk Factors 16 ITEM 1B. Unresolved Staff Comments 44 ITEM 1C. Cybersecurity 44 ITEM 2. Properties 45 ITEM 3.,real_sec_filing,https://www.sec.gov/Archives/edgar/data/1404655/000119312526046646/hubs-20251231.htm,0.0,,0.08,0.08,keyword,2026-05-28T16:38:53+00:00,What does management say about competition?,risk_competition_regulation,True,ITEM 1A. Risk Factors 16 ITEM 1B. Unresolved Staff Comments 44 ITEM 1C. Cybersecurity 44 ITEM 2. Properties 45 ITEM 3.,0.08,competition,What does management say about competition?,3
HUBS,"HubSpot, Inc.",1404655,10-K,2026-02-11,0001193125-26-046646,MD&A,HUBS-10-K-185,"matters to the board of directors. As appropriate, the board of directors also receives information regarding cybersecurity incidents as well as ongoing updates regarding mitigation of any such incidents until they have been resolved. Management’s role in assessing and managing cybersecurity risk : Our risk management program for cybersecurity is led by the HubSpot Security & Privacy Committee, which we refer to as the Committee. The Committee oversees our information and technology risk management, compliance, and control functions, and serves as a forum for the discussion of issues involving information security and risk management. The Committee’s members include senior members of management who are responsible for and collectively have experience in information security, information technology, data protection, risk management and compliance. This collaboration helps us incorporate cyber risk management across all of our significant risk management programs. The Committee is chaired by the CISO, who works collaboratively across the Company to implement a program designed to protect our information systems from cybersecurity threats and to promptly respond to any cybersecurity incidents in accordance with our incident response and recovery plans.",real_sec_filing,https://www.sec.gov/Archives/edgar/data/1404655/000119312526046646/hubs-20251231.htm,0.034744416537718474,,0.04,0.07474441653771847,keyword,2026-05-28T16:38:53+00:00,What does management say about competition?,risk_competition_regulation,True,"matters to the board of directors. As appropriate, the board of directors also receives information regarding cybersecurity incidents as well as ongoing updates regarding mitigation of any such incidents until they have been resolved. Management’s role in assessing and managing cybersecurity risk : Our risk management program for cybersecurity is led by the HubSpot Security & Privacy Committee, which we refer to as the Committee. The Committee oversees our information and technology risk management, compliance, and control functions, and serves as a forum for the discussion of issues involving information security and risk management. The Com",0.07474441653771847,competition,What does management say about competition?,4
HUBS,"HubSpot, Inc.",1404655,10-K,2026-02-11,0001193125-26-046646,MD&A,HUBS-10-K-181,"the systematic identification, assessment and treatment (through mitigation, transfer, avoidance and/or acceptance) of cybersecurity risks. This risk management program addresses, but is not limited to, risks identified by internal auditors and assessors, threat intelligence providers, internal stakeholders, vulnerability management programs and security management programs. We also engage external independent assessors regularly to conduct cyber risk assessments and to report both findings and recommendations to management. Risk assessments: Our security team, in coordination with our enterprise risk management team, conducts periodic risk assessments to identify and analyze the business and security risks, vulnerabilities, emerging technologies, laws and regulations. Our internal audit team evaluates the results of these risk assessments to determine critical areas for audit as part of our annual internal audit plan. The results of the internal audits are reported to the audit committee, and the security team manages and maintains remediation strategies for identified risks. Vendor risk management: As part of our risk management program, our vendor risk management teams are responsible for conducting due diligence on vendors submitted for risk evaluation where medium- or high-risk data are in",real_sec_filing,https://www.sec.gov/Archives/edgar/data/1404655/000119312526046646/hubs-20251231.htm,0.030122745712869988,,0.04,0.07012274571286999,keyword,2026-05-28T16:38:53+00:00,What does management say about competition?,risk_competition_regulation,True,"the systematic identification, assessment and treatment (through mitigation, transfer, avoidance and/or acceptance) of cybersecurity risks. This risk management program addresses, but is not limited to, risks identified by internal auditors and assessors, threat intelligence providers, internal stakeholders, vulnerability management programs and security management programs. We also engage external independent assessors regularly to conduct cyber risk assessments and to report both findings and recommendations to management. Risk assessments: Our security team, in coordination with our enterprise risk management team, conducts periodic risk a",0.07012274571286999,competition,What does management say about competition?,5
HUBS,"HubSpot, Inc.",1404655,10-K,2026-02-11,0001193125-26-046646,MD&A,HUBS-10-K-171,"civil and criminal penalties or injunctions. Adverse litigation results could affect our business. From time to time we may become involved in legal proceedings or be subject to claims arising in the ordinary course of our business. Litigation can be lengthy, expensive and disruptive to our operations, and can divert our management’s attention away from running our core business. The results of our litigation also cannot be predicted with certainty. Even a favorable judgment may be subject to appeals leading to protracted litigation, additional costs and the prospect that our desired outcome will be overturned. An adverse decision could result in monetary damages or injunctive relief that could affect our business, operating results or financial condition. 41 Our ability to raise capital in the future may be limited, and our failure to raise capital when needed could prevent us from growing. Our business and operations may consume resources faster than we anticipate. In the future, we may need to raise additional funds to invest in future growth opportunities. Additional financing may not be available on favorable terms, if at all.",real_sec_filing,https://www.sec.gov/Archives/edgar/data/1404655/000119312526046646/hubs-20251231.htm,0.045015744169307245,,0.04,0.08501574416930724,keyword,2026-05-28T16:38:54+00:00,Are there regulatory or litigation risks?,risk_competition_regulation,True,"civil and criminal penalties or injunctions. Adverse litigation results could affect our business. From time to time we may become involved in legal proceedings or be subject to claims arising in the ordinary course of our business. Litigation can be lengthy, expensive and disruptive to our operations, and can divert our management’s attention away from running our core business. The results of our litigation also cannot be predicted with certainty. Even a favorable judgment may be subject to appeals leading to protracted litigation, additional costs and the prospect that our desired outcome will be overturned. An adverse decision could resul",0.08501574416930724,regulatory_litigation,Are there regulatory or litigation risks?,1
HUBS,"HubSpot, Inc.",1404655,10-K,2026-02-11,0001193125-26-046646,MD&A,HUBS-10-K-176,"are not within our control, including the emergence and spread of more transmissible variants and the degree of transmissibility and severity thereof. The extent to which global pandemics, impact our financial condition or results of operations will depend on factors, such as the duration and scope of the pandemic, as well as whether there is a material impact on the businesses or productivity of our customers, partners, employees, suppliers and other partners. To the extent that a pandemic, harms our business and results of operations, many of the other risks described in this “Risk Factors” section, may be heightened. Climate-related risks, regulatory compliance and evolving stakeholder expectations may impact our business. While we seek to partner with organizations that mitigate their business risks associated with climate change, we recognize that there are inherent risks wherever business is conducted, including risks relating to the physical impact of climate change and to transitioning to a lower carbon economy. Any of our primary locations may be vulnerable to the adverse effects of climate change. For example, our offices globally may experience climate-related events",real_sec_filing,https://www.sec.gov/Archives/edgar/data/1404655/000119312526046646/hubs-20251231.htm,0.042516895799963435,,0.04,0.08251689579996344,keyword,2026-05-28T16:38:54+00:00,Are there regulatory or litigation risks?,risk_competition_regulation,True,"are not within our control, including the emergence and spread of more transmissible variants and the degree of transmissibility and severity thereof. The extent to which global pandemics, impact our financial condition or results of operations will depend on factors, such as the duration and scope of the pandemic, as well as whether there is a material impact on the businesses or productivity of our customers, partners, employees, suppliers and other partners. To the extent that a pandemic, harms our business and results of operations, many of the other risks described in this “Risk Factors” section, may be heightened. Climate-related risks,",0.08251689579996344,regulatory_litigation,Are there regulatory or litigation risks?,2
HUBS,"HubSpot, Inc.",1404655,10-K,2026-02-11,0001193125-26-046646,Legal / Regulatory Matters,HUBS-10-K-014,"Legal Proceedings 45 ITEM 4. Mine Safety Disclosures 45 PART II ITEM 5. Market for Registrant’s Common Equity, Related Stockholder Matters and Issuer Purchases of Equity Securities 46 ITEM 6. [Reserved] 47",real_sec_filing,https://www.sec.gov/Archives/edgar/data/1404655/000119312526046646/hubs-20251231.htm,0.0,,0.08,0.08,keyword,2026-05-28T16:38:54+00:00,Are there regulatory or litigation risks?,risk_competition_regulation,True,"Legal Proceedings 45 ITEM 4. Mine Safety Disclosures 45 PART II ITEM 5. Market for Registrant’s Common Equity, Related Stockholder Matters and Issuer Purchases of Equity Securities 46 ITEM 6. [Reserved] 47",0.08,regulatory_litigation,Are there regulatory or litigation risks?,3
HUBS,"HubSpot, Inc.",1404655,10-K,2026-02-11,0001193125-26-046646,Risk Factors,HUBS-10-K-013,ITEM 1A. Risk Factors 16 ITEM 1B. Unresolved Staff Comments 44 ITEM 1C. Cybersecurity 44 ITEM 2. Properties 45 ITEM 3.,real_sec_filing,https://www.sec.gov/Archives/edgar/data/1404655/000119312526046646/hubs-20251231.htm,0.0,,0.08,0.08,keyword,2026-05-28T16:38:54+00:00,Are there regulatory or litigation risks?,risk_competition_regulation,True,ITEM 1A. Risk Factors 16 ITEM 1B. Unresolved Staff Comments 44 ITEM 1C. Cybersecurity 44 ITEM 2. Properties 45 ITEM 3.,0.08,regulatory_litigation,Are there regulatory or litigation risks?,4
HUBS,"HubSpot, Inc.",1404655,10-K,2026-02-11,0001193125-26-046646,Business,HUBS-10-K-012,ITEM 1. Business 7,real_sec_filing,https://www.sec.gov/Archives/edgar/data/1404655/000119312526046646/hubs-20251231.htm,0.0,,0.08,0.08,keyword,2026-05-28T16:38:54+00:00,Are there regulatory or litigation risks?,risk_competition_regulation,True,ITEM 1. Business 7,0.08,regulatory_litigation,Are there regulatory or litigation risks?,5
HUBS,"HubSpot, Inc.",1404655,10-K,2026-02-11,0001193125-26-046646,Risk Factors,HUBS-10-K-013,ITEM 1A. Risk Factors 16 ITEM 1B. Unresolved Staff Comments 44 ITEM 1C. Cybersecurity 44 ITEM 2. Properties 45 ITEM 3.,real_sec_filing,https://www.sec.gov/Archives/edgar/data/1404655/000119312526046646/hubs-20251231.htm,0.07499124388461974,,0.08,0.15499124388461974,keyword,2026-05-28T16:38:54+00:00,What are the key risk factors?,risk_competition_regulation,True,ITEM 1A. Risk Factors 16 ITEM 1B. Unresolved Staff Comments 44 ITEM 1C. Cybersecurity 44 ITEM 2. Properties 45 ITEM 3.,0.15499124388461974,key_risk_factors,What are the key risk factors?,1
HUBS,"HubSpot, Inc.",1404655,10-K,2026-02-11,0001193125-26-046646,MD&A,HUBS-10-K-019,"reflect events or circumstances after the date of this Annual Report on Form 10-K or to reflect new information or the occurrence of unanticipated events, except as required by law. We may not actually achieve the plans, intentions or expectations disclosed in our forward-looking statements and you should not place undue reliance on our forward-looking statements. Our forward-looking statements do not reflect the potential impact of any future acquisitions, mergers, dispositions, joint ventures, or investments we may make. In this Annual Report on Form 10-K, the terms “HubSpot,” “we,” “us,” and “our” refer to HubSpot, Inc. and its subsidiaries, unless the context indicates otherwise. 5 Risk Factor Summary The risk factors detailed in Item 1A entitled “Risk Factors” in this Annual Report on Form 10-K are the risks that we believe are material to our investors and a reader should carefully consider them. Those risks are not all of the risks we face and other factors not presently known to us or that we currently believe are immaterial may also affect our business if they occur. The following is a",real_sec_filing,https://www.sec.gov/Archives/edgar/data/1404655/000119312526046646/hubs-20251231.htm,0.08534128548953981,,0.04,0.12534128548953982,keyword,2026-05-28T16:38:54+00:00,What are the key risk factors?,risk_competition_regulation,True,"reflect events or circumstances after the date of this Annual Report on Form 10-K or to reflect new information or the occurrence of unanticipated events, except as required by law. We may not actually achieve the plans, intentions or expectations disclosed in our forward-looking statements and you should not place undue reliance on our forward-looking statements. Our forward-looking statements do not reflect the potential impact of any future acquisitions, mergers, dispositions, joint ventures, or investments we may make. In this Annual Report on Form 10-K, the terms “HubSpot,” “we,” “us,” and “our” refer to HubSpot, Inc. and its subsidiarie",0.12534128548953982,key_risk_factors,What are the key risk factors?,2
HUBS,"HubSpot, Inc.",1404655,10-K,2026-02-11,0001193125-26-046646,MD&A,HUBS-10-K-074,"team and other key employees, and the loss of one or more key employees could harm our business. Our success and future growth depend upon the continued services of our management team, including our co-founder, Dharmesh Shah, our chief executive officer, Yamini Rangan, and other key employees in the areas of research and development, 22 marketing, sales, services, operations, and general and administrative functions. From time to time, there may be changes in our management team resulting from the hiring or departure of executives, which could disrupt our business. We also are dependent on the continued service of our existing software engineers and information technology personnel because of the complexity of our platform, technologies and infrastructure. We may terminate any employee’s employment at any time, with or without cause, and any employee may resign at any time, with or without cause. We do not have employment agreements with any of our key personnel. The loss of one or more of our key employees could harm our business. The failure to attract and retain additional qualified personnel could prevent us from",real_sec_filing,https://www.sec.gov/Archives/edgar/data/1404655/000119312526046646/hubs-20251231.htm,0.06911025825490716,,0.04,0.10911025825490717,keyword,2026-05-28T16:38:54+00:00,What are the key risk factors?,risk_competition_regulation,True,"team and other key employees, and the loss of one or more key employees could harm our business. Our success and future growth depend upon the continued services of our management team, including our co-founder, Dharmesh Shah, our chief executive officer, Yamini Rangan, and other key employees in the areas of research and development, 22 marketing, sales, services, operations, and general and administrative functions. From time to time, there may be changes in our management team resulting from the hiring or departure of executives, which could disrupt our business. We also are dependent on the continued service of our existing software engin",0.10911025825490717,key_risk_factors,What are the key risk factors?,3
HUBS,"HubSpot, Inc.",1404655,10-K,2026-02-11,0001193125-26-046646,MD&A,HUBS-10-K-181,"the systematic identification, assessment and treatment (through mitigation, transfer, avoidance and/or acceptance) of cybersecurity risks. This risk management program addresses, but is not limited to, risks identified by internal auditors and assessors, threat intelligence providers, internal stakeholders, vulnerability management programs and security management programs. We also engage external independent assessors regularly to conduct cyber risk assessments and to report both findings and recommendations to management. Risk assessments: Our security team, in coordination with our enterprise risk management team, conducts periodic risk assessments to identify and analyze the business and security risks, vulnerabilities, emerging technologies, laws and regulations. Our internal audit team evaluates the results of these risk assessments to determine critical areas for audit as part of our annual internal audit plan. The results of the internal audits are reported to the audit committee, and the security team manages and maintains remediation strategies for identified risks. Vendor risk management: As part of our risk management program, our vendor risk management teams are responsible for conducting due diligence on vendors submitted for risk evaluation where medium- or high-risk data are in",real_sec_filing,https://www.sec.gov/Archives/edgar/data/1404655/000119312526046646/hubs-20251231.htm,0.06305765455307676,,0.04,0.10305765455307675,keyword,2026-05-28T16:38:54+00:00,What are the key risk factors?,risk_competition_regulation,True,"the systematic identification, assessment and treatment (through mitigation, transfer, avoidance and/or acceptance) of cybersecurity risks. This risk management program addresses, but is not limited to, risks identified by internal auditors and assessors, threat intelligence providers, internal stakeholders, vulnerability management programs and security management programs. We also engage external independent assessors regularly to conduct cyber risk assessments and to report both findings and recommendations to management. Risk assessments: Our security team, in coordination with our enterprise risk management team, conducts periodic risk a",0.10305765455307675,key_risk_factors,What are the key risk factors?,4
HUBS,"HubSpot, Inc.",1404655,10-K,2026-02-11,0001193125-26-046646,MD&A,HUBS-10-K-198,"financial covenant that is tested quarterly and requires us to maintain a certain consolidated leverage ratio, and customary events of default. 2026 Share Repurchase Program 49 On February 7, 2026, our Board of Directors authorized a share repurchase program for the repurchase of shares of the company’s common stock, in an aggregate amount of up to $1.0 billion (the “2026 Share Repurchase Program”) over a period of up to 24 months. Key Business Metrics The following key business metrics are presented in this Annual Report on Form 10-K or in our press releases announcing our financial results which are furnished on Form 8-K. We use these key business metrics to evaluate our business, measure our performance, identify trends affecting our business and results of operations, formulate financial projections and make strategic decisions. These key business metrics may be calculated in a manner different from similar key business metrics used by other companies. Year Ended December 31, 2025 2024 2023 Customers 288,706 247,939 205,091 Average Subscription Revenue per Customer $ 11,414 $ 11,343 $ 11,384 Net Revenue Retention 103.5 % 101.8",real_sec_filing,https://www.sec.gov/Archives/edgar/data/1404655/000119312526046646/hubs-20251231.htm,0.05740933195722869,,0.04,0.0974093319572287,keyword,2026-05-28T16:38:54+00:00,What are the key risk factors?,risk_competition_regulation,True,"financial covenant that is tested quarterly and requires us to maintain a certain consolidated leverage ratio, and customary events of default. 2026 Share Repurchase Program 49 On February 7, 2026, our Board of Directors authorized a share repurchase program for the repurchase of shares of the company’s common stock, in an aggregate amount of up to $1.0 billion (the “2026 Share Repurchase Program”) over a period of up to 24 months. Key Business Metrics The following key business metrics are presented in this Annual Report on Form 10-K or in our press releases announcing our financial results which are furnished on Form 8-K. We use these key b",0.0974093319572287,key_risk_factors,What are the key risk factors?,5
HUBS,"HubSpot, Inc.",1404655,10-K,2026-02-11,0001193125-26-046646,Liquidity and Capital Resources,HUBS-10-K-220,"Liquidity and Capital Resources Our principal sources of liquidity to date have been cash and cash equivalents, net accounts receivable, our common stock offerings, and our convertible notes offerings. The following table shows cash and cash equivalents, working capital, net cash and cash equivalents provided by operating activities, net cash and cash equivalents provided by (used in) investing activities, and net cash and cash equivalents (used in) provided by financing activities for the years ended December 31, 2025, 2024 and 2023: Year Ended December 31, 2025 2024 2023 (in thousands) Cash and cash equivalents $ 882,242 $ 512,667 $ 387,987 Working capital 982,264 1,060,204 929,532 Net cash and cash equivalents provided by operating activities 760,717 598,599 350,971 Net cash and cash equivalents provided by (used in) investing activities 491,773 (515,861 ) (334,766 ) Net cash and cash equivalents (used in) provided by financing activities (910,009 ) 53,495 37,011 58 Our cash and cash equivalents at December 31, 2025 were held for working capital purposes. We believe our working capital is sufficient to support our operations for at least the next",real_sec_filing,https://www.sec.gov/Archives/edgar/data/1404655/000119312526046646/hubs-20251231.htm,0.062069513132572626,,0.08,0.14206951313257263,keyword,2026-05-28T16:38:55+00:00,What does management say about cash flows and capital allocation?,liquidity_debt,True,"Liquidity and Capital Resources Our principal sources of liquidity to date have been cash and cash equivalents, net accounts receivable, our common stock offerings, and our convertible notes offerings. The following table shows cash and cash equivalents, working capital, net cash and cash equivalents provided by operating activities, net cash and cash equivalents provided by (used in) investing activities, and net cash and cash equivalents (used in) provided by financing activities for the years ended December 31, 2025, 2024 and 2023: Year Ended December 31, 2025 2024 2023 (in thousands) Cash and cash equivalents $ 882,242 $ 512,667 $ 387,987",0.14206951313257263,cash_flows_capital_allocation,What does management say about cash flows and capital allocation?,1
HUBS,"HubSpot, Inc.",1404655,10-K,2026-02-11,0001193125-26-046646,Liquidity and Capital Resources,HUBS-10-K-272,"Year ended December 31, 2023 $ 3,266 $ 18,887 $ ( 16,637 ) $ 5,516 (1) Deductions include actual accounts written-off, net of recoveries. Restricted Cash —The Company had restricted cash of $ 2.7 million at December 31, 2025 and $ 4.1 million at December 31, 2024 , related to letters of credit for its leased facilities. The following table provides a reconciliation of the cash, cash equivalents and restricted cash within the consolidated balance sheets that sum to the total of the same such amounts shown in the statement of cash flows for the year ended December 31, 2025 and 2024. December 31, 2025 December 31, 2024 (in thousands) Cash and cash equivalents $ 882,242 $ 512,667 Restricted cash, included in prepaid expenses and other current assets and other assets 2,703 4,053 Total cash, cash equivalents, and restricted cash $ 884,945 $ 516,720 Property and Equipment —Property and equipment are stated at cost and depreciated using the straight-line method over the estimated useful lives of the related assets. Expenditures for maintenance and repairs are charged to expense as incurred,",real_sec_filing,https://www.sec.gov/Archives/edgar/data/1404655/000119312526046646/hubs-20251231.htm,0.05087853405162114,,0.08,0.13087853405162114,keyword,2026-05-28T16:38:55+00:00,What does management say about cash flows and capital allocation?,liquidity_debt,True,"Year ended December 31, 2023 $ 3,266 $ 18,887 $ ( 16,637 ) $ 5,516 (1) Deductions include actual accounts written-off, net of recoveries. Restricted Cash —The Company had restricted cash of $ 2.7 million at December 31, 2025 and $ 4.1 million at December 31, 2024 , related to letters of credit for its leased facilities. The following table provides a reconciliation of the cash, cash equivalents and restricted cash within the consolidated balance sheets that sum to the total of the same such amounts shown in the statement of cash flows for the year ended December 31, 2025 and 2024. December 31, 2025 December 31, 2024 (in thousands) Cash and ca",0.13087853405162114,cash_flows_capital_allocation,What does management say about cash flows and capital allocation?,2
HUBS,"HubSpot, Inc.",1404655,10-K,2026-02-11,0001193125-26-046646,Liquidity and Capital Resources,HUBS-10-K-278,"unit exceeds its fair value, an impairment loss is recognized. Based on the quantitative assessment performed on November 30, 2025 , the fair value exceeded the carrying value, and as such, there was no impairment of goodwill as of November 30, 2025. There were no triggering events after the measurement date that may indicate impairment as of December 31, 2025. For the years ended December 31, 2025, 2024 and 2023 , the Company did no t recognize an impairment charge. Business Combinations — The Company uses its best estimates and assumptions to assign fair value to the tangible and intangible assets acquired and liabilities assumed at the acquisition date. The purchase price allocation process requires management to make significant judgment with respect to intangible assets. Fair value determinations are based on, among other factors, estimates of replacement costs, future expected cash flows attributable to the acquired intangible assets and appropriate discount rates used in computing present values. Useful life determinations are generally based on future expected cash flows attributable to the acquired intangible assets. Goodwill represents the excess of the",real_sec_filing,https://www.sec.gov/Archives/edgar/data/1404655/000119312526046646/hubs-20251231.htm,0.04984513093937242,,0.08,0.12984513093937242,keyword,2026-05-28T16:38:55+00:00,What does management say about cash flows and capital allocation?,liquidity_debt,True,"unit exceeds its fair value, an impairment loss is recognized. Based on the quantitative assessment performed on November 30, 2025 , the fair value exceeded the carrying value, and as such, there was no impairment of goodwill as of November 30, 2025. There were no triggering events after the measurement date that may indicate impairment as of December 31, 2025. For the years ended December 31, 2025, 2024 and 2023 , the Company did no t recognize an impairment charge. Business Combinations — The Company uses its best estimates and assumptions to assign fair value to the tangible and intangible assets acquired and liabilities assumed at the acq",0.12984513093937242,cash_flows_capital_allocation,What does management say about cash flows and capital allocation?,3
HUBS,"HubSpot, Inc.",1404655,10-K,2026-02-11,0001193125-26-046646,Liquidity and Capital Resources,HUBS-10-K-261,") ( 10,714 ) Proceeds related to the issuance of common stock under stock plans 71,394 75,501 47,738 Repurchases of common stock ( 500,019 ) — — Net cash and cash equivalents (used in) provided by financing activities ( 910,009 ) 53,495 37,011 Effect on exchange rate changes on cash and cash equivalents 25,744 ( 11,553 ) 4,649 Net increase in cash, cash equivalents and restricted cash 368,225 124,680 57,865 Cash, cash equivalents and restricted cash, beginning of year 516,720 392,040 334,175 Cash, cash equivalents and restricted cash, end of year 884,945 $ 516,720 $ 392,040 Supplemental cash flow disclosure: Cash paid for interest $ 422 $ 1,721 $ 1,722 Cash paid for income taxes $ 19,311 $ 12,187 $ 12,911 Right-of-use assets obtained in exchange for operating lease facilities $ 1,297 $ 2,593 $ 7,059 Right-of-use asset reductions related to operating lease terminations $ — $ — $ ( 7,382 ) Non-cash investing and financing activities: Capital expenditures incurred but not yet paid $ 3,389 $ 1,703 $ 1,068 Settlement of Capped Call Options related to the 2025 Convertible",real_sec_filing,https://www.sec.gov/Archives/edgar/data/1404655/000119312526046646/hubs-20251231.htm,0.04707931348063118,,0.08,0.12707931348063117,keyword,2026-05-28T16:38:55+00:00,What does management say about cash flows and capital allocation?,liquidity_debt,True,") ( 10,714 ) Proceeds related to the issuance of common stock under stock plans 71,394 75,501 47,738 Repurchases of common stock ( 500,019 ) — — Net cash and cash equivalents (used in) provided by financing activities ( 910,009 ) 53,495 37,011 Effect on exchange rate changes on cash and cash equivalents 25,744 ( 11,553 ) 4,649 Net increase in cash, cash equivalents and restricted cash 368,225 124,680 57,865 Cash, cash equivalents and restricted cash, beginning of year 516,720 392,040 334,175 Cash, cash equivalents and restricted cash, end of year 884,945 $ 516,720 $ 392,040 Supplemental cash flow disclosure: Cash paid for interest $ 422 $ 1,7",0.12707931348063117,cash_flows_capital_allocation,What does management say about cash flows and capital allocation?,4
HUBS,"HubSpot, Inc.",1404655,10-K,2026-02-11,0001193125-26-046646,Liquidity and Capital Resources,HUBS-10-K-221,") 53,495 37,011 58 Our cash and cash equivalents at December 31, 2025 were held for working capital purposes. We believe our working capital is sufficient to support our operations for at least the next 12 months. At December 31, 2025, $309.0 million of our cash and cash equivalents was held in accounts outside the United States. We do not assert indefinite reinvestment of our foreign earnings because these earnings have been subject to United States Federal tax. While we have concluded that any incremental tax incurred upon ultimate distribution of these earnings to be immaterial, our current plans do not demonstrate a need to repatriate undistributed earnings to fund our U.S. operations. Net Cash and Cash Equivalents Provided by Operating Activities Net cash and cash equivalents provided by operating activities consists primarily of net income (loss) adjusted for certain non-cash items, including stock-based compensation, depreciation and amortization and other non-cash charges, net. Net cash and cash equivalents provided by operating activities during the year ended December 31, 2025 primarily reflected our net income of $45.9 million, $40.5 million accretion",real_sec_filing,https://www.sec.gov/Archives/edgar/data/1404655/000119312526046646/hubs-20251231.htm,0.04541440810397146,,0.08,0.12541440810397148,keyword,2026-05-28T16:38:55+00:00,What does management say about cash flows and capital allocation?,liquidity_debt,True,") 53,495 37,011 58 Our cash and cash equivalents at December 31, 2025 were held for working capital purposes. We believe our working capital is sufficient to support our operations for at least the next 12 months. At December 31, 2025, $309.0 million of our cash and cash equivalents was held in accounts outside the United States. We do not assert indefinite reinvestment of our foreign earnings because these earnings have been subject to United States Federal tax. While we have concluded that any incremental tax incurred upon ultimate distribution of these earnings to be immaterial, our current plans do not demonstrate a need to repatriate und",0.12541440810397148,cash_flows_capital_allocation,What does management say about cash flows and capital allocation?,5
ROKU,"Roku, Inc.",1428439,10-K,2026-02-13,0001628280-26-008114,Segment Information,ROKU-10-K-354,"million and $ 4.0 million during the years ended December 31, 2025 and 2024 , respectively, primarily due to timing of fulfillment of performance obligations related to advertising arrangements, growth in Premium Subscriptions, and a business combination. See Note 4 for additional details. Revenue recognized during the year ended December 31, 2025 from amounts included in total deferred revenue as of December 31, 2024 was $ 87.2 million. Revenue recognized during the year ended December 31, 2024 from amounts included in total deferred revenue as of December 31, 2023 was $ 102.2 million. Revenue allocated to remaining performance obligations represents estimated contracted revenue that has not yet been recognized which includes unearned revenue and amounts that will be invoiced and recognized as revenue in future periods. Remaining performance obligations exclude contracts with original expected terms of one year or less. Estimated contracted revenue for these remaining performance obligations was $ 978.3 million as of December 31, 2025, of which the Company expects to recognize approximately 54 % over the next 12 months and the remainder thereafter. Revenue recognized from performance",real_sec_filing,https://www.sec.gov/Archives/edgar/data/1428439/000162828026008114/roku-20251231.htm,0.05088288075038509,,0.08,0.1308828807503851,keyword,2026-05-28T16:38:56+00:00,What are the company's main revenue drivers?,revenue_drivers,True,"million and $ 4.0 million during the years ended December 31, 2025 and 2024 , respectively, primarily due to timing of fulfillment of performance obligations related to advertising arrangements, growth in Premium Subscriptions, and a business combination. See Note 4 for additional details. Revenue recognized during the year ended December 31, 2025 from amounts included in total deferred revenue as of December 31, 2024 was $ 87.2 million. Revenue recognized during the year ended December 31, 2024 from amounts included in total deferred revenue as of December 31, 2023 was $ 102.2 million. Revenue allocated to remaining performance obligations r",0.1308828807503851,revenue_drivers,What are the company's main revenue drivers?,1
ROKU,"Roku, Inc.",1428439,10-K,2026-02-13,0001628280-26-008114,Segment Information,ROKU-10-K-346,"costs and the related amortization expenses are not material for any of the periods presented. Deferred Revenue The Company’s deferred revenue reflects fees billed or received in advance of revenue recognition from products or services. Deferred revenue is recognized as revenue when transfer of control to customers has occurred. Deferred revenue balances primarily consist of the amount of Devices revenue allocated to unspecified upgrades and updates on a when-and-if available basis, and advance billings to and payments from advertisers and content partners, where performance obligations are not yet fulfilled. Deferred revenue expected to be realized within one year is classified as a current liability and the remaining is recorded as a non-current liability. Advertising Expenses Advertising expenses are recognized when incurred and are included in Sales and marketing expense in the consolidated statements of operations. The Company incurred advertising expenses of $ 28.8 million, $ 9.7 million, and $ 3.7 million for the years ended December 31, 2025, 2024, and 2023, respectively. Stock-Based Compensation The Company measures compensation expense for all stock-based awards, including restricted stock units and stock options",real_sec_filing,https://www.sec.gov/Archives/edgar/data/1428439/000162828026008114/roku-20251231.htm,0.049646820189199345,,0.08,0.12964682018919935,keyword,2026-05-28T16:38:56+00:00,What are the company's main revenue drivers?,revenue_drivers,True,"costs and the related amortization expenses are not material for any of the periods presented. Deferred Revenue The Company’s deferred revenue reflects fees billed or received in advance of revenue recognition from products or services. Deferred revenue is recognized as revenue when transfer of control to customers has occurred. Deferred revenue balances primarily consist of the amount of Devices revenue allocated to unspecified upgrades and updates on a when-and-if available basis, and advance billings to and payments from advertisers and content partners, where performance obligations are not yet fulfilled. Deferred revenue expected to be r",0.12964682018919935,revenue_drivers,What are the company's main revenue drivers?,2
ROKU,"Roku, Inc.",1428439,10-K,2026-02-13,0001628280-26-008114,Segment Information,ROKU-10-K-353,"assets (included in Prepaid expenses and other current assets) 995 1,687 Deferred revenue: Deferred revenue, current portion $ 120,912 $ 105,718 Deferred revenue, non-current portion 28,848 25,050 Total deferred revenue $ 149,760 $ 130,768 The timing of revenue recognition may differ from the timing of invoicing to customers. Contract assets are created when invoicing occurs subsequent to revenue recognition. Contract assets are transferred to accounts receivable when the right to invoice becomes unconditional. The Company’s contract assets are current in nature and are included in Prepaid expenses and other current assets. Contract assets decreased by $ 0.7 million and $ 16.3 million during the years ended December 31, 2025 and 2024, respectively, due to the timing of billing to customers. 68 Table of Contents Deferred revenue reflects consideration invoiced prior to the completion of performance obligations and revenue recognition. Deferred revenue increased by $ 19.0 million and $ 4.0 million during the years ended December 31, 2025 and 2024 , respectively, primarily due to timing of fulfillment of performance obligations related to advertising arrangements, growth in Premium Subscriptions, and a",real_sec_filing,https://www.sec.gov/Archives/edgar/data/1428439/000162828026008114/roku-20251231.htm,0.042806410405355405,,0.08,0.1228064104053554,keyword,2026-05-28T16:38:56+00:00,What are the company's main revenue drivers?,revenue_drivers,True,"assets (included in Prepaid expenses and other current assets) 995 1,687 Deferred revenue: Deferred revenue, current portion $ 120,912 $ 105,718 Deferred revenue, non-current portion 28,848 25,050 Total deferred revenue $ 149,760 $ 130,768 The timing of revenue recognition may differ from the timing of invoicing to customers. Contract assets are created when invoicing occurs subsequent to revenue recognition. Contract assets are transferred to accounts receivable when the right to invoice becomes unconditional. The Company’s contract assets are current in nature and are included in Prepaid expenses and other current assets. Contract assets de",0.1228064104053554,revenue_drivers,What are the company's main revenue drivers?,3
ROKU,"Roku, Inc.",1428439,10-K,2026-02-13,0001628280-26-008114,Segment Information,ROKU-10-K-355,"remaining performance obligations was $ 978.3 million as of December 31, 2025, of which the Company expects to recognize approximately 54 % over the next 12 months and the remainder thereafter. Revenue recognized from performance obligations that were satisfied in previous periods due to changes in the estimated transaction price of the Company’s revenue contracts was not significant during the year ended December 31, 2025. The Company recognized $ 18.2 million of revenue during the year ended December 31, 2024 from performance obligations that were satisfied in previous periods due to changes in the estimated transaction price of the Company’s revenue contracts. Customer J accounted for 11 % and 10 % of total net revenue for the years ended December 31, 2025 and 2024, respectively. Customer I accounted for 11 % of total net revenue for the year ended December 31, 2023. 4. BUSINESS COMBINATION On May 9, 2025 (the “Acquisition Date”), the Company acquired all of the outstanding shares of Frndly TV, Inc. (“Frndly TV”), a subscription streaming service that offers live TV, on-demand video, and cloud-based DVR for",real_sec_filing,https://www.sec.gov/Archives/edgar/data/1428439/000162828026008114/roku-20251231.htm,0.04272044500294779,,0.08,0.12272044500294779,keyword,2026-05-28T16:38:56+00:00,What are the company's main revenue drivers?,revenue_drivers,True,"remaining performance obligations was $ 978.3 million as of December 31, 2025, of which the Company expects to recognize approximately 54 % over the next 12 months and the remainder thereafter. Revenue recognized from performance obligations that were satisfied in previous periods due to changes in the estimated transaction price of the Company’s revenue contracts was not significant during the year ended December 31, 2025. The Company recognized $ 18.2 million of revenue during the year ended December 31, 2024 from performance obligations that were satisfied in previous periods due to changes in the estimated transaction price of the Company",0.12272044500294779,revenue_drivers,What are the company's main revenue drivers?,4
ROKU,"Roku, Inc.",1428439,10-K,2026-02-13,0001628280-26-008114,Segment Information,ROKU-10-K-340,"the relationship with the end user. The Company obtains control of the content before transferring to the end user and has latitude in establishing pricing. The Company pays fixed fees per subscriber or fixed percentage of revenue share to the providers of premium content on The Roku Channel based on the contractual arrangement and recognizes that in Cost of revenue, platform. The Company sells branded app buttons on remote controls of streaming devices that provide one-touch access to a content partner’s content. The Company typically receives a fixed fee per button for each unit sold over a defined distribution period. Revenue is recognized on a time elapsed basis, by day, over the distribution term. Devices segment: The Company generates Devices revenue from the sale of streaming players, Roku-made TVs, smart home products and services, audio products, and related accessories. The Company sells the majority of its devices in the U.S. through retailers and distributors as well as through the Company’s website. Devices revenue primarily consists of hardware, embedded software, and unspecified upgrades and updates on a when-and-if available basis. The",real_sec_filing,https://www.sec.gov/Archives/edgar/data/1428439/000162828026008114/roku-20251231.htm,0.039722888757505743,,0.08,0.11972288875750575,keyword,2026-05-28T16:38:56+00:00,What are the company's main revenue drivers?,revenue_drivers,True,"the relationship with the end user. The Company obtains control of the content before transferring to the end user and has latitude in establishing pricing. The Company pays fixed fees per subscriber or fixed percentage of revenue share to the providers of premium content on The Roku Channel based on the contractual arrangement and recognizes that in Cost of revenue, platform. The Company sells branded app buttons on remote controls of streaming devices that provide one-touch access to a content partner’s content. The Company typically receives a fixed fee per button for each unit sold over a defined distribution period. Revenue is recognized",0.11972288875750575,revenue_drivers,What are the company's main revenue drivers?,5
ROKU,"Roku, Inc.",1428439,10-K,2026-02-13,0001628280-26-008114,Segment Information,ROKU-10-K-415,"interface, and related services), as well as streaming services distribution (including subscription and transaction revenue shares, the sale of Premium Subscriptions, the sale of owned and operated subscription services, and the sale of branded app buttons on remote controls). Devices Devices revenue is generated from the sale of streaming players, Roku-made TVs, smart home products and services, audio products, and related accessories. Customers accounting for 10% or more of segment revenue, net, were as follows: Years Ended December 31, 2025 2024 2023 Platform segment revenue: Customer I * * 13 % Customer J 13 % 12 % * Devices segment revenue: Customer A 16 % 22 % 15 % Customer B 26 % 21 % 15 % Customer C 22 % 28 % 41 % Customer K 17 % 10 % * * Less than 10% Revenue by geography is determined based on the location where the Company’s products and services are delivered. Revenue in international markets was less than 10% in each of the periods presented. Long-lived assets, net The following table presents long-lived assets, net, which consist primarily",real_sec_filing,https://www.sec.gov/Archives/edgar/data/1428439/000162828026008114/roku-20251231.htm,0.0456152654835674,,0.08,0.1256152654835674,keyword,2026-05-28T16:38:56+00:00,What does the company say about customer concentration?,revenue_drivers,True,"interface, and related services), as well as streaming services distribution (including subscription and transaction revenue shares, the sale of Premium Subscriptions, the sale of owned and operated subscription services, and the sale of branded app buttons on remote controls). Devices Devices revenue is generated from the sale of streaming players, Roku-made TVs, smart home products and services, audio products, and related accessories. Customers accounting for 10% or more of segment revenue, net, were as follows: Years Ended December 31, 2025 2024 2023 Platform segment revenue: Customer I * * 13 % Customer J 13 % 12 % * Devices segment reve",0.1256152654835674,customer_concentration,What does the company say about customer concentration?,1
ROKU,"Roku, Inc.",1428439,10-K,2026-02-13,0001628280-26-008114,Segment Information,ROKU-10-K-414,"Note 7) and stock-based compensation expense (refer to Note 12) charged to Cost of revenue, platform. The Company disclosed charges related to the inventory provision and inventory losses on purchase commitments (refer to Note 2) and stock-based compensation expense (refer to Note 12) included within Cost of revenue, devices. The Company reports its financial results consistent with the manner in which financial information is viewed by management for decision-making purposes. The Company does not manage operating expenses such as research and development, sales and marketing, and general and administrative expenses at the segment level. The Company does not allocate property and equipment or any other assets or capital expenditures to reportable segments. Descriptions of the Company’s two reportable segments are as follows: Platform Platform revenue is generated from the sale of digital advertising (including direct and programmatic video advertising, ads integrated into the Company’s user interface, and related services), as well as streaming services distribution (including subscription and transaction revenue shares, the sale of Premium Subscriptions, the sale of owned and operated subscription services, and the sale of branded app",real_sec_filing,https://www.sec.gov/Archives/edgar/data/1428439/000162828026008114/roku-20251231.htm,0.041742567343101264,,0.08,0.12174256734310127,keyword,2026-05-28T16:38:56+00:00,What does the company say about customer concentration?,revenue_drivers,True,"Note 7) and stock-based compensation expense (refer to Note 12) charged to Cost of revenue, platform. The Company disclosed charges related to the inventory provision and inventory losses on purchase commitments (refer to Note 2) and stock-based compensation expense (refer to Note 12) included within Cost of revenue, devices. The Company reports its financial results consistent with the manner in which financial information is viewed by management for decision-making purposes. The Company does not manage operating expenses such as research and development, sales and marketing, and general and administrative expenses at the segment level. The ",0.12174256734310127,customer_concentration,What does the company say about customer concentration?,2
ROKU,"Roku, Inc.",1428439,10-K,2026-02-13,0001628280-26-008114,MD&A,ROKU-10-K-131,"quality customer support, we could lose users, advertisers, content partners, and licensed Roku TV partners, which could harm our business. A high level of support is critical for the success of our business, and our users depend on this support to resolve issues relating to our products and our streaming platform. We currently outsource the majority of our customer support operation to a third-party customer support organization which provides support to end users and licensees. If we do not effectively train, update, and manage our third-party customer support organization to assist our users and licensees, and if that support organization does not succeed in helping them quickly resolve issues or provide effective ongoing support, it could adversely affect our ability to monetize our streaming platform, to sell our products to users and could harm our reputation with potential new customers and our licensees. Risks Related to Operating and Growing Our Business We have incurred operating losses in the past, may incur operating losses in the future, and may not be able to maintain profitability. We have incurred operating losses in",real_sec_filing,https://www.sec.gov/Archives/edgar/data/1428439/000162828026008114/roku-20251231.htm,0.03746833618156796,,0.08,0.11746833618156796,keyword,2026-05-28T16:38:56+00:00,What does the company say about customer concentration?,revenue_drivers,True,"quality customer support, we could lose users, advertisers, content partners, and licensed Roku TV partners, which could harm our business. A high level of support is critical for the success of our business, and our users depend on this support to resolve issues relating to our products and our streaming platform. We currently outsource the majority of our customer support operation to a third-party customer support organization which provides support to end users and licensees. If we do not effectively train, update, and manage our third-party customer support organization to assist our users and licensees, and if that support organization ",0.11746833618156796,customer_concentration,What does the company say about customer concentration?,3
ROKU,"Roku, Inc.",1428439,10-K,2026-02-13,0001628280-26-008114,Segment Information,ROKU-10-K-336,"are not routinely sold separately, the Company determines SSP using information that may include market conditions and other observable inputs. When the Company’s arrangements involve third-party goods and services, it evaluates whether the Company is the principal, and reports revenue on a gross basis, or an agent, and reports revenue on a net basis. In this assessment, the Company considers if it obtains control of the specified goods or services before they are transferred to the customer, as well as other indicators such as the party primarily responsible for fulfillment, inventory risk, and discretion in establishing price. Revenue is recorded net of taxes collected from customers which are subsequently remitted to the relevant government authority. The Company does not capitalize any cost associated with contract acquisition because it applies a practical expedient and expenses commissions when incurred as most direct contract acquisition costs relate to contracts that are recognized over a period of one year or less. Sales commissions are included in Sales and marketing expenses in the consolidated statements of operations. The as-invoiced practical expedient is applied when the",real_sec_filing,https://www.sec.gov/Archives/edgar/data/1428439/000162828026008114/roku-20251231.htm,0.036647653246142706,,0.08,0.11664765324614271,keyword,2026-05-28T16:38:56+00:00,What does the company say about customer concentration?,revenue_drivers,True,"are not routinely sold separately, the Company determines SSP using information that may include market conditions and other observable inputs. When the Company’s arrangements involve third-party goods and services, it evaluates whether the Company is the principal, and reports revenue on a gross basis, or an agent, and reports revenue on a net basis. In this assessment, the Company considers if it obtains control of the specified goods or services before they are transferred to the customer, as well as other indicators such as the party primarily responsible for fulfillment, inventory risk, and discretion in establishing price. Revenue is re",0.11664765324614271,customer_concentration,What does the company say about customer concentration?,4
ROKU,"Roku, Inc.",1428439,10-K,2026-02-13,0001628280-26-008114,Segment Information,ROKU-10-K-325,"( 91,057 ) Ending balance $ 70,839 $ 63,367 $ 23,024 Allowance for Credit Losses : Allowance for credit losses consisted of the following activities (in thousands): Years Ended December 31, 2025 2024 2023 Beginning balance $ 1,895 $ 2,213 $ 3,498 Provision for credit losses 2,439 790 1,674 Adjustments for write-off ( 1,261 ) ( 1,108 ) ( 2,959 ) Ending balance $ 3,073 $ 1,895 $ 2,213 Concentrations of Credit Risk The Company maintains its cash and cash equivalents and short-term investment balances with financial institutions of high credit quality and continuously monitors the amount of exposure to any one institution and diversifies as necessary in order to minimize its concentration risk. Such balances often exceed regulated insured limits. Customers J and B each accounted for 11 % of the Company’s accounts receivable, net balance as of December 31, 2025 . Customers J and B accounted for 12 % and 10 %, respectively, of the Company’s accounts receivable, net balance as of December 31, 2024. 63 Table of Contents Inventories The Company’s inventories consist primarily of finished goods",real_sec_filing,https://www.sec.gov/Archives/edgar/data/1428439/000162828026008114/roku-20251231.htm,0.03381875154666482,,0.08,0.11381875154666482,keyword,2026-05-28T16:38:56+00:00,What does the company say about customer concentration?,revenue_drivers,True,"( 91,057 ) Ending balance $ 70,839 $ 63,367 $ 23,024 Allowance for Credit Losses : Allowance for credit losses consisted of the following activities (in thousands): Years Ended December 31, 2025 2024 2023 Beginning balance $ 1,895 $ 2,213 $ 3,498 Provision for credit losses 2,439 790 1,674 Adjustments for write-off ( 1,261 ) ( 1,108 ) ( 2,959 ) Ending balance $ 3,073 $ 1,895 $ 2,213 Concentrations of Credit Risk The Company maintains its cash and cash equivalents and short-term investment balances with financial institutions of high credit quality and continuously monitors the amount of exposure to any one institution and diversifies as neces",0.11381875154666482,customer_concentration,What does the company say about customer concentration?,5
ROKU,"Roku, Inc.",1428439,10-K,2026-02-13,0001628280-26-008114,Debt / Contractual Obligations,ROKU-10-K-160,"failures, events involving limited liquidity, defaults, non-performance, or other adverse developments that affect financial institutions, or concerns or rumors about such events, may lead to liquidity constraints. For example, in 2023, Silicon Valley Bank failed and was taken into receivership by the FDIC. The failure of a bank, or other adverse conditions in the financial or credit markets impacting financial institutions at which we maintain balances, could adversely impact our liquidity and financial performance. There can be no assurance that our deposits in excess of the FDIC or other comparable insurance limits will be backstopped by the U.S. or applicable foreign government, or that any bank or financial institution with which we do business will be able to obtain needed liquidity from other banks, government institutions, or by acquisition in the event of a failure or liquidity crisis. Macroeconomic uncertainties can adversely impact our business, results of operations, and financial condition. Macroeconomic uncertainties, such as volatility in financial markets, higher inflation and interest rates, potential economic slowdown or recession, geopolitical developments, changes in economic or government policies (including the unknown",real_sec_filing,https://www.sec.gov/Archives/edgar/data/1428439/000162828026008114/roku-20251231.htm,0.07224543951080298,,0.08,0.152245439510803,keyword,2026-05-28T16:38:57+00:00,What are the main liquidity risks?,liquidity_debt,True,"failures, events involving limited liquidity, defaults, non-performance, or other adverse developments that affect financial institutions, or concerns or rumors about such events, may lead to liquidity constraints. For example, in 2023, Silicon Valley Bank failed and was taken into receivership by the FDIC. The failure of a bank, or other adverse conditions in the financial or credit markets impacting financial institutions at which we maintain balances, could adversely impact our liquidity and financial performance. There can be no assurance that our deposits in excess of the FDIC or other comparable insurance limits will be backstopped by t",0.152245439510803,liquidity_risks,What are the main liquidity risks?,1
ROKU,"Roku, Inc.",1428439,10-K,2026-02-13,0001628280-26-008114,MD&A,ROKU-10-K-059,"other information in this Annual Report, including “Management’s Discussion and Analysis of Financial Condition and Results of Operations” and the consolidated financial statements and the related notes. If any of the following risks actually occur, our business, reputation, financial condition, results of operations, revenue, key performance metrics, and future prospects could be seriously harmed. In addition, you should consider the interrelationship and compounding effects of two or more risks occurring simultaneously. Unless otherwise indicated, references to our business being harmed in these risk factors will include harm to our business, reputation, financial condition, results of operations, revenue, key performance metrics, and future prospects. In that event, the market price of our Class A common stock could decline, and you could lose part or all of your investment. You should not interpret our disclosure of any of the following risks to imply that such risks have not already materialized. Risk Factors Summary Below is a summary of the principal factors that make an investment in our Class A common stock speculative or risky: Risks Related to Our Business and Industry •",real_sec_filing,https://www.sec.gov/Archives/edgar/data/1428439/000162828026008114/roku-20251231.htm,0.044680013470633835,,0.08,0.12468001347063384,keyword,2026-05-28T16:38:57+00:00,What are the main liquidity risks?,liquidity_debt,True,"other information in this Annual Report, including “Management’s Discussion and Analysis of Financial Condition and Results of Operations” and the consolidated financial statements and the related notes. If any of the following risks actually occur, our business, reputation, financial condition, results of operations, revenue, key performance metrics, and future prospects could be seriously harmed. In addition, you should consider the interrelationship and compounding effects of two or more risks occurring simultaneously. Unless otherwise indicated, references to our business being harmed in these risk factors will include harm to our busines",0.12468001347063384,liquidity_risks,What are the main liquidity risks?,2
ROKU,"Roku, Inc.",1428439,10-K,2026-02-13,0001628280-26-008114,Liquidity and Capital Resources,ROKU-10-K-283,"and building related costs at the same level as we have in the last few fiscal years, we will continue to incur expenses on the maintenance of our facilities and purchases of computer systems, and other property and equipment, in order to support future growth in our business. These activities may materially impact our liquidity and capital resources. 48 Table of Contents We believe our existing cash and cash equivalents balance, and our undrawn available balance under our Credit Agreement (as discussed below), will be sufficient to meet our working capital, capital expenditures, and material cash requirements from known contractual obligations for the next twelve months and beyond. Our future capital requirements, the adequacy of available funds, and cash flows from operations could be affected by various risks, uncertainties, including, but not limited to, those detailed in Item 1A, Risk Factors in this Annual Report and the effects of the current macroeconomic environment. While the current macroeconomic environment has not severely impacted our liquidity and capital resources to date, it has contributed to disruption and volatility in local economies and",real_sec_filing,https://www.sec.gov/Archives/edgar/data/1428439/000162828026008114/roku-20251231.htm,0.04319379172267677,,0.08,0.12319379172267678,keyword,2026-05-28T16:38:57+00:00,What are the main liquidity risks?,liquidity_debt,True,"and building related costs at the same level as we have in the last few fiscal years, we will continue to incur expenses on the maintenance of our facilities and purchases of computer systems, and other property and equipment, in order to support future growth in our business. These activities may materially impact our liquidity and capital resources. 48 Table of Contents We believe our existing cash and cash equivalents balance, and our undrawn available balance under our Credit Agreement (as discussed below), will be sufficient to meet our working capital, capital expenditures, and material cash requirements from known contractual obligatio",0.12319379172267678,liquidity_risks,What are the main liquidity risks?,3
ROKU,"Roku, Inc.",1428439,10-K,2026-02-13,0001628280-26-008114,Debt / Contractual Obligations,ROKU-10-K-159,"on terms favorable to us. Any future credit agreements we may enter into could require a lien on our assets or contain financial covenants and other restrictions that may limit our operational flexibility or otherwise adversely affect our financial condition. If we are unable to obtain adequate financing or financing on terms satisfactory to us when we require it, our ability to continue to support our business growth and to respond to business challenges could be significantly impaired, and our business may be harmed. Our liquidity and financial performance could be adversely affected by uninsured cash deposits. We maintain domestic cash deposits in Federal Deposit Insurance Corporation (“FDIC”) insured banks that exceed the FDIC insurance limits. We also maintain cash deposits in foreign banks where we operate, some of which are not insured or are only partially insured by the FDIC or similar agencies. Bank failures, events involving limited liquidity, defaults, non-performance, or other adverse developments that affect financial institutions, or concerns or rumors about such events, may lead to liquidity constraints. For example, in 2023, Silicon Valley Bank failed",real_sec_filing,https://www.sec.gov/Archives/edgar/data/1428439/000162828026008114/roku-20251231.htm,0.043136568650139324,,0.08,0.12313656865013933,keyword,2026-05-28T16:38:57+00:00,What are the main liquidity risks?,liquidity_debt,True,"on terms favorable to us. Any future credit agreements we may enter into could require a lien on our assets or contain financial covenants and other restrictions that may limit our operational flexibility or otherwise adversely affect our financial condition. If we are unable to obtain adequate financing or financing on terms satisfactory to us when we require it, our ability to continue to support our business growth and to respond to business challenges could be significantly impaired, and our business may be harmed. Our liquidity and financial performance could be adversely affected by uninsured cash deposits. We maintain domestic cash dep",0.12313656865013933,liquidity_risks,What are the main liquidity risks?,4
ROKU,"Roku, Inc.",1428439,10-K,2026-02-13,0001628280-26-008114,Debt / Contractual Obligations,ROKU-10-K-152,"debt, which could adversely affect our operating results, and result in unfavorable accounting treatment. In addition, acquisitions have in the past, and may in the future, expose us to claims and disputes by third parties, including intellectual property claims. Acquisitions and other strategic transactions may not generate sufficient financial returns to offset related costs and expenses. In addition, the process of integrating acquired businesses, products, or technologies has created, and may in the future create, unforeseen operating difficulties and expenditures, in particular when the acquired businesses, products, or technologies involve areas of operation in which we have limited or no prior experience. Acquisitions of businesses, products, or technologies in international markets would involve additional risks, including those related to integration of operations across different cultures and languages, currency risks, and the particular economic, political, and regulatory risks associated with specific countries. We may not be able to address these risks successfully, or at all, without incurring significant costs, delays, or other operational problems, and if we were unable to address such risks successfully, our business could be harmed. Our credit",real_sec_filing,https://www.sec.gov/Archives/edgar/data/1428439/000162828026008114/roku-20251231.htm,0.04188191797290779,,0.08,0.12188191797290779,keyword,2026-05-28T16:38:57+00:00,What are the main liquidity risks?,liquidity_debt,True,"debt, which could adversely affect our operating results, and result in unfavorable accounting treatment. In addition, acquisitions have in the past, and may in the future, expose us to claims and disputes by third parties, including intellectual property claims. Acquisitions and other strategic transactions may not generate sufficient financial returns to offset related costs and expenses. In addition, the process of integrating acquired businesses, products, or technologies has created, and may in the future create, unforeseen operating difficulties and expenditures, in particular when the acquired businesses, products, or technologies invo",0.12188191797290779,liquidity_risks,What are the main liquidity risks?,5
ROKU,"Roku, Inc.",1428439,10-K,2026-02-13,0001628280-26-008114,Liquidity and Capital Resources,ROKU-10-K-291,"be required in determining whether products contain multiple distinct performance obligations and whether each should be accounted for separately or as one combined performance obligation. For arrangements with multiple performance obligations, we allocate revenue to each distinct performance obligation based on its relative stand-alone selling price (“SSP”). Our process for determining SSP requires judgment. For performance obligations routinely sold separately, we consider multiple factors that may vary over time depending upon the unique facts and circumstances related to each performance obligation. We determine SSP based on prices charged to customers for individual products, taking into consideration other factors, which may include (i) historical and expected discounting practices, (ii) the size, and volume of transactions, (iii) the geographic areas in which our products are sold, and (iv) our overall go-to-market strategy. For those performance obligations that are not routinely sold separately, we determine SSP using information that may include market conditions and other observable inputs. When arrangements have variable consideration, we utilize the expected value method to estimate the amount expected to be received. The amount of variable consideration that is",real_sec_filing,https://www.sec.gov/Archives/edgar/data/1428439/000162828026008114/roku-20251231.htm,0.024737588863227498,,0.08,0.1047375888632275,keyword,2026-05-28T16:38:57+00:00,What does management say about debt obligations?,liquidity_debt,True,"be required in determining whether products contain multiple distinct performance obligations and whether each should be accounted for separately or as one combined performance obligation. For arrangements with multiple performance obligations, we allocate revenue to each distinct performance obligation based on its relative stand-alone selling price (“SSP”). Our process for determining SSP requires judgment. For performance obligations routinely sold separately, we consider multiple factors that may vary over time depending upon the unique facts and circumstances related to each performance obligation. We determine SSP based on prices charge",0.1047375888632275,debt_obligations,What does management say about debt obligations?,1
ROKU,"Roku, Inc.",1428439,10-K,2026-02-13,0001628280-26-008114,Liquidity and Capital Resources,ROKU-10-K-289,"to net settle equity awards vested during the period and $150.0 million in repurchases of our common stock, partially offset by proceeds from the exercise of employee stock options of $34.7 million. Material Cash Requirements from Known Contractual Obligations For a description of our purchase obligations and operating lease obligations, refer to Note 13 and Note 10 to our Consolidated Financial Statements in Part II, Item 8 of this Annual Report, respectively. In addition, we have $5.2 million of uncertain tax positions as of December 31, 2025. We adjust these positions when facts and circumstances change, such as the closing of a tax audit or the refinement of an estimate. We are unable to accurately predict when these amounts will be realized or released. Although we believe we have adequately provided for our uncertain tax positions, no assurance can be given that the final tax outcome of these matters will not be materially different. Critical Accounting Estimates Our financial statements are prepared in accordance with generally accepted accounting principles in the United States. The preparation of these financial statements requires",real_sec_filing,https://www.sec.gov/Archives/edgar/data/1428439/000162828026008114/roku-20251231.htm,0.023877669927178016,,0.08,0.10387766992717802,keyword,2026-05-28T16:38:57+00:00,What does management say about debt obligations?,liquidity_debt,True,"to net settle equity awards vested during the period and $150.0 million in repurchases of our common stock, partially offset by proceeds from the exercise of employee stock options of $34.7 million. Material Cash Requirements from Known Contractual Obligations For a description of our purchase obligations and operating lease obligations, refer to Note 13 and Note 10 to our Consolidated Financial Statements in Part II, Item 8 of this Annual Report, respectively. In addition, we have $5.2 million of uncertain tax positions as of December 31, 2025. We adjust these positions when facts and circumstances change, such as the closing of a tax audit ",0.10387766992717802,debt_obligations,What does management say about debt obligations?,2
ROKU,"Roku, Inc.",1428439,10-K,2026-02-13,0001628280-26-008114,Debt / Contractual Obligations,ROKU-10-K-157,"products and enhance our streaming platform, continue to expand the content on our platform, maintain adequate levels of inventory to support our retail partners’ demand requirements, improve our operating infrastructure, or acquire complementary businesses, personnel, and technologies. Our primary uses of cash include operating costs such as personnel-related expenses and capital spending. Our future capital requirements may vary materially from those currently planned and will depend on many factors including our growth rate and the continuing market acceptance of our products and streaming platform, along with the timing and effort related to the introduction of new platform features, products, the hiring of experienced personnel, the expansion of sales and marketing activities, as well as overall economic conditions. We may need to engage in equity or debt financings to secure additional funds. If we raise additional funds through future issuances of equity or convertible debt securities, our then existing stockholders could suffer significant dilution, and any new equity securities we issue could have rights, preferences, and privileges superior to those of holders of our Class A common stock. Any debt financing",real_sec_filing,https://www.sec.gov/Archives/edgar/data/1428439/000162828026008114/roku-20251231.htm,0.022740688299695427,,0.08,0.10274068829969543,keyword,2026-05-28T16:38:57+00:00,What does management say about debt obligations?,liquidity_debt,True,"products and enhance our streaming platform, continue to expand the content on our platform, maintain adequate levels of inventory to support our retail partners’ demand requirements, improve our operating infrastructure, or acquire complementary businesses, personnel, and technologies. Our primary uses of cash include operating costs such as personnel-related expenses and capital spending. Our future capital requirements may vary materially from those currently planned and will depend on many factors including our growth rate and the continuing market acceptance of our products and streaming platform, along with the timing and effort related",0.10274068829969543,debt_obligations,What does management say about debt obligations?,3
ROKU,"Roku, Inc.",1428439,10-K,2026-02-13,0001628280-26-008114,MD&A,ROKU-10-K-083,"offered and streamed across our platform, we must effectively monetize our expanding user base and streaming activity. The total number of Streaming Hours does not correlate with Platform revenue on a period-by-period basis, primarily because we do not monetize every hour streamed or every user on our platform. Moreover, Streaming Hours on our platform are measured whenever a Roku streaming device is streaming content, whether a viewer is actively watching or not. For example, if our streaming player is connected to a TV, and the viewer turns off the TV, steps away, or falls asleep without stopping or pausing the player, then a particular streaming app may continue to play content for a period of time determined by the streaming app. The Roku TV OS’s “Are you still watching?” feature, which prompts users to confirm they are still watching, does not resolve this lack of correlation. Our ability to deliver advertisements relevant to our users and to increase our streaming platform’s value to advertisers and content partners depends on the collection of user engagement data, and the degree to which",real_sec_filing,https://www.sec.gov/Archives/edgar/data/1428439/000162828026008114/roku-20251231.htm,0.017259392427147555,,0.08,0.09725939242714755,keyword,2026-05-28T16:38:57+00:00,What does management say about debt obligations?,liquidity_debt,True,"offered and streamed across our platform, we must effectively monetize our expanding user base and streaming activity. The total number of Streaming Hours does not correlate with Platform revenue on a period-by-period basis, primarily because we do not monetize every hour streamed or every user on our platform. Moreover, Streaming Hours on our platform are measured whenever a Roku streaming device is streaming content, whether a viewer is actively watching or not. For example, if our streaming player is connected to a TV, and the viewer turns off the TV, steps away, or falls asleep without stopping or pausing the player, then a particular str",0.09725939242714755,debt_obligations,What does management say about debt obligations?,4
ROKU,"Roku, Inc.",1428439,10-K,2026-02-13,0001628280-26-008114,MD&A,ROKU-10-K-005,"in this Annual Report on Form 10-K (“Annual Report”), unless the context otherwise requires, references to the following terms have the respective meaning as defined below. Ad-supported Video on Demand (AVOD) : Streaming on-demand content supported by advertising that does not charge a fee to the viewer. Apps : Primarily refers to the direct-to-consumer streaming applications on the Roku platform (e.g., The Roku Channel or Netflix). We also use “apps” to refer to mobile applications (such as our Roku mobile app). Average Revenue per User (ARPU): Platform revenue for the trailing four quarters divided by the average of the number of Streaming Households at the end of the current period and the end of the corresponding period in the prior year. Demand-side platform (DSP): Programmatic advertising technology that allows advertisers and advertising agencies to buy advertising inventory across multiple platforms and publishers through one interface. FAST: Free, ad-supported linear streaming TV, which does not include on-demand content. Licensed Roku TV partners: TV original equipment manufacturers (“OEMs”) that license the Roku TV OS and leverage our smart TV reference designs to",real_sec_filing,https://www.sec.gov/Archives/edgar/data/1428439/000162828026008114/roku-20251231.htm,0.017120894841733406,,0.08,0.0971208948417334,keyword,2026-05-28T16:38:57+00:00,What does management say about debt obligations?,liquidity_debt,True,"in this Annual Report on Form 10-K (“Annual Report”), unless the context otherwise requires, references to the following terms have the respective meaning as defined below. Ad-supported Video on Demand (AVOD) : Streaming on-demand content supported by advertising that does not charge a fee to the viewer. Apps : Primarily refers to the direct-to-consumer streaming applications on the Roku platform (e.g., The Roku Channel or Netflix). We also use “apps” to refer to mobile applications (such as our Roku mobile app). Average Revenue per User (ARPU): Platform revenue for the trailing four quarters divided by the average of the number of Streaming ",0.0971208948417334,debt_obligations,What does management say about debt obligations?,5
ROKU,"Roku, Inc.",1428439,10-K,2026-02-13,0001628280-26-008114,MD&A,ROKU-10-K-070,"other products and services. We may not have sufficient resources to continue to make the investments needed to maintain our competitive position. In addition, some of our competitors have longer operating histories, greater name recognition, larger customer bases, and significantly greater financial, technical, sales, marketing, and other resources than us, which provide them with advantages in developing, marketing, or servicing new products and offerings. Our competitors also may enter into business combinations or partnerships that strengthen their competitive positions. As a result, they may be able to respond more quickly to market demand, devote greater resources to the development, promotion, sales, and distribution of their products or their content, and influence market acceptance of their products better than we can. These competitors may also be able to adapt more quickly to new or emerging technologies or standards and may be able to deliver products and services at a lower cost. Sustained competition could reduce our sales volume, revenue, gross profit, and operating margins, result in pricing pressure, increase our operating costs, harm our competitive position, and otherwise harm our business.",real_sec_filing,https://www.sec.gov/Archives/edgar/data/1428439/000162828026008114/roku-20251231.htm,0.04592158605611335,,0.08,0.12592158605611337,keyword,2026-05-28T16:38:58+00:00,What risks could pressure margins?,margin_pressure,True,"other products and services. We may not have sufficient resources to continue to make the investments needed to maintain our competitive position. In addition, some of our competitors have longer operating histories, greater name recognition, larger customer bases, and significantly greater financial, technical, sales, marketing, and other resources than us, which provide them with advantages in developing, marketing, or servicing new products and offerings. Our competitors also may enter into business combinations or partnerships that strengthen their competitive positions. As a result, they may be able to respond more quickly to market dema",0.12592158605611337,margin_pressure,What risks could pressure margins?,1
ROKU,"Roku, Inc.",1428439,10-K,2026-02-13,0001628280-26-008114,MD&A,ROKU-10-K-059,"other information in this Annual Report, including “Management’s Discussion and Analysis of Financial Condition and Results of Operations” and the consolidated financial statements and the related notes. If any of the following risks actually occur, our business, reputation, financial condition, results of operations, revenue, key performance metrics, and future prospects could be seriously harmed. In addition, you should consider the interrelationship and compounding effects of two or more risks occurring simultaneously. Unless otherwise indicated, references to our business being harmed in these risk factors will include harm to our business, reputation, financial condition, results of operations, revenue, key performance metrics, and future prospects. In that event, the market price of our Class A common stock could decline, and you could lose part or all of your investment. You should not interpret our disclosure of any of the following risks to imply that such risks have not already materialized. Risk Factors Summary Below is a summary of the principal factors that make an investment in our Class A common stock speculative or risky: Risks Related to Our Business and Industry •",real_sec_filing,https://www.sec.gov/Archives/edgar/data/1428439/000162828026008114/roku-20251231.htm,0.042125319682036186,,0.08,0.12212531968203619,keyword,2026-05-28T16:38:58+00:00,What risks could pressure margins?,margin_pressure,True,"other information in this Annual Report, including “Management’s Discussion and Analysis of Financial Condition and Results of Operations” and the consolidated financial statements and the related notes. If any of the following risks actually occur, our business, reputation, financial condition, results of operations, revenue, key performance metrics, and future prospects could be seriously harmed. In addition, you should consider the interrelationship and compounding effects of two or more risks occurring simultaneously. Unless otherwise indicated, references to our business being harmed in these risk factors will include harm to our busines",0.12212531968203619,margin_pressure,What risks could pressure margins?,2
ROKU,"Roku, Inc.",1428439,10-K,2026-02-13,0001628280-26-008114,MD&A,ROKU-10-K-137,"we are able to continue to increase our platform segment revenue and grow our user base, we may be unable to grow gross profit and our business will be harmed. For example, from time to time, global supply chain disruptions have resulted in shipping delays, increased shipping costs, component shortages, and increases in component prices, which negatively affected our Devices gross margin. If a reduction in Devices gross margin does not result in an increase in our user base or an increase in our Platform revenue and gross profit, our financial results may suffer, and our business may be harmed. In addition, our platform segment has experienced in the past, and may experience in the future, lower gross margins than we anticipate. If our platform gross margins are lower than we anticipate, our financial results may suffer, and our business may be harmed. If we have difficulty managing our growth in operating expenses, our business could be harmed. From time to time, we have experienced significant growth in our research and development, sales and marketing, support services, operations, and general",real_sec_filing,https://www.sec.gov/Archives/edgar/data/1428439/000162828026008114/roku-20251231.htm,0.03973417296533768,,0.08,0.11973417296533768,keyword,2026-05-28T16:38:58+00:00,What risks could pressure margins?,margin_pressure,True,"we are able to continue to increase our platform segment revenue and grow our user base, we may be unable to grow gross profit and our business will be harmed. For example, from time to time, global supply chain disruptions have resulted in shipping delays, increased shipping costs, component shortages, and increases in component prices, which negatively affected our Devices gross margin. If a reduction in Devices gross margin does not result in an increase in our user base or an increase in our Platform revenue and gross profit, our financial results may suffer, and our business may be harmed. In addition, our platform segment has experience",0.11973417296533768,margin_pressure,What risks could pressure margins?,3
ROKU,"Roku, Inc.",1428439,10-K,2026-02-13,0001628280-26-008114,MD&A,ROKU-10-K-135,"anticipate consumer demand; • an increase in the manufacturing or component costs of our products or partner-branded products; • delays in delivery of our products or partner-branded products, or disruptions in our or our partners’ supply or distribution chains; and • an increase in legal costs, including costs associated with protecting our intellectual property, defending against intellectual property infringement allegations, or procuring rights to intellectual property. See also “—The market price of our Class A common stock has been, and may continue to be, volatile, and the value of our Class A common stock may decline.” Our gross margins vary across our devices and platform offerings. Our Devices segment experienced negative gross margin for the year ended December 31, 2025, and our platform segment experienced positive gross margin for the year ended December 31, 2025. Gross margins on our streaming devices vary across models and can change over time as a result of product transitions, pricing and configuration changes, component costs, device returns, and other cost fluctuations (including due to the impact of tariffs or other trade restrictions). In addition,",real_sec_filing,https://www.sec.gov/Archives/edgar/data/1428439/000162828026008114/roku-20251231.htm,0.03969694638895381,,0.08,0.11969694638895381,keyword,2026-05-28T16:38:58+00:00,What risks could pressure margins?,margin_pressure,True,"anticipate consumer demand; • an increase in the manufacturing or component costs of our products or partner-branded products; • delays in delivery of our products or partner-branded products, or disruptions in our or our partners’ supply or distribution chains; and • an increase in legal costs, including costs associated with protecting our intellectual property, defending against intellectual property infringement allegations, or procuring rights to intellectual property. See also “—The market price of our Class A common stock has been, and may continue to be, volatile, and the value of our Class A common stock may decline.” Our gross margi",0.11969694638895381,margin_pressure,What risks could pressure margins?,4
ROKU,"Roku, Inc.",1428439,10-K,2026-02-13,0001628280-26-008114,MD&A,ROKU-10-K-071,"services at a lower cost. Sustained competition could reduce our sales volume, revenue, gross profit, and operating margins, result in pricing pressure, increase our operating costs, harm our competitive position, and otherwise harm our business. To enhance our users’ experience, we also offer other Roku-branded products, including projectors, smart home products and services, and audio products, and we face additional competition in these product categories. If these products do not operate as designed or do not enhance the Roku Experience as we intend, our users’ overall experience may be diminished, which may harm our competitive position and otherwise harm our business. Our competitors offer content and other advertising mediums that may be more attractive to advertisers than our streaming platform. We operate in a highly competitive advertising industry and compete for revenue from advertising with other streaming platforms and services, social media platforms, and other digital platforms, as well as traditional media, such as radio, broadcast, cable and satellite TV, and satellite and internet radio. These competitors offer content and other advertising mediums that may be more attractive to advertisers",real_sec_filing,https://www.sec.gov/Archives/edgar/data/1428439/000162828026008114/roku-20251231.htm,0.039346959138449364,,0.08,0.11934695913844937,keyword,2026-05-28T16:38:58+00:00,What risks could pressure margins?,margin_pressure,True,"services at a lower cost. Sustained competition could reduce our sales volume, revenue, gross profit, and operating margins, result in pricing pressure, increase our operating costs, harm our competitive position, and otherwise harm our business. To enhance our users’ experience, we also offer other Roku-branded products, including projectors, smart home products and services, and audio products, and we face additional competition in these product categories. If these products do not operate as designed or do not enhance the Roku Experience as we intend, our users’ overall experience may be diminished, which may harm our competitive position ",0.11934695913844937,margin_pressure,What risks could pressure margins?,5
ROKU,"Roku, Inc.",1428439,10-K,2026-02-13,0001628280-26-008114,Debt / Contractual Obligations,ROKU-10-K-192,"we may not be able to obtain adequate remedies for such breaches. We cannot guarantee that our trade secrets and other confidential proprietary information will not be disclosed or that competitors will not otherwise gain access to our trade secrets or independently develop substantially equivalent information and techniques. Detecting the disclosure or misappropriation of a trade secret and enforcing a claim that a party illegally disclosed or misappropriated a trade secret is difficult, time-consuming, and could result in substantial costs, and the outcome of such a claim is unpredictable. Further, some foreign jurisdictions do not provide the same level of protection for proprietary information and assets such as intellectual property, trademarks, trade secrets, know-how, and records as the laws of the United States. For instance, the legal systems of certain countries, particularly certain developing countries, do not favor the enforcement of patents and other intellectual property protection. As a result, we may encounter significant problems in protecting and defending our intellectual property or proprietary rights abroad. Additionally, we may also be exposed to material risks of theft, counterfeiting, or unauthorized",real_sec_filing,https://www.sec.gov/Archives/edgar/data/1428439/000162828026008114/roku-20251231.htm,0.04642151156416849,,0.08,0.12642151156416848,keyword,2026-05-28T16:38:58+00:00,What capex or investment requirements are disclosed?,capex_investment,True,"we may not be able to obtain adequate remedies for such breaches. We cannot guarantee that our trade secrets and other confidential proprietary information will not be disclosed or that competitors will not otherwise gain access to our trade secrets or independently develop substantially equivalent information and techniques. Detecting the disclosure or misappropriation of a trade secret and enforcing a claim that a party illegally disclosed or misappropriated a trade secret is difficult, time-consuming, and could result in substantial costs, and the outcome of such a claim is unpredictable. Further, some foreign jurisdictions do not provide ",0.12642151156416848,capex_requirements,What capex or investment requirements are disclosed?,1
ROKU,"Roku, Inc.",1428439,10-K,2026-02-13,0001628280-26-008114,Debt / Contractual Obligations,ROKU-10-K-253,"on a variety of factors, including general market conditions, the trading price of our Class A common stock, corporate and regulatory requirements, the availability of funds, other investment opportunities, and other considerations we deem relevant. The stock repurchase program may be modified, suspended, or terminated at any time. Dividend Policy We have never declared or paid any dividends on our Class A or Class B common stock. We currently intend to retain all available funds and any future earnings for use in our business and therefore we do not anticipate declaring or paying any cash dividends in the foreseeable future. Sale of Unregistered Securities and Use of Proceeds None. Purchases of Equity Securities by the Issuer and Affiliated Purchasers None. Stock Performance Graphs and Cumulative Total Return The following graph shows the cumulative total stockholder return of an investment of $100 in cash from December 31, 2020 through December 31, 2025, for (i) our Class A common stock, (ii) the Nasdaq Composite Index, and (iii) the Peer Group of companies described below. Because no published index of comparable companies is",real_sec_filing,https://www.sec.gov/Archives/edgar/data/1428439/000162828026008114/roku-20251231.htm,0.03157924870926881,,0.08,0.1115792487092688,keyword,2026-05-28T16:38:58+00:00,What capex or investment requirements are disclosed?,capex_investment,True,"on a variety of factors, including general market conditions, the trading price of our Class A common stock, corporate and regulatory requirements, the availability of funds, other investment opportunities, and other considerations we deem relevant. The stock repurchase program may be modified, suspended, or terminated at any time. Dividend Policy We have never declared or paid any dividends on our Class A or Class B common stock. We currently intend to retain all available funds and any future earnings for use in our business and therefore we do not anticipate declaring or paying any cash dividends in the foreseeable future. Sale of Unregist",0.1115792487092688,capex_requirements,What capex or investment requirements are disclosed?,2
ROKU,"Roku, Inc.",1428439,10-K,2026-02-13,0001628280-26-008114,Debt / Contractual Obligations,ROKU-10-K-191,"patents, trade secrets, copyrights, trademarks, trade dress, domain names, and other intellectual property or proprietary rights as critical to our success. We strive to protect our intellectual property rights by relying on federal, state, and common law rights, as well as contractual restrictions. We seek to protect our confidential proprietary information, in part, by entering into confidentiality agreements and invention assignment agreements with all of our employees, consultants, contractors, advisors, and any third parties who have access to our proprietary know-how, information, or technology. However, we cannot be certain that confidentiality and invention assignment agreements have been executed with all parties who may have helped to develop our intellectual property or who had access to our proprietary information, nor can we be certain that our agreements will not be breached. In addition, we may not be able to discover such breaches, and if we do, we may not be able to obtain adequate remedies for such breaches. We cannot guarantee that our trade secrets and other confidential proprietary information will not be disclosed or that competitors will not otherwise gain",real_sec_filing,https://www.sec.gov/Archives/edgar/data/1428439/000162828026008114/roku-20251231.htm,0.024006819344534525,,0.08,0.10400681934453453,keyword,2026-05-28T16:38:58+00:00,What capex or investment requirements are disclosed?,capex_investment,True,"patents, trade secrets, copyrights, trademarks, trade dress, domain names, and other intellectual property or proprietary rights as critical to our success. We strive to protect our intellectual property rights by relying on federal, state, and common law rights, as well as contractual restrictions. We seek to protect our confidential proprietary information, in part, by entering into confidentiality agreements and invention assignment agreements with all of our employees, consultants, contractors, advisors, and any third parties who have access to our proprietary know-how, information, or technology. However, we cannot be certain that confid",0.10400681934453453,capex_requirements,What capex or investment requirements are disclosed?,3
ROKU,"Roku, Inc.",1428439,10-K,2026-02-13,0001628280-26-008114,Debt / Contractual Obligations,ROKU-10-K-259,"business is subject to risks related to the evolving macroeconomic environment, including the effects of increased volatility in financial markets, higher inflation and interest rates, potential economic slowdown or recession, geopolitical developments, changes in economic or government policies, including the unknown impact of tariffs, changing global regulations, and the overall uncertainty surrounding international trade relations. While we intend to remain vigilant in monitoring the impacts of these circumstances on our business and adapt accordingly, the effects of these macroeconomic factors on our business, results of operations, and financial condition remain largely uncertain. See Item 1A, Risk Factors, and the Note Regarding Forward Looking Statements elsewhere in this Annual Report for additional details. Key Performance Metrics and Non-GAAP Measures Since our IPO in 2017, the streaming TV industry has evolved meaningfully, with Americans now spending significantly more TV time streaming than watching traditional TV. Our business has also grown and evolved, and we are now primarily focused on growing Platform revenue and profitability. As a result, and as previously disclosed, starting in the first quarter of 2025, we have updated our",real_sec_filing,https://www.sec.gov/Archives/edgar/data/1428439/000162828026008114/roku-20251231.htm,0.023570223297864637,,0.08,0.10357022329786464,keyword,2026-05-28T16:38:58+00:00,What capex or investment requirements are disclosed?,capex_investment,True,"business is subject to risks related to the evolving macroeconomic environment, including the effects of increased volatility in financial markets, higher inflation and interest rates, potential economic slowdown or recession, geopolitical developments, changes in economic or government policies, including the unknown impact of tariffs, changing global regulations, and the overall uncertainty surrounding international trade relations. While we intend to remain vigilant in monitoring the impacts of these circumstances on our business and adapt accordingly, the effects of these macroeconomic factors on our business, results of operations, and f",0.10357022329786464,capex_requirements,What capex or investment requirements are disclosed?,4
ROKU,"Roku, Inc.",1428439,10-K,2026-02-13,0001628280-26-008114,MD&A,ROKU-10-K-059,"other information in this Annual Report, including “Management’s Discussion and Analysis of Financial Condition and Results of Operations” and the consolidated financial statements and the related notes. If any of the following risks actually occur, our business, reputation, financial condition, results of operations, revenue, key performance metrics, and future prospects could be seriously harmed. In addition, you should consider the interrelationship and compounding effects of two or more risks occurring simultaneously. Unless otherwise indicated, references to our business being harmed in these risk factors will include harm to our business, reputation, financial condition, results of operations, revenue, key performance metrics, and future prospects. In that event, the market price of our Class A common stock could decline, and you could lose part or all of your investment. You should not interpret our disclosure of any of the following risks to imply that such risks have not already materialized. Risk Factors Summary Below is a summary of the principal factors that make an investment in our Class A common stock speculative or risky: Risks Related to Our Business and Industry •",real_sec_filing,https://www.sec.gov/Archives/edgar/data/1428439/000162828026008114/roku-20251231.htm,0.020993789819847265,,0.08,0.10099378981984727,keyword,2026-05-28T16:38:58+00:00,What capex or investment requirements are disclosed?,capex_investment,True,"other information in this Annual Report, including “Management’s Discussion and Analysis of Financial Condition and Results of Operations” and the consolidated financial statements and the related notes. If any of the following risks actually occur, our business, reputation, financial condition, results of operations, revenue, key performance metrics, and future prospects could be seriously harmed. In addition, you should consider the interrelationship and compounding effects of two or more risks occurring simultaneously. Unless otherwise indicated, references to our business being harmed in these risk factors will include harm to our busines",0.10099378981984727,capex_requirements,What capex or investment requirements are disclosed?,5
ROKU,"Roku, Inc.",1428439,10-K,2026-02-13,0001628280-26-008114,MD&A,ROKU-10-K-049,"we believe it will facilitate our product 6 Table of Contents offerings or business. For information about the intellectual property risks applicable to our business, see Item 1A, Risk Factors, elsewhere in this Annual Report. Competition The TV streaming industry is highly competitive and, as it continues to evolve, we will continue to face strong competition in every aspect of our business. We compete with much larger companies which have resources and brand recognition that pose significant competitive challenges. In the face of this competition, we believe our success depends on building scale by growing our user base, growing engagement by increasing the hours of content streamed through our platform, and growing the monetization of the activities that viewers engage in through our platform. Our competitors include: • companies that offer TV streaming devices that compete with Roku streaming devices and companies that license their operating systems for integration into smart TVs and other streaming products; • TV brands that offer their own TV streaming solutions within their TVs as well as other devices such as game consoles, DVD players,",real_sec_filing,https://www.sec.gov/Archives/edgar/data/1428439/000162828026008114/roku-20251231.htm,0.04123316365961873,,0.04,0.08123316365961873,keyword,2026-05-28T16:38:59+00:00,What does management say about competition?,risk_competition_regulation,True,"we believe it will facilitate our product 6 Table of Contents offerings or business. For information about the intellectual property risks applicable to our business, see Item 1A, Risk Factors, elsewhere in this Annual Report. Competition The TV streaming industry is highly competitive and, as it continues to evolve, we will continue to face strong competition in every aspect of our business. We compete with much larger companies which have resources and brand recognition that pose significant competitive challenges. In the face of this competition, we believe our success depends on building scale by growing our user base, growing engagement ",0.08123316365961873,competition,What does management say about competition?,1
ROKU,"Roku, Inc.",1428439,10-K,2026-02-13,0001628280-26-008114,Risk Factors,ROKU-10-K-002,Item 1A Risk Factors 8 Item 1B Unresolved Staff Comments 39 Item 1C Cybersecurity 39 Item 2 Properties 40 Item 3,real_sec_filing,https://www.sec.gov/Archives/edgar/data/1428439/000162828026008114/roku-20251231.htm,0.0,,0.08,0.08,keyword,2026-05-28T16:38:59+00:00,What does management say about competition?,risk_competition_regulation,True,Item 1A Risk Factors 8 Item 1B Unresolved Staff Comments 39 Item 1C Cybersecurity 39 Item 2 Properties 40 Item 3,0.08,competition,What does management say about competition?,2
ROKU,"Roku, Inc.",1428439,10-K,2026-02-13,0001628280-26-008114,Business,ROKU-10-K-001,Item 1 Business 1,real_sec_filing,https://www.sec.gov/Archives/edgar/data/1428439/000162828026008114/roku-20251231.htm,0.0,,0.08,0.08,keyword,2026-05-28T16:38:59+00:00,What does management say about competition?,risk_competition_regulation,True,Item 1 Business 1,0.08,competition,What does management say about competition?,3
ROKU,"Roku, Inc.",1428439,10-K,2026-02-13,0001628280-26-008114,Legal / Regulatory Matters,ROKU-10-K-003,"Legal Proceedings 40 Item 4 Mine Safety Disclosures 40 PART II Item 5 Market for Registrant's Common Equity, Related Stockholder Matters and Issuer Purchases of Equity Securities 41 Item 6 Reserved 42",real_sec_filing,https://www.sec.gov/Archives/edgar/data/1428439/000162828026008114/roku-20251231.htm,0.0,,0.08,0.08,keyword,2026-05-28T16:38:59+00:00,What does management say about competition?,risk_competition_regulation,True,"Legal Proceedings 40 Item 4 Mine Safety Disclosures 40 PART II Item 5 Market for Registrant's Common Equity, Related Stockholder Matters and Issuer Purchases of Equity Securities 41 Item 6 Reserved 42",0.08,competition,What does management say about competition?,4
ROKU,"Roku, Inc.",1428439,10-K,2026-02-13,0001628280-26-008114,MD&A,ROKU-10-K-147,"could have an adverse effect on our business. Our ability to compete and grow depends in large part on the efforts and talents of our employees. Labor is subject to external factors that are beyond our control, including our industry’s highly competitive market for skilled workers and leaders, cost inflation, workforce participation rates, immigration policies, and unstable political conditions. Our employees, particularly engineers and other product developers, are in demand, and we devote significant resources to identifying, hiring, training, successfully integrating, and retaining these employees. To attract top talent, we generally offer competitive compensation packages before we can validate the productivity of those employees. In addition, some companies offer a remote or hybrid work environment, which may increase the competition for employees from employers outside of our traditional office locations. To retain employees, we have in the past and may in the future need to increase our employee compensation levels or other benefits in response to competition and other business and macroeconomic factors. The loss of employees or the inability to hire additional skilled employees necessary to support our growth",real_sec_filing,https://www.sec.gov/Archives/edgar/data/1428439/000162828026008114/roku-20251231.htm,0.029520896207001854,,0.04,0.06952089620700186,keyword,2026-05-28T16:38:59+00:00,What does management say about competition?,risk_competition_regulation,True,"could have an adverse effect on our business. Our ability to compete and grow depends in large part on the efforts and talents of our employees. Labor is subject to external factors that are beyond our control, including our industry’s highly competitive market for skilled workers and leaders, cost inflation, workforce participation rates, immigration policies, and unstable political conditions. Our employees, particularly engineers and other product developers, are in demand, and we devote significant resources to identifying, hiring, training, successfully integrating, and retaining these employees. To attract top talent, we generally offer",0.06952089620700186,competition,What does management say about competition?,5
ROKU,"Roku, Inc.",1428439,10-K,2026-02-13,0001628280-26-008114,Business,ROKU-10-K-001,Item 1 Business 1,real_sec_filing,https://www.sec.gov/Archives/edgar/data/1428439/000162828026008114/roku-20251231.htm,0.0,,0.08,0.08,keyword,2026-05-28T16:39:00+00:00,Are there regulatory or litigation risks?,risk_competition_regulation,True,Item 1 Business 1,0.08,regulatory_litigation,Are there regulatory or litigation risks?,1
ROKU,"Roku, Inc.",1428439,10-K,2026-02-13,0001628280-26-008114,Risk Factors,ROKU-10-K-002,Item 1A Risk Factors 8 Item 1B Unresolved Staff Comments 39 Item 1C Cybersecurity 39 Item 2 Properties 40 Item 3,real_sec_filing,https://www.sec.gov/Archives/edgar/data/1428439/000162828026008114/roku-20251231.htm,0.0,,0.08,0.08,keyword,2026-05-28T16:39:00+00:00,Are there regulatory or litigation risks?,risk_competition_regulation,True,Item 1A Risk Factors 8 Item 1B Unresolved Staff Comments 39 Item 1C Cybersecurity 39 Item 2 Properties 40 Item 3,0.08,regulatory_litigation,Are there regulatory or litigation risks?,2
ROKU,"Roku, Inc.",1428439,10-K,2026-02-13,0001628280-26-008114,Legal / Regulatory Matters,ROKU-10-K-003,"Legal Proceedings 40 Item 4 Mine Safety Disclosures 40 PART II Item 5 Market for Registrant's Common Equity, Related Stockholder Matters and Issuer Purchases of Equity Securities 41 Item 6 Reserved 42",real_sec_filing,https://www.sec.gov/Archives/edgar/data/1428439/000162828026008114/roku-20251231.htm,0.0,,0.08,0.08,keyword,2026-05-28T16:39:00+00:00,Are there regulatory or litigation risks?,risk_competition_regulation,True,"Legal Proceedings 40 Item 4 Mine Safety Disclosures 40 PART II Item 5 Market for Registrant's Common Equity, Related Stockholder Matters and Issuer Purchases of Equity Securities 41 Item 6 Reserved 42",0.08,regulatory_litigation,Are there regulatory or litigation risks?,3
ROKU,"Roku, Inc.",1428439,10-K,2026-02-13,0001628280-26-008114,MD&A,ROKU-10-K-059,"other information in this Annual Report, including “Management’s Discussion and Analysis of Financial Condition and Results of Operations” and the consolidated financial statements and the related notes. If any of the following risks actually occur, our business, reputation, financial condition, results of operations, revenue, key performance metrics, and future prospects could be seriously harmed. In addition, you should consider the interrelationship and compounding effects of two or more risks occurring simultaneously. Unless otherwise indicated, references to our business being harmed in these risk factors will include harm to our business, reputation, financial condition, results of operations, revenue, key performance metrics, and future prospects. In that event, the market price of our Class A common stock could decline, and you could lose part or all of your investment. You should not interpret our disclosure of any of the following risks to imply that such risks have not already materialized. Risk Factors Summary Below is a summary of the principal factors that make an investment in our Class A common stock speculative or risky: Risks Related to Our Business and Industry •",real_sec_filing,https://www.sec.gov/Archives/edgar/data/1428439/000162828026008114/roku-20251231.htm,0.03663735108026882,,0.04,0.07663735108026881,keyword,2026-05-28T16:39:00+00:00,Are there regulatory or litigation risks?,risk_competition_regulation,True,"other information in this Annual Report, including “Management’s Discussion and Analysis of Financial Condition and Results of Operations” and the consolidated financial statements and the related notes. If any of the following risks actually occur, our business, reputation, financial condition, results of operations, revenue, key performance metrics, and future prospects could be seriously harmed. In addition, you should consider the interrelationship and compounding effects of two or more risks occurring simultaneously. Unless otherwise indicated, references to our business being harmed in these risk factors will include harm to our busines",0.07663735108026881,regulatory_litigation,Are there regulatory or litigation risks?,4
ROKU,"Roku, Inc.",1428439,10-K,2026-02-13,0001628280-26-008114,MD&A,ROKU-10-K-128,"products and services to remain competitive, and new products and services expose our business to new risks. ” We must continue to innovate and develop new and existing products and services to remain competitive, and new products and services expose our business to new risks. We must continually innovate and improve our products and services and develop new products and services to meet changing consumer demands. The introduction of a new product or service is a complex process, involving significant expenditures in research and development, promotion, and sales channel development, and can expose our business to new risks. For example, in 2025, we acquired Frndly TV and launched Howdy, both of which are owned and operated subscription streaming services. The introduction of new products and services or changes to our existing products and services may require us to comply with new laws and regulations and result in new or enhanced governmental or regulatory scrutiny, new litigation or claims, or other complications that could adversely affect our business, reputation, or financial results. In addition, our entrance into entirely new lines of",real_sec_filing,https://www.sec.gov/Archives/edgar/data/1428439/000162828026008114/roku-20251231.htm,0.03285197187985487,,0.04,0.07285197187985487,keyword,2026-05-28T16:39:00+00:00,Are there regulatory or litigation risks?,risk_competition_regulation,True,"products and services to remain competitive, and new products and services expose our business to new risks. ” We must continue to innovate and develop new and existing products and services to remain competitive, and new products and services expose our business to new risks. We must continually innovate and improve our products and services and develop new products and services to meet changing consumer demands. The introduction of a new product or service is a complex process, involving significant expenditures in research and development, promotion, and sales channel development, and can expose our business to new risks. For example, in 2",0.07285197187985487,regulatory_litigation,Are there regulatory or litigation risks?,5
ROKU,"Roku, Inc.",1428439,10-K,2026-02-13,0001628280-26-008114,Risk Factors,ROKU-10-K-002,Item 1A Risk Factors 8 Item 1B Unresolved Staff Comments 39 Item 1C Cybersecurity 39 Item 2 Properties 40 Item 3,real_sec_filing,https://www.sec.gov/Archives/edgar/data/1428439/000162828026008114/roku-20251231.htm,0.07820886477410785,,0.08,0.15820886477410784,keyword,2026-05-28T16:39:00+00:00,What are the key risk factors?,risk_competition_regulation,True,Item 1A Risk Factors 8 Item 1B Unresolved Staff Comments 39 Item 1C Cybersecurity 39 Item 2 Properties 40 Item 3,0.15820886477410784,key_risk_factors,What are the key risk factors?,1
ROKU,"Roku, Inc.",1428439,10-K,2026-02-13,0001628280-26-008114,MD&A,ROKU-10-K-059,"other information in this Annual Report, including “Management’s Discussion and Analysis of Financial Condition and Results of Operations” and the consolidated financial statements and the related notes. If any of the following risks actually occur, our business, reputation, financial condition, results of operations, revenue, key performance metrics, and future prospects could be seriously harmed. In addition, you should consider the interrelationship and compounding effects of two or more risks occurring simultaneously. Unless otherwise indicated, references to our business being harmed in these risk factors will include harm to our business, reputation, financial condition, results of operations, revenue, key performance metrics, and future prospects. In that event, the market price of our Class A common stock could decline, and you could lose part or all of your investment. You should not interpret our disclosure of any of the following risks to imply that such risks have not already materialized. Risk Factors Summary Below is a summary of the principal factors that make an investment in our Class A common stock speculative or risky: Risks Related to Our Business and Industry •",real_sec_filing,https://www.sec.gov/Archives/edgar/data/1428439/000162828026008114/roku-20251231.htm,0.10379685634162714,,0.04,0.14379685634162714,keyword,2026-05-28T16:39:00+00:00,What are the key risk factors?,risk_competition_regulation,True,"other information in this Annual Report, including “Management’s Discussion and Analysis of Financial Condition and Results of Operations” and the consolidated financial statements and the related notes. If any of the following risks actually occur, our business, reputation, financial condition, results of operations, revenue, key performance metrics, and future prospects could be seriously harmed. In addition, you should consider the interrelationship and compounding effects of two or more risks occurring simultaneously. Unless otherwise indicated, references to our business being harmed in these risk factors will include harm to our busines",0.14379685634162714,key_risk_factors,What are the key risk factors?,2
ROKU,"Roku, Inc.",1428439,10-K,2026-02-13,0001628280-26-008114,MD&A,ROKU-10-K-013,"ability to address potential and actual cybersecurity incidents and system failures involving our products, systems, and operations; • our ability to maintain, protect, and enhance our intellectual property; • our ability to obtain financing on favorable terms, or at all; • our ability to repurchase shares of our common stock; • our ability to manage the selling prices of our products to increase Streaming Households, and, in turn, increase Platform revenue and Platform gross profit; and • our ability to comply with laws and regulations that currently apply or may become applicable to our business both in the United States and internationally, such as privacy and data protection regulations, among others. Other sections of this Annual Report may include additional factors that could harm our business and financial performance. Moreover, we operate in a very competitive and rapidly changing environment. New risk factors emerge from time to time, and it is not possible for our management to predict all risk factors nor can we assess the impact of all factors on our business or the extent to which any factor,",real_sec_filing,https://www.sec.gov/Archives/edgar/data/1428439/000162828026008114/roku-20251231.htm,0.09559124128155798,,0.04,0.13559124128155797,keyword,2026-05-28T16:39:00+00:00,What are the key risk factors?,risk_competition_regulation,True,"ability to address potential and actual cybersecurity incidents and system failures involving our products, systems, and operations; • our ability to maintain, protect, and enhance our intellectual property; • our ability to obtain financing on favorable terms, or at all; • our ability to repurchase shares of our common stock; • our ability to manage the selling prices of our products to increase Streaming Households, and, in turn, increase Platform revenue and Platform gross profit; and • our ability to comply with laws and regulations that currently apply or may become applicable to our business both in the United States and internationally",0.13559124128155797,key_risk_factors,What are the key risk factors?,3
ROKU,"Roku, Inc.",1428439,10-K,2026-02-13,0001628280-26-008114,MD&A,ROKU-10-K-048,"have an adverse impact on our business in subsequent periods. If we fail to comply with these laws and regulations, we may be subject to significant liabilities and other penalties as well as harm to our reputation. For additional information about government regulation applicable to our business and associated risks, see Item 1A, Risk Factors, elsewhere in this Annual Report. Intellectual Property Our success depends in part upon our ability to protect our core technology and intellectual property. To establish and protect our proprietary rights, we rely on a combination of intellectual property rights, including patents, trademarks, copyrights, trade secret laws, license agreements, confidentiality procedures, employee disclosure and invention assignment agreements, and other contractual rights. As of December 31, 2025, we had approximately 1,800 issued patents and 650 pending applications in the United States and foreign countries. We also license technology from third parties when we believe it will facilitate our product 6 Table of Contents offerings or business. For information about the intellectual property risks applicable to our business, see Item 1A, Risk Factors, elsewhere in this Annual Report.",real_sec_filing,https://www.sec.gov/Archives/edgar/data/1428439/000162828026008114/roku-20251231.htm,0.06688220577638812,,0.04,0.10688220577638813,keyword,2026-05-28T16:39:00+00:00,What are the key risk factors?,risk_competition_regulation,True,"have an adverse impact on our business in subsequent periods. If we fail to comply with these laws and regulations, we may be subject to significant liabilities and other penalties as well as harm to our reputation. For additional information about government regulation applicable to our business and associated risks, see Item 1A, Risk Factors, elsewhere in this Annual Report. Intellectual Property Our success depends in part upon our ability to protect our core technology and intellectual property. To establish and protect our proprietary rights, we rely on a combination of intellectual property rights, including patents, trademarks, copyrig",0.10688220577638813,key_risk_factors,What are the key risk factors?,4
ROKU,"Roku, Inc.",1428439,10-K,2026-02-13,0001628280-26-008114,MD&A,ROKU-10-K-146,"would be harmed. If we fail to attract and retain key personnel, effectively manage succession, or hire, develop, and motivate our employees, we may not be able to execute our business strategy or continue to grow our business. Our success depends in large part on our ability to attract and retain key personnel on our senior management team and in our engineering, research and development, sales and marketing, operations, and other organizations. In particular, our founder, Chairman and Chief Executive Officer, Anthony Wood, is critical to our overall management, as well as the continued development of our products and streaming platform, our culture, and our strategic direction. We do not have long-term employment or non-competition agreements with any of our key personnel. The loss of one or more of our executive officers or the inability to promptly identify a suitable successor to a key role could have an adverse effect on our business. Our ability to compete and grow depends in large part on the efforts and talents of our employees. Labor is subject to external factors that are beyond",real_sec_filing,https://www.sec.gov/Archives/edgar/data/1428439/000162828026008114/roku-20251231.htm,0.06622387006307828,,0.04,0.10622387006307829,keyword,2026-05-28T16:39:00+00:00,What are the key risk factors?,risk_competition_regulation,True,"would be harmed. If we fail to attract and retain key personnel, effectively manage succession, or hire, develop, and motivate our employees, we may not be able to execute our business strategy or continue to grow our business. Our success depends in large part on our ability to attract and retain key personnel on our senior management team and in our engineering, research and development, sales and marketing, operations, and other organizations. In particular, our founder, Chairman and Chief Executive Officer, Anthony Wood, is critical to our overall management, as well as the continued development of our products and streaming platform, our",0.10622387006307829,key_risk_factors,What are the key risk factors?,5
ROKU,"Roku, Inc.",1428439,10-K,2026-02-13,0001628280-26-008114,Liquidity and Capital Resources,ROKU-10-K-287,"in Part II, Item 8 of this Annual Report for additional details. Share Repurchases During the year ended December 31, 2025, we repurchased 1.5 million shares of our Class A common stock through our stock repurchase program. All share repurchases were made using cash resources. As of December 31, 2025, $250.0 million remained of our $400 million stock repurchase program. See Note 12 to our Consolidated Financial Statements in Part II, Item 8 of this Annual Report for additional details. Cash Flows The following table summarizes our cash flows for the periods presented (in thousands): Years Ended December 31, 2025 2024 Consolidated Statements of Cash Flows Data: Cash flows provided by operating activities $ 483,718 $ 218,045 Cash flows used in investing activities $ (782,370) $ (25,061) Cash flows used in financing activities $ (280,098) $ (89,203) Cash Flows from Operating Activities Cash provided by operating activities increased in 2025 compared to 2024 primarily due to net income of $88.4 million in the current year, compared to a net loss of $129.4 million in the prior year, partially offset by",real_sec_filing,https://www.sec.gov/Archives/edgar/data/1428439/000162828026008114/roku-20251231.htm,0.11507297750050133,,0.08,0.19507297750050134,keyword,2026-05-28T16:39:01+00:00,What does management say about cash flows and capital allocation?,liquidity_debt,True,"in Part II, Item 8 of this Annual Report for additional details. Share Repurchases During the year ended December 31, 2025, we repurchased 1.5 million shares of our Class A common stock through our stock repurchase program. All share repurchases were made using cash resources. As of December 31, 2025, $250.0 million remained of our $400 million stock repurchase program. See Note 12 to our Consolidated Financial Statements in Part II, Item 8 of this Annual Report for additional details. Cash Flows The following table summarizes our cash flows for the periods presented (in thousands): Years Ended December 31, 2025 2024 Consolidated Statements o",0.19507297750050134,cash_flows_capital_allocation,What does management say about cash flows and capital allocation?,1
ROKU,"Roku, Inc.",1428439,10-K,2026-02-13,0001628280-26-008114,Debt / Contractual Obligations,ROKU-10-K-267,"equipment and effects of exchange rates on cash from the cash flows from operating activities, in each case where applicable. We believe Free Cash Flow is useful as a supplement in evaluating our ongoing operational performance and enhancing an overall understanding of our past financial performance. However, this non-GAAP financial measure has limitations, and should not be considered in isolation or as a substitute for our GAAP financial information, such as GAAP cash flows from operating activities. For additional information about cash flows from operating activities, see “",real_sec_filing,https://www.sec.gov/Archives/edgar/data/1428439/000162828026008114/roku-20251231.htm,0.08373949715991674,,0.08,0.16373949715991676,keyword,2026-05-28T16:39:01+00:00,What does management say about cash flows and capital allocation?,liquidity_debt,True,"equipment and effects of exchange rates on cash from the cash flows from operating activities, in each case where applicable. We believe Free Cash Flow is useful as a supplement in evaluating our ongoing operational performance and enhancing an overall understanding of our past financial performance. However, this non-GAAP financial measure has limitations, and should not be considered in isolation or as a substitute for our GAAP financial information, such as GAAP cash flows from operating activities. For additional information about cash flows from operating activities, see “",0.16373949715991676,cash_flows_capital_allocation,What does management say about cash flows and capital allocation?,2
ROKU,"Roku, Inc.",1428439,10-K,2026-02-13,0001628280-26-008114,Liquidity and Capital Resources,ROKU-10-K-283,"and building related costs at the same level as we have in the last few fiscal years, we will continue to incur expenses on the maintenance of our facilities and purchases of computer systems, and other property and equipment, in order to support future growth in our business. These activities may materially impact our liquidity and capital resources. 48 Table of Contents We believe our existing cash and cash equivalents balance, and our undrawn available balance under our Credit Agreement (as discussed below), will be sufficient to meet our working capital, capital expenditures, and material cash requirements from known contractual obligations for the next twelve months and beyond. Our future capital requirements, the adequacy of available funds, and cash flows from operations could be affected by various risks, uncertainties, including, but not limited to, those detailed in Item 1A, Risk Factors in this Annual Report and the effects of the current macroeconomic environment. While the current macroeconomic environment has not severely impacted our liquidity and capital resources to date, it has contributed to disruption and volatility in local economies and",real_sec_filing,https://www.sec.gov/Archives/edgar/data/1428439/000162828026008114/roku-20251231.htm,0.05706460654922348,,0.08,0.13706460654922348,keyword,2026-05-28T16:39:01+00:00,What does management say about cash flows and capital allocation?,liquidity_debt,True,"and building related costs at the same level as we have in the last few fiscal years, we will continue to incur expenses on the maintenance of our facilities and purchases of computer systems, and other property and equipment, in order to support future growth in our business. These activities may materially impact our liquidity and capital resources. 48 Table of Contents We believe our existing cash and cash equivalents balance, and our undrawn available balance under our Credit Agreement (as discussed below), will be sufficient to meet our working capital, capital expenditures, and material cash requirements from known contractual obligatio",0.13706460654922348,cash_flows_capital_allocation,What does management say about cash flows and capital allocation?,3
ROKU,"Roku, Inc.",1428439,10-K,2026-02-13,0001628280-26-008114,Liquidity and Capital Resources,ROKU-10-K-288,"operating activities increased in 2025 compared to 2024 primarily due to net income of $88.4 million in the current year, compared to a net loss of $129.4 million in the prior year, partially offset by lower non-cash adjustments to cash flows due mainly to lower impairment and stock-based compensation in the current year as compared to prior year. 49 Table of Contents Cash Flows from Investing Activities Net cash used in investing activities increased during 2025 compared to 2024 due primarily to purchases of short-term investments of $725.0 million and our acquisition of Frndly TV for $95.1 million, partially offset by repayments of $50.0 million received from our strategic investment in convertible promissory notes, which were fully repaid in 2025. Cash Flows from Financing Activities Net cash used in financing activities increased during 2025 compared to 2024 primarily due to tax payments of $164.9 million to net settle equity awards vested during the period and $150.0 million in repurchases of our common stock, partially offset by proceeds from the exercise of employee stock options of $34.7 million. Material Cash Requirements",real_sec_filing,https://www.sec.gov/Archives/edgar/data/1428439/000162828026008114/roku-20251231.htm,0.05521346564121056,,0.08,0.13521346564121056,keyword,2026-05-28T16:39:01+00:00,What does management say about cash flows and capital allocation?,liquidity_debt,True,"operating activities increased in 2025 compared to 2024 primarily due to net income of $88.4 million in the current year, compared to a net loss of $129.4 million in the prior year, partially offset by lower non-cash adjustments to cash flows due mainly to lower impairment and stock-based compensation in the current year as compared to prior year. 49 Table of Contents Cash Flows from Investing Activities Net cash used in investing activities increased during 2025 compared to 2024 due primarily to purchases of short-term investments of $725.0 million and our acquisition of Frndly TV for $95.1 million, partially offset by repayments of $50.0 mi",0.13521346564121056,cash_flows_capital_allocation,What does management say about cash flows and capital allocation?,4
ROKU,"Roku, Inc.",1428439,10-K,2026-02-13,0001628280-26-008114,Debt / Contractual Obligations,ROKU-10-K-266,"million, employee severance and related charges of $83.2 million, and facilities exit costs of $3.5 million. Free Cash Flow (Non-GAAP Measure) We use Free Cash Flow as a primary metric to measure the performance of our business because we believe maximizing Free Cash Flow helps indicate the financial strength of our business, as well as provide an indication of cash generated or (used) by the business. Our goal is to continuously increase Free Cash Flow over time. We define Free Cash Flow as our trailing 12-month (“TTM”) cash flows from operating activities excluding purchases of property and equipment and the effects of exchange rates on cash. Our Free Cash Flow was $483.6 million and $203.2 million for the TTM periods ended December 31, 2025 and 2024, respectively. Free Cash Flow is a non-GAAP financial measure. The Free Cash Flow reconciliation excludes purchases of property and equipment and effects of exchange rates on cash from the cash flows from operating activities, in each case where applicable. We believe Free Cash Flow is useful as a supplement in evaluating our ongoing operational",real_sec_filing,https://www.sec.gov/Archives/edgar/data/1428439/000162828026008114/roku-20251231.htm,0.05314833460359105,,0.08,0.13314833460359105,keyword,2026-05-28T16:39:01+00:00,What does management say about cash flows and capital allocation?,liquidity_debt,True,"million, employee severance and related charges of $83.2 million, and facilities exit costs of $3.5 million. Free Cash Flow (Non-GAAP Measure) We use Free Cash Flow as a primary metric to measure the performance of our business because we believe maximizing Free Cash Flow helps indicate the financial strength of our business, as well as provide an indication of cash generated or (used) by the business. Our goal is to continuously increase Free Cash Flow over time. We define Free Cash Flow as our trailing 12-month (“TTM”) cash flows from operating activities excluding purchases of property and equipment and the effects of exchange rates on cas",0.13314833460359105,cash_flows_capital_allocation,What does management say about cash flows and capital allocation?,5
FSLR,"First Solar, Inc.",1274494,10-K,2026-02-24,0001274494-26-000021,MD&A,FSLR-10-K-140,"Tellurium, one of the main components of CdTe, is mainly produced as a by-product of copper refining, and therefore, its supply is largely dependent upon demand for copper. If our competitors begin to use or increase their demand for tellurium, our requirements for tellurium increase, new applications for tellurium emerge, or adverse trade laws or policies restrict our ability to obtain tellurium from foreign vendors or make doing so cost prohibitive, the supply of tellurium, products containing tellurium, and related CdTe compounds could be reduced and prices could increase. For example, in early February 2025, China announced that it would tighten export controls for five key minerals, including products containing tellurium. As mentioned above, tellurium is one of the main components of our CdTe module production process. Although tellurium and products containing tellurium are sourced globally, China is a major global producer of tellurium and products containing tellurium. Exporters of tellurium and related products are generally required to obtain a license from the Chinese Ministry of Commerce, which may be difficult, costly, and time-consuming, and our suppliers may not be",real_sec_filing,https://www.sec.gov/Archives/edgar/data/1274494/000127449426000021/fslr-20251231.htm,0.03415470906896426,,0.08,0.11415470906896427,keyword,2026-05-28T16:39:01+00:00,What are the company's main revenue drivers?,revenue_drivers,True,"Tellurium, one of the main components of CdTe, is mainly produced as a by-product of copper refining, and therefore, its supply is largely dependent upon demand for copper. If our competitors begin to use or increase their demand for tellurium, our requirements for tellurium increase, new applications for tellurium emerge, or adverse trade laws or policies restrict our ability to obtain tellurium from foreign vendors or make doing so cost prohibitive, the supply of tellurium, products containing tellurium, and related CdTe compounds could be reduced and prices could increase. For example, in early February 2025, China announced that it would ",0.11415470906896427,revenue_drivers,What are the company's main revenue drivers?,1
FSLR,"First Solar, Inc.",1274494,10-K,2026-02-24,0001274494-26-000021,MD&A,FSLR-10-K-139,"increasing demand for raw materials and components as we expand or seek to expand our business. We may be unable to identify new suppliers or qualify their products for use on our production lines in a timely manner and on commercially reasonable terms. A constraint on our production may result in our inability to meet our capacity plans and/or our obligations under our customer contracts, which would have an adverse impact on our business. Additionally, reductions in our production volume may put pressure on suppliers, resulting in increased material and component costs. A disruption in our supply chain for CdTe, tellurium, products containing tellurium, or other key raw materials, or equipment could interrupt or impair our ability to manufacture solar modules and could adversely impact our profitability and long-term growth prospects. A key raw material used in our module production process is a CdTe compound. Tellurium, one of the main components of CdTe, is mainly produced as a by-product of copper refining, and therefore, its supply is largely dependent upon demand for copper. If our competitors begin to use or",real_sec_filing,https://www.sec.gov/Archives/edgar/data/1274494/000127449426000021/fslr-20251231.htm,0.02664242863204491,,0.08,0.10664242863204491,keyword,2026-05-28T16:39:01+00:00,What are the company's main revenue drivers?,revenue_drivers,True,"increasing demand for raw materials and components as we expand or seek to expand our business. We may be unable to identify new suppliers or qualify their products for use on our production lines in a timely manner and on commercially reasonable terms. A constraint on our production may result in our inability to meet our capacity plans and/or our obligations under our customer contracts, which would have an adverse impact on our business. Additionally, reductions in our production volume may put pressure on suppliers, resulting in increased material and component costs. A disruption in our supply chain for CdTe, tellurium, products containi",0.10664242863204491,revenue_drivers,What are the company's main revenue drivers?,2
FSLR,"First Solar, Inc.",1274494,10-K,2026-02-24,0001274494-26-000021,MD&A,FSLR-10-K-045,"of PV solar products, which may significantly reduce demand for our modules.” For more information about 7 Table of Contents pending and ongoing developments related to IRA regulations post-OBBBA, see Item 7. “Management’s Discussion and Analysis of Financial Condition and Results of Operations – Certain Trends and Uncertainties.” Government incentives include the following: • Advanced Manufacturing Production Credit . In August 2022, the previous U.S. President signed the IRA into law, which was intended to accelerate the country’s ongoing transition to clean energy. The provisions of the IRA are generally effective for tax years beginning after 2022. As discussed above, the IRA offers various tax credits, including the advanced manufacturing production credit, pursuant to Section 45X of the Internal Revenue Code (the “IRC”), for solar modules and certain solar module components manufactured in the United States and sold to third parties. Such credit may be refundable by the Internal Revenue Service (“IRS”) or transferable to a third party and is available from 2023 through 2032, subject to phase down beginning in 2030. For eligible components, the credit is equal to",real_sec_filing,https://www.sec.gov/Archives/edgar/data/1274494/000127449426000021/fslr-20251231.htm,0.010112310759085356,,0.08,0.09011231075908535,keyword,2026-05-28T16:39:01+00:00,What are the company's main revenue drivers?,revenue_drivers,True,"of PV solar products, which may significantly reduce demand for our modules.” For more information about 7 Table of Contents pending and ongoing developments related to IRA regulations post-OBBBA, see Item 7. “Management’s Discussion and Analysis of Financial Condition and Results of Operations – Certain Trends and Uncertainties.” Government incentives include the following: • Advanced Manufacturing Production Credit . In August 2022, the previous U.S. President signed the IRA into law, which was intended to accelerate the country’s ongoing transition to clean energy. The provisions of the IRA are generally effective for tax years beginning a",0.09011231075908535,revenue_drivers,What are the company's main revenue drivers?,3
FSLR,"First Solar, Inc.",1274494,10-K,2026-02-24,0001274494-26-000021,MD&A,FSLR-10-K-023,"results of pending litigation; • general economic and business conditions, including those influenced by U.S., international, and geopolitical events and conflicts; • our ability to prevent and/or minimize the impact of cybersecurity incidents or information or security breaches; • the severity and duration of public health threats; • our ability to attract, train, retain, and successfully integrate key talent into our team; and • all other matters discussed in Item 1A. “Risk Factors” and elsewhere in this Annual Report on Form 10-K, our subsequently filed Quarterly Reports on Form 10-Q, and our other filings with the Securities and Exchange Commission (the “SEC”). You should carefully consider the risks and uncertainties described in this section. The following discussion and analysis of our business, financial condition, and results of operations should be read in conjunction with our consolidated financial statements and the related notes thereto included in this Annual Report on Form 10-K. 2 Table of Contents PART I Item 1. Business Company Overview We are America’s leading PV solar technology and manufacturing company. The only U.S.-headquartered company among the world’s largest",real_sec_filing,https://www.sec.gov/Archives/edgar/data/1274494/000127449426000021/fslr-20251231.htm,0.009041525292345413,,0.08,0.08904152529234541,keyword,2026-05-28T16:39:01+00:00,What are the company's main revenue drivers?,revenue_drivers,True,"results of pending litigation; • general economic and business conditions, including those influenced by U.S., international, and geopolitical events and conflicts; • our ability to prevent and/or minimize the impact of cybersecurity incidents or information or security breaches; • the severity and duration of public health threats; • our ability to attract, train, retain, and successfully integrate key talent into our team; and • all other matters discussed in Item 1A. “Risk Factors” and elsewhere in this Annual Report on Form 10-K, our subsequently filed Quarterly Reports on Form 10-Q, and our other filings with the Securities and Exchange ",0.08904152529234541,revenue_drivers,What are the company's main revenue drivers?,4
FSLR,"First Solar, Inc.",1274494,10-K,2026-02-24,0001274494-26-000021,MD&A,FSLR-10-K-084,"a bachelor’s degree from Brandeis University. Samantha Sloan joined First Solar in August 2009 and was appointed Executive Vice President of Corporate Affairs in April 2025. Ms. Sloan drives the Company’s global policy and public affairs, corporate social responsibility, and corporate marketing efforts. In her role, Ms. Sloan primarily works to advocate for domestic energy technology innovation, R&D, manufacturing, and trade policy. She also oversees First Solar’s global marketing and media relations activities, as well as research, disclosure, and reporting related to the Company’s commitment to Responsible Solar. Before joining First Solar, Ms. Sloan served as the head of global strategic marketing of the semiconductor segment at Applied Materials, the world’s leading materials engineering solutions company. Ms. Sloan holds a Bachelor of Science in Materials Science and Engineering from the University of California, Berkeley. 16 Table of Contents Item 1A. Risk Factors An investment in our stock involves a high degree of risk. You should carefully consider the following information, together with the other information in this Annual Report on Form 10-K, before buying shares of our stock. If any",real_sec_filing,https://www.sec.gov/Archives/edgar/data/1274494/000127449426000021/fslr-20251231.htm,0.006151972669013088,,0.08,0.08615197266901309,keyword,2026-05-28T16:39:01+00:00,What are the company's main revenue drivers?,revenue_drivers,True,"a bachelor’s degree from Brandeis University. Samantha Sloan joined First Solar in August 2009 and was appointed Executive Vice President of Corporate Affairs in April 2025. Ms. Sloan drives the Company’s global policy and public affairs, corporate social responsibility, and corporate marketing efforts. In her role, Ms. Sloan primarily works to advocate for domestic energy technology innovation, R&D, manufacturing, and trade policy. She also oversees First Solar’s global marketing and media relations activities, as well as research, disclosure, and reporting related to the Company’s commitment to Responsible Solar. Before joining First Solar,",0.08615197266901309,revenue_drivers,What are the company's main revenue drivers?,5
FSLR,"First Solar, Inc.",1274494,10-K,2026-02-24,0001274494-26-000021,Liquidity and Capital Resources,FSLR-10-K-479,"the physical location of the assets (in thousands): 2025 2024 United States $ 4,392,571 $ 3,911,923 Malaysia 574,255 646,111 Vietnam 434,749 500,568 India 433,661 471,736 All other foreign countries 62,337 52,345 Long-lived assets $ 5,897,573 $ 5,582,683 22. Concentrations of Risks Customer Concentration Risk. The following customers each comprised 10 % or more of our total net sales for the years ended December 31, 2025, 2024, and 2023: % of Net Sales 2025 2024 2023 Customer #1 11 % * * Customer #2 10 % * * Customer #3 * * 10 % —————————— * Net sales for these customers were less than 10 % of our total net sales for the period. Supplier Concentration Risk . Several of our key raw materials and components, in particular CdTe and substrate glass, and manufacturing equipment are either single-sourced or sourced from a limited number of suppliers. Failure of any of our key suppliers to perform could disrupt our supply chain and adversely impact our operations by impairing our ability to deliver solar modules to customers in the required quality and quantities",real_sec_filing,https://www.sec.gov/Archives/edgar/data/1274494/000127449426000021/fslr-20251231.htm,0.10425342027074583,,0.04,0.14425342027074584,keyword,2026-05-28T16:39:02+00:00,What does the company say about customer concentration?,revenue_drivers,True,"the physical location of the assets (in thousands): 2025 2024 United States $ 4,392,571 $ 3,911,923 Malaysia 574,255 646,111 Vietnam 434,749 500,568 India 433,661 471,736 All other foreign countries 62,337 52,345 Long-lived assets $ 5,897,573 $ 5,582,683 22. Concentrations of Risks Customer Concentration Risk. The following customers each comprised 10 % or more of our total net sales for the years ended December 31, 2025, 2024, and 2023: % of Net Sales 2025 2024 2023 Customer #1 11 % * * Customer #2 10 % * * Customer #3 * * 10 % —————————— * Net sales for these customers were less than 10 % of our total net sales for the period. Supplier Conc",0.14425342027074584,customer_concentration,What does the company say about customer concentration?,1
FSLR,"First Solar, Inc.",1274494,10-K,2026-02-24,0001274494-26-000021,MD&A,FSLR-10-K-097,"for our modules; or by impacting our own costs or disrupting our manufacturing or supply chains, and consequently negatively impacting demand and/or price levels for our solar modules, reducing our net sales, or affecting potential profitability of fulfilling customer contracts. We are therefore potentially subject to various risks, which include the following: • any tariffs that reduce the profitability of contracts, whereby the cost of tariffs exceeds the amount able to be, or willing to be, absorbed by either us or the customer under the provisions of the contract and may lead to us or the customer cancelling such contract, potentially resulting in the reduction of future revenue, the loss of the contractual right to a termination payment from the customer, and potentially the required return of a previously received customer down payment; • any reciprocal or other tariffs may place burdens on our customers’ supply chains exclusive of module import costs, including through increased costs of trackers, inverters, transformers, and other imported equipment, which are often heavily dependent on Chinese supply chains. These and other costs could result in",real_sec_filing,https://www.sec.gov/Archives/edgar/data/1274494/000127449426000021/fslr-20251231.htm,0.03680556825097357,,0.08,0.11680556825097357,keyword,2026-05-28T16:39:02+00:00,What does the company say about customer concentration?,revenue_drivers,True,"for our modules; or by impacting our own costs or disrupting our manufacturing or supply chains, and consequently negatively impacting demand and/or price levels for our solar modules, reducing our net sales, or affecting potential profitability of fulfilling customer contracts. We are therefore potentially subject to various risks, which include the following: • any tariffs that reduce the profitability of contracts, whereby the cost of tariffs exceeds the amount able to be, or willing to be, absorbed by either us or the customer under the provisions of the contract and may lead to us or the customer cancelling such contract, potentially res",0.11680556825097357,customer_concentration,What does the company say about customer concentration?,2
FSLR,"First Solar, Inc.",1274494,10-K,2026-02-24,0001274494-26-000021,MD&A,FSLR-10-K-024,"this Annual Report on Form 10-K. 2 Table of Contents PART I Item 1. Business Company Overview We are America’s leading PV solar technology and manufacturing company. The only U.S.-headquartered company among the world’s largest solar manufacturers, First Solar is focused on competitively and reliably enabling power generation needs with our advanced, uniquely American thin film PV technology. Developed at R&D labs in California and Ohio, our technology provides a competitive, high-performance, and responsibly produced alternative to conventional crystalline silicon PV solar modules. Our PV solar modules are produced using a fully integrated, continuous process that does not rely on Chinese crystalline silicon supply chains. We are the world’s largest thin film PV solar module manufacturer and the largest PV solar module manufacturer in the Western Hemisphere. In addressing the overall global demand for electricity, PV solar modules provide energy at a lower levelized cost of electricity (“LCOE”), meaning the net present value of a system’s total life cycle costs divided by the quantity of energy that is expected to be produced over the system’s life, when compared to traditional",real_sec_filing,https://www.sec.gov/Archives/edgar/data/1274494/000127449426000021/fslr-20251231.htm,0.01625656318875424,,0.08,0.09625656318875424,keyword,2026-05-28T16:39:02+00:00,What does the company say about customer concentration?,revenue_drivers,True,"this Annual Report on Form 10-K. 2 Table of Contents PART I Item 1. Business Company Overview We are America’s leading PV solar technology and manufacturing company. The only U.S.-headquartered company among the world’s largest solar manufacturers, First Solar is focused on competitively and reliably enabling power generation needs with our advanced, uniquely American thin film PV technology. Developed at R&D labs in California and Ohio, our technology provides a competitive, high-performance, and responsibly produced alternative to conventional crystalline silicon PV solar modules. Our PV solar modules are produced using a fully integrated, ",0.09625656318875424,customer_concentration,What does the company say about customer concentration?,3
FSLR,"First Solar, Inc.",1274494,10-K,2026-02-24,0001274494-26-000021,MD&A,FSLR-10-K-023,"results of pending litigation; • general economic and business conditions, including those influenced by U.S., international, and geopolitical events and conflicts; • our ability to prevent and/or minimize the impact of cybersecurity incidents or information or security breaches; • the severity and duration of public health threats; • our ability to attract, train, retain, and successfully integrate key talent into our team; and • all other matters discussed in Item 1A. “Risk Factors” and elsewhere in this Annual Report on Form 10-K, our subsequently filed Quarterly Reports on Form 10-Q, and our other filings with the Securities and Exchange Commission (the “SEC”). You should carefully consider the risks and uncertainties described in this section. The following discussion and analysis of our business, financial condition, and results of operations should be read in conjunction with our consolidated financial statements and the related notes thereto included in this Annual Report on Form 10-K. 2 Table of Contents PART I Item 1. Business Company Overview We are America’s leading PV solar technology and manufacturing company. The only U.S.-headquartered company among the world’s largest",real_sec_filing,https://www.sec.gov/Archives/edgar/data/1274494/000127449426000021/fslr-20251231.htm,0.010460147780026569,,0.08,0.09046014778002658,keyword,2026-05-28T16:39:02+00:00,What does the company say about customer concentration?,revenue_drivers,True,"results of pending litigation; • general economic and business conditions, including those influenced by U.S., international, and geopolitical events and conflicts; • our ability to prevent and/or minimize the impact of cybersecurity incidents or information or security breaches; • the severity and duration of public health threats; • our ability to attract, train, retain, and successfully integrate key talent into our team; and • all other matters discussed in Item 1A. “Risk Factors” and elsewhere in this Annual Report on Form 10-K, our subsequently filed Quarterly Reports on Form 10-Q, and our other filings with the Securities and Exchange ",0.09046014778002658,customer_concentration,What does the company say about customer concentration?,4
FSLR,"First Solar, Inc.",1274494,10-K,2026-02-24,0001274494-26-000021,MD&A,FSLR-10-K-021,"our large customers, or the inability of our customers and counterparties to perform under their contracts with us, including through terminations by customers of any contract in part or in full; • our ability to attract new customers and to develop and maintain existing customer and supplier relationships; • interest rate fluctuations and our customers’ ability to secure financing; • our ability to execute on our long-term strategic plans, including our ability to secure financing and realize the potential benefits of strategic acquisitions and investments; • our ability to execute on our solar module technology and cost reduction roadmaps; 1 Table of Contents • claims under our limited warranty obligations; • our continued investments in R&D; • our ability to incorporate technology improvements into our manufacturing process, including the implementation of our copper replacement (“CuRe”) program; • our ability to improve the wattage of our solar modules; • our ability to construct new production facilities to support new product lines; • the supply and price of key raw materials (including Cadmium Telluride (“CdTe”), tellurium, and tellurium compounds), components, and manufacturing",real_sec_filing,https://www.sec.gov/Archives/edgar/data/1274494/000127449426000021/fslr-20251231.htm,0.007351160908534527,,0.08,0.08735116090853452,keyword,2026-05-28T16:39:02+00:00,What does the company say about customer concentration?,revenue_drivers,True,"our large customers, or the inability of our customers and counterparties to perform under their contracts with us, including through terminations by customers of any contract in part or in full; • our ability to attract new customers and to develop and maintain existing customer and supplier relationships; • interest rate fluctuations and our customers’ ability to secure financing; • our ability to execute on our long-term strategic plans, including our ability to secure financing and realize the potential benefits of strategic acquisitions and investments; • our ability to execute on our solar module technology and cost reduction roadmaps; ",0.08735116090853452,customer_concentration,What does the company say about customer concentration?,5
FSLR,"First Solar, Inc.",1274494,10-K,2026-02-24,0001274494-26-000021,MD&A,FSLR-10-K-140,"Tellurium, one of the main components of CdTe, is mainly produced as a by-product of copper refining, and therefore, its supply is largely dependent upon demand for copper. If our competitors begin to use or increase their demand for tellurium, our requirements for tellurium increase, new applications for tellurium emerge, or adverse trade laws or policies restrict our ability to obtain tellurium from foreign vendors or make doing so cost prohibitive, the supply of tellurium, products containing tellurium, and related CdTe compounds could be reduced and prices could increase. For example, in early February 2025, China announced that it would tighten export controls for five key minerals, including products containing tellurium. As mentioned above, tellurium is one of the main components of our CdTe module production process. Although tellurium and products containing tellurium are sourced globally, China is a major global producer of tellurium and products containing tellurium. Exporters of tellurium and related products are generally required to obtain a license from the Chinese Ministry of Commerce, which may be difficult, costly, and time-consuming, and our suppliers may not be",real_sec_filing,https://www.sec.gov/Archives/edgar/data/1274494/000127449426000021/fslr-20251231.htm,0.043351532719276734,,0.08,0.12335153271927674,keyword,2026-05-28T16:39:03+00:00,What are the main liquidity risks?,liquidity_debt,True,"Tellurium, one of the main components of CdTe, is mainly produced as a by-product of copper refining, and therefore, its supply is largely dependent upon demand for copper. If our competitors begin to use or increase their demand for tellurium, our requirements for tellurium increase, new applications for tellurium emerge, or adverse trade laws or policies restrict our ability to obtain tellurium from foreign vendors or make doing so cost prohibitive, the supply of tellurium, products containing tellurium, and related CdTe compounds could be reduced and prices could increase. For example, in early February 2025, China announced that it would ",0.12335153271927674,liquidity_risks,What are the main liquidity risks?,1
FSLR,"First Solar, Inc.",1274494,10-K,2026-02-24,0001274494-26-000021,MD&A,FSLR-10-K-139,"increasing demand for raw materials and components as we expand or seek to expand our business. We may be unable to identify new suppliers or qualify their products for use on our production lines in a timely manner and on commercially reasonable terms. A constraint on our production may result in our inability to meet our capacity plans and/or our obligations under our customer contracts, which would have an adverse impact on our business. Additionally, reductions in our production volume may put pressure on suppliers, resulting in increased material and component costs. A disruption in our supply chain for CdTe, tellurium, products containing tellurium, or other key raw materials, or equipment could interrupt or impair our ability to manufacture solar modules and could adversely impact our profitability and long-term growth prospects. A key raw material used in our module production process is a CdTe compound. Tellurium, one of the main components of CdTe, is mainly produced as a by-product of copper refining, and therefore, its supply is largely dependent upon demand for copper. If our competitors begin to use or",real_sec_filing,https://www.sec.gov/Archives/edgar/data/1274494/000127449426000021/fslr-20251231.htm,0.03381642379769552,,0.08,0.11381642379769552,keyword,2026-05-28T16:39:03+00:00,What are the main liquidity risks?,liquidity_debt,True,"increasing demand for raw materials and components as we expand or seek to expand our business. We may be unable to identify new suppliers or qualify their products for use on our production lines in a timely manner and on commercially reasonable terms. A constraint on our production may result in our inability to meet our capacity plans and/or our obligations under our customer contracts, which would have an adverse impact on our business. Additionally, reductions in our production volume may put pressure on suppliers, resulting in increased material and component costs. A disruption in our supply chain for CdTe, tellurium, products containi",0.11381642379769552,liquidity_risks,What are the main liquidity risks?,2
FSLR,"First Solar, Inc.",1274494,10-K,2026-02-24,0001274494-26-000021,Liquidity and Capital Resources,FSLR-10-K-249,"under Section 232. For more information about the context of these developments, see Item 1A. “Risk Factors – The modification, reduction, elimination, or expiration of government subsidies, economic incentives, eligibility limitations, tax incentives, renewable energy targets, and other support for on-grid solar electricity applications, or the impact of other public policies, such as tariffs or other trade remedies imposed on solar cells and modules or related raw materials or equipment, have, and in the future could, negatively impact demand and/or price levels for our solar modules and limit our growth or lead to a reduction in our net sales or increase our costs, thereby adversely impacting our operating results . ” • China. In February 2025, China announced that it would tighten export controls for five key minerals, including products containing tellurium, which is one of the main components of our CdTe modules. Although tellurium and products containing tellurium are sourced globally, China is a major global producer of tellurium and products containing tellurium. Exporters of tellurium and related products are generally required to obtain a license from the Chinese",real_sec_filing,https://www.sec.gov/Archives/edgar/data/1274494/000127449426000021/fslr-20251231.htm,0.031422618322680514,,0.08,0.11142261832268052,keyword,2026-05-28T16:39:03+00:00,What are the main liquidity risks?,liquidity_debt,True,"under Section 232. For more information about the context of these developments, see Item 1A. “Risk Factors – The modification, reduction, elimination, or expiration of government subsidies, economic incentives, eligibility limitations, tax incentives, renewable energy targets, and other support for on-grid solar electricity applications, or the impact of other public policies, such as tariffs or other trade remedies imposed on solar cells and modules or related raw materials or equipment, have, and in the future could, negatively impact demand and/or price levels for our solar modules and limit our growth or lead to a reduction in our net sa",0.11142261832268052,liquidity_risks,What are the main liquidity risks?,3
FSLR,"First Solar, Inc.",1274494,10-K,2026-02-24,0001274494-26-000021,Liquidity and Capital Resources,FSLR-10-K-282,"required to accrue and pay certain U.S. and foreign taxes to repatriate such funds. We maintain the intent and ability to permanently reinvest our accumulated earnings outside the United States, with the exception of certain subsidiaries for which applicable income taxes have been recorded as of December 31, 2025. In addition, changes to foreign government banking regulations may restrict our ability to move funds among various jurisdictions under certain circumstances, which could negatively impact our access to capital, resulting in an adverse effect on our liquidity and capital resources. Although we compete in markets that do not require solar-specific government subsidies or incentive programs, such incentives continue to significantly influence the demand for PV solar energy around the world. Further, our net sales and profits remain subject to variability based on the availability and size of government subsidies and economic incentives. For example, the financial incentives provided by the IRA have significantly increased demand for modules manufactured in the United States, and we expect the benefits made available to us by the IRA to favorably impact our liquidity and capital",real_sec_filing,https://www.sec.gov/Archives/edgar/data/1274494/000127449426000021/fslr-20251231.htm,0.030837659348550563,,0.08,0.11083765934855057,keyword,2026-05-28T16:39:03+00:00,What are the main liquidity risks?,liquidity_debt,True,"required to accrue and pay certain U.S. and foreign taxes to repatriate such funds. We maintain the intent and ability to permanently reinvest our accumulated earnings outside the United States, with the exception of certain subsidiaries for which applicable income taxes have been recorded as of December 31, 2025. In addition, changes to foreign government banking regulations may restrict our ability to move funds among various jurisdictions under certain circumstances, which could negatively impact our access to capital, resulting in an adverse effect on our liquidity and capital resources. Although we compete in markets that do not require ",0.11083765934855057,liquidity_risks,What are the main liquidity risks?,4
FSLR,"First Solar, Inc.",1274494,10-K,2026-02-24,0001274494-26-000021,MD&A,FSLR-10-K-085,"our stock involves a high degree of risk. You should carefully consider the following information, together with the other information in this Annual Report on Form 10-K, before buying shares of our stock. If any of the following risks or uncertainties occur, our business, financial condition, and results of operations could be materially and adversely affected and the trading price of our stock could decline. Summary of Risk Factors The following is a summary of the principal risks and uncertainties that could materially adversely affect our business, financial condition, and results of operations and make an investment in our stock speculative or risky. You should read this summary together with the more detailed description of each risk factor contained below. Risks Related to Our Markets and Customers • Competition in solar markets globally and across the solar value chain is intense and could remain that way for an extended period of time. The solar industry may experience periods of structural imbalance between global PV module supply and demand that result in periods of pricing volatility. If our competitors maintain module",real_sec_filing,https://www.sec.gov/Archives/edgar/data/1274494/000127449426000021/fslr-20251231.htm,0.02830936672236175,,0.08,0.10830936672236174,keyword,2026-05-28T16:39:03+00:00,What are the main liquidity risks?,liquidity_debt,True,"our stock involves a high degree of risk. You should carefully consider the following information, together with the other information in this Annual Report on Form 10-K, before buying shares of our stock. If any of the following risks or uncertainties occur, our business, financial condition, and results of operations could be materially and adversely affected and the trading price of our stock could decline. Summary of Risk Factors The following is a summary of the principal risks and uncertainties that could materially adversely affect our business, financial condition, and results of operations and make an investment in our stock speculat",0.10830936672236174,liquidity_risks,What are the main liquidity risks?,5
FSLR,"First Solar, Inc.",1274494,10-K,2026-02-24,0001274494-26-000021,Liquidity and Capital Resources,FSLR-10-K-390,"Foreign government obligations 67,091 — 12,935 54,156 Supranational debt 30,123 59 1,906 28,276 U.S. government obligations 24,274 — 4,884 19,390 Total $ 264,278 $ 59 $ 47,165 $ 217,172 As of December 31, 2024 Amortized Cost Unrealized Gains Unrealized Losses Fair Value U.S. debt $ 144,652 $ — $ 35,497 $ 109,155 Foreign government obligations 62,595 — 13,571 49,024 Supranational debt 25,351 — 2,542 22,809 U.S. government obligations 24,368 — 6,220 18,148 Total $ 256,966 $ — $ 57,830 $ 199,136 As of December 31, 2025, the contractual maturities of these securities were between 5 years and 14 years, and restricted marketable securities with unrealized losses had generally been in a loss position for a period of time greater than 12 months. The unrealized losses were primarily due to increases in interest rates relative to rates at the time of purchase, and, based on the underlying credit quality of the investments, we expect to hold such securities until we recover our cost basis. 7. Consolidated Balance Sheet Details Accounts receivable trade, net Accounts receivable trade, net consisted of the following",real_sec_filing,https://www.sec.gov/Archives/edgar/data/1274494/000127449426000021/fslr-20251231.htm,0.04025555841927788,,0.08,0.12025555841927787,keyword,2026-05-28T16:39:03+00:00,What does management say about debt obligations?,liquidity_debt,True,"Foreign government obligations 67,091 — 12,935 54,156 Supranational debt 30,123 59 1,906 28,276 U.S. government obligations 24,274 — 4,884 19,390 Total $ 264,278 $ 59 $ 47,165 $ 217,172 As of December 31, 2024 Amortized Cost Unrealized Gains Unrealized Losses Fair Value U.S. debt $ 144,652 $ — $ 35,497 $ 109,155 Foreign government obligations 62,595 — 13,571 49,024 Supranational debt 25,351 — 2,542 22,809 U.S. government obligations 24,368 — 6,220 18,148 Total $ 256,966 $ — $ 57,830 $ 199,136 As of December 31, 2025, the contractual maturities of these securities were between 5 years and 14 years, and restricted marketable securities with unr",0.12025555841927787,debt_obligations,What does management say about debt obligations?,1
FSLR,"First Solar, Inc.",1274494,10-K,2026-02-24,0001274494-26-000021,Liquidity and Capital Resources,FSLR-10-K-308,"will economically offset all or part of the transaction gains and losses that we recognize in earnings on the related foreign currency denominated assets and liabilities. For additional details on our economic hedging instruments and activities, see Note 9. “Derivative Financial Instruments” to our consolidated financial statements. As of December 31, 2025, a 10% change in the U.S. dollar relative to our primary foreign currency exposures would have resulted in a $3.5 million change to our net foreign currency income or loss, including the effect of our hedging activities. Interest Rate Risk Variable Rate Debt Exposure. We are exposed to interest rate risk as certain of our debt arrangements have variable interest rates, exposing us to variability in interest expense and cash flows. See Note 12. “Debt” to our consolidated financial statements for additional information on our debt borrowing rates. An increase in relevant interest rates would increase the cost of borrowing under certain of our debt arrangements. For the year ended December 31, 2025, a 100 basis point change in such variable interest rates would not have had a",real_sec_filing,https://www.sec.gov/Archives/edgar/data/1274494/000127449426000021/fslr-20251231.htm,0.0393427156778215,,0.08,0.11934271567782151,keyword,2026-05-28T16:39:03+00:00,What does management say about debt obligations?,liquidity_debt,True,"will economically offset all or part of the transaction gains and losses that we recognize in earnings on the related foreign currency denominated assets and liabilities. For additional details on our economic hedging instruments and activities, see Note 9. “Derivative Financial Instruments” to our consolidated financial statements. As of December 31, 2025, a 10% change in the U.S. dollar relative to our primary foreign currency exposures would have resulted in a $3.5 million change to our net foreign currency income or loss, including the effect of our hedging activities. Interest Rate Risk Variable Rate Debt Exposure. We are exposed to inte",0.11934271567782151,debt_obligations,What does management say about debt obligations?,2
FSLR,"First Solar, Inc.",1274494,10-K,2026-02-24,0001274494-26-000021,Liquidity and Capital Resources,FSLR-10-K-425,"India Treasury bill rate plus 1.3% 6.57 % India Citibank Working Capital Facility (1) India Treasury bill rate plus 1.25% 6.42 % —————————— (1) The weighted-average interest rate for our outstanding short-term debt arrangements was 6.52 % as of December 31, 2025. During the years ended December 31, 2025, 2024, and 2023, we paid $ 34.6 million, $ 36.2 million, and $ 15.0 million, respectively, of interest related to our debt arrangements. Future Principal Payments At December 31, 2025, the future principal payments on our long-term debt were due as follows (in thousands): Total Debt 2026 $ 90,899 2027 90,950 2028 91,000 2029 100,802 Total long-term debt future principal payments $ 373,651 109 Table of Contents 13. Other Financing Arrangements Non-Recourse Factoring We have entered into various revolving factoring arrangements to sell certain trade receivables to unrelated financial institutions. Transfers under these arrangements, which retained servicing but were without recourse, qualified as true sales under ASC 860. We factored $ 245.7 million and $ 126.0 million under these arrangements and recorded $ 5.3 million and $ 1.9 million of discounts",real_sec_filing,https://www.sec.gov/Archives/edgar/data/1274494/000127449426000021/fslr-20251231.htm,0.03203337819290309,,0.08,0.1120333781929031,keyword,2026-05-28T16:39:03+00:00,What does management say about debt obligations?,liquidity_debt,True,"India Treasury bill rate plus 1.3% 6.57 % India Citibank Working Capital Facility (1) India Treasury bill rate plus 1.25% 6.42 % —————————— (1) The weighted-average interest rate for our outstanding short-term debt arrangements was 6.52 % as of December 31, 2025. During the years ended December 31, 2025, 2024, and 2023, we paid $ 34.6 million, $ 36.2 million, and $ 15.0 million, respectively, of interest related to our debt arrangements. Future Principal Payments At December 31, 2025, the future principal payments on our long-term debt were due as follows (in thousands): Total Debt 2026 $ 90,899 2027 90,950 2028 91,000 2029 100,802 Total long",0.1120333781929031,debt_obligations,What does management say about debt obligations?,3
FSLR,"First Solar, Inc.",1274494,10-K,2026-02-24,0001274494-26-000021,Liquidity and Capital Resources,FSLR-10-K-279,"a larger, $1.5 billion revolving facility. For more information about these facilities, see Note 12. “Debt.” To the extent we offer extended payment terms to customers, fail to collect trade receivables in a timely manner, or face other challenges in managing our working capital, we may be required to use our Credit Facility or other temporary sources of funding. As necessary, we also believe we will have adequate access to the capital markets. We monitor our working capital to ensure we have adequate liquidity, both domestically and internationally. We intend to maintain appropriate debt levels based upon cash flow expectations, our overall cost of capital, and expected cash requirements for operations, including near-term expansion activities in the United States. However, our ability to raise capital on terms commercially acceptable to us could be constrained if there is insufficient lender or investor interest due to company-specific, industry-wide, or broader market concerns. Any incremental debt financing could result in increased debt service expenses and/or restrictive covenants, which could limit our ability to pursue our strategic plans. As of December 31, 2025, we",real_sec_filing,https://www.sec.gov/Archives/edgar/data/1274494/000127449426000021/fslr-20251231.htm,0.030500097172093496,,0.08,0.1105000971720935,keyword,2026-05-28T16:39:03+00:00,What does management say about debt obligations?,liquidity_debt,True,"a larger, $1.5 billion revolving facility. For more information about these facilities, see Note 12. “Debt.” To the extent we offer extended payment terms to customers, fail to collect trade receivables in a timely manner, or face other challenges in managing our working capital, we may be required to use our Credit Facility or other temporary sources of funding. As necessary, we also believe we will have adequate access to the capital markets. We monitor our working capital to ensure we have adequate liquidity, both domestically and internationally. We intend to maintain appropriate debt levels based upon cash flow expectations, our overall ",0.1105000971720935,debt_obligations,What does management say about debt obligations?,4
FSLR,"First Solar, Inc.",1274494,10-K,2026-02-24,0001274494-26-000021,Liquidity and Capital Resources,FSLR-10-K-387,"Unrealized Gains Unrealized Losses Fair Value Time deposits $ 162,836 $ — $ — $ 162,836 U.S. debt 10,000 — 1,253 8,747 Total $ 172,836 $ — $ 1,253 $ 171,583 The contractual maturities of our marketable securities as of December 31, 2025 were as follows (in thousands): Fair Value Within one year $ 47,529 After one year through five years — After five years through ten years 4,320 Total $ 51,849 6. Restricted Marketable Securities Restricted marketable securities consisted of the following as of December 31, 2025 and 2024 (in thousands): 2025 2024 U.S. debt $ 115,350 $ 109,155 Foreign government obligations 54,156 49,024 Supranational debt 28,276 22,809 U.S. government obligations 19,390 18,148 Total restricted marketable securities $ 217,172 $ 199,136 Our restricted marketable securities represent long-term investments to fund the estimated future cost of collecting and recycling modules covered under our solar module collection and recycling program. We have established a trust under which funds are put into custodial accounts with an established and reputable bank, for which First Solar, Inc.; First Solar Malaysia Sdn. Bhd.; and First",real_sec_filing,https://www.sec.gov/Archives/edgar/data/1274494/000127449426000021/fslr-20251231.htm,0.030301790655055064,,0.08,0.11030179065505506,keyword,2026-05-28T16:39:03+00:00,What does management say about debt obligations?,liquidity_debt,True,"Unrealized Gains Unrealized Losses Fair Value Time deposits $ 162,836 $ — $ — $ 162,836 U.S. debt 10,000 — 1,253 8,747 Total $ 172,836 $ — $ 1,253 $ 171,583 The contractual maturities of our marketable securities as of December 31, 2025 were as follows (in thousands): Fair Value Within one year $ 47,529 After one year through five years — After five years through ten years 4,320 Total $ 51,849 6. Restricted Marketable Securities Restricted marketable securities consisted of the following as of December 31, 2025 and 2024 (in thousands): 2025 2024 U.S. debt $ 115,350 $ 109,155 Foreign government obligations 54,156 49,024 Supranational debt 28,2",0.11030179065505506,debt_obligations,What does management say about debt obligations?,5
FSLR,"First Solar, Inc.",1274494,10-K,2026-02-24,0001274494-26-000021,MD&A,FSLR-10-K-092,"capacity will continue to put pressure on pricing. Module average selling prices in many global markets have declined. However, recent module pricing in the United States, our primary market, has remained stable due, in part, to the rising demand for domestically manufactured modules as a result of the IRA, energy tax credit eligibility restrictions (including foreign-entity-related limitations) as amended by the OBBBA, and tariffs on modules imported into the United States. There may be additional pressure on global demand and average selling prices in the future resulting from fluctuating demand in certain major solar markets, such as China. If our competitors maintain module pricing at levels near or below their manufacturing costs, or are able to operate at minimal or negative operating margins for sustained periods of time, or if global demand for PV modules decreases relative to installed production capacity, our business, financial condition, and results of operations could be adversely affected. The modification, reduction, elimination, or expiration of government subsidies, economic incentives, eligibility limitations, tax incentives, renewable energy targets, and other support for on-grid solar electricity applications, or",real_sec_filing,https://www.sec.gov/Archives/edgar/data/1274494/000127449426000021/fslr-20251231.htm,0.06339385387086059,,0.08,0.1433938538708606,keyword,2026-05-28T16:39:04+00:00,What risks could pressure margins?,margin_pressure,True,"capacity will continue to put pressure on pricing. Module average selling prices in many global markets have declined. However, recent module pricing in the United States, our primary market, has remained stable due, in part, to the rising demand for domestically manufactured modules as a result of the IRA, energy tax credit eligibility restrictions (including foreign-entity-related limitations) as amended by the OBBBA, and tariffs on modules imported into the United States. There may be additional pressure on global demand and average selling prices in the future resulting from fluctuating demand in certain major solar markets, such as China",0.1433938538708606,margin_pressure,What risks could pressure margins?,1
FSLR,"First Solar, Inc.",1274494,10-K,2026-02-24,0001274494-26-000021,MD&A,FSLR-10-K-124,"remain that way for an extended period of time. The solar industry may experience periods of structural imbalance between global PV module supply and demand that result in periods of pricing volatility, which could have a material adverse effect on our business, financial condition, and results of operations.” In addition, we believe any significant decrease in the cost of silicon feedstock or polysilicon would reduce the manufacturing cost of crystalline silicon modules and lead to further pricing pressure for solar modules and potentially an oversupply of solar modules. Our competitors have decided, and in the future could decide, to reduce their sales prices in response to competition, even below their manufacturing costs, in order to generate sales, and may do so for a sustained period. Certain competitors, including many in China, may have direct or indirect access to sovereign capital or other forms of state support, which could enable such competitors to operate at minimal or negative operating margins for sustained periods of time. As a result, we may be unable to sell our solar modules at attractive prices, or",real_sec_filing,https://www.sec.gov/Archives/edgar/data/1274494/000127449426000021/fslr-20251231.htm,0.04506466745928241,,0.08,0.1250646674592824,keyword,2026-05-28T16:39:04+00:00,What risks could pressure margins?,margin_pressure,True,"remain that way for an extended period of time. The solar industry may experience periods of structural imbalance between global PV module supply and demand that result in periods of pricing volatility, which could have a material adverse effect on our business, financial condition, and results of operations.” In addition, we believe any significant decrease in the cost of silicon feedstock or polysilicon would reduce the manufacturing cost of crystalline silicon modules and lead to further pricing pressure for solar modules and potentially an oversupply of solar modules. Our competitors have decided, and in the future could decide, to reduce",0.1250646674592824,margin_pressure,What risks could pressure margins?,2
FSLR,"First Solar, Inc.",1274494,10-K,2026-02-24,0001274494-26-000021,MD&A,FSLR-10-K-054,"also expect to compete with future entrants into the PV solar industry and existing market participants that offer new or differentiated technological solutions. For additional information, see Item 1A. “Risk Factors – Our failure to further refine our technology and develop and introduce improved PV products, including as a result of delays in implementing planned advancements, could render our solar modules uncompetitive and reduce our net sales, profitability, and/or market share.” Certain of our existing or future competitors, including many linked to China, may have direct or indirect access to sovereign capital or other forms of state support, which could enable such competitors to compromise intellectual property and operate at minimal or negative operating margins for sustained periods of time. Our results of operations could be adversely affected if competitors maintain module pricing at levels near or below their manufacturing costs, bid aggressively low prices for module sale agreements, or are able to operate at minimal or negative operating margins for sustained periods of time. We believe the solar industry may experience periods of structural imbalance between supply and demand,",real_sec_filing,https://www.sec.gov/Archives/edgar/data/1274494/000127449426000021/fslr-20251231.htm,0.03921309934412861,,0.08,0.1192130993441286,keyword,2026-05-28T16:39:04+00:00,What risks could pressure margins?,margin_pressure,True,"also expect to compete with future entrants into the PV solar industry and existing market participants that offer new or differentiated technological solutions. For additional information, see Item 1A. “Risk Factors – Our failure to further refine our technology and develop and introduce improved PV products, including as a result of delays in implementing planned advancements, could render our solar modules uncompetitive and reduce our net sales, profitability, and/or market share.” Certain of our existing or future competitors, including many linked to China, may have direct or indirect access to sovereign capital or other forms of state s",0.1192130993441286,margin_pressure,What risks could pressure margins?,3
FSLR,"First Solar, Inc.",1274494,10-K,2026-02-24,0001274494-26-000021,MD&A,FSLR-10-K-091,"operations. 18 Table of Contents Risks Related to Our Markets and Customers Competition in solar markets globally and across the solar value chain is intense and could remain that way for an extended period of time. The solar industry may experience periods of structural imbalance between global PV module supply and demand that result in periods of pricing volatility, which could have a material adverse effect on our business, financial condition, and results of operations. In the aggregate, we believe manufacturers of solar cells and modules have significant installed production capacity, relative to global demand, and the ability for additional capacity expansion. For example, we estimate that in 2025 approximately 105 GW of capacity was added by solar module manufacturers, primarily in China. We believe the solar industry may from time to time experience periods of structural imbalance between supply and demand, and that excess capacity will continue to put pressure on pricing. Module average selling prices in many global markets have declined. However, recent module pricing in the United States, our primary market, has remained stable due, in part,",real_sec_filing,https://www.sec.gov/Archives/edgar/data/1274494/000127449426000021/fslr-20251231.htm,0.028788110014661947,,0.08,0.10878811001466195,keyword,2026-05-28T16:39:04+00:00,What risks could pressure margins?,margin_pressure,True,"operations. 18 Table of Contents Risks Related to Our Markets and Customers Competition in solar markets globally and across the solar value chain is intense and could remain that way for an extended period of time. The solar industry may experience periods of structural imbalance between global PV module supply and demand that result in periods of pricing volatility, which could have a material adverse effect on our business, financial condition, and results of operations. In the aggregate, we believe manufacturers of solar cells and modules have significant installed production capacity, relative to global demand, and the ability for additi",0.10878811001466195,margin_pressure,What risks could pressure margins?,4
FSLR,"First Solar, Inc.",1274494,10-K,2026-02-24,0001274494-26-000021,MD&A,FSLR-10-K-085,"our stock involves a high degree of risk. You should carefully consider the following information, together with the other information in this Annual Report on Form 10-K, before buying shares of our stock. If any of the following risks or uncertainties occur, our business, financial condition, and results of operations could be materially and adversely affected and the trading price of our stock could decline. Summary of Risk Factors The following is a summary of the principal risks and uncertainties that could materially adversely affect our business, financial condition, and results of operations and make an investment in our stock speculative or risky. You should read this summary together with the more detailed description of each risk factor contained below. Risks Related to Our Markets and Customers • Competition in solar markets globally and across the solar value chain is intense and could remain that way for an extended period of time. The solar industry may experience periods of structural imbalance between global PV module supply and demand that result in periods of pricing volatility. If our competitors maintain module",real_sec_filing,https://www.sec.gov/Archives/edgar/data/1274494/000127449426000021/fslr-20251231.htm,0.026690706437662318,,0.08,0.10669070643766232,keyword,2026-05-28T16:39:04+00:00,What risks could pressure margins?,margin_pressure,True,"our stock involves a high degree of risk. You should carefully consider the following information, together with the other information in this Annual Report on Form 10-K, before buying shares of our stock. If any of the following risks or uncertainties occur, our business, financial condition, and results of operations could be materially and adversely affected and the trading price of our stock could decline. Summary of Risk Factors The following is a summary of the principal risks and uncertainties that could materially adversely affect our business, financial condition, and results of operations and make an investment in our stock speculat",0.10669070643766232,margin_pressure,What risks could pressure margins?,5
FSLR,"First Solar, Inc.",1274494,10-K,2026-02-24,0001274494-26-000021,MD&A,FSLR-10-K-117,"each case, could cause these customers to seek alternative investments. We may be unable to execute our long-term strategic plans, which could have a material adverse effect on our business, financial condition, or results of operations. We face numerous difficulties in executing on our long-term strategic plans, particularly in new foreign jurisdictions, including the following: • difficulty in competing against companies who may have greater financial resources and/or a more effective or established localized business presence and/or an ability to operate with minimal or negative operating margins for sustained periods of time; • difficulty in competing successfully with other technologies, such as crystalline silicon, hybrid perovskites, tandem solar cells, or other thin films; • difficulty in accurately prioritizing geographic markets that we can most effectively and profitably serve with our solar module offerings, including miscalculations in overestimating or underestimating addressable market demand; • adverse public policies in countries we operate in and/or are pursuing, including local content requirements, the imposition of trade remedies, the removal of trade barriers, the imposition of tariffs, or capital investment requirements; • business climates, such",real_sec_filing,https://www.sec.gov/Archives/edgar/data/1274494/000127449426000021/fslr-20251231.htm,0.08902899258822385,,0.08,0.16902899258822385,keyword,2026-05-28T16:39:05+00:00,What capex or investment requirements are disclosed?,capex_investment,True,"each case, could cause these customers to seek alternative investments. We may be unable to execute our long-term strategic plans, which could have a material adverse effect on our business, financial condition, or results of operations. We face numerous difficulties in executing on our long-term strategic plans, particularly in new foreign jurisdictions, including the following: • difficulty in competing against companies who may have greater financial resources and/or a more effective or established localized business presence and/or an ability to operate with minimal or negative operating margins for sustained periods of time; • difficulty",0.16902899258822385,capex_requirements,What capex or investment requirements are disclosed?,1
FSLR,"First Solar, Inc.",1274494,10-K,2026-02-24,0001274494-26-000021,MD&A,FSLR-10-K-118,"policies in countries we operate in and/or are pursuing, including local content requirements, the imposition of trade remedies, the removal of trade barriers, the imposition of tariffs, or capital investment requirements; • business climates, such as that in China, that may have the effect of putting foreign companies at a disadvantage relative to domestic companies; • unstable or adverse economic, social, and/or operating environments, including social unrest, currency, inflation, and interest rate uncertainties; • the possibility of applying an ineffective commercial approach to targeted markets, including product offerings that may not meet market needs; 24 Table of Contents • difficulty in generating sufficient sales volumes at economically sustainable profitability levels; • difficulty in timely identifying, attracting, training, and retaining qualified sales, technical, and other talent; • difficulty in realizing the potential benefits of strategic acquisitions and investments; • difficulty in maintaining proper controls and procedures as we expand our business operations in terms of geographical reach, including transitioning certain business functions to low-cost geographies, with any material control failure potentially leading to reputational damage and loss of confidence in our",real_sec_filing,https://www.sec.gov/Archives/edgar/data/1274494/000127449426000021/fslr-20251231.htm,0.08573607924430995,,0.08,0.16573607924430994,keyword,2026-05-28T16:39:05+00:00,What capex or investment requirements are disclosed?,capex_investment,True,"policies in countries we operate in and/or are pursuing, including local content requirements, the imposition of trade remedies, the removal of trade barriers, the imposition of tariffs, or capital investment requirements; • business climates, such as that in China, that may have the effect of putting foreign companies at a disadvantage relative to domestic companies; • unstable or adverse economic, social, and/or operating environments, including social unrest, currency, inflation, and interest rate uncertainties; • the possibility of applying an ineffective commercial approach to targeted markets, including product offerings that may not me",0.16573607924430994,capex_requirements,What capex or investment requirements are disclosed?,2
FSLR,"First Solar, Inc.",1274494,10-K,2026-02-24,0001274494-26-000021,MD&A,FSLR-10-K-160,"risk of nationalization or other expropriation of private enterprises; • changes in general economic and political conditions in the countries in which we operate, including changes in government incentive provisions and government program funding; • unexpected adverse changes in U.S. or foreign laws or regulatory requirements, including those with respect to environmental protection, import or export duties, tariffs, and quotas; • opaque approval processes in which the lack of transparency may cause delays and increase the uncertainty of project approvals; • difficulty in staffing and managing widespread operations; • difficulty in repatriating earnings; • difficulty in negotiating a successful collective bargaining agreement in applicable foreign jurisdictions; • trade barriers such as export requirements, tariffs, taxes, local content requirements, anti-dumping regulations and requirements, and other restrictions and expenses, which could increase the effective price of our solar modules and make us less competitive in some countries or increase the costs to perform under our existing contracts; and • difficulty of, and costs relating to, compliance with the different commercial and legal requirements of the overseas countries in which we offer and",real_sec_filing,https://www.sec.gov/Archives/edgar/data/1274494/000127449426000021/fslr-20251231.htm,0.04396926265559894,,0.08,0.12396926265559893,keyword,2026-05-28T16:39:05+00:00,What capex or investment requirements are disclosed?,capex_investment,True,"risk of nationalization or other expropriation of private enterprises; • changes in general economic and political conditions in the countries in which we operate, including changes in government incentive provisions and government program funding; • unexpected adverse changes in U.S. or foreign laws or regulatory requirements, including those with respect to environmental protection, import or export duties, tariffs, and quotas; • opaque approval processes in which the lack of transparency may cause delays and increase the uncertainty of project approvals; • difficulty in staffing and managing widespread operations; • difficulty in repatriat",0.12396926265559893,capex_requirements,What capex or investment requirements are disclosed?,3
FSLR,"First Solar, Inc.",1274494,10-K,2026-02-24,0001274494-26-000021,Liquidity and Capital Resources,FSLR-10-K-281,"our foreign subsidiaries and were primarily based in U.S. dollar, Indian Rupee, and Euro denominated holdings. Our investment policy seeks to preserve our investment principal and maintain adequate liquidity to meet our cash flow requirements, while at the same time optimizing the return on our investments. Pursuant to such policy, we place our investments with a diversified group of high-quality financial institutions and limit the concentration of such investments with any one counterparty. We place significant emphasis on the creditworthiness of financial institutions and assess the credit ratings and financial health of our counterparty financial institutions when making investment decisions. We use a variety of tax planning and financing strategies in an effort to ensure that our worldwide cash is available in the locations in which it is needed. If certain international funds were needed for our operations in the United States, we may be required to accrue and pay certain U.S. and foreign taxes to repatriate such funds. We maintain the intent and ability to permanently reinvest our accumulated earnings outside the United States, with the exception of certain",real_sec_filing,https://www.sec.gov/Archives/edgar/data/1274494/000127449426000021/fslr-20251231.htm,0.038926333301787464,,0.08,0.11892633330178747,keyword,2026-05-28T16:39:05+00:00,What capex or investment requirements are disclosed?,capex_investment,True,"our foreign subsidiaries and were primarily based in U.S. dollar, Indian Rupee, and Euro denominated holdings. Our investment policy seeks to preserve our investment principal and maintain adequate liquidity to meet our cash flow requirements, while at the same time optimizing the return on our investments. Pursuant to such policy, we place our investments with a diversified group of high-quality financial institutions and limit the concentration of such investments with any one counterparty. We place significant emphasis on the creditworthiness of financial institutions and assess the credit ratings and financial health of our counterparty f",0.11892633330178747,capex_requirements,What capex or investment requirements are disclosed?,4
FSLR,"First Solar, Inc.",1274494,10-K,2026-02-24,0001274494-26-000021,MD&A,FSLR-10-K-038,"and expand. Government incentive programs, such as those enacted under the Inflation Reduction Act of 2022 (the “IRA”) as amended by the One Big Beautiful Bill Act of 2025 (“OBBBA”), have contributed to this momentum by providing solar module manufacturers, project developers, and project owners with various incentives to accelerate the deployment of solar power generation. Among other things, the IRA (i) reinstates the 30% investment tax credit for qualifying solar projects that meet certain wage and apprenticeship requirements, (ii) extends the production tax credit (“PTC”) to include energy generated from solar projects, (iii) provides incremental investment and production tax credits for solar projects that meet certain domestic content and location requirements, and (iv) offers tax credits for solar modules and solar module components manufactured in the United States and sold to third parties. In light of such regulatory developments, we have recently commenced or completed certain manufacturing expansion activities in the United States, and we continue to evaluate opportunities for future expansion worldwide, as described below under “Global Markets.” For more information about certain risks associated with the IRA,",real_sec_filing,https://www.sec.gov/Archives/edgar/data/1274494/000127449426000021/fslr-20251231.htm,0.03239000026561951,,0.08,0.11239000026561952,keyword,2026-05-28T16:39:05+00:00,What capex or investment requirements are disclosed?,capex_investment,True,"and expand. Government incentive programs, such as those enacted under the Inflation Reduction Act of 2022 (the “IRA”) as amended by the One Big Beautiful Bill Act of 2025 (“OBBBA”), have contributed to this momentum by providing solar module manufacturers, project developers, and project owners with various incentives to accelerate the deployment of solar power generation. Among other things, the IRA (i) reinstates the 30% investment tax credit for qualifying solar projects that meet certain wage and apprenticeship requirements, (ii) extends the production tax credit (“PTC”) to include energy generated from solar projects, (iii) provides inc",0.11239000026561952,capex_requirements,What capex or investment requirements are disclosed?,5
FSLR,"First Solar, Inc.",1274494,10-K,2026-02-24,0001274494-26-000021,Business,FSLR-10-K-013,Item 1. Business 3 Information about Our Executive Officers 14,real_sec_filing,https://www.sec.gov/Archives/edgar/data/1274494/000127449426000021/fslr-20251231.htm,0.0,,0.08,0.08,keyword,2026-05-28T16:39:05+00:00,What does management say about competition?,risk_competition_regulation,True,Item 1. Business 3 Information about Our Executive Officers 14,0.08,competition,What does management say about competition?,1
FSLR,"First Solar, Inc.",1274494,10-K,2026-02-24,0001274494-26-000021,Risk Factors,FSLR-10-K-014,Item 1A. Risk Factors 17 Item 1B. Unresolved Staff Comments 45 Item 1C. Cybersecurity 45 Item 2. Properties 46 Item 3.,real_sec_filing,https://www.sec.gov/Archives/edgar/data/1274494/000127449426000021/fslr-20251231.htm,0.0,,0.08,0.08,keyword,2026-05-28T16:39:05+00:00,What does management say about competition?,risk_competition_regulation,True,Item 1A. Risk Factors 17 Item 1B. Unresolved Staff Comments 45 Item 1C. Cybersecurity 45 Item 2. Properties 46 Item 3.,0.08,competition,What does management say about competition?,2
FSLR,"First Solar, Inc.",1274494,10-K,2026-02-24,0001274494-26-000021,Legal / Regulatory Matters,FSLR-10-K-015,"Legal Proceedings 47 Item 4. Mine Safety Disclosures 49 PART II Item 5. Market for Registrant’s Common Equity, Related Stockholder Matters, and Issuer Purchases of Equity Securities 50 Item 6. Reserved 51",real_sec_filing,https://www.sec.gov/Archives/edgar/data/1274494/000127449426000021/fslr-20251231.htm,0.0,,0.08,0.08,keyword,2026-05-28T16:39:05+00:00,What does management say about competition?,risk_competition_regulation,True,"Legal Proceedings 47 Item 4. Mine Safety Disclosures 49 PART II Item 5. Market for Registrant’s Common Equity, Related Stockholder Matters, and Issuer Purchases of Equity Securities 50 Item 6. Reserved 51",0.08,competition,What does management say about competition?,3
FSLR,"First Solar, Inc.",1274494,10-K,2026-02-24,0001274494-26-000021,MD&A,FSLR-10-K-121,"financing necessary to fund planned capital investments in manufacturing capacity and product development.” Risks Related to Our Operations, Manufacturing, and Technology We face intense competition from manufacturers of crystalline silicon solar modules; if global supply exceeds global demand, it could lead to a further reduction in the average selling price for PV solar modules , which could reduce our net sales and adversely affect our results of operations. The solar and renewable energy industries are highly competitive and are continually evolving as participants strive to distinguish themselves within their markets and compete with the larger electric power industry. Within the global PV solar industry, we face intense competition from crystalline silicon module manufacturers. Existing or future module manufacturers might be acquired by larger companies with significant capital resources, thereby further intensifying competition with us. In addition, the introduction of a low-cost disruptive technology could adversely affect our ability to compete, which could reduce our net sales and adversely affect our results of operations. We expect to compete with future entrants into the PV solar industry and existing market participants that",real_sec_filing,https://www.sec.gov/Archives/edgar/data/1274494/000127449426000021/fslr-20251231.htm,0.039238897549110766,,0.04,0.07923889754911076,keyword,2026-05-28T16:39:05+00:00,What does management say about competition?,risk_competition_regulation,True,"financing necessary to fund planned capital investments in manufacturing capacity and product development.” Risks Related to Our Operations, Manufacturing, and Technology We face intense competition from manufacturers of crystalline silicon solar modules; if global supply exceeds global demand, it could lead to a further reduction in the average selling price for PV solar modules , which could reduce our net sales and adversely affect our results of operations. The solar and renewable energy industries are highly competitive and are continually evolving as participants strive to distinguish themselves within their markets and compete with the",0.07923889754911076,competition,What does management say about competition?,4
FSLR,"First Solar, Inc.",1274494,10-K,2026-02-24,0001274494-26-000021,MD&A,FSLR-10-K-055,"for module sale agreements, or are able to operate at minimal or negative operating margins for sustained periods of time. We believe the solar industry may experience periods of structural imbalance between supply and demand, which could lead to periods of low pricing and demand volatility. For additional information, see Item 1A. “Risk Factors – Competition in solar markets globally and across the solar value chain is intense and could remain that way for an extended period of time. The solar industry may experience periods of structural imbalance between global PV module supply and demand that result in periods of pricing volatility, which could have a material adverse effect on our business, financial condition, and results of operations.” Competition within our primary markets is influenced, in part, by evolving federal policies that affect equipment sourcing, project economics, and market access. For example, in India solar procurement is shaped, in part, by domestic content requirements and approved-vendor regimes that condition eligibility on certain government-backed procurement. Such policies favor Indian manufacturers and developers with compliant supply chains while increasing barriers for foreign",real_sec_filing,https://www.sec.gov/Archives/edgar/data/1274494/000127449426000021/fslr-20251231.htm,0.026586630524070242,,0.04,0.06658663052407024,keyword,2026-05-28T16:39:05+00:00,What does management say about competition?,risk_competition_regulation,True,"for module sale agreements, or are able to operate at minimal or negative operating margins for sustained periods of time. We believe the solar industry may experience periods of structural imbalance between supply and demand, which could lead to periods of low pricing and demand volatility. For additional information, see Item 1A. “Risk Factors – Competition in solar markets globally and across the solar value chain is intense and could remain that way for an extended period of time. The solar industry may experience periods of structural imbalance between global PV module supply and demand that result in periods of pricing volatility, which",0.06658663052407024,competition,What does management say about competition?,5
FSLR,"First Solar, Inc.",1274494,10-K,2026-02-24,0001274494-26-000021,MD&A,FSLR-10-K-155,"petition with the USITC asserting that entities affiliated with Axitec Solar, Canadian Solar, JA Solar, JinkoSolar, Mundra, Philadelphia Solar, Hanwha QCells, Runergy, Trina Solar, and VSUN directly and indirectly infringe a First Solar patent through the importation and sale of certain TOPCon solar products. We cannot ensure that the outcome of such litigation will be in our favor, and such litigation may be costly and may divert management attention and other resources away from our business. An adverse determination in any such litigation or the related ex parte reexaminations may impair our intellectual property rights and may harm our business, prospects, and reputation. In addition, we have no insurance coverage against such litigation costs and would have to bear all costs arising from such litigation to the extent we are unable to recover them from other parties. If any future production lines are not built in line with committed schedules, it may adversely affect our future growth plans. If any future production lines do not achieve operating metrics similar to our existing production lines, our solar modules could perform below",real_sec_filing,https://www.sec.gov/Archives/edgar/data/1274494/000127449426000021/fslr-20251231.htm,0.04802671778372698,,0.04,0.08802671778372698,keyword,2026-05-28T16:39:06+00:00,Are there regulatory or litigation risks?,risk_competition_regulation,True,"petition with the USITC asserting that entities affiliated with Axitec Solar, Canadian Solar, JA Solar, JinkoSolar, Mundra, Philadelphia Solar, Hanwha QCells, Runergy, Trina Solar, and VSUN directly and indirectly infringe a First Solar patent through the importation and sale of certain TOPCon solar products. We cannot ensure that the outcome of such litigation will be in our favor, and such litigation may be costly and may divert management attention and other resources away from our business. An adverse determination in any such litigation or the related ex parte reexaminations may impair our intellectual property rights and may harm our bu",0.08802671778372698,regulatory_litigation,Are there regulatory or litigation risks?,1
FSLR,"First Solar, Inc.",1274494,10-K,2026-02-24,0001274494-26-000021,Risk Factors,FSLR-10-K-014,Item 1A. Risk Factors 17 Item 1B. Unresolved Staff Comments 45 Item 1C. Cybersecurity 45 Item 2. Properties 46 Item 3.,real_sec_filing,https://www.sec.gov/Archives/edgar/data/1274494/000127449426000021/fslr-20251231.htm,0.0,,0.08,0.08,keyword,2026-05-28T16:39:06+00:00,Are there regulatory or litigation risks?,risk_competition_regulation,True,Item 1A. Risk Factors 17 Item 1B. Unresolved Staff Comments 45 Item 1C. Cybersecurity 45 Item 2. Properties 46 Item 3.,0.08,regulatory_litigation,Are there regulatory or litigation risks?,2
FSLR,"First Solar, Inc.",1274494,10-K,2026-02-24,0001274494-26-000021,Legal / Regulatory Matters,FSLR-10-K-015,"Legal Proceedings 47 Item 4. Mine Safety Disclosures 49 PART II Item 5. Market for Registrant’s Common Equity, Related Stockholder Matters, and Issuer Purchases of Equity Securities 50 Item 6. Reserved 51",real_sec_filing,https://www.sec.gov/Archives/edgar/data/1274494/000127449426000021/fslr-20251231.htm,0.0,,0.08,0.08,keyword,2026-05-28T16:39:06+00:00,Are there regulatory or litigation risks?,risk_competition_regulation,True,"Legal Proceedings 47 Item 4. Mine Safety Disclosures 49 PART II Item 5. Market for Registrant’s Common Equity, Related Stockholder Matters, and Issuer Purchases of Equity Securities 50 Item 6. Reserved 51",0.08,regulatory_litigation,Are there regulatory or litigation risks?,3
FSLR,"First Solar, Inc.",1274494,10-K,2026-02-24,0001274494-26-000021,Business,FSLR-10-K-013,Item 1. Business 3 Information about Our Executive Officers 14,real_sec_filing,https://www.sec.gov/Archives/edgar/data/1274494/000127449426000021/fslr-20251231.htm,0.0,,0.08,0.08,keyword,2026-05-28T16:39:06+00:00,Are there regulatory or litigation risks?,risk_competition_regulation,True,Item 1. Business 3 Information about Our Executive Officers 14,0.08,regulatory_litigation,Are there regulatory or litigation risks?,4
FSLR,"First Solar, Inc.",1274494,10-K,2026-02-24,0001274494-26-000021,MD&A,FSLR-10-K-089,"at a price that is profitable to us. • Our failure to effectively manage module manufacturing and related costs, including costs related to raw materials and logistics services, could render our solar modules uncompetitive and reduce our net sales, profitability, and/or market share. • Our future success depends on our ability to effectively balance manufacturing production with market demand, effectively manage our cost per watt, and, when necessary, continue to build new manufacturing plants over time in response to market demand, all of which are subject to risks and uncertainties. • We may be unable to generate sufficient cash flows or have access to the sources of external financing necessary to fund planned capital investments in manufacturing capacity and product development. • Our failure to protect or successfully commercialize our intellectual property rights may undermine our competitive position, and litigation to protect our intellectual property rights or defend against third-party allegations of infringement may be costly. Risks Related to Regulations • We have received and expect to continue to receive certain financial benefits as a result of tax incentives enacted",real_sec_filing,https://www.sec.gov/Archives/edgar/data/1274494/000127449426000021/fslr-20251231.htm,0.025751048430184255,,0.04,0.06575104843018426,keyword,2026-05-28T16:39:06+00:00,Are there regulatory or litigation risks?,risk_competition_regulation,True,"at a price that is profitable to us. • Our failure to effectively manage module manufacturing and related costs, including costs related to raw materials and logistics services, could render our solar modules uncompetitive and reduce our net sales, profitability, and/or market share. • Our future success depends on our ability to effectively balance manufacturing production with market demand, effectively manage our cost per watt, and, when necessary, continue to build new manufacturing plants over time in response to market demand, all of which are subject to risks and uncertainties. • We may be unable to generate sufficient cash flows or ha",0.06575104843018426,regulatory_litigation,Are there regulatory or litigation risks?,5
FSLR,"First Solar, Inc.",1274494,10-K,2026-02-24,0001274494-26-000021,Risk Factors,FSLR-10-K-014,Item 1A. Risk Factors 17 Item 1B. Unresolved Staff Comments 45 Item 1C. Cybersecurity 45 Item 2. Properties 46 Item 3.,real_sec_filing,https://www.sec.gov/Archives/edgar/data/1274494/000127449426000021/fslr-20251231.htm,0.07530565454792709,,0.08,0.1553056545479271,keyword,2026-05-28T16:39:07+00:00,What are the key risk factors?,risk_competition_regulation,True,Item 1A. Risk Factors 17 Item 1B. Unresolved Staff Comments 45 Item 1C. Cybersecurity 45 Item 2. Properties 46 Item 3.,0.1553056545479271,key_risk_factors,What are the key risk factors?,1
FSLR,"First Solar, Inc.",1274494,10-K,2026-02-24,0001274494-26-000021,MD&A,FSLR-10-K-044,"and state levels and may take the form of investment and production tax credits, sales and property tax exemptions and abatements, and/or renewable energy targets. However, the current U.S. presidential administration and control of the U.S. Congress present uncertainty as to such incentive programs. For more information about certain risks associated with such incentives, see Item 1A. “Risk Factors – We have received and expect to continue to receive certain financial benefits as a result of tax incentives enacted by the Inflation Reduction Act of 2022 and amended by the One Big Beautiful Bill Act of 2025. If these financial benefits vary significantly from our assumptions, our business, financial condition, and results of operations could be adversely affected.” and “Risk Factors – Existing regulations and policies, changes thereto, and new regulations and policies may present technical, regulatory, and economic barriers to the purchase and use of PV solar products, which may significantly reduce demand for our modules.” For more information about 7 Table of Contents pending and ongoing developments related to IRA regulations post-OBBBA, see Item 7. “Management’s Discussion and",real_sec_filing,https://www.sec.gov/Archives/edgar/data/1274494/000127449426000021/fslr-20251231.htm,0.0684616951396969,,0.04,0.10846169513969689,keyword,2026-05-28T16:39:07+00:00,What are the key risk factors?,risk_competition_regulation,True,"and state levels and may take the form of investment and production tax credits, sales and property tax exemptions and abatements, and/or renewable energy targets. However, the current U.S. presidential administration and control of the U.S. Congress present uncertainty as to such incentive programs. For more information about certain risks associated with such incentives, see Item 1A. “Risk Factors – We have received and expect to continue to receive certain financial benefits as a result of tax incentives enacted by the Inflation Reduction Act of 2022 and amended by the One Big Beautiful Bill Act of 2025. If these financial benefits vary si",0.10846169513969689,key_risk_factors,What are the key risk factors?,2
FSLR,"First Solar, Inc.",1274494,10-K,2026-02-24,0001274494-26-000021,MD&A,FSLR-10-K-064,"condition, and results of operations. See Item 1A. “Risk Factors – Existing regulations and policies, changes thereto, and new regulations and policies may present technical, regulatory, and economic barriers to the purchase and use of PV solar products, which may significantly reduce demand for our modules.” We are also subject to the application of various anti-bribery laws, some of which prohibit improper payments to government and non-government persons and entities, and others (e.g., the U.S. Foreign Corrupt Practices Act (the “FCPA”) and the U.K. Bribery Act) that extend their application to activities outside their country of origin. We may compete for contracts in and/or source materials from countries that require substantial government contact and where norms can differ from U.S. standards, and not all competitors are subject to compliance with the same anti-bribery laws. See Item 1A. Risk Factors – “We could be adversely affected by any violations of the FCPA, the U.K. Bribery Act, and other foreign anti-bribery laws.” We are also subject to various federal, state, local, and international laws and regulations relating to the protection of the",real_sec_filing,https://www.sec.gov/Archives/edgar/data/1274494/000127449426000021/fslr-20251231.htm,0.06109568046368056,,0.04,0.10109568046368056,keyword,2026-05-28T16:39:07+00:00,What are the key risk factors?,risk_competition_regulation,True,"condition, and results of operations. See Item 1A. “Risk Factors – Existing regulations and policies, changes thereto, and new regulations and policies may present technical, regulatory, and economic barriers to the purchase and use of PV solar products, which may significantly reduce demand for our modules.” We are also subject to the application of various anti-bribery laws, some of which prohibit improper payments to government and non-government persons and entities, and others (e.g., the U.S. Foreign Corrupt Practices Act (the “FCPA”) and the U.K. Bribery Act) that extend their application to activities outside their country of origin. W",0.10109568046368056,key_risk_factors,What are the key risk factors?,3
FSLR,"First Solar, Inc.",1274494,10-K,2026-02-24,0001274494-26-000021,MD&A,FSLR-10-K-023,"results of pending litigation; • general economic and business conditions, including those influenced by U.S., international, and geopolitical events and conflicts; • our ability to prevent and/or minimize the impact of cybersecurity incidents or information or security breaches; • the severity and duration of public health threats; • our ability to attract, train, retain, and successfully integrate key talent into our team; and • all other matters discussed in Item 1A. “Risk Factors” and elsewhere in this Annual Report on Form 10-K, our subsequently filed Quarterly Reports on Form 10-Q, and our other filings with the Securities and Exchange Commission (the “SEC”). You should carefully consider the risks and uncertainties described in this section. The following discussion and analysis of our business, financial condition, and results of operations should be read in conjunction with our consolidated financial statements and the related notes thereto included in this Annual Report on Form 10-K. 2 Table of Contents PART I Item 1. Business Company Overview We are America’s leading PV solar technology and manufacturing company. The only U.S.-headquartered company among the world’s largest",real_sec_filing,https://www.sec.gov/Archives/edgar/data/1274494/000127449426000021/fslr-20251231.htm,0.052140501018810806,,0.04,0.0921405010188108,keyword,2026-05-28T16:39:07+00:00,What are the key risk factors?,risk_competition_regulation,True,"results of pending litigation; • general economic and business conditions, including those influenced by U.S., international, and geopolitical events and conflicts; • our ability to prevent and/or minimize the impact of cybersecurity incidents or information or security breaches; • the severity and duration of public health threats; • our ability to attract, train, retain, and successfully integrate key talent into our team; and • all other matters discussed in Item 1A. “Risk Factors” and elsewhere in this Annual Report on Form 10-K, our subsequently filed Quarterly Reports on Form 10-Q, and our other filings with the Securities and Exchange ",0.0921405010188108,key_risk_factors,What are the key risk factors?,4
FSLR,"First Solar, Inc.",1274494,10-K,2026-02-24,0001274494-26-000021,MD&A,FSLR-10-K-085,"our stock involves a high degree of risk. You should carefully consider the following information, together with the other information in this Annual Report on Form 10-K, before buying shares of our stock. If any of the following risks or uncertainties occur, our business, financial condition, and results of operations could be materially and adversely affected and the trading price of our stock could decline. Summary of Risk Factors The following is a summary of the principal risks and uncertainties that could materially adversely affect our business, financial condition, and results of operations and make an investment in our stock speculative or risky. You should read this summary together with the more detailed description of each risk factor contained below. Risks Related to Our Markets and Customers • Competition in solar markets globally and across the solar value chain is intense and could remain that way for an extended period of time. The solar industry may experience periods of structural imbalance between global PV module supply and demand that result in periods of pricing volatility. If our competitors maintain module",real_sec_filing,https://www.sec.gov/Archives/edgar/data/1274494/000127449426000021/fslr-20251231.htm,0.05136011087618707,,0.04,0.09136011087618706,keyword,2026-05-28T16:39:07+00:00,What are the key risk factors?,risk_competition_regulation,True,"our stock involves a high degree of risk. You should carefully consider the following information, together with the other information in this Annual Report on Form 10-K, before buying shares of our stock. If any of the following risks or uncertainties occur, our business, financial condition, and results of operations could be materially and adversely affected and the trading price of our stock could decline. Summary of Risk Factors The following is a summary of the principal risks and uncertainties that could materially adversely affect our business, financial condition, and results of operations and make an investment in our stock speculat",0.09136011087618706,key_risk_factors,What are the key risk factors?,5
FSLR,"First Solar, Inc.",1274494,10-K,2026-02-24,0001274494-26-000021,Liquidity and Capital Resources,FSLR-10-K-305,"affect our results of operations. Additionally, the amount expected to be received from transfers to third parties may fluctuate based on market conditions or other factors that impact whether, and for how much, buyers are willing to purchase such credits. 69 Table of Contents Item 7A. Quantitative and Qualitative Disclosures about Market Risk Foreign Currency Exchange Risk Cash Flow Exposure. We expect certain of our subsidiaries to have future cash flows that will be denominated in currencies other than the subsidiaries’ functional currencies. Changes in the exchange rates between the functional currencies of our subsidiaries and the other currencies in which they transact will cause fluctuations in the cash flows we expect to receive or pay when these cash flows are realized or settled. Accordingly, from time to time we may enter into foreign exchange forward contracts to hedge a portion of these forecasted cash flows. These foreign exchange forward contracts may qualify for accounting as cash flow hedges in accordance with Accounting Standards Codification (“ASC”) 815 and we may designate them as such. We report unrealized gains or losses",real_sec_filing,https://www.sec.gov/Archives/edgar/data/1274494/000127449426000021/fslr-20251231.htm,0.0740111339631025,,0.08,0.1540111339631025,keyword,2026-05-28T16:39:07+00:00,What does management say about cash flows and capital allocation?,liquidity_debt,True,"affect our results of operations. Additionally, the amount expected to be received from transfers to third parties may fluctuate based on market conditions or other factors that impact whether, and for how much, buyers are willing to purchase such credits. 69 Table of Contents Item 7A. Quantitative and Qualitative Disclosures about Market Risk Foreign Currency Exchange Risk Cash Flow Exposure. We expect certain of our subsidiaries to have future cash flows that will be denominated in currencies other than the subsidiaries’ functional currencies. Changes in the exchange rates between the functional currencies of our subsidiaries and the other ",0.1540111339631025,cash_flows_capital_allocation,What does management say about cash flows and capital allocation?,1
FSLR,"First Solar, Inc.",1274494,10-K,2026-02-24,0001274494-26-000021,Liquidity and Capital Resources,FSLR-10-K-358,"of such losses or a projection of future losses associated with the use of a long-lived asset; or a current expectation that, more likely than not, a long-lived asset will be sold or otherwise disposed of significantly before the end of its previously estimated useful life. For purposes of recognition and measurement of an impairment loss, long-lived assets are grouped with other assets and liabilities at the lowest level for which identifiable cash flows are largely independent of the cash flows of other assets and liabilities. When impairment indicators are present, we compare undiscounted future cash flows, including the eventual disposition of the asset group at market value, to the asset group’s carrying value to determine if the asset group is recoverable. If the carrying value of the asset group exceeds the undiscounted future cash flows, we measure any impairment by comparing the fair value of the asset group to its carrying value. Fair value is generally determined by considering (i) internally developed discounted cash flows for the asset group, (ii) third-party valuations, and/or (iii) information available regarding the current",real_sec_filing,https://www.sec.gov/Archives/edgar/data/1274494/000127449426000021/fslr-20251231.htm,0.06919986329615363,,0.08,0.14919986329615365,keyword,2026-05-28T16:39:07+00:00,What does management say about cash flows and capital allocation?,liquidity_debt,True,"of such losses or a projection of future losses associated with the use of a long-lived asset; or a current expectation that, more likely than not, a long-lived asset will be sold or otherwise disposed of significantly before the end of its previously estimated useful life. For purposes of recognition and measurement of an impairment loss, long-lived assets are grouped with other assets and liabilities at the lowest level for which identifiable cash flows are largely independent of the cash flows of other assets and liabilities. When impairment indicators are present, we compare undiscounted future cash flows, including the eventual dispositi",0.14919986329615365,cash_flows_capital_allocation,What does management say about cash flows and capital allocation?,2
FSLR,"First Solar, Inc.",1274494,10-K,2026-02-24,0001274494-26-000021,MD&A,FSLR-10-K-148,"investments in manufacturing capacity and product development. Our business and our future plans for expansion are capital-intensive, and we anticipate that our operating and capital expenditure requirements may increase. To develop new products, support future growth, and maintain product quality, we may need to make significant capital investments in manufacturing technology, facilities and capital equipment, and R&D. Consequently, we may seek to raise additional funds through the issuance of equity, equity-related, or debt securities, through obtaining credit from financial institutions to fund, together with our traditional sources of liquidity, the costs of developing and manufacturing our current or future products, or through the sale of tax credits. We cannot be certain that we will be able to generate sufficient cash flows, or that additional funds will be available to us on favorable terms when required, or at all. If we cannot fund the required investments from our operating cash flows or raise additional funds when we need them, we may be unable to fully execute our business plan and our financial condition, results of operations, and business prospects could be",real_sec_filing,https://www.sec.gov/Archives/edgar/data/1274494/000127449426000021/fslr-20251231.htm,0.05547285144434976,,0.08,0.13547285144434976,keyword,2026-05-28T16:39:07+00:00,What does management say about cash flows and capital allocation?,liquidity_debt,True,"investments in manufacturing capacity and product development. Our business and our future plans for expansion are capital-intensive, and we anticipate that our operating and capital expenditure requirements may increase. To develop new products, support future growth, and maintain product quality, we may need to make significant capital investments in manufacturing technology, facilities and capital equipment, and R&D. Consequently, we may seek to raise additional funds through the issuance of equity, equity-related, or debt securities, through obtaining credit from financial institutions to fund, together with our traditional sources of liq",0.13547285144434976,cash_flows_capital_allocation,What does management say about cash flows and capital allocation?,3
FSLR,"First Solar, Inc.",1274494,10-K,2026-02-24,0001274494-26-000021,Liquidity and Capital Resources,FSLR-10-K-385,"8,747 Total marketable securities 51,849 171,583 Total cash, cash equivalents, and marketable securities $ 2,855,363 $ 1,792,959 The following table provides a reconciliation of cash, cash equivalents, restricted cash, and restricted cash equivalents reported within our consolidated balance sheets as of December 31, 2025 and 2024 to the total of such amounts as presented in the consolidated statements of cash flows (in thousands): Balance Sheet Line Item 2025 2024 Cash and cash equivalents Cash and cash equivalents $ 2,803,514 $ 1,621,376 Restricted cash – current Other current assets — 8,262 Restricted cash – noncurrent Other assets 3,617 3,613 Restricted cash equivalents – noncurrent Other assets 6,900 4,972 Total cash, cash equivalents, restricted cash, and restricted cash equivalents $ 2,814,031 $ 1,638,223 We sold no securities during the year ended December 31, 2025. During the year ended December 31, 2024, we sold marketable securities for proceeds of $ 67.5 million and realized a gain of less than $ 0.1 million on such sales. During the year ended December 31, 2023, we sold marketable securities for proceeds of $ 34.9 million and",real_sec_filing,https://www.sec.gov/Archives/edgar/data/1274494/000127449426000021/fslr-20251231.htm,0.055471023594808766,,0.08,0.13547102359480878,keyword,2026-05-28T16:39:07+00:00,What does management say about cash flows and capital allocation?,liquidity_debt,True,"8,747 Total marketable securities 51,849 171,583 Total cash, cash equivalents, and marketable securities $ 2,855,363 $ 1,792,959 The following table provides a reconciliation of cash, cash equivalents, restricted cash, and restricted cash equivalents reported within our consolidated balance sheets as of December 31, 2025 and 2024 to the total of such amounts as presented in the consolidated statements of cash flows (in thousands): Balance Sheet Line Item 2025 2024 Cash and cash equivalents Cash and cash equivalents $ 2,803,514 $ 1,621,376 Restricted cash – current Other current assets — 8,262 Restricted cash – noncurrent Other assets 3,617 3,",0.13547102359480878,cash_flows_capital_allocation,What does management say about cash flows and capital allocation?,4
FSLR,"First Solar, Inc.",1274494,10-K,2026-02-24,0001274494-26-000021,Liquidity and Capital Resources,FSLR-10-K-371,"that is designated and qualifies as a cash flow hedge in “Accumulated other comprehensive loss” until our earnings are affected by the variability of the cash flows from the underlying hedged item. We record any amounts excluded from effectiveness testing in current period earnings in the same income statement line item in which the earnings effect of the hedged item is reported. We report changes in the fair value of derivative instruments that are not designated or do not qualify for hedge accounting in current period earnings. We classify cash flows from derivative instruments on the consolidated statements of cash flows in the same category as the item being hedged or on a basis consistent with the nature of the instrument. At the inception of a hedge, we formally document all relationships between hedging instruments and the underlying hedged items as well as our risk-management objective and strategy for undertaking the hedge transaction. We also formally assess (both at inception and on an ongoing basis) whether our derivative instruments are highly effective in offsetting changes in the fair value or",real_sec_filing,https://www.sec.gov/Archives/edgar/data/1274494/000127449426000021/fslr-20251231.htm,0.05252774054237046,,0.08,0.13252774054237046,keyword,2026-05-28T16:39:07+00:00,What does management say about cash flows and capital allocation?,liquidity_debt,True,that is designated and qualifies as a cash flow hedge in “Accumulated other comprehensive loss” until our earnings are affected by the variability of the cash flows from the underlying hedged item. We record any amounts excluded from effectiveness testing in current period earnings in the same income statement line item in which the earnings effect of the hedged item is reported. We report changes in the fair value of derivative instruments that are not designated or do not qualify for hedge accounting in current period earnings. We classify cash flows from derivative instruments on the consolidated statements of cash flows in the same catego,0.13252774054237046,cash_flows_capital_allocation,What does management say about cash flows and capital allocation?,5
OKTA,"Okta, Inc.",1660134,10-K,2026-03-05,0001660134-26-000020,MD&A,OKTA-10-K-127,"time, effort and expense, harm our reputation and customer relationships and negatively affect our business. Risks Related to Legal, Accounting and Tax Matters Because we generally recognize revenue from our subscriptions and support services over the term of the relevant service period, a decrease in sales during a reporting period may not be immediately reflected in our results of operations for that period. We generally recognize revenue from subscriptions and related support services revenue ratably over the relevant service period. Net new revenue from new subscriptions, upsells and renewals entered into during a period can generally be expected to generate revenue for the duration of the service period. As a result, most of the revenue we report in each period is derived from the recognition of deferred revenue relating to subscriptions and support services contracts entered into during previous periods. Consequently, a decrease in new or renewed subscriptions in any single reporting period will have a limited impact on our revenue for that period, but will negatively affect our revenue in future periods. In addition, our ability to adjust our",real_sec_filing,https://www.sec.gov/Archives/edgar/data/1660134/000166013426000020/okta-20260131.htm,0.044050157357108044,,0.08,0.12405015735710805,keyword,2026-05-28T16:39:08+00:00,What are the company's main revenue drivers?,revenue_drivers,True,"time, effort and expense, harm our reputation and customer relationships and negatively affect our business. Risks Related to Legal, Accounting and Tax Matters Because we generally recognize revenue from our subscriptions and support services over the term of the relevant service period, a decrease in sales during a reporting period may not be immediately reflected in our results of operations for that period. We generally recognize revenue from subscriptions and related support services revenue ratably over the relevant service period. Net new revenue from new subscriptions, upsells and renewals entered into during a period can generally be ",0.12405015735710805,revenue_drivers,What are the company's main revenue drivers?,1
OKTA,"Okta, Inc.",1660134,10-K,2026-03-05,0001660134-26-000020,MD&A,OKTA-10-K-198,"recognized, inclusive of deferred revenue that has been invoiced and non-cancelable amounts that will be invoiced and recognized as revenue in future periods. Current RPO represents the portion of RPO expected to be recognized during the next 12 months. RPO fluctuates due to a number of factors, including the timing, duration and dollar amount of customer contracts and fluctuations in foreign currency exchange rates. Components of Results of Operations Revenue Subscription Revenue. Subscription revenue primarily consists of fees for access to and usage of our cloud-based platforms and related support. Subscription revenue is driven primarily by the number of customers, the number of users per customer and the solutions used. We typically invoice customers in advance in annual installments for subscriptions to our platforms. Professional Services and Other . Professional services revenue includes fees from assisting customers in implementing and optimizing the use of our solutions. These services include application configuration, system integration and training services. We generally invoice customers as the work is performed for time-and-materials arrangements, and up front for fixed fee arrangements. Professional services revenue is recognized",real_sec_filing,https://www.sec.gov/Archives/edgar/data/1660134/000166013426000020/okta-20260131.htm,0.038711253566253136,,0.08,0.11871125356625314,keyword,2026-05-28T16:39:08+00:00,What are the company's main revenue drivers?,revenue_drivers,True,"recognized, inclusive of deferred revenue that has been invoiced and non-cancelable amounts that will be invoiced and recognized as revenue in future periods. Current RPO represents the portion of RPO expected to be recognized during the next 12 months. RPO fluctuates due to a number of factors, including the timing, duration and dollar amount of customer contracts and fluctuations in foreign currency exchange rates. Components of Results of Operations Revenue Subscription Revenue. Subscription revenue primarily consists of fees for access to and usage of our cloud-based platforms and related support. Subscription revenue is driven primarily ",0.11871125356625314,revenue_drivers,What are the company's main revenue drivers?,2
OKTA,"Okta, Inc.",1660134,10-K,2026-03-05,0001660134-26-000020,MD&A,OKTA-10-K-207,"fiscal 2025 is presented below. A discussion regarding our financial condition and results of operations for fiscal 2025 compared to fiscal 2024 can be found under Item 7 in our Annual Report on Form 10-K for fiscal 2025, filed with the SEC on March 5, 2025, which is available free of charge on the SEC’s website at www.sec.gov and our Investor Relations website at investor.okta.com. Comparison of the Years Ended January 31, 2026 and 2025 Revenue Year Ended January 31, 2026 2025 $ Change % Change (dollars in millions) Revenue: Subscription $ 2,855 $ 2,556 $ 299 12 % Professional services and other 64 54 10 18 Total revenue $ 2,919 $ 2,610 $ 309 12 % Percentage of revenue: Subscription 98 % 98 % Professional services and other 2 2 Total 100 % 100 % For fiscal 2026, the increase in subscription revenue was primarily due to an increase in users and sales of additional solutions to existing customers and the addition of new customers. The increase in revenue was attributable to increased revenue from existing customers as reflected",real_sec_filing,https://www.sec.gov/Archives/edgar/data/1660134/000166013426000020/okta-20260131.htm,0.03788213033910774,,0.08,0.11788213033910774,keyword,2026-05-28T16:39:08+00:00,What are the company's main revenue drivers?,revenue_drivers,True,"fiscal 2025 is presented below. A discussion regarding our financial condition and results of operations for fiscal 2025 compared to fiscal 2024 can be found under Item 7 in our Annual Report on Form 10-K for fiscal 2025, filed with the SEC on March 5, 2025, which is available free of charge on the SEC’s website at www.sec.gov and our Investor Relations website at investor.okta.com. Comparison of the Years Ended January 31, 2026 and 2025 Revenue Year Ended January 31, 2026 2025 $ Change % Change (dollars in millions) Revenue: Subscription $ 2,855 $ 2,556 $ 299 12 % Professional services and other 64 54 10 18 Total revenue $ 2,919 $ 2,610 $ 30",0.11788213033910774,revenue_drivers,What are the company's main revenue drivers?,3
OKTA,"Okta, Inc.",1660134,10-K,2026-03-05,0001660134-26-000020,MD&A,OKTA-10-K-208,"primarily due to an increase in users and sales of additional solutions to existing customers and the addition of new customers. The increase in revenue was attributable to increased revenue from existing customers as reflected in our Dollar-Based Net Retention Rate of 106% as of January 31, 2026 and an increase in the number of customers as detailed in our Key Business Metrics. For fiscal 2026, the increase in professional services and other revenue was due to higher bookings associated with professional services. Beginning in fiscal 2027, we expect professional services and other revenue to decline as we shift more engagements to our partner ecosystem. Cost of Revenue, Gross Profit and Gross Margin Year Ended January 31, 2026 2025 $ Change % Change (dollars in millions) Cost of revenue: Subscription $ 578 $ 549 $ 29 5 % Professional services and other 83 69 14 19 Total cost of revenue $ 661 $ 618 $ 43 7 % Gross profit $ 2,258 $ 1,992 $ 266 13 % Gross margin: Subscription 80 % 79 % Professional services and other (29)",real_sec_filing,https://www.sec.gov/Archives/edgar/data/1660134/000166013426000020/okta-20260131.htm,0.03468932117591777,,0.08,0.11468932117591776,keyword,2026-05-28T16:39:08+00:00,What are the company's main revenue drivers?,revenue_drivers,True,"primarily due to an increase in users and sales of additional solutions to existing customers and the addition of new customers. The increase in revenue was attributable to increased revenue from existing customers as reflected in our Dollar-Based Net Retention Rate of 106% as of January 31, 2026 and an increase in the number of customers as detailed in our Key Business Metrics. For fiscal 2026, the increase in professional services and other revenue was due to higher bookings associated with professional services. Beginning in fiscal 2027, we expect professional services and other revenue to decline as we shift more engagements to our partne",0.11468932117591776,revenue_drivers,What are the company's main revenue drivers?,4
OKTA,"Okta, Inc.",1660134,10-K,2026-03-05,0001660134-26-000020,MD&A,OKTA-10-K-205,"taxes 20 18 18 Net income (loss) $ 235 $ 28 $ (355) (1) Includes stock-based compensation expense as follows: Year Ended January 31, 2026 2025 2024 (dollars in millions) Cost of subscription revenue $ 74 $ 82 $ 75 Cost of professional services and other revenue 10 12 15 Research and development 196 216 277 Sales and marketing 132 131 156 General and administrative 132 124 161 Total stock-based compensation expense $ 544 $ 565 $ 684 49 OKTA, INC. MANAGEMENT’S DISCUSSION AND ANALYSIS OF FINANCIAL CONDITION AND RESULTS OF OPERATIONS (continued) The following table sets forth our results of operations for the periods presented as a percentage of our total revenue: Year Ended January 31, 2026 2025 2024 Revenue Subscription 98 % 98 % 97 % Professional services and other 2 2 3 Total revenue 100 100 100 Cost of revenue Subscription 20 21 22 Professional services and other 3 3 4 Total cost of revenue 23 24 26 Gross profit 77 76 74 Operating expenses Research and development 22 25 29 Sales and marketing 35 37 46",real_sec_filing,https://www.sec.gov/Archives/edgar/data/1660134/000166013426000020/okta-20260131.htm,0.03402525114145695,,0.08,0.11402525114145695,keyword,2026-05-28T16:39:08+00:00,What are the company's main revenue drivers?,revenue_drivers,True,"taxes 20 18 18 Net income (loss) $ 235 $ 28 $ (355) (1) Includes stock-based compensation expense as follows: Year Ended January 31, 2026 2025 2024 (dollars in millions) Cost of subscription revenue $ 74 $ 82 $ 75 Cost of professional services and other revenue 10 12 15 Research and development 196 216 277 Sales and marketing 132 131 156 General and administrative 132 124 161 Total stock-based compensation expense $ 544 $ 565 $ 684 49 OKTA, INC. MANAGEMENT’S DISCUSSION AND ANALYSIS OF FINANCIAL CONDITION AND RESULTS OF OPERATIONS (continued) The following table sets forth our results of operations for the periods presented as a percentage of ",0.11402525114145695,revenue_drivers,What are the company's main revenue drivers?,5
OKTA,"Okta, Inc.",1660134,10-K,2026-03-05,0001660134-26-000020,MD&A,OKTA-10-K-195,"business unit of a large company that has an active contract with us or one of our partners to access our platforms. For purposes of determining our customer count, we do not include customers that use our platforms under self-service arrangements only. Dollar-Based Net Retention Rate Part of our ability to generate revenue is dependent upon our ability to maintain our relationships with our customers and to increase their utilization of our platforms. We believe we can achieve these goals by focusing on delivering value and functionality that enables us to both retain our existing customers and expand the number of users and solutions used within an existing customer. One way that we assess our performance in this area by measuring our Dollar-Based Net Retention Rate. Our Dollar-Based Net Retention Rate measures our ability to increase revenue across our existing customer base through expansion of users and solutions associated with a customer as offset by churn and contraction in the number of users and/or solutions associated with a customer. Our Dollar-Based Net Retention Rate is based upon our ACV which",real_sec_filing,https://www.sec.gov/Archives/edgar/data/1660134/000166013426000020/okta-20260131.htm,0.03519994096452879,,0.08,0.11519994096452879,keyword,2026-05-28T16:39:08+00:00,What does the company say about customer concentration?,revenue_drivers,True,"business unit of a large company that has an active contract with us or one of our partners to access our platforms. For purposes of determining our customer count, we do not include customers that use our platforms under self-service arrangements only. Dollar-Based Net Retention Rate Part of our ability to generate revenue is dependent upon our ability to maintain our relationships with our customers and to increase their utilization of our platforms. We believe we can achieve these goals by focusing on delivering value and functionality that enables us to both retain our existing customers and expand the number of users and solutions used w",0.11519994096452879,customer_concentration,What does the company say about customer concentration?,1
OKTA,"Okta, Inc.",1660134,10-K,2026-03-05,0001660134-26-000020,MD&A,OKTA-10-K-036,"our annual customer conference, Oktane, which features customers sharing their success stories, new product and feature announcements and hands-on product labs. We also host a number of other events where we engage with both existing customers and new prospects, as well as deliver product training. Research and Development Our research and development organization is responsible for the design, architecture, creation and quality of our platforms. The research and development organization also works closely with our technical operations team to ensure the successful deployment and monitoring of our platforms. We use test automation and application monitoring to support high availability and minimize service disruptions. Customer Support and Professional Services Our product offerings are designed for ease of use and fast deployments. As part of our customer-first strategy, we are focused on customer success and offer several programs to help our customers maximize their success with our product offerings. These programs leverage the expertise and best practices that we have built while helping thousands of customers adopt and deploy our product offerings. Customer Support and Training Services We offer three tiers of",real_sec_filing,https://www.sec.gov/Archives/edgar/data/1660134/000166013426000020/okta-20260131.htm,0.0336234183453901,,0.08,0.11362341834539011,keyword,2026-05-28T16:39:08+00:00,What does the company say about customer concentration?,revenue_drivers,True,"our annual customer conference, Oktane, which features customers sharing their success stories, new product and feature announcements and hands-on product labs. We also host a number of other events where we engage with both existing customers and new prospects, as well as deliver product training. Research and Development Our research and development organization is responsible for the design, architecture, creation and quality of our platforms. The research and development organization also works closely with our technical operations team to ensure the successful deployment and monitoring of our platforms. We use test automation and applica",0.11362341834539011,customer_concentration,What does the company say about customer concentration?,2
OKTA,"Okta, Inc.",1660134,10-K,2026-03-05,0001660134-26-000020,MD&A,OKTA-10-K-051,"of risks associated with our business. It does not contain all of the information that may be important to you, and you should read this risk factor summary together with the more detailed discussion of risks and uncertainties set forth following this summary. A summary of our risks includes, but is not limited to, the following: • Adverse general economic, market and industry conditions and reductions in workforce identity and customer identity spending have, in the past and may, in the future, reduce demand for our solutions, which could harm our revenue, results of operations and cash flows. • Our business depends on our ability to retain existing customers, and our revenues and results of operations could be adversely impacted if they do not renew their subscriptions or purchase additional licenses or subscriptions with us. • If we are unable to grow our customer base, our revenue growth and profitability could be harmed. • We face intense competition, especially from larger, well-established companies, and we may lack sufficient financial or other resources to maintain or improve our competitive position. •",real_sec_filing,https://www.sec.gov/Archives/edgar/data/1660134/000166013426000020/okta-20260131.htm,0.03292643691395827,,0.08,0.11292643691395826,keyword,2026-05-28T16:39:08+00:00,What does the company say about customer concentration?,revenue_drivers,True,"of risks associated with our business. It does not contain all of the information that may be important to you, and you should read this risk factor summary together with the more detailed discussion of risks and uncertainties set forth following this summary. A summary of our risks includes, but is not limited to, the following: • Adverse general economic, market and industry conditions and reductions in workforce identity and customer identity spending have, in the past and may, in the future, reduce demand for our solutions, which could harm our revenue, results of operations and cash flows. • Our business depends on our ability to retain ",0.11292643691395826,customer_concentration,What does the company say about customer concentration?,3
OKTA,"Okta, Inc.",1660134,10-K,2026-03-05,0001660134-26-000020,MD&A,OKTA-10-K-056,"Our customers have no obligation to renew their subscriptions after the expiration of their subscription period. They may decide not to renew their subscriptions with a similar contract period, at the same prices and terms or with the same or a greater number of users. In the past, some of our customers have elected not to renew their agreements with us, and it is difficult to accurately predict long-term customer retention and expansion rates. Customer retention and expansion has, in the past and may, in the future, decline or fluctuate as a result of a number of factors, such as customers’ satisfaction with our solutions; our prices and pricing plans, including as compared to those of competing software solutions; unfavorable macroeconomic and geopolitical conditions; reductions in customer spending levels; negative sentiment stemming from cybersecurity incidents; customer utilization rates; new offerings; and changes to the packaging of our product offerings. If existing customers do not purchase additional subscriptions or renew their subscriptions, renew on less favorable terms or fail to add more users, our revenue may decline or grow less quickly",real_sec_filing,https://www.sec.gov/Archives/edgar/data/1660134/000166013426000020/okta-20260131.htm,0.029304913335345316,,0.08,0.10930491333534531,keyword,2026-05-28T16:39:08+00:00,What does the company say about customer concentration?,revenue_drivers,True,"Our customers have no obligation to renew their subscriptions after the expiration of their subscription period. They may decide not to renew their subscriptions with a similar contract period, at the same prices and terms or with the same or a greater number of users. In the past, some of our customers have elected not to renew their agreements with us, and it is difficult to accurately predict long-term customer retention and expansion rates. Customer retention and expansion has, in the past and may, in the future, decline or fluctuate as a result of a number of factors, such as customers’ satisfaction with our solutions; our prices and pri",0.10930491333534531,customer_concentration,What does the company say about customer concentration?,4
OKTA,"Okta, Inc.",1660134,10-K,2026-03-05,0001660134-26-000020,MD&A,OKTA-10-K-041,"greater resources to make strategic acquisitions, and greater name recognition than we have. Our principal competitor is Microsoft. Due to the flexibility and breadth of our platforms, we can and often do co-exist alongside our competitors’ products within our customer base. Principal competitive factors in our markets include flexibility, independence, product capabilities, total cost of ownership, time to value, scalability, user experience, number of pre-built integrations, customer satisfaction, global reach and ease of integration, management and use. We believe our product strategy, platform architecture, technology and independence as well as our company culture allow us to compete favorably on each of these factors. We expect competition to increase as other established and emerging companies enter our markets, as customer requirements evolve, and as new products and technologies are introduced. We expect this to be particularly true as we are a cloud-based offering, and our competitors may also seek to acquire new offerings or repurpose their existing offerings to provide identity management solutions with subscription models. The ongoing trend of merger and acquisition activity in the technology industry, particularly transactions involving",real_sec_filing,https://www.sec.gov/Archives/edgar/data/1660134/000166013426000020/okta-20260131.htm,0.024585841055360262,,0.08,0.10458584105536026,keyword,2026-05-28T16:39:08+00:00,What does the company say about customer concentration?,revenue_drivers,True,"greater resources to make strategic acquisitions, and greater name recognition than we have. Our principal competitor is Microsoft. Due to the flexibility and breadth of our platforms, we can and often do co-exist alongside our competitors’ products within our customer base. Principal competitive factors in our markets include flexibility, independence, product capabilities, total cost of ownership, time to value, scalability, user experience, number of pre-built integrations, customer satisfaction, global reach and ease of integration, management and use. We believe our product strategy, platform architecture, technology and independence as ",0.10458584105536026,customer_concentration,What does the company say about customer concentration?,5
OKTA,"Okta, Inc.",1660134,10-K,2026-03-05,0001660134-26-000020,Liquidity and Capital Resources,OKTA-10-K-217,"Liquidity and Capital Resources As of January 31, 2026, our principal sources of liquidity were cash, cash equivalents and short-term investments totaling $2,553 million, which were held for working capital and general corporate purposes, including potential future acquisition activity. Our cash equivalents and investments consisted primarily of U.S. treasury securities, money market funds, corporate debt securities and certificates of deposit. Recent macroeconomic events, including changes in interest rates, global inflation and bank failures, have led to further economic uncertainty in the global economy. To mitigate risk, our cash and cash equivalents are distributed across large financial institutions. In addition, we have policy restrictions in place on the types of securities that can be purchased as part of our available-for-sale securities portfolio. These restrictions take credit quality, liquidity and diversification into consideration among other criteria. We continue to monitor the impacts of this situation; however, there can be no assurances that conditions in the banking sector and in global financial markets will not worsen and/or adversely affect us. In January 2026, our board authorized a stock repurchase program of up to",real_sec_filing,https://www.sec.gov/Archives/edgar/data/1660134/000166013426000020/okta-20260131.htm,0.04712596259276037,,0.08,0.12712596259276038,keyword,2026-05-28T16:39:09+00:00,What are the main liquidity risks?,liquidity_debt,True,"Liquidity and Capital Resources As of January 31, 2026, our principal sources of liquidity were cash, cash equivalents and short-term investments totaling $2,553 million, which were held for working capital and general corporate purposes, including potential future acquisition activity. Our cash equivalents and investments consisted primarily of U.S. treasury securities, money market funds, corporate debt securities and certificates of deposit. Recent macroeconomic events, including changes in interest rates, global inflation and bank failures, have led to further economic uncertainty in the global economy. To mitigate risk, our cash and cash",0.12712596259276038,liquidity_risks,What are the main liquidity risks?,1
OKTA,"Okta, Inc.",1660134,10-K,2026-03-05,0001660134-26-000020,MD&A,OKTA-10-K-050,"references only. 14 Item 1A. Risk Factors A description of the risks and uncertainties associated with our business is set forth below. You should carefully consider the risks and uncertainties described below, as well as the other information in this Annual Report on Form 10-K, including our consolidated financial statements and the related notes and “Management’s Discussion and Analysis of Financial Condition and Results of Operations.” The occurrence of any of the events or developments described below, or of additional risks and uncertainties not presently known to us or that we currently deem immaterial, could materially and adversely affect our business, results of operations, financial condition and growth prospects. In such an event, the market price of our Class A common stock could decline, and you could lose all or part of your investment. Risk Factor Summary This risk factor summary contains a high-level summary of risks associated with our business. It does not contain all of the information that may be important to you, and you should read this risk factor summary together with the more detailed discussion of",real_sec_filing,https://www.sec.gov/Archives/edgar/data/1660134/000166013426000020/okta-20260131.htm,0.03826639107882303,,0.08,0.11826639107882303,keyword,2026-05-28T16:39:09+00:00,What are the main liquidity risks?,liquidity_debt,True,"references only. 14 Item 1A. Risk Factors A description of the risks and uncertainties associated with our business is set forth below. You should carefully consider the risks and uncertainties described below, as well as the other information in this Annual Report on Form 10-K, including our consolidated financial statements and the related notes and “Management’s Discussion and Analysis of Financial Condition and Results of Operations.” The occurrence of any of the events or developments described below, or of additional risks and uncertainties not presently known to us or that we currently deem immaterial, could materially and adversely af",0.11826639107882303,liquidity_risks,What are the main liquidity risks?,2
OKTA,"Okta, Inc.",1660134,10-K,2026-03-05,0001660134-26-000020,MD&A,OKTA-10-K-137,"solutions to our customers. Further, these events could decrease the capital we have available to operate our business. Any or all of these events could harm our business and financial performance. For example, various legislative and regulatory actions and proposals, such as in the United States, the Organisation for Economic Co-operation and Development and the EU, have increasingly focused on future tax reform and contemplate changes to long-standing tax principles, which could adversely affect our liquidity and results of operations. As a multinational organization, we may be subject to taxation in certain jurisdictions around the world with increasingly complex tax laws, the application of which can be uncertain. The amount of taxes we pay in these jurisdictions could increase substantially as a result of changes in the applicable tax principles, including increased tax rates, new tax laws or revised interpretations of existing tax laws and precedents, which could harm our liquidity and results of operations. In addition, the authorities in these jurisdictions could review our tax returns and impose additional tax, interest and penalties, and the authorities could claim that",real_sec_filing,https://www.sec.gov/Archives/edgar/data/1660134/000166013426000020/okta-20260131.htm,0.031174556301671003,,0.08,0.111174556301671,keyword,2026-05-28T16:39:09+00:00,What are the main liquidity risks?,liquidity_debt,True,"solutions to our customers. Further, these events could decrease the capital we have available to operate our business. Any or all of these events could harm our business and financial performance. For example, various legislative and regulatory actions and proposals, such as in the United States, the Organisation for Economic Co-operation and Development and the EU, have increasingly focused on future tax reform and contemplate changes to long-standing tax principles, which could adversely affect our liquidity and results of operations. As a multinational organization, we may be subject to taxation in certain jurisdictions around the world w",0.111174556301671,liquidity_risks,What are the main liquidity risks?,3
OKTA,"Okta, Inc.",1660134,10-K,2026-03-05,0001660134-26-000020,MD&A,OKTA-10-K-051,"of risks associated with our business. It does not contain all of the information that may be important to you, and you should read this risk factor summary together with the more detailed discussion of risks and uncertainties set forth following this summary. A summary of our risks includes, but is not limited to, the following: • Adverse general economic, market and industry conditions and reductions in workforce identity and customer identity spending have, in the past and may, in the future, reduce demand for our solutions, which could harm our revenue, results of operations and cash flows. • Our business depends on our ability to retain existing customers, and our revenues and results of operations could be adversely impacted if they do not renew their subscriptions or purchase additional licenses or subscriptions with us. • If we are unable to grow our customer base, our revenue growth and profitability could be harmed. • We face intense competition, especially from larger, well-established companies, and we may lack sufficient financial or other resources to maintain or improve our competitive position. •",real_sec_filing,https://www.sec.gov/Archives/edgar/data/1660134/000166013426000020/okta-20260131.htm,0.030295695325293196,,0.08,0.1102956953252932,keyword,2026-05-28T16:39:09+00:00,What are the main liquidity risks?,liquidity_debt,True,"of risks associated with our business. It does not contain all of the information that may be important to you, and you should read this risk factor summary together with the more detailed discussion of risks and uncertainties set forth following this summary. A summary of our risks includes, but is not limited to, the following: • Adverse general economic, market and industry conditions and reductions in workforce identity and customer identity spending have, in the past and may, in the future, reduce demand for our solutions, which could harm our revenue, results of operations and cash flows. • Our business depends on our ability to retain ",0.1102956953252932,liquidity_risks,What are the main liquidity risks?,4
OKTA,"Okta, Inc.",1660134,10-K,2026-03-05,0001660134-26-000020,MD&A,OKTA-10-K-167,"or more difficult. Any of these factors could harm our business, results of operations and financial condition. In addition, if we incur additional indebtedness, the risks related to our business and our ability to service or repay our indebtedness would increase. The conversion features of the 2026 Notes, if triggered, may adversely affect our financial condition and results of operations. In the event the conditional conversion features of the 2026 Notes are triggered, holders of the 2026 Notes will be entitled to convert them at any time during specified periods at their option. If one or more holders elect to convert their 2026 Notes, unless we elect to satisfy our conversion obligation by delivering solely shares of our Class A common stock (other than paying cash in lieu of delivering any fractional share), we would be required to settle a portion or all of our conversion obligation through the payment of cash, which could adversely affect our liquidity. From the date of issuance through January 31, 2026, the conditions allowing holders of the 2026 Notes to convert were not met.",real_sec_filing,https://www.sec.gov/Archives/edgar/data/1660134/000166013426000020/okta-20260131.htm,0.023616297732334264,,0.08,0.10361629773233427,keyword,2026-05-28T16:39:09+00:00,What are the main liquidity risks?,liquidity_debt,True,"or more difficult. Any of these factors could harm our business, results of operations and financial condition. In addition, if we incur additional indebtedness, the risks related to our business and our ability to service or repay our indebtedness would increase. The conversion features of the 2026 Notes, if triggered, may adversely affect our financial condition and results of operations. In the event the conditional conversion features of the 2026 Notes are triggered, holders of the 2026 Notes will be entitled to convert them at any time during specified periods at their option. If one or more holders elect to convert their 2026 Notes, unl",0.10361629773233427,liquidity_risks,What are the main liquidity risks?,5
OKTA,"Okta, Inc.",1660134,10-K,2026-03-05,0001660134-26-000020,MD&A,OKTA-10-K-163,"flow, we may be required to adopt one or more alternatives, such as selling assets, restructuring debt or obtaining additional debt financing or equity capital on terms that may be onerous or highly dilutive. Our ability to refinance or raise any future indebtedness will depend on the capital markets and our financial condition at such time. We may not be able to engage in any of these activities or engage in these activities on desirable terms, which could result in a default on our debt obligations. In addition, any of our future debt agreements may contain restrictive covenants that may prohibit us from adopting any of these alternatives. Our failure to comply with these covenants could result in an event of default which, if not cured or waived, could result in the acceleration of our debt. We may not have the ability to raise the funds necessary for cash settlement upon conversion of the 2026 Notes or to repurchase them for cash upon a fundamental change, and our future debt may contain limitations on our ability to pay cash upon",real_sec_filing,https://www.sec.gov/Archives/edgar/data/1660134/000166013426000020/okta-20260131.htm,0.08559545408996166,,0.08,0.16559545408996168,keyword,2026-05-28T16:39:09+00:00,What does management say about debt obligations?,liquidity_debt,True,"flow, we may be required to adopt one or more alternatives, such as selling assets, restructuring debt or obtaining additional debt financing or equity capital on terms that may be onerous or highly dilutive. Our ability to refinance or raise any future indebtedness will depend on the capital markets and our financial condition at such time. We may not be able to engage in any of these activities or engage in these activities on desirable terms, which could result in a default on our debt obligations. In addition, any of our future debt agreements may contain restrictive covenants that may prohibit us from adopting any of these alternatives. ",0.16559545408996168,debt_obligations,What does management say about debt obligations?,1
OKTA,"Okta, Inc.",1660134,10-K,2026-03-05,0001660134-26-000020,Liquidity and Capital Resources,OKTA-10-K-269,"performance obligations in the contract; and • Recognition of revenue when, or as, the performance obligations are satisfied. The Company recognizes revenue net of any applicable value added or sales tax. Subscription Revenue Subscription revenue, which includes support, is recognized on a straight-line basis over the non-cancellable contractual term of the arrangement, generally beginning on the date that the Company’s service is made available to the customer. Professional Services Revenue Professional services principally consist of customer-specific requests for application integrations, user interface enhancements and other customer-specific requests. Revenue for professional services is recognized as services are performed in proportion to their pattern of transfer. Contracts with Multiple Performance Obligations Some of the Company’s contracts with customers contain multiple performance obligations. For these contracts, the Company accounts for individual performance obligations separately if they are distinct. The transaction price is allocated to the separate performance obligations on a relative standalone selling price (“SSP”) basis. The Company determines SSP based on observable, if available, prices for those related services when sold separately. When such observable prices are not available, the Company determines",real_sec_filing,https://www.sec.gov/Archives/edgar/data/1660134/000166013426000020/okta-20260131.htm,0.03765383006653618,,0.08,0.11765383006653618,keyword,2026-05-28T16:39:09+00:00,What does management say about debt obligations?,liquidity_debt,True,"performance obligations in the contract; and • Recognition of revenue when, or as, the performance obligations are satisfied. The Company recognizes revenue net of any applicable value added or sales tax. Subscription Revenue Subscription revenue, which includes support, is recognized on a straight-line basis over the non-cancellable contractual term of the arrangement, generally beginning on the date that the Company’s service is made available to the customer. Professional Services Revenue Professional services principally consist of customer-specific requests for application integrations, user interface enhancements and other customer-spec",0.11765383006653618,debt_obligations,What does management say about debt obligations?,2
OKTA,"Okta, Inc.",1660134,10-K,2026-03-05,0001660134-26-000020,MD&A,OKTA-10-K-101,"our customers may limit the use and adoption of our service and reduce overall demand for it. These privacy and data security related laws and regulations are evolving and may result in increasing regulatory and public scrutiny and escalating levels of enforcement and sanctions. In addition, we are subject to certain contractual obligations regarding the collection, use, storage, transfer, disclosure and/or processing of personal data. Although we are working to comply with those federal, state and foreign laws and regulations, industry standards, contractual obligations and other legal obligations that apply to us, those laws, regulations, standards and obligations are evolving and may be modified, interpreted and applied in an inconsistent manner from one jurisdiction to another and may conflict with one another, other requirements or legal obligations, our practices or the features of our platforms. Additionally, while we have implemented various features intended to enable our customers to better comply with applicable privacy and security requirements in their collection and use of data within our platforms, these features have, in the past, not ensured and may, in the future, not",real_sec_filing,https://www.sec.gov/Archives/edgar/data/1660134/000166013426000020/okta-20260131.htm,0.03716656130028972,,0.08,0.11716656130028971,keyword,2026-05-28T16:39:09+00:00,What does management say about debt obligations?,liquidity_debt,True,"our customers may limit the use and adoption of our service and reduce overall demand for it. These privacy and data security related laws and regulations are evolving and may result in increasing regulatory and public scrutiny and escalating levels of enforcement and sanctions. In addition, we are subject to certain contractual obligations regarding the collection, use, storage, transfer, disclosure and/or processing of personal data. Although we are working to comply with those federal, state and foreign laws and regulations, industry standards, contractual obligations and other legal obligations that apply to us, those laws, regulations, s",0.11716656130028971,debt_obligations,What does management say about debt obligations?,3
OKTA,"Okta, Inc.",1660134,10-K,2026-03-05,0001660134-26-000020,Liquidity and Capital Resources,OKTA-10-K-237,"liabilities could have a material impact on our operating results and financial position. Further, until the final resolution of any such matter, there may be a loss exposure in excess of the liability recognized and such amount could be significant. Revenue Recognition We primarily derive our revenues from subscription fees. A description of our revenue recognition policies is included in Note 2 to our consolidated financial statements “Summary of Significant Accounting Policies.” Our contracts with customers often contain multiple performance obligations. For these contracts, we account for individual performance obligations separately if they are distinct. The transaction price of the contract is allocated to the separate performance obligations on a relative standalone selling price (“SSP”) basis. Evaluating customer contracts with multiple performance obligations and complex terms may require significant judgment in identifying the distinct performance obligations. Recent Accounting Pronouncements See Note 2 to our consolidated financial statements “Summary of Significant Accounting Policies — Accounting Pronouncements Recently Adopted and Recent Accounting Pronouncements Not Yet Adopted” for more information. 58 Item 7A. Quantitative and Qualitative Disclosures about Market Risk Foreign Currency Exchange",real_sec_filing,https://www.sec.gov/Archives/edgar/data/1660134/000166013426000020/okta-20260131.htm,0.03419769744940419,,0.08,0.1141976974494042,keyword,2026-05-28T16:39:09+00:00,What does management say about debt obligations?,liquidity_debt,True,"liabilities could have a material impact on our operating results and financial position. Further, until the final resolution of any such matter, there may be a loss exposure in excess of the liability recognized and such amount could be significant. Revenue Recognition We primarily derive our revenues from subscription fees. A description of our revenue recognition policies is included in Note 2 to our consolidated financial statements “Summary of Significant Accounting Policies.” Our contracts with customers often contain multiple performance obligations. For these contracts, we account for individual performance obligations separately if t",0.1141976974494042,debt_obligations,What does management say about debt obligations?,4
OKTA,"Okta, Inc.",1660134,10-K,2026-03-05,0001660134-26-000020,MD&A,OKTA-10-K-162,"to be inapplicable or unenforceable in an action, we may incur additional costs associated with resolving such action in other jurisdictions, which could harm our business, results of operations and financial condition. Risks Related to our Outstanding Convertible Notes Servicing our debt may require a significant amount of cash. We may not have sufficient cash flow from our business to pay our indebtedness. We have issued convertible notes due in 2026 (the “2026 Notes”). Our ability to make scheduled payments of the principal of, to pay interest on or to refinance our indebtedness, including the 2026 Notes, depends on our future performance, which is subject to economic, financial, competitive and other factors beyond our control. Our business may not generate cash flow from operations in the future sufficient to service our debt and make necessary capital expenditures. If we are unable to generate such cash flow, we may be required to adopt one or more alternatives, such as selling assets, restructuring debt or obtaining additional debt financing or equity capital on terms that may be onerous or highly dilutive. Our",real_sec_filing,https://www.sec.gov/Archives/edgar/data/1660134/000166013426000020/okta-20260131.htm,0.03374246153501822,,0.08,0.11374246153501821,keyword,2026-05-28T16:39:09+00:00,What does management say about debt obligations?,liquidity_debt,True,"to be inapplicable or unenforceable in an action, we may incur additional costs associated with resolving such action in other jurisdictions, which could harm our business, results of operations and financial condition. Risks Related to our Outstanding Convertible Notes Servicing our debt may require a significant amount of cash. We may not have sufficient cash flow from our business to pay our indebtedness. We have issued convertible notes due in 2026 (the “2026 Notes”). Our ability to make scheduled payments of the principal of, to pay interest on or to refinance our indebtedness, including the 2026 Notes, depends on our future performance,",0.11374246153501821,debt_obligations,What does management say about debt obligations?,5
OKTA,"Okta, Inc.",1660134,10-K,2026-03-05,0001660134-26-000020,MD&A,OKTA-10-K-050,"references only. 14 Item 1A. Risk Factors A description of the risks and uncertainties associated with our business is set forth below. You should carefully consider the risks and uncertainties described below, as well as the other information in this Annual Report on Form 10-K, including our consolidated financial statements and the related notes and “Management’s Discussion and Analysis of Financial Condition and Results of Operations.” The occurrence of any of the events or developments described below, or of additional risks and uncertainties not presently known to us or that we currently deem immaterial, could materially and adversely affect our business, results of operations, financial condition and growth prospects. In such an event, the market price of our Class A common stock could decline, and you could lose all or part of your investment. Risk Factor Summary This risk factor summary contains a high-level summary of risks associated with our business. It does not contain all of the information that may be important to you, and you should read this risk factor summary together with the more detailed discussion of",real_sec_filing,https://www.sec.gov/Archives/edgar/data/1660134/000166013426000020/okta-20260131.htm,0.036078412517326616,,0.08,0.11607841251732662,keyword,2026-05-28T16:39:10+00:00,What risks could pressure margins?,margin_pressure,True,"references only. 14 Item 1A. Risk Factors A description of the risks and uncertainties associated with our business is set forth below. You should carefully consider the risks and uncertainties described below, as well as the other information in this Annual Report on Form 10-K, including our consolidated financial statements and the related notes and “Management’s Discussion and Analysis of Financial Condition and Results of Operations.” The occurrence of any of the events or developments described below, or of additional risks and uncertainties not presently known to us or that we currently deem immaterial, could materially and adversely af",0.11607841251732662,margin_pressure,What risks could pressure margins?,1
OKTA,"Okta, Inc.",1660134,10-K,2026-03-05,0001660134-26-000020,MD&A,OKTA-10-K-080,"be subject to increased liability from our customers, investigation by regulators or termination rights. Even if we do meet them, the additional costs associated with providing our service to public sector entities could harm our margins. Moreover, changes in underlying regulatory requirements could be an impediment to our ability to efficiently provide our service to government customers and to grow or maintain our customer base. Any of these risks related to contracting with, or as a subcontractor supporting, public sector entities could adversely impact our future sales and results of operations or make them more difficult to predict. If we fail to enhance our brand cost-effectively, our ability to expand our customer base will be impaired and our business, results of operations and financial condition may suffer. We believe that developing and maintaining awareness of our brand in a cost-effective manner is critical to achieving widespread acceptance of our existing and future solutions, and is an important element in attracting new customers and retaining existing customers. Furthermore, we believe that the importance of brand recognition is likely to increase as",real_sec_filing,https://www.sec.gov/Archives/edgar/data/1660134/000166013426000020/okta-20260131.htm,0.030297852280012777,,0.08,0.11029785228001278,keyword,2026-05-28T16:39:10+00:00,What risks could pressure margins?,margin_pressure,True,"be subject to increased liability from our customers, investigation by regulators or termination rights. Even if we do meet them, the additional costs associated with providing our service to public sector entities could harm our margins. Moreover, changes in underlying regulatory requirements could be an impediment to our ability to efficiently provide our service to government customers and to grow or maintain our customer base. Any of these risks related to contracting with, or as a subcontractor supporting, public sector entities could adversely impact our future sales and results of operations or make them more difficult to predict. If w",0.11029785228001278,margin_pressure,What risks could pressure margins?,2
OKTA,"Okta, Inc.",1660134,10-K,2026-03-05,0001660134-26-000020,MD&A,OKTA-10-K-051,"of risks associated with our business. It does not contain all of the information that may be important to you, and you should read this risk factor summary together with the more detailed discussion of risks and uncertainties set forth following this summary. A summary of our risks includes, but is not limited to, the following: • Adverse general economic, market and industry conditions and reductions in workforce identity and customer identity spending have, in the past and may, in the future, reduce demand for our solutions, which could harm our revenue, results of operations and cash flows. • Our business depends on our ability to retain existing customers, and our revenues and results of operations could be adversely impacted if they do not renew their subscriptions or purchase additional licenses or subscriptions with us. • If we are unable to grow our customer base, our revenue growth and profitability could be harmed. • We face intense competition, especially from larger, well-established companies, and we may lack sufficient financial or other resources to maintain or improve our competitive position. •",real_sec_filing,https://www.sec.gov/Archives/edgar/data/1660134/000166013426000020/okta-20260131.htm,0.02856346163383197,,0.08,0.10856346163383197,keyword,2026-05-28T16:39:10+00:00,What risks could pressure margins?,margin_pressure,True,"of risks associated with our business. It does not contain all of the information that may be important to you, and you should read this risk factor summary together with the more detailed discussion of risks and uncertainties set forth following this summary. A summary of our risks includes, but is not limited to, the following: • Adverse general economic, market and industry conditions and reductions in workforce identity and customer identity spending have, in the past and may, in the future, reduce demand for our solutions, which could harm our revenue, results of operations and cash flows. • Our business depends on our ability to retain ",0.10856346163383197,margin_pressure,What risks could pressure margins?,3
OKTA,"Okta, Inc.",1660134,10-K,2026-03-05,0001660134-26-000020,MD&A,OKTA-10-K-013,"“forward-looking statements” within the meaning of the “safe harbor” provisions of the Private Securities Litigation Reform Act of 1995. Words such as “expect,” “anticipate,” “should,” “believe,” “hope,” “target,” “project,” “goals,” “estimate,” “potential,” “predict,” “may,” “will,” “might,” “could,” “intend,” “shall” and similar expressions are intended to identify these forward-looking statements, although not all forward-looking statements include these identifying words. Forward-looking statements contained in this Annual Report on Form 10-K include, but are not limited to, statements about: • our future financial performance, including our revenue, costs of revenue, gross profits, margins and operating expenses; • trends in our key business metrics; • the impact of general economic, business and market conditions, including economic downturns or recessions, market volatility, geopolitical events, inflation and interest rates, and foreign currency fluctuations; • our ability to retain and sell additional solutions to existing customers; • our growth strategy and ability to compete; • our ability to keep pace with technological change and evolving industry standards; • our ability to adequately fund research and development, and introduce new solutions, enhance existing solutions and address new use",real_sec_filing,https://www.sec.gov/Archives/edgar/data/1660134/000166013426000020/okta-20260131.htm,0.020139729882199333,,0.08,0.10013972988219934,keyword,2026-05-28T16:39:10+00:00,What risks could pressure margins?,margin_pressure,True,"“forward-looking statements” within the meaning of the “safe harbor” provisions of the Private Securities Litigation Reform Act of 1995. Words such as “expect,” “anticipate,” “should,” “believe,” “hope,” “target,” “project,” “goals,” “estimate,” “potential,” “predict,” “may,” “will,” “might,” “could,” “intend,” “shall” and similar expressions are intended to identify these forward-looking statements, although not all forward-looking statements include these identifying words. Forward-looking statements contained in this Annual Report on Form 10-K include, but are not limited to, statements about: • our future financial performance, including ",0.10013972988219934,margin_pressure,What risks could pressure margins?,4
OKTA,"Okta, Inc.",1660134,10-K,2026-03-05,0001660134-26-000020,MD&A,OKTA-10-K-060,"competitive pressures or our failure to compete effectively may result in price reductions, fewer orders, reduced revenue and gross margins, increased net losses and loss of market share, which could harm our business, results of operations and financial condition. If we fail to adapt to rapid technological change, our ability to remain competitive could be impaired. The industry in which we compete is characterized by rapid technological change, frequent introductions of new solutions and evolving industry standards. Our ability to attract new customers and increase revenue from existing customers will depend in significant part on our ability to anticipate industry standards and trends. We must continue to enhance existing solutions or introduce or acquire new solutions on a timely basis to keep pace with technological developments. The success of any enhancement or new solution depends on several factors, including the timely completion and market acceptance of the enhancement or new solution. Any new solution we develop or acquire might not be introduced in a timely or cost-effective manner and might not achieve the broad market acceptance necessary to generate significant",real_sec_filing,https://www.sec.gov/Archives/edgar/data/1660134/000166013426000020/okta-20260131.htm,0.019438604476679767,,0.08,0.09943860447667976,keyword,2026-05-28T16:39:10+00:00,What risks could pressure margins?,margin_pressure,True,"competitive pressures or our failure to compete effectively may result in price reductions, fewer orders, reduced revenue and gross margins, increased net losses and loss of market share, which could harm our business, results of operations and financial condition. If we fail to adapt to rapid technological change, our ability to remain competitive could be impaired. The industry in which we compete is characterized by rapid technological change, frequent introductions of new solutions and evolving industry standards. Our ability to attract new customers and increase revenue from existing customers will depend in significant part on our abili",0.09943860447667976,margin_pressure,What risks could pressure margins?,5
OKTA,"Okta, Inc.",1660134,10-K,2026-03-05,0001660134-26-000020,MD&A,OKTA-10-K-112,"significantly in the past several years and is expected to continue to increase. While we have created mobile applications and mobile versions of our solutions that are accessible on third-party application stores, if these mobile applications and solutions do not perform well, our business may suffer. Third-party application stores may also impose new requirements, including, for example, updates to their terms of access or policies on how we or our channel partners must collect, use and share data. Compliance with any such requirements could be costly or burdensome, and could prevent us from timely updating our current mobile applications or distributing new mobile applications. If we fail to comply with these requirements, we could lose access to, or be required to remove our mobile applications from, third-party application stores. In addition, our solutions interoperate with servers, mobile devices and software applications predominantly through the use of protocols, many of which are created and maintained by third parties. As a result, we depend on the interoperability of our solutions with such third-party services, mobile devices and mobile operating systems, as well",real_sec_filing,https://www.sec.gov/Archives/edgar/data/1660134/000166013426000020/okta-20260131.htm,0.023626039304283784,,0.08,0.10362603930428378,keyword,2026-05-28T16:39:10+00:00,What capex or investment requirements are disclosed?,capex_investment,True,"significantly in the past several years and is expected to continue to increase. While we have created mobile applications and mobile versions of our solutions that are accessible on third-party application stores, if these mobile applications and solutions do not perform well, our business may suffer. Third-party application stores may also impose new requirements, including, for example, updates to their terms of access or policies on how we or our channel partners must collect, use and share data. Compliance with any such requirements could be costly or burdensome, and could prevent us from timely updating our current mobile applications o",0.10362603930428378,capex_requirements,What capex or investment requirements are disclosed?,1
OKTA,"Okta, Inc.",1660134,10-K,2026-03-05,0001660134-26-000020,MD&A,OKTA-10-K-095,"partners, as well as trigger service availability, indemnification and other contractual obligations. For example, our customers have in the past published public criticisms of our security practices in connection with security incidents, and these postings harm our reputation and brand. Security incidents may also cause us to incur significant investigation, mitigation, remediation, notification and other expenses. Furthermore, as a well-known provider of identity and security solutions that form a part of our customers’ security software supply chain, any such breach, including a breach of our customers’ systems, could compromise systems secured by our solutions, creating system disruptions or slowdowns and exploiting security vulnerabilities of our or our customers’ systems, and the information stored on our or our customers’ systems could be accessed, publicly disclosed, altered, lost or stolen, which could subject us to liability and cause us financial harm. While we have taken a number of remediation steps, there is no guarantee that our preventative and mitigation actions with respect to this incident and others like it will fully eliminate the risk of a malicious compromise of our or our",real_sec_filing,https://www.sec.gov/Archives/edgar/data/1660134/000166013426000020/okta-20260131.htm,0.02322752047948117,,0.08,0.10322752047948117,keyword,2026-05-28T16:39:10+00:00,What capex or investment requirements are disclosed?,capex_investment,True,"partners, as well as trigger service availability, indemnification and other contractual obligations. For example, our customers have in the past published public criticisms of our security practices in connection with security incidents, and these postings harm our reputation and brand. Security incidents may also cause us to incur significant investigation, mitigation, remediation, notification and other expenses. Furthermore, as a well-known provider of identity and security solutions that form a part of our customers’ security software supply chain, any such breach, including a breach of our customers’ systems, could compromise systems se",0.10322752047948117,capex_requirements,What capex or investment requirements are disclosed?,2
OKTA,"Okta, Inc.",1660134,10-K,2026-03-05,0001660134-26-000020,Liquidity and Capital Resources,OKTA-10-K-239,"with respect to foreign currency risk or other derivative financial instruments. During fiscal 2026, 2025 and 2024, a hypothetical 10% change in foreign currency exchange rates applicable to our business would not have had a material impact on our consolidated financial statements. Interest Rate Risk We had cash, cash equivalents and short-term investments totaling $2,553 million as of January 31, 2026, of which $2,365 million was invested in U.S. treasury securities, money market funds, corporate debt securities and certificates of deposit. Our cash and cash equivalents are held for working capital and general corporate purposes, including potential future acquisition activity. Our short-term investments are made for capital preservation purposes. We do not enter into investments for trading or speculative purposes. Our cash equivalents and our investment portfolio are subject to market risk due to changes in interest rates. Fixed rate securities may have their market value adversely affected due to a rise in interest rates. Due in part to these factors, our future investment income may fall short of our expectations due to changes in interest rates or we may",real_sec_filing,https://www.sec.gov/Archives/edgar/data/1660134/000166013426000020/okta-20260131.htm,0.021815824931615543,,0.08,0.10181582493161555,keyword,2026-05-28T16:39:10+00:00,What capex or investment requirements are disclosed?,capex_investment,True,"with respect to foreign currency risk or other derivative financial instruments. During fiscal 2026, 2025 and 2024, a hypothetical 10% change in foreign currency exchange rates applicable to our business would not have had a material impact on our consolidated financial statements. Interest Rate Risk We had cash, cash equivalents and short-term investments totaling $2,553 million as of January 31, 2026, of which $2,365 million was invested in U.S. treasury securities, money market funds, corporate debt securities and certificates of deposit. Our cash and cash equivalents are held for working capital and general corporate purposes, including p",0.10181582493161555,capex_requirements,What capex or investment requirements are disclosed?,3
OKTA,"Okta, Inc.",1660134,10-K,2026-03-05,0001660134-26-000020,Liquidity and Capital Resources,OKTA-10-K-240,"value adversely affected due to a rise in interest rates. Due in part to these factors, our future investment income may fall short of our expectations due to changes in interest rates or we may suffer losses in principal if we are forced to sell securities that decline in market value due to changes in interest rates. However, because we classify our short-term investments as “available-for-sale,” no gains are recognized due to changes in interest rates. As losses due to changes in interest rates are generally not considered to be credit related changes, no losses in such securities are recognized due to changes in interest rates unless we intend to sell, it is more likely than not that we will be required to sell, we sell prior to maturity, or we otherwise determine that all or a portion of the decline in fair value are due to credit related factors. As of January 31, 2026, a hypothetical 10% relative change in interest rates would not have had a material impact on the value of our cash equivalents or investment portfolio.",real_sec_filing,https://www.sec.gov/Archives/edgar/data/1660134/000166013426000020/okta-20260131.htm,0.021501696044375886,,0.08,0.1015016960443759,keyword,2026-05-28T16:39:10+00:00,What capex or investment requirements are disclosed?,capex_investment,True,"value adversely affected due to a rise in interest rates. Due in part to these factors, our future investment income may fall short of our expectations due to changes in interest rates or we may suffer losses in principal if we are forced to sell securities that decline in market value due to changes in interest rates. However, because we classify our short-term investments as “available-for-sale,” no gains are recognized due to changes in interest rates. As losses due to changes in interest rates are generally not considered to be credit related changes, no losses in such securities are recognized due to changes in interest rates unless we i",0.1015016960443759,capex_requirements,What capex or investment requirements are disclosed?,4
OKTA,"Okta, Inc.",1660134,10-K,2026-03-05,0001660134-26-000020,MD&A,OKTA-10-K-074,"may also be required to assume liabilities or incur unforeseen costs, such as those arising from the acquired company’s failure to comply with legal or regulatory requirements and litigation matters. Any acquisition or strategic transaction we do consummate could fail to produce the benefits we hope to achieve, which could disrupt our own business or those of our partners and customers or result in future impairment charges. In particular, from time to time we invest in private growth stage companies for strategic reasons and to support key business initiatives. All of our venture investments are subject to a risk of partial or total loss of investment capital, and we may not realize a return on these investments. In addition, we have limited experience in acquiring other businesses. We may not be able to identify desirable acquisition targets, or we may not be successful in entering into an agreement with any particular target. Acquisitions could also result in dilutive issuances of equity securities, use of our available cash or the incurrence of debt, or in adverse tax consequences or unfavorable accounting",real_sec_filing,https://www.sec.gov/Archives/edgar/data/1660134/000166013426000020/okta-20260131.htm,0.021183589684886765,,0.08,0.10118358968488676,keyword,2026-05-28T16:39:10+00:00,What capex or investment requirements are disclosed?,capex_investment,True,"may also be required to assume liabilities or incur unforeseen costs, such as those arising from the acquired company’s failure to comply with legal or regulatory requirements and litigation matters. Any acquisition or strategic transaction we do consummate could fail to produce the benefits we hope to achieve, which could disrupt our own business or those of our partners and customers or result in future impairment charges. In particular, from time to time we invest in private growth stage companies for strategic reasons and to support key business initiatives. All of our venture investments are subject to a risk of partial or total loss of ",0.10118358968488676,capex_requirements,What capex or investment requirements are disclosed?,5
OKTA,"Okta, Inc.",1660134,10-K,2026-03-05,0001660134-26-000020,Legal / Regulatory Matters,OKTA-10-K-008,"of the Exchange Act. ☐ Indicate by check mark whether the Registrant has filed a report on and attestation to its management’s assessment of the effectiveness of its internal control over financial reporting under Section 404(b) of the Sarbanes-Oxley Act (15 U.S.C. 7262(b)) by the registered public accounting firm that prepared or issued its audit report. ☒ If securities are registered pursuant to Section 12(b) of the Act, indicate by check mark whether the financial statements of the Registrant included in the filing reflect the correction of an error to previously issued financial statements. ☐ Indicate by check mark whether any of those error corrections are restatements that required a recovery analysis of incentive-based compensation received by any of the Registrant’s executive officers during the relevant recovery period pursuant to §240.10D-1(b). ☐ Indicate by check mark whether the Registrant is a shell company (as defined in Rule 12b-2 of the Act). Yes ☐ No ☒ The aggregate market value of the stock of the Registrant as of July 31, 2025 (based on a closing price of $97.80 per share) held",real_sec_filing,https://www.sec.gov/Archives/edgar/data/1660134/000166013426000020/okta-20260131.htm,0.005048715702807416,,0.08,0.08504871570280742,keyword,2026-05-28T16:39:11+00:00,What does management say about competition?,risk_competition_regulation,True,"of the Exchange Act. ☐ Indicate by check mark whether the Registrant has filed a report on and attestation to its management’s assessment of the effectiveness of its internal control over financial reporting under Section 404(b) of the Sarbanes-Oxley Act (15 U.S.C. 7262(b)) by the registered public accounting firm that prepared or issued its audit report. ☒ If securities are registered pursuant to Section 12(b) of the Act, indicate by check mark whether the financial statements of the Registrant included in the filing reflect the correction of an error to previously issued financial statements. ☐ Indicate by check mark whether any of those er",0.08504871570280742,competition,What does management say about competition?,1
OKTA,"Okta, Inc.",1660134,10-K,2026-03-05,0001660134-26-000020,Legal / Regulatory Matters,OKTA-10-K-007,"every Interactive Data File required to be submitted pursuant to Rule 405 of Regulation S-T (§232.405 of this chapter) during the preceding 12 months (or for such shorter period that the Registrant was required to submit such files). Yes ☒ No ☐ Indicate by check mark whether the Registrant is a large accelerated filer, an accelerated filer, a non-accelerated filer, smaller reporting company, or an emerging growth company. See the definitions of “large accelerated filer,” “accelerated filer,” “smaller reporting company,” and “emerging growth company” in Rule 12b-2 of the Exchange Act. Large Accelerated Filer ☒ Accelerated filer ☐ Non-accelerated filer ☐ Smaller reporting company ☐ Emerging growth company ☐ If an emerging growth company, indicate by check mark if the Registrant has elected not to use the extended transition period for complying with any new or revised financial accounting standards provided pursuant to Section 13(a) of the Exchange Act. ☐ Indicate by check mark whether the Registrant has filed a report on and attestation to its management’s assessment of the effectiveness of its internal control over financial reporting under Section",real_sec_filing,https://www.sec.gov/Archives/edgar/data/1660134/000166013426000020/okta-20260131.htm,0.0033939544331863547,,0.08,0.08339395443318635,keyword,2026-05-28T16:39:11+00:00,What does management say about competition?,risk_competition_regulation,True,"every Interactive Data File required to be submitted pursuant to Rule 405 of Regulation S-T (§232.405 of this chapter) during the preceding 12 months (or for such shorter period that the Registrant was required to submit such files). Yes ☒ No ☐ Indicate by check mark whether the Registrant is a large accelerated filer, an accelerated filer, a non-accelerated filer, smaller reporting company, or an emerging growth company. See the definitions of “large accelerated filer,” “accelerated filer,” “smaller reporting company,” and “emerging growth company” in Rule 12b-2 of the Exchange Act. Large Accelerated Filer ☒ Accelerated filer ☐ Non-accelerat",0.08339395443318635,competition,What does management say about competition?,2
OKTA,"Okta, Inc.",1660134,10-K,2026-03-05,0001660134-26-000020,Legal / Regulatory Matters,OKTA-10-K-009,"in Rule 12b-2 of the Act). Yes ☐ No ☒ The aggregate market value of the stock of the Registrant as of July 31, 2025 (based on a closing price of $97.80 per share) held by non-affiliates was approximately $ 16.4 billion. As of February 27, 2026, there were 169,200,461 shares of the Registrant’s Class A Common Stock and 7,687,471 shares of the Registrant's Class B Common Stock outstanding. DOCUMENTS INCORPORATED BY REFERENCE Portions of the registrant's definitive Proxy Statement relating to the 2026 Annual Meeting of Stockholders are incorporated herein by reference in Part III of this Annual Report on Form 10-K to the extent stated herein. Such Proxy Statement will be filed with the Securities and Exchange Commission within 120 days of the registrant's fiscal year ended January 31, 2026. Okta, Inc. Form 10-K For the Fiscal Year Ended January 31, 2026 TABLE OF CONTENTS Page Part I",real_sec_filing,https://www.sec.gov/Archives/edgar/data/1660134/000166013426000020/okta-20260131.htm,0.0,,0.08,0.08,keyword,2026-05-28T16:39:11+00:00,What does management say about competition?,risk_competition_regulation,True,"in Rule 12b-2 of the Act). Yes ☐ No ☒ The aggregate market value of the stock of the Registrant as of July 31, 2025 (based on a closing price of $97.80 per share) held by non-affiliates was approximately $ 16.4 billion. As of February 27, 2026, there were 169,200,461 shares of the Registrant’s Class A Common Stock and 7,687,471 shares of the Registrant's Class B Common Stock outstanding. DOCUMENTS INCORPORATED BY REFERENCE Portions of the registrant's definitive Proxy Statement relating to the 2026 Annual Meeting of Stockholders are incorporated herein by reference in Part III of this Annual Report on Form 10-K to the extent stated herein. Su",0.08,competition,What does management say about competition?,3
OKTA,"Okta, Inc.",1660134,10-K,2026-03-05,0001660134-26-000020,Legal / Regulatory Matters,OKTA-10-K-002,LitigationMember 2024-05-28 2024-05-28 0001660134 okta:DerivativeLawsuitMember 2022-11-28 2022-12-13 0001660134 okta:DerivativeLawsuitMember 2025-01-10 2025-01-10 0001660134 us-gaap:CommonClassAMember 2025-02-01 2026-01-31 0001660134 us-gaap:CommonClassBMember 2025-02-01 2026-01-31 0001660134 okta:StockOptionsAndRestrictedStockUnitsMember 2026-01-31 0001660134 us-gaap:EmployeeStockMember 2026-01-31 0001660134 okta:A2017EquityIncentivePlanMember us-gaap:CommonClassAMember 2026-01-31 0001660134 okta:A2017EquityIncentivePlanMember us-gaap:CommonClassBMember 2026-01-31 0001660134 us-gaap:EmployeeStockOptionMember 2025-02-01 2026-01-31 0001660134 us-gaap:EmployeeStockOptionMember 2024-02-01 2025-01-31 0001660134 us-gaap:EmployeeStockOptionMember 2023-02-01 2024-01-31 0001660134 us-gaap:RestrictedStockUnitsRSUMember 2025-02-01 2026-01-31 0001660134 us-gaap:RestrictedStockUnitsRSUMember 2024-02-01 2025-01-31 0001660134 us-gaap:RestrictedStockUnitsRSUMember 2023-02-01 2024-01-31 0001660134 okta:MarketBasedRSUsMember 2025-02-01 2026-01-31 0001660134 okta:MarketBasedRSUsMember 2024-02-01 2025-01-31 0001660134 okta:MarketBasedRSUsMember 2023-02-01 2024-01-31 0001660134 us-gaap:EmployeeStockMember 2025-02-01 2026-01-31 0001660134 us-gaap:EmployeeStockMember 2024-02-01 2025-01-31 0001660134 us-gaap:EmployeeStockMember 2023-02-01 2024-01-31 0001660134 us-gaap:RestrictedStockMember 2025-02-01 2026-01-31 0001660134 us-gaap:RestrictedStockMember 2024-02-01 2025-01-31 0001660134 us-gaap:RestrictedStockMember 2023-02-01 2024-01-31 0001660134 okta:CostofServicesLicensesandServicesMember 2025-02-01 2026-01-31 0001660134 okta:CostofServicesLicensesandServicesMember 2024-02-01 2025-01-31 0001660134 okta:CostofServicesLicensesandServicesMember 2023-02-01 2024-01-31 0001660134 okta:TechnologyServicesCostsMember 2025-02-01 2026-01-31 0001660134 okta:TechnologyServicesCostsMember 2024-02-01 2025-01-31 0001660134 okta:TechnologyServicesCostsMember 2023-02-01 2024-01-31 0001660134 us-gaap:ResearchAndDevelopmentExpenseMember 2025-02-01 2026-01-31 0001660134 us-gaap:ResearchAndDevelopmentExpenseMember 2024-02-01 2025-01-31 0001660134 us-gaap:ResearchAndDevelopmentExpenseMember 2023-02-01 2024-01-31 0001660134 us-gaap:SellingAndMarketingExpenseMember 2025-02-01 2026-01-31 0001660134 us-gaap:SellingAndMarketingExpenseMember 2024-02-01 2025-01-31 0001660134 us-gaap:SellingAndMarketingExpenseMember 2023-02-01 2024-01-31 0001660134 us-gaap:GeneralAndAdministrativeExpenseMember 2025-02-01 2026-01-31 0001660134 us-gaap:GeneralAndAdministrativeExpenseMember 2024-02-01 2025-01-31 0001660134 us-gaap:GeneralAndAdministrativeExpenseMember 2023-02-01 2024-01-31 0001660134 us-gaap:EmployeeStockOptionMember us-gaap:ShareBasedCompensationAwardTrancheOneMember 2025-02-01 2026-01-31 0001660134 us-gaap:RestrictedStockUnitsRSUMember 2025-01-31 0001660134 us-gaap:RestrictedStockUnitsRSUMember 2026-01-31 0001660134 okta:MarketBasedRSUsMember 2025-01-31 0001660134 okta:MarketBasedRSUsMember 2026-01-31 0001660134 srt:MinimumMember okta:MarketBasedRSUsMember 2024-03-01 2024-03-31 0001660134 srt:MinimumMember okta:MarketBasedRSUsMember 2023-03-01 2023-03-31,real_sec_filing,https://www.sec.gov/Archives/edgar/data/1660134/000166013426000020/okta-20260131.htm,0.0,,0.08,0.08,keyword,2026-05-28T16:39:11+00:00,What does management say about competition?,risk_competition_regulation,True,LitigationMember 2024-05-28 2024-05-28 0001660134 okta:DerivativeLawsuitMember 2022-11-28 2022-12-13 0001660134 okta:DerivativeLawsuitMember 2025-01-10 2025-01-10 0001660134 us-gaap:CommonClassAMember 2025-02-01 2026-01-31 0001660134 us-gaap:CommonClassBMember 2025-02-01 2026-01-31 0001660134 okta:StockOptionsAndRestrictedStockUnitsMember 2026-01-31 0001660134 us-gaap:EmployeeStockMember 2026-01-31 0001660134 okta:A2017EquityIncentivePlanMember us-gaap:CommonClassAMember 2026-01-31 0001660134 okta:A2017EquityIncentivePlanMember us-gaap:CommonClassBMember 2026-01-31 0001660134 us-gaap:EmployeeStockOptionMember 2025-02-01 2026-01-31 0001660134 ,0.08,competition,What does management say about competition?,4
OKTA,"Okta, Inc.",1660134,10-K,2026-03-05,0001660134-26-000020,Legal / Regulatory Matters,OKTA-10-K-003,0001660134 us-gaap:GeneralAndAdministrativeExpenseMember 2024-02-01 2025-01-31 0001660134 us-gaap:GeneralAndAdministrativeExpenseMember 2023-02-01 2024-01-31 0001660134 us-gaap:EmployeeStockOptionMember us-gaap:ShareBasedCompensationAwardTrancheOneMember 2025-02-01 2026-01-31 0001660134 us-gaap:RestrictedStockUnitsRSUMember 2025-01-31 0001660134 us-gaap:RestrictedStockUnitsRSUMember 2026-01-31 0001660134 okta:MarketBasedRSUsMember 2025-01-31 0001660134 okta:MarketBasedRSUsMember 2026-01-31 0001660134 srt:MinimumMember okta:MarketBasedRSUsMember 2024-03-01 2024-03-31 0001660134 srt:MinimumMember okta:MarketBasedRSUsMember 2023-03-01 2023-03-31 0001660134 srt:MinimumMember okta:MarketBasedRSUsMember 2025-03-01 2025-03-31 0001660134 srt:MaximumMember okta:MarketBasedRSUsMember 2025-03-01 2025-03-31 0001660134 srt:MaximumMember okta:MarketBasedRSUsMember 2024-03-01 2024-03-31 0001660134 srt:MaximumMember okta:MarketBasedRSUsMember 2023-03-01 2023-03-31 0001660134 okta:SperaCybersecurityMember us-gaap:RestrictedStockMember 2026-01-31 0001660134 okta:SperaCybersecurityMember us-gaap:RestrictedStockMember 2025-02-01 2026-01-31 0001660134 srt:MinimumMember us-gaap:EmployeeStockMember 2025-02-01 2026-01-31 0001660134 srt:MaximumMember us-gaap:EmployeeStockMember 2025-02-01 2026-01-31 0001660134 srt:MinimumMember us-gaap:EmployeeStockMember 2024-02-01 2025-01-31 0001660134 srt:MaximumMember us-gaap:EmployeeStockMember 2024-02-01 2025-01-31 0001660134 srt:MinimumMember us-gaap:EmployeeStockMember 2023-02-01 2024-01-31 0001660134 srt:MaximumMember us-gaap:EmployeeStockMember 2023-02-01 2024-01-31 0001660134 us-gaap:EmployeeStockMember 2025-01-31 0001660134 okta:MarketBasedRSUsMember us-gaap:ShareBasedCompensationAwardTrancheOneMember 2025-02-01 2026-01-31 0001660134 okta:MarketBasedRSUsMember us-gaap:ShareBasedCompensationAwardTrancheTwoMember 2025-02-01 2026-01-31 0001660134 okta:MarketBasedRSUsMember us-gaap:ShareBasedCompensationAwardTrancheThreeMember 2025-02-01 2026-01-31 0001660134 country:AU 2025-02-01 2026-01-31 0001660134 country:GB 2025-02-01 2026-01-31 0001660134 us-gaap:ForeignTaxJurisdictionOtherMember 2025-02-01 2026-01-31 0001660134 us-gaap:DomesticCountryMember 2026-01-31 0001660134 us-gaap:StateAndLocalJurisdictionMember 2026-01-31 0001660134 country:GB 2026-01-31 0001660134 country:IL 2026-01-31 0001660134 us-gaap:DomesticCountryMember us-gaap:ResearchMember 2026-01-31 0001660134 us-gaap:StateAndLocalJurisdictionMember us-gaap:ResearchMember 2026-01-31 0001660134 stpr:NY 2025-02-01 2026-01-31 0001660134 us-gaap:StateAndLocalTaxJurisdictionOtherMember 2025-02-01 2026-01-31 0001660134 country:IN 2025-02-01 2026-01-31 0001660134 country:IL 2025-02-01 2026-01-31 0001660134 country:JP 2025-02-01 2026-01-31 0001660134 us-gaap:CommonClassAMember 2024-02-01 2025-01-31 0001660134 us-gaap:CommonClassBMember 2024-02-01 2025-01-31 0001660134 us-gaap:CommonClassAMember 2023-02-01 2024-01-31 0001660134 us-gaap:CommonClassBMember 2023-02-01 2024-01-31,real_sec_filing,https://www.sec.gov/Archives/edgar/data/1660134/000166013426000020/okta-20260131.htm,0.0,,0.08,0.08,keyword,2026-05-28T16:39:11+00:00,What does management say about competition?,risk_competition_regulation,True,0001660134 us-gaap:GeneralAndAdministrativeExpenseMember 2024-02-01 2025-01-31 0001660134 us-gaap:GeneralAndAdministrativeExpenseMember 2023-02-01 2024-01-31 0001660134 us-gaap:EmployeeStockOptionMember us-gaap:ShareBasedCompensationAwardTrancheOneMember 2025-02-01 2026-01-31 0001660134 us-gaap:RestrictedStockUnitsRSUMember 2025-01-31 0001660134 us-gaap:RestrictedStockUnitsRSUMember 2026-01-31 0001660134 okta:MarketBasedRSUsMember 2025-01-31 0001660134 okta:MarketBasedRSUsMember 2026-01-31 0001660134 srt:MinimumMember okta:MarketBasedRSUsMember 2024-03-01 2024-03-31 0001660134 srt:MinimumMember okta:MarketBasedRSUsMember 2023-03-01 2023-03-31,0.08,competition,What does management say about competition?,5
OKTA,"Okta, Inc.",1660134,10-K,2026-03-05,0001660134-26-000020,Legal / Regulatory Matters,OKTA-10-K-009,"in Rule 12b-2 of the Act). Yes ☐ No ☒ The aggregate market value of the stock of the Registrant as of July 31, 2025 (based on a closing price of $97.80 per share) held by non-affiliates was approximately $ 16.4 billion. As of February 27, 2026, there were 169,200,461 shares of the Registrant’s Class A Common Stock and 7,687,471 shares of the Registrant's Class B Common Stock outstanding. DOCUMENTS INCORPORATED BY REFERENCE Portions of the registrant's definitive Proxy Statement relating to the 2026 Annual Meeting of Stockholders are incorporated herein by reference in Part III of this Annual Report on Form 10-K to the extent stated herein. Such Proxy Statement will be filed with the Securities and Exchange Commission within 120 days of the registrant's fiscal year ended January 31, 2026. Okta, Inc. Form 10-K For the Fiscal Year Ended January 31, 2026 TABLE OF CONTENTS Page Part I",real_sec_filing,https://www.sec.gov/Archives/edgar/data/1660134/000166013426000020/okta-20260131.htm,0.0,,0.08,0.08,keyword,2026-05-28T16:39:11+00:00,Are there regulatory or litigation risks?,risk_competition_regulation,True,"in Rule 12b-2 of the Act). Yes ☐ No ☒ The aggregate market value of the stock of the Registrant as of July 31, 2025 (based on a closing price of $97.80 per share) held by non-affiliates was approximately $ 16.4 billion. As of February 27, 2026, there were 169,200,461 shares of the Registrant’s Class A Common Stock and 7,687,471 shares of the Registrant's Class B Common Stock outstanding. DOCUMENTS INCORPORATED BY REFERENCE Portions of the registrant's definitive Proxy Statement relating to the 2026 Annual Meeting of Stockholders are incorporated herein by reference in Part III of this Annual Report on Form 10-K to the extent stated herein. Su",0.08,regulatory_litigation,Are there regulatory or litigation risks?,1
OKTA,"Okta, Inc.",1660134,10-K,2026-03-05,0001660134-26-000020,Legal / Regulatory Matters,OKTA-10-K-004,"stpr:NY 2025-02-01 2026-01-31 0001660134 us-gaap:StateAndLocalTaxJurisdictionOtherMember 2025-02-01 2026-01-31 0001660134 country:IN 2025-02-01 2026-01-31 0001660134 country:IL 2025-02-01 2026-01-31 0001660134 country:JP 2025-02-01 2026-01-31 0001660134 us-gaap:CommonClassAMember 2024-02-01 2025-01-31 0001660134 us-gaap:CommonClassBMember 2024-02-01 2025-01-31 0001660134 us-gaap:CommonClassAMember 2023-02-01 2024-01-31 0001660134 us-gaap:CommonClassBMember 2023-02-01 2024-01-31 0001660134 us-gaap:StockCompensationPlanMember 2025-02-01 2026-01-31 0001660134 us-gaap:StockCompensationPlanMember 2024-02-01 2025-01-31 0001660134 us-gaap:StockCompensationPlanMember 2023-02-01 2024-01-31 0001660134 us-gaap:ConvertibleDebtSecuritiesMember 2025-02-01 2026-01-31 0001660134 us-gaap:ConvertibleDebtSecuritiesMember 2024-02-01 2025-01-31 0001660134 us-gaap:ConvertibleDebtSecuritiesMember 2023-02-01 2024-01-31 0001660134 country:US 2025-02-01 2026-01-31 0001660134 country:US 2024-02-01 2025-01-31 0001660134 country:US 2023-02-01 2024-01-31 0001660134 us-gaap:NonUsMember 2025-02-01 2026-01-31 0001660134 us-gaap:NonUsMember 2024-02-01 2025-01-31 0001660134 us-gaap:NonUsMember 2023-02-01 2024-01-31 0001660134 country:US 2026-01-31 0001660134 country:US 2025-01-31 0001660134 us-gaap:NonUsMember 2026-01-31 0001660134 us-gaap:NonUsMember 2025-01-31 0001660134 okta:AxiomSecurityLtdMember 2025-09-04 2025-09-04 0001660134 okta:AxiomSecurityLtdMember us-gaap:DevelopedTechnologyRightsMember 2025-09-04 2025-09-04 0001660134 okta:AxiomSecurityLtdMember 2025-09-04 0001660134 2025-11-01 2026-01-31 0001660134 okta:ShellyeArchambeauMember 2025-11-01 2026-01-31 0001660134 okta:ShellyeArchambeauMember 2026-01-31 0001660134 okta:JonAddisonMember 2025-11-01 2026-01-31 0001660134 okta:MichaelStankeyMember 2025-11-01 2026-01-31 0001660134 okta:MichaelStankeyMember 2026-01-31 0001660134 okta:BrettTigheMember 2025-11-01 2026-01-31 0001660134 okta:BrettTigheMember 2026-01-31 0001660134 okta:DavidSchellhaseMember 2025-11-01 2026-01-31 0001660134 okta:DavidSchellhaseMember 2026-01-31 0001660134 okta:JonAddisonMember 2026-01-31 UNITED STATES SECURITIES AND EXCHANGE COMMISSION Washington, D.C. 20549 FORM 10-K (Mark One) ☒ ANNUAL REPORT PURSUANT TO SECTION 13 OR 15(d) OF THE SECURITIES EXCHANGE ACT OF 1934 For the fiscal year ended January",real_sec_filing,https://www.sec.gov/Archives/edgar/data/1660134/000166013426000020/okta-20260131.htm,0.0,,0.08,0.08,keyword,2026-05-28T16:39:11+00:00,Are there regulatory or litigation risks?,risk_competition_regulation,True,stpr:NY 2025-02-01 2026-01-31 0001660134 us-gaap:StateAndLocalTaxJurisdictionOtherMember 2025-02-01 2026-01-31 0001660134 country:IN 2025-02-01 2026-01-31 0001660134 country:IL 2025-02-01 2026-01-31 0001660134 country:JP 2025-02-01 2026-01-31 0001660134 us-gaap:CommonClassAMember 2024-02-01 2025-01-31 0001660134 us-gaap:CommonClassBMember 2024-02-01 2025-01-31 0001660134 us-gaap:CommonClassAMember 2023-02-01 2024-01-31 0001660134 us-gaap:CommonClassBMember 2023-02-01 2024-01-31 0001660134 us-gaap:StockCompensationPlanMember 2025-02-01 2026-01-31 0001660134 us-gaap:StockCompensationPlanMember 2024-02-01 2025-01-31 0001660134 us-gaap:StockCompe,0.08,regulatory_litigation,Are there regulatory or litigation risks?,2
OKTA,"Okta, Inc.",1660134,10-K,2026-03-05,0001660134-26-000020,Legal / Regulatory Matters,OKTA-10-K-005,"UNITED STATES SECURITIES AND EXCHANGE COMMISSION Washington, D.C. 20549 FORM 10-K (Mark One) ☒ ANNUAL REPORT PURSUANT TO SECTION 13 OR 15(d) OF THE SECURITIES EXCHANGE ACT OF 1934 For the fiscal year ended January 31 , 2026 or ☐ TRANSITION REPORT PURSUANT TO SECTION 13 OR 15(d) OF THE SECURITIES EXCHANGE ACT OF 1934 For the transition period from to Commission File Number: 001-38044 Okta, Inc. (Exact name of Registrant as specified in its charter) Delaware 100 First Street, Suite 600 26-4175727 (State or Other Jurisdiction of Incorporation or Organization) San Francisco (I.R.S. Employer Identification Number) California 94105 (Address of Principal executive offices) Registrant’s telephone number, including area code: ( 888 ) 722-7871 ___________________________________________________ Securities registered pursuant to Section 12(b) of the Act: (Title of each class) Trading Symbol(s) (Name of each exchange on which registered) Class A common stock, par value $0.0001 per share OKTA The Nasdaq Stock Market LLC Securities registered pursuant to Section 12(g) of the Act: None ___________________________________________________ Indicate by check mark if the Registrant is a well-known seasoned issuer, as defined in Rule 405",real_sec_filing,https://www.sec.gov/Archives/edgar/data/1660134/000166013426000020/okta-20260131.htm,0.0,,0.08,0.08,keyword,2026-05-28T16:39:11+00:00,Are there regulatory or litigation risks?,risk_competition_regulation,True,"UNITED STATES SECURITIES AND EXCHANGE COMMISSION Washington, D.C. 20549 FORM 10-K (Mark One) ☒ ANNUAL REPORT PURSUANT TO SECTION 13 OR 15(d) OF THE SECURITIES EXCHANGE ACT OF 1934 For the fiscal year ended January 31 , 2026 or ☐ TRANSITION REPORT PURSUANT TO SECTION 13 OR 15(d) OF THE SECURITIES EXCHANGE ACT OF 1934 For the transition period from to Commission File Number: 001-38044 Okta, Inc. (Exact name of Registrant as specified in its charter) Delaware 100 First Street, Suite 600 26-4175727 (State or Other Jurisdiction of Incorporation or Organization) San Francisco (I.R.S. Employer Identification Number) California 94105 (Address of Prin",0.08,regulatory_litigation,Are there regulatory or litigation risks?,3
OKTA,"Okta, Inc.",1660134,10-K,2026-03-05,0001660134-26-000020,Legal / Regulatory Matters,OKTA-10-K-006,"share OKTA The Nasdaq Stock Market LLC Securities registered pursuant to Section 12(g) of the Act: None ___________________________________________________ Indicate by check mark if the Registrant is a well-known seasoned issuer, as defined in Rule 405 of the Securities Act. Yes ☒ No ☐ Indicate by check mark if the Registrant is not required to file reports pursuant to Section 13 or Section 15(d) of the Act. Yes ☐ No ☒ Indicate by check mark whether the Registrant (1) has filed all reports required to be filed by Section 13 or 15(d) of the Securities Exchange Act of 1934 during the preceding 12 months (or for such shorter period that the Registrant was required to file such reports), and (2) has been subject to such filing requirements for the past 90 days. Yes ☒ No ☐ Indicate by check mark whether the Registrant has submitted electronically every Interactive Data File required to be submitted pursuant to Rule 405 of Regulation S-T (§232.405 of this chapter) during the preceding 12 months (or for such shorter period that the Registrant was required to",real_sec_filing,https://www.sec.gov/Archives/edgar/data/1660134/000166013426000020/okta-20260131.htm,0.0,,0.08,0.08,keyword,2026-05-28T16:39:11+00:00,Are there regulatory or litigation risks?,risk_competition_regulation,True,"share OKTA The Nasdaq Stock Market LLC Securities registered pursuant to Section 12(g) of the Act: None ___________________________________________________ Indicate by check mark if the Registrant is a well-known seasoned issuer, as defined in Rule 405 of the Securities Act. Yes ☒ No ☐ Indicate by check mark if the Registrant is not required to file reports pursuant to Section 13 or Section 15(d) of the Act. Yes ☐ No ☒ Indicate by check mark whether the Registrant (1) has filed all reports required to be filed by Section 13 or 15(d) of the Securities Exchange Act of 1934 during the preceding 12 months (or for such shorter period that the Regi",0.08,regulatory_litigation,Are there regulatory or litigation risks?,4
OKTA,"Okta, Inc.",1660134,10-K,2026-03-05,0001660134-26-000020,Legal / Regulatory Matters,OKTA-10-K-007,"every Interactive Data File required to be submitted pursuant to Rule 405 of Regulation S-T (§232.405 of this chapter) during the preceding 12 months (or for such shorter period that the Registrant was required to submit such files). Yes ☒ No ☐ Indicate by check mark whether the Registrant is a large accelerated filer, an accelerated filer, a non-accelerated filer, smaller reporting company, or an emerging growth company. See the definitions of “large accelerated filer,” “accelerated filer,” “smaller reporting company,” and “emerging growth company” in Rule 12b-2 of the Exchange Act. Large Accelerated Filer ☒ Accelerated filer ☐ Non-accelerated filer ☐ Smaller reporting company ☐ Emerging growth company ☐ If an emerging growth company, indicate by check mark if the Registrant has elected not to use the extended transition period for complying with any new or revised financial accounting standards provided pursuant to Section 13(a) of the Exchange Act. ☐ Indicate by check mark whether the Registrant has filed a report on and attestation to its management’s assessment of the effectiveness of its internal control over financial reporting under Section",real_sec_filing,https://www.sec.gov/Archives/edgar/data/1660134/000166013426000020/okta-20260131.htm,0.0,,0.08,0.08,keyword,2026-05-28T16:39:11+00:00,Are there regulatory or litigation risks?,risk_competition_regulation,True,"every Interactive Data File required to be submitted pursuant to Rule 405 of Regulation S-T (§232.405 of this chapter) during the preceding 12 months (or for such shorter period that the Registrant was required to submit such files). Yes ☒ No ☐ Indicate by check mark whether the Registrant is a large accelerated filer, an accelerated filer, a non-accelerated filer, smaller reporting company, or an emerging growth company. See the definitions of “large accelerated filer,” “accelerated filer,” “smaller reporting company,” and “emerging growth company” in Rule 12b-2 of the Exchange Act. Large Accelerated Filer ☒ Accelerated filer ☐ Non-accelerat",0.08,regulatory_litigation,Are there regulatory or litigation risks?,5
OKTA,"Okta, Inc.",1660134,10-K,2026-03-05,0001660134-26-000020,Risk Factors,OKTA-10-K-011,"Item 1A. Risk Factors 15 Item 1B. Unresolved Staff Comments 40 Item 1C. Cybersecurity 40 Item 2. Properties 42 Item 3. Legal Proceedings 42 Item 4. Mine Safety Disclosures 42 Part II Item 5. Market for Registrant’s Common Equity, Related Stockholder Matters and Issuer Purchases of Equity Securities 43 Item 6. [Reserved] 44",real_sec_filing,https://www.sec.gov/Archives/edgar/data/1660134/000166013426000020/okta-20260131.htm,0.05022054878999685,,0.08,0.13022054878999684,keyword,2026-05-28T16:39:12+00:00,What are the key risk factors?,risk_competition_regulation,True,"Item 1A. Risk Factors 15 Item 1B. Unresolved Staff Comments 40 Item 1C. Cybersecurity 40 Item 2. Properties 42 Item 3. Legal Proceedings 42 Item 4. Mine Safety Disclosures 42 Part II Item 5. Market for Registrant’s Common Equity, Related Stockholder Matters and Issuer Purchases of Equity Securities 43 Item 6. [Reserved] 44",0.13022054878999684,key_risk_factors,What are the key risk factors?,1
OKTA,"Okta, Inc.",1660134,10-K,2026-03-05,0001660134-26-000020,MD&A,OKTA-10-K-178,"under Part I, Item I of this Annual Report on Form 10-K. Our cybersecurity risk management program consists of technical and organizational safeguards aimed at protecting the confidentiality, integrity and availability of our systems and platforms. From time to time, management will engage external consultants and advisors to perform independent assessments and testing of the cybersecurity risk management program, or otherwise assist with aspects of the program and security controls. Key features of our cybersecurity risk management program include: • Designated security governance, risk and compliance team . Our security governance, risk and compliance team is responsible for maintaining our cybersecurity risk management framework and risk assessments, and for tracking risk mitigation efforts. This team, together with our enterprise risk management team, monitors and regularly reports on our cybersecurity risk profile. Our internal audit team partners with these teams to provide input on the overall effectiveness of our security risk governance and management processes. • Risk assessments . We periodically perform security risk assessments to stay informed about relevant security risks. Functional teams across the business assess risks associated with",real_sec_filing,https://www.sec.gov/Archives/edgar/data/1660134/000166013426000020/okta-20260131.htm,0.08646079803462954,,0.04,0.12646079803462953,keyword,2026-05-28T16:39:12+00:00,What are the key risk factors?,risk_competition_regulation,True,"under Part I, Item I of this Annual Report on Form 10-K. Our cybersecurity risk management program consists of technical and organizational safeguards aimed at protecting the confidentiality, integrity and availability of our systems and platforms. From time to time, management will engage external consultants and advisors to perform independent assessments and testing of the cybersecurity risk management program, or otherwise assist with aspects of the program and security controls. Key features of our cybersecurity risk management program include: • Designated security governance, risk and compliance team . Our security governance, risk and",0.12646079803462953,key_risk_factors,What are the key risk factors?,2
OKTA,"Okta, Inc.",1660134,10-K,2026-03-05,0001660134-26-000020,MD&A,OKTA-10-K-175,"an important part of our overall risk management efforts. We have an established cybersecurity risk management program intended to protect the confidentiality, integrity and availability of our systems, internal networks and information. This program implements policies, processes and controls to prevent, detect and respond to cybersecurity threats and mitigate business impacts. Our board has delegated to the cybersecurity risk committee of the board (the “cybersecurity risk committee”) oversight responsibility of the cybersecurity risk management program, which includes a cybersecurity incident response plan. We devote significant resources, including human and financial capital, to create and maintain security measures, configuration policies and response plans to address cybersecurity risks. However, as a well-known provider of identity and security solutions, we are a particularly attractive target to threat actors. For additional information related to these risks, see “ Risk Factors ” included under Part I, Item 1A of this Annual Report on Form 10-K. In the past we have experienced cybersecurity incidents, and cannot anticipate when or the extent to which cybersecurity incidents will materially affect us or our customers’ use of our platforms",real_sec_filing,https://www.sec.gov/Archives/edgar/data/1660134/000166013426000020/okta-20260131.htm,0.06444037048223494,,0.04,0.10444037048223495,keyword,2026-05-28T16:39:12+00:00,What are the key risk factors?,risk_competition_regulation,True,"an important part of our overall risk management efforts. We have an established cybersecurity risk management program intended to protect the confidentiality, integrity and availability of our systems, internal networks and information. This program implements policies, processes and controls to prevent, detect and respond to cybersecurity threats and mitigate business impacts. Our board has delegated to the cybersecurity risk committee of the board (the “cybersecurity risk committee”) oversight responsibility of the cybersecurity risk management program, which includes a cybersecurity incident response plan. We devote significant resources,",0.10444037048223495,key_risk_factors,What are the key risk factors?,3
OKTA,"Okta, Inc.",1660134,10-K,2026-03-05,0001660134-26-000020,MD&A,OKTA-10-K-193,"position remain uncertain. See the section titled “ Risk Factors ” included under Part I, Item 1A above for further discussion of the possible impact of these factors and other risks on our business. Financial Information and Segments We operate our business as one reportable segment. For fiscal 2026, 2025 and 2024, our revenue was $2,919 million, $2,610 million and $2,263 million, respectively, representing a growth rate of 12% and 15% in fiscal 2026 and 2025, respectively. For fiscal 2026 and 2025, we generated net income of $235 million and $28 million, respectively, and for fiscal 2024, we generated a net loss of $355 million. Our accumulated deficit as of January 31, 2026 was $2,567 million. Key Business Metrics We review a number of operating and financial metrics, including the following key metrics, to evaluate our business, measure our performance, identify trends affecting our business, formulate business plans, and make strategic decisions. As of January 31, 2026 2025 2024 (dollars in millions) Customers with annual contract value (“ACV”) above $100,000 5,100 4,800 4,485 Dollar-based net retention rate for the trailing",real_sec_filing,https://www.sec.gov/Archives/edgar/data/1660134/000166013426000020/okta-20260131.htm,0.06342425774485307,,0.04,0.10342425774485306,keyword,2026-05-28T16:39:12+00:00,What are the key risk factors?,risk_competition_regulation,True,"position remain uncertain. See the section titled “ Risk Factors ” included under Part I, Item 1A above for further discussion of the possible impact of these factors and other risks on our business. Financial Information and Segments We operate our business as one reportable segment. For fiscal 2026, 2025 and 2024, our revenue was $2,919 million, $2,610 million and $2,263 million, respectively, representing a growth rate of 12% and 15% in fiscal 2026 and 2025, respectively. For fiscal 2026 and 2025, we generated net income of $235 million and $28 million, respectively, and for fiscal 2024, we generated a net loss of $355 million. Our accumul",0.10342425774485306,key_risk_factors,What are the key risk factors?,4
OKTA,"Okta, Inc.",1660134,10-K,2026-03-05,0001660134-26-000020,MD&A,OKTA-10-K-171,"If we unwind the Capped Calls in connection with 2026 Notes repurchases or otherwise, we would lose the anti-dilutive impact of any unwound Capped Calls. From time to time, the Option Counterparties or their respective affiliates may modify their hedge positions by entering into or unwinding various derivative transactions with respect to our Class A common stock and/or purchasing or selling our Class A common stock or other securities of ours in secondary market transactions prior to the maturity of the 2026 Notes. This activity could cause a decrease in the market price of our Class A common stock. General Risk Factors We depend on our executive officers and other key employees, and the loss of one or more of these employees or an inability to attract and retain other highly skilled employees could harm our business. Our success depends largely upon the continued services of our executive officers and other key employees. From time to time, there may be changes in our executive management team resulting from the hiring or departure of executives. We do not have employment agreements",real_sec_filing,https://www.sec.gov/Archives/edgar/data/1660134/000166013426000020/okta-20260131.htm,0.06334074776566942,,0.04,0.10334074776566943,keyword,2026-05-28T16:39:12+00:00,What are the key risk factors?,risk_competition_regulation,True,"If we unwind the Capped Calls in connection with 2026 Notes repurchases or otherwise, we would lose the anti-dilutive impact of any unwound Capped Calls. From time to time, the Option Counterparties or their respective affiliates may modify their hedge positions by entering into or unwinding various derivative transactions with respect to our Class A common stock and/or purchasing or selling our Class A common stock or other securities of ours in secondary market transactions prior to the maturity of the 2026 Notes. This activity could cause a decrease in the market price of our Class A common stock. General Risk Factors We depend on our exec",0.10334074776566943,key_risk_factors,What are the key risk factors?,5
OKTA,"Okta, Inc.",1660134,10-K,2026-03-05,0001660134-26-000020,Liquidity and Capital Resources,OKTA-10-K-225,"of January 31, 2026, we had deferred revenue of $1,905 million, of which $1,875 million was recorded as a current liability and is expected to be recorded as revenue in the next 12 months, provided all other revenue recognition criteria have been met. Cash Flows The following table summarizes our cash flows for the periods indicated: Year Ended January 31, 2026 2025 2024 (dollars in millions) Net cash provided by operating activities $ 884 $ 750 $ 512 Net cash provided by (used in) investing activities 271 (314) 441 Net cash used in financing activities (720) (359) (883) Effects of changes in foreign currency exchange rates on cash, cash equivalents and restricted cash 14 (4) 1 Net increase in cash, cash equivalents and restricted cash $ 449 $ 73 $ 71 Operating Activities Our largest source of operating cash is cash collections from our customers for subscription and professional services. Our primary uses of cash from operating activities are for employee-related expenditures, marketing expenses and third-party hosting costs. 55 OKTA, INC. MANAGEMENT’S DISCUSSION AND ANALYSIS OF FINANCIAL CONDITION AND RESULTS",real_sec_filing,https://www.sec.gov/Archives/edgar/data/1660134/000166013426000020/okta-20260131.htm,0.07372618953531995,,0.08,0.15372618953531997,keyword,2026-05-28T16:39:12+00:00,What does management say about cash flows and capital allocation?,liquidity_debt,True,"of January 31, 2026, we had deferred revenue of $1,905 million, of which $1,875 million was recorded as a current liability and is expected to be recorded as revenue in the next 12 months, provided all other revenue recognition criteria have been met. Cash Flows The following table summarizes our cash flows for the periods indicated: Year Ended January 31, 2026 2025 2024 (dollars in millions) Net cash provided by operating activities $ 884 $ 750 $ 512 Net cash provided by (used in) investing activities 271 (314) 441 Net cash used in financing activities (720) (359) (883) Effects of changes in foreign currency exchange rates on cash, cash equi",0.15372618953531997,cash_flows_capital_allocation,What does management say about cash flows and capital allocation?,1
OKTA,"Okta, Inc.",1660134,10-K,2026-03-05,0001660134-26-000020,Liquidity and Capital Resources,OKTA-10-K-266,"inform resource allocation to support strategic priorities and capital allocation needs. The profit and loss measure most consistent with GAAP used by the CODM is consolidated net income. The CODM is regularly provided with budgeted expense information and consolidated expense data. Accordingly, significant segment expenses are inherently reflected in the consolidated financial statements and related notes. Use of Estimates The preparation of consolidated financial statements in conformity with GAAP requires estimates, judgments and assumptions that affect the reported amounts of assets and liabilities, disclosure of contingent assets and liabilities at the date of the consolidated financial statements and the reported amounts of revenue and expenses during the reporting period. Estimates are based on historical experience and on other assumptions that management believes are reasonable under the circumstances. Actual results could vary from those estimates. The Company’s most significant estimates include the valuation of deferred income tax assets, uncertain tax positions, assets and liabilities acquired in business combinations, and loss contingencies related to litigation. Foreign Currency The functional currencies of the Company’s foreign subsidiaries are the respective local currencies. Translation adjustments",real_sec_filing,https://www.sec.gov/Archives/edgar/data/1660134/000166013426000020/okta-20260131.htm,0.0580195358597447,,0.08,0.1380195358597447,keyword,2026-05-28T16:39:12+00:00,What does management say about cash flows and capital allocation?,liquidity_debt,True,"inform resource allocation to support strategic priorities and capital allocation needs. The profit and loss measure most consistent with GAAP used by the CODM is consolidated net income. The CODM is regularly provided with budgeted expense information and consolidated expense data. Accordingly, significant segment expenses are inherently reflected in the consolidated financial statements and related notes. Use of Estimates The preparation of consolidated financial statements in conformity with GAAP requires estimates, judgments and assumptions that affect the reported amounts of assets and liabilities, disclosure of contingent assets and lia",0.1380195358597447,cash_flows_capital_allocation,What does management say about cash flows and capital allocation?,2
OKTA,"Okta, Inc.",1660134,10-K,2026-03-05,0001660134-26-000020,Liquidity and Capital Resources,OKTA-10-K-264,"Cash, cash equivalents and restricted cash at end of year $ 864 $ 415 $ 342 68 Year Ended January 31, 2026 2025 2024 Supplementary cash flow disclosure: Non-cash investing and financing activities: Unsettled common stock repurchases 6 — — Unsettled maturities of securities available-for-sale 69 — — Operating lease right-of-use assets exchanged for lease liabilities 9 9 11 Reconciliation of cash, cash equivalents, and restricted cash within the consolidated balance sheets to the amounts shown in the statements of cash flows above: Cash and cash equivalents $ 858 $ 409 $ 334 Restricted cash, current included in prepaid expenses and other current assets 1 1 2 Restricted cash, noncurrent included in other assets 5 5 6 Total cash, cash equivalents and restricted cash $ 864 $ 415 $ 342 See Notes to Consolidated Financial Statements. 69 OKTA, INC. NOTES TO CONSOLIDATED FINANCIAL STATEMENTS 1. Overview and Basis of Presentation Description of Business Okta, Inc. (the “Company”) is the leading independent identity partner. The Company’s Okta Platform and Auth0 Platform enable customers to securely connect the right people to the",real_sec_filing,https://www.sec.gov/Archives/edgar/data/1660134/000166013426000020/okta-20260131.htm,0.057225472546026834,,0.08,0.13722547254602685,keyword,2026-05-28T16:39:12+00:00,What does management say about cash flows and capital allocation?,liquidity_debt,True,"Cash, cash equivalents and restricted cash at end of year $ 864 $ 415 $ 342 68 Year Ended January 31, 2026 2025 2024 Supplementary cash flow disclosure: Non-cash investing and financing activities: Unsettled common stock repurchases 6 — — Unsettled maturities of securities available-for-sale 69 — — Operating lease right-of-use assets exchanged for lease liabilities 9 9 11 Reconciliation of cash, cash equivalents, and restricted cash within the consolidated balance sheets to the amounts shown in the statements of cash flows above: Cash and cash equivalents $ 858 $ 409 $ 334 Restricted cash, current included in prepaid expenses and other curren",0.13722547254602685,cash_flows_capital_allocation,What does management say about cash flows and capital allocation?,3
OKTA,"Okta, Inc.",1660134,10-K,2026-03-05,0001660134-26-000020,Liquidity and Capital Resources,OKTA-10-K-265,"been prepared in conformity with accounting principles generally accepted in the United States of America (“GAAP”). All intercompany balances and transactions have been eliminated in consolidation. The Company’s fiscal year ends on January 31. References to fiscal 2026, for example, refer to the fiscal year ending January 31, 2026. Certain prior period amounts have been reclassified to conform to the current period presentation. Segments The Company conducts business globally and is managed, operated and organized by major functional departments that operate on a consolidated basis. As a result, the Company operates as one reportable segment. The Company employs a SaaS business model and generates revenue primarily by selling multi-year subscriptions to its cloud-based offerings. The Company’s chief operating decision maker (“CODM”) is the chief executive officer. The CODM utilizes consolidated GAAP and non-GAAP measures of profit and loss to evaluate the Company’s overall performance and inform resource allocation to support strategic priorities and capital allocation needs. The profit and loss measure most consistent with GAAP used by the CODM is consolidated net income. The CODM is regularly provided with budgeted",real_sec_filing,https://www.sec.gov/Archives/edgar/data/1660134/000166013426000020/okta-20260131.htm,0.05068438607733476,,0.08,0.13068438607733476,keyword,2026-05-28T16:39:12+00:00,What does management say about cash flows and capital allocation?,liquidity_debt,True,"been prepared in conformity with accounting principles generally accepted in the United States of America (“GAAP”). All intercompany balances and transactions have been eliminated in consolidation. The Company’s fiscal year ends on January 31. References to fiscal 2026, for example, refer to the fiscal year ending January 31, 2026. Certain prior period amounts have been reclassified to conform to the current period presentation. Segments The Company conducts business globally and is managed, operated and organized by major functional departments that operate on a consolidated basis. As a result, the Company operates as one reportable segment.",0.13068438607733476,cash_flows_capital_allocation,What does management say about cash flows and capital allocation?,4
OKTA,"Okta, Inc.",1660134,10-K,2026-03-05,0001660134-26-000020,Liquidity and Capital Resources,OKTA-10-K-243,"the interest rate environment upon maturity of this fixed rate debt could have an effect on our future cash flows and earnings, depending on whether the debt is replaced with other fixed rate debt, variable rate debt or equity. 59 Item 8. FINANCIAL STATEMENTS AND SUPPLEMENTARY DATA INDEX TO CONSOLIDATED FINANCIAL STATEMENTS Page Reports of Independent Registered Public Accounting Firm (PCAOB ID: 42 ) 61 Consolidated Balance Sheets 64 Consolidated Statements of Operations 65 Consolidated Statements of Comprehensive Income (Loss) 66 Consolidated Statements of Stockholders’ Equity 67 Consolidated Statements of Cash Flows 68 Notes to Consolidated Financial Statements 70 60 Report of Independent Registered Public Accounting Firm To the Stockholders and the Board of Directors of Okta, Inc. Opinion on the Financial Statements We have audited the accompanying consolidated balance sheets of Okta, Inc. (the Company) as of January 31, 2026 and 2025, the related consolidated statements of operations, comprehensive income (loss), stockholders’ equity and cash flows for each of the three years in the period ended January 31, 2026, and the related notes (collectively referred to as the “consolidated",real_sec_filing,https://www.sec.gov/Archives/edgar/data/1660134/000166013426000020/okta-20260131.htm,0.04833632572061565,,0.08,0.12833632572061565,keyword,2026-05-28T16:39:12+00:00,What does management say about cash flows and capital allocation?,liquidity_debt,True,"the interest rate environment upon maturity of this fixed rate debt could have an effect on our future cash flows and earnings, depending on whether the debt is replaced with other fixed rate debt, variable rate debt or equity. 59 Item 8. FINANCIAL STATEMENTS AND SUPPLEMENTARY DATA INDEX TO CONSOLIDATED FINANCIAL STATEMENTS Page Reports of Independent Registered Public Accounting Firm (PCAOB ID: 42 ) 61 Consolidated Balance Sheets 64 Consolidated Statements of Operations 65 Consolidated Statements of Comprehensive Income (Loss) 66 Consolidated Statements of Stockholders’ Equity 67 Consolidated Statements of Cash Flows 68 Notes to Consolidated",0.12833632572061565,cash_flows_capital_allocation,What does management say about cash flows and capital allocation?,5
TOST,"Toast, Inc.",1650164,10-K,2026-02-18,0001650164-26-000057,Segment Information,TOST-10-K-402,"period $ 63 $ 41 Deferred revenue, end of period $ 69 $ 63 Revenue recognized in the period from amounts included in deferred revenue at the beginning of period $ 59 $ 39 Deferred revenue includes amounts classified within other long-term liabilities on our Consolidated Balance Sheets. As of December 31, 2025, $ 999 million of revenue is expected to be recognized from remaining performance obligations for customer contracts. We expect to recognize revenue of approximately $ 936 million of these remaining performance obligations over the next 24 months, with the balance recognized thereafter. 106 Table of Contents The following table summarizes the activity in deferred contract acquisition costs (in millions): Year Ended December 31, 2025 2024 Beginning balance $ 172 $ 127 Capitalization 147 127 Amortization ( 99 ) ( 82 ) Ending balance $ 220 $ 172 As of December 31, 2025 and 2024, $ 98 million and $ 74 million, respectively, of our current deferred contract acquisition costs were recorded within other current assets with the remaining balance recorded within other non-current assets in the accompanying",real_sec_filing,https://www.sec.gov/Archives/edgar/data/1650164/000165016426000057/tost-20251231.htm,0.031028626191370267,,0.08,0.11102862619137027,keyword,2026-05-28T16:39:13+00:00,What are the company's main revenue drivers?,revenue_drivers,True,"period $ 63 $ 41 Deferred revenue, end of period $ 69 $ 63 Revenue recognized in the period from amounts included in deferred revenue at the beginning of period $ 59 $ 39 Deferred revenue includes amounts classified within other long-term liabilities on our Consolidated Balance Sheets. As of December 31, 2025, $ 999 million of revenue is expected to be recognized from remaining performance obligations for customer contracts. We expect to recognize revenue of approximately $ 936 million of these remaining performance obligations over the next 24 months, with the balance recognized thereafter. 106 Table of Contents The following table summarize",0.11102862619137027,revenue_drivers,What are the company's main revenue drivers?,1
TOST,"Toast, Inc.",1650164,10-K,2026-02-18,0001650164-26-000057,Segment Information,TOST-10-K-401,") 22.37 Forfeited ( 3 ) 22.42 Outstanding balance as of December 31, 2025 15 $ 26.80 Expected to vest as of December 31, 2025 13 $ 26.19 The weighted-average grant-date fair value per share of RSUs granted during the fiscal years ended December 31, 2024 and 2023 was $ 24.77 and $ 18.58 , respectively. The fair value of RSUs vested during the fiscal years ended December 31, 2025, 2024, and 2023 was $ 405 million, $ 284 million, and $ 208 million, respectively. As of December 31, 2025, total unrecognized stock-based compensation expense related to the RSUs was $ 289 million and is expected to be recognized over the remaining weighted-average service period of 2.65 years. 10. Revenue from Contracts with Customers The following table summarizes the activity in deferred revenue (in millions): Year Ended December 31, 2025 2024 Deferred revenue, beginning of period $ 63 $ 41 Deferred revenue, end of period $ 69 $ 63 Revenue recognized in the period from amounts included in deferred revenue at the beginning of period $ 59 $ 39 Deferred",real_sec_filing,https://www.sec.gov/Archives/edgar/data/1650164/000165016426000057/tost-20251231.htm,0.03030937811068155,,0.08,0.11030937811068155,keyword,2026-05-28T16:39:13+00:00,What are the company's main revenue drivers?,revenue_drivers,True,") 22.37 Forfeited ( 3 ) 22.42 Outstanding balance as of December 31, 2025 15 $ 26.80 Expected to vest as of December 31, 2025 13 $ 26.19 The weighted-average grant-date fair value per share of RSUs granted during the fiscal years ended December 31, 2024 and 2023 was $ 24.77 and $ 18.58 , respectively. The fair value of RSUs vested during the fiscal years ended December 31, 2025, 2024, and 2023 was $ 405 million, $ 284 million, and $ 208 million, respectively. As of December 31, 2025, total unrecognized stock-based compensation expense related to the RSUs was $ 289 million and is expected to be recognized over the remaining weighted-average se",0.11030937811068155,revenue_drivers,What are the company's main revenue drivers?,2
TOST,"Toast, Inc.",1650164,10-K,2026-02-18,0001650164-26-000057,Segment Information,TOST-10-K-348,"allocation method based on each distinct performance obligation’s standalone selling price, or SSP. We allocate variable fees earned from financial technology services revenue to those distinct performance obligations where pricing practices are consistent with the allocation objective. We measure revenues based on the amount of consideration we expect to receive in exchange for our products and/or services. Customer credits represent variable consideration which is estimated based on historical experience and accounted for as a reduction to the transaction price. We record reductions to revenues for our estimates of customer credits and an increase to liabilities in the period that the related revenue is earned. Sales taxes collected from customers and remitted to government authorities are excluded from revenue and deferred revenue. 90 Table of Contents Subscription Services Subscription services revenue is generated from fees charged to customers for access to our software applications. Subscription services revenue is primarily based on a rate per location, and this rate varies depending on the number of software products purchased, hardware configuration, and employee count. The performance obligation is satisfied ratably over the contract",real_sec_filing,https://www.sec.gov/Archives/edgar/data/1650164/000165016426000057/tost-20251231.htm,0.02998707389237221,,0.08,0.10998707389237221,keyword,2026-05-28T16:39:13+00:00,What are the company's main revenue drivers?,revenue_drivers,True,"allocation method based on each distinct performance obligation’s standalone selling price, or SSP. We allocate variable fees earned from financial technology services revenue to those distinct performance obligations where pricing practices are consistent with the allocation objective. We measure revenues based on the amount of consideration we expect to receive in exchange for our products and/or services. Customer credits represent variable consideration which is estimated based on historical experience and accounted for as a reduction to the transaction price. We record reductions to revenues for our estimates of customer credits and an i",0.10998707389237221,revenue_drivers,What are the company's main revenue drivers?,3
TOST,"Toast, Inc.",1650164,10-K,2026-02-18,0001650164-26-000057,Segment Information,TOST-10-K-352,"the loans using Toast’s payments infrastructure to remit a fixed percentage of daily sales to our bank partner until the loan is repaid. Toast Capital earns fees for the underwriting and marketing of loans, which are recognized upon origination of the loan, and loan servicing fees, based on a percentage of each outstanding loan, which are recognized as servicing revenue as the servicing is delivered in accordance with ASC 860, Transfers and Servicing . Servicing revenue is adjusted for the amortization of servicing rights carried at amortized cost, included within other current assets. The marketing and facilitation fees earned upon execution of these loan agreements with its customers are recognized as revenue on a gross basis. Hardware and Professional Services Hardware revenue is generated from the sale of terminals, tablets, handhelds, and related devices and accessories, net of estimated returns. We invoice end-user customers upon shipment of the products. Revenue for hardware sales is recognized at the point in time when the transfer of control occurs, which is upon product shipment. We accept returns for hardware sales and estimate returns",real_sec_filing,https://www.sec.gov/Archives/edgar/data/1650164/000165016426000057/tost-20251231.htm,0.022573332893275153,,0.08,0.10257333289327515,keyword,2026-05-28T16:39:13+00:00,What are the company's main revenue drivers?,revenue_drivers,True,"the loans using Toast’s payments infrastructure to remit a fixed percentage of daily sales to our bank partner until the loan is repaid. Toast Capital earns fees for the underwriting and marketing of loans, which are recognized upon origination of the loan, and loan servicing fees, based on a percentage of each outstanding loan, which are recognized as servicing revenue as the servicing is delivered in accordance with ASC 860, Transfers and Servicing . Servicing revenue is adjusted for the amortization of servicing rights carried at amortized cost, included within other current assets. The marketing and facilitation fees earned upon execution",0.10257333289327515,revenue_drivers,What are the company's main revenue drivers?,4
TOST,"Toast, Inc.",1650164,10-K,2026-02-18,0001650164-26-000057,Segment Information,TOST-10-K-372,"Sheet Information"" for additional information related to property and equipment impairments. Deferred Revenue Deferred revenue represents our obligation to transfer products or services to customers for which consideration has been received and consists of amounts deferred from subscription services contracts, professional service engagements, and customer deposits received in advance. Amounts deferred under subscription service contracts are recognized ratably over the respective term of the customer contract. Costs of Revenue Costs of revenue primarily consists of costs associated with payment processing, personnel, and related infrastructure for operation of our cloud-based platform, data center operations, customer support, loan servicing and allocated overhead. Hardware costs consist of all product and shipping costs associated with tablets, printers, and other peripherals. Employee-related costs consist of salaries, benefits, bonuses, and stock-based compensation expense. Overhead consists of certain facilities costs, depreciation expense, and amortization costs associated with internally developed software and acquired intangible assets. Payment processing costs include interchange fees, network assessment fees and fees paid to the acquiring payment processors. Stock-Based Compensation Expense We grant equity awards, including stock options which vest upon the satisfaction of",real_sec_filing,https://www.sec.gov/Archives/edgar/data/1650164/000165016426000057/tost-20251231.htm,0.018188186735478038,,0.08,0.09818818673547804,keyword,2026-05-28T16:39:13+00:00,What are the company's main revenue drivers?,revenue_drivers,True,"Sheet Information"" for additional information related to property and equipment impairments. Deferred Revenue Deferred revenue represents our obligation to transfer products or services to customers for which consideration has been received and consists of amounts deferred from subscription services contracts, professional service engagements, and customer deposits received in advance. Amounts deferred under subscription service contracts are recognized ratably over the respective term of the customer contract. Costs of Revenue Costs of revenue primarily consists of costs associated with payment processing, personnel, and related infrastructu",0.09818818673547804,revenue_drivers,What are the company's main revenue drivers?,5
TOST,"Toast, Inc.",1650164,10-K,2026-02-18,0001650164-26-000057,MD&A,TOST-10-K-034,"relationship management, loyalty, mobile pay, gift cards, online ordering, and more. We intend to continue expanding our technology and channel partnerships to deliver even more value to our customers and increase the strategic nature of our platform. • Selectively pursue inorganic growth. We intend to selectively explore inorganic product and technology growth opportunities to build out our portfolio and strengthen our ecosystem advantage. We believe that the scale of our partner ecosystem provides additional visibility into what products would be most valuable to our customers. 10 Table of Contents Customer Success Our customer success team supports our customers through their entire lifecycle beginning with onboarding and extending to ongoing customer care, including product enablement and education around industry best practices. We invest in scalable and efficient onboarding solutions that offer a differentiated customer experience. We currently offer on-site, remote, and self-guided implementation options to our customers. We offer multi-channel customer support 24 hours per day, 7 days a week, 365 days per year via chat or phone. We built our entire platform to be cloud-based, so our customer success team",real_sec_filing,https://www.sec.gov/Archives/edgar/data/1650164/000165016426000057/tost-20251231.htm,0.03846550655102691,,0.08,0.11846550655102692,keyword,2026-05-28T16:39:14+00:00,What does the company say about customer concentration?,revenue_drivers,True,"relationship management, loyalty, mobile pay, gift cards, online ordering, and more. We intend to continue expanding our technology and channel partnerships to deliver even more value to our customers and increase the strategic nature of our platform. • Selectively pursue inorganic growth. We intend to selectively explore inorganic product and technology growth opportunities to build out our portfolio and strengthen our ecosystem advantage. We believe that the scale of our partner ecosystem provides additional visibility into what products would be most valuable to our customers. 10 Table of Contents Customer Success Our customer success team",0.11846550655102692,customer_concentration,What does the company say about customer concentration?,1
TOST,"Toast, Inc.",1650164,10-K,2026-02-18,0001650164-26-000057,Liquidity and Capital Resources,TOST-10-K-345,"or can be corroborated by observable market data. • Level 3 —Unobservable inputs that are supported by little or no market activity and that are significant to determining the fair value of the assets or liabilities, including pricing models, discounted cash flow methodologies and similar techniques. The fair value of our marketable securities is determined based on quoted market prices of similar assets and classified as Level 2 within the fair value hierarchy. (See Note 3, “Financial Instruments”). The carrying values of accounts receivable, accounts payable, and accrued expenses approximate their fair values due to their short-term nature. Concentration of Credit Risk and Significant Customers Financial instruments that subject us to significant concentrations of credit risk primarily consist of cash deposits and cash equivalents, marketable securities, and accounts receivable. We maintain a large portion of our cash deposits and cash equivalents primarily with one financial institution, which, at times, may exceed federally insured limits. We have not incurred any losses associated with this concentration of deposits. Our investment policy provides guidelines and limits regarding investment type, concentration, credit quality, and",real_sec_filing,https://www.sec.gov/Archives/edgar/data/1650164/000165016426000057/tost-20251231.htm,0.07243680221873212,,0.04,0.11243680221873212,keyword,2026-05-28T16:39:14+00:00,What does the company say about customer concentration?,revenue_drivers,True,"or can be corroborated by observable market data. • Level 3 —Unobservable inputs that are supported by little or no market activity and that are significant to determining the fair value of the assets or liabilities, including pricing models, discounted cash flow methodologies and similar techniques. The fair value of our marketable securities is determined based on quoted market prices of similar assets and classified as Level 2 within the fair value hierarchy. (See Note 3, “Financial Instruments”). The carrying values of accounts receivable, accounts payable, and accrued expenses approximate their fair values due to their short-term nature.",0.11243680221873212,customer_concentration,What does the company say about customer concentration?,2
TOST,"Toast, Inc.",1650164,10-K,2026-02-18,0001650164-26-000057,Segment Information,TOST-10-K-370,"or avoid an impairment charge. This change has been applied prospectively as retrospective application is deemed impracticable due to the inability to objectively determine the assumptions and significant estimates used in earlier periods without the benefit of hindsight . Intangible Assets and Impairment of Long-lived Assets Intangible assets primarily consist of finite-lived acquired technology and customer relationships. Finite-lived intangible assets are valued based on estimated future cash flows and amortized on a straight-line basis over their estimated useful lives. We evaluate the remaining estimated useful life of our intangible assets on an ongoing basis to determine whether events and circumstances warrant a revision to the remaining amortization period. Acquired technology and customer relationships amortization is recorded within costs of revenue and sales and marketing expenses, respectively, within the Consolidated Statements of Operations. The estimated useful lives for acquired technology and customer relationship intangible assets are as follows: Estimated Useful Life Acquired technology 3 - 10 years Customer acquired intangible assets 5 - 6 years We evaluate the recoverability of property and equipment and finite lived intangible assets for impairment whenever",real_sec_filing,https://www.sec.gov/Archives/edgar/data/1650164/000165016426000057/tost-20251231.htm,0.025207247426535285,,0.08,0.10520724742653528,keyword,2026-05-28T16:39:14+00:00,What does the company say about customer concentration?,revenue_drivers,True,or avoid an impairment charge. This change has been applied prospectively as retrospective application is deemed impracticable due to the inability to objectively determine the assumptions and significant estimates used in earlier periods without the benefit of hindsight . Intangible Assets and Impairment of Long-lived Assets Intangible assets primarily consist of finite-lived acquired technology and customer relationships. Finite-lived intangible assets are valued based on estimated future cash flows and amortized on a straight-line basis over their estimated useful lives. We evaluate the remaining estimated useful life of our intangible ass,0.10520724742653528,customer_concentration,What does the company say about customer concentration?,3
TOST,"Toast, Inc.",1650164,10-K,2026-02-18,0001650164-26-000057,MD&A,TOST-10-K-036,"teams that are deeply familiar with, and trusted by, the local community. This deep knowledge of the local food and beverage scene provides us with a competitive advantage. Our sales team consists of an acquisition team that is focused on new location growth and is organized by customer size (i.e., number of locations per customer), type, and geography. The acquisition team is complemented by a growth team that focuses on expansion into the install base. To generate and capture demand we invest heavily in the primary discovery channels for restaurant and food and beverage retail operators. We combine our demand generation efforts with pricing and packaging that is designed to increase platform adoption and simplify the buying process for operators. This approach provides multiple entry points into the Toast platform ranging from a single terminal point of sale to a multi-product setup for a complex restaurant or food and beverage retail operation. As Toast continues to grow, so does the importance of brand recognition and our investments into strengthening it. This brand recognition will help continue to drive growth in",real_sec_filing,https://www.sec.gov/Archives/edgar/data/1650164/000165016426000057/tost-20251231.htm,0.02371124674763931,,0.08,0.10371124674763932,keyword,2026-05-28T16:39:14+00:00,What does the company say about customer concentration?,revenue_drivers,True,"teams that are deeply familiar with, and trusted by, the local community. This deep knowledge of the local food and beverage scene provides us with a competitive advantage. Our sales team consists of an acquisition team that is focused on new location growth and is organized by customer size (i.e., number of locations per customer), type, and geography. The acquisition team is complemented by a growth team that focuses on expansion into the install base. To generate and capture demand we invest heavily in the primary discovery channels for restaurant and food and beverage retail operators. We combine our demand generation efforts with pricing",0.10371124674763932,customer_concentration,What does the company say about customer concentration?,4
TOST,"Toast, Inc.",1650164,10-K,2026-02-18,0001650164-26-000057,MD&A,TOST-10-K-037,"restaurant or food and beverage retail operation. As Toast continues to grow, so does the importance of brand recognition and our investments into strengthening it. This brand recognition will help continue to drive growth in the restaurant and retail community and increase referrals. Research and Development Our product development strategy is grounded in deep customer understanding and focused on delivering reliable, scalable capabilities that address the critical operational workflows of restaurants and food and beverage retailers. Our development process incorporates insights from market and user research, strategic planning, and iterative financial analysis, but it is first and foremost driven by our customer obsession and our mission to empower the restaurant and food and beverage retail community to delight their guests, do what they love, and thrive. We believe this focus on solving real operational challenges for our customers is fundamental to building durable products and driving long-term platform value. Our research and development teams operate on a full-stack development model, organized into cross-functional groups with end-to-end responsibility across product management, design, engineering, analytics, and data science. This structure enables teams",real_sec_filing,https://www.sec.gov/Archives/edgar/data/1650164/000165016426000057/tost-20251231.htm,0.02282255565022874,,0.08,0.10282255565022874,keyword,2026-05-28T16:39:14+00:00,What does the company say about customer concentration?,revenue_drivers,True,"restaurant or food and beverage retail operation. As Toast continues to grow, so does the importance of brand recognition and our investments into strengthening it. This brand recognition will help continue to drive growth in the restaurant and retail community and increase referrals. Research and Development Our product development strategy is grounded in deep customer understanding and focused on delivering reliable, scalable capabilities that address the critical operational workflows of restaurants and food and beverage retailers. Our development process incorporates insights from market and user research, strategic planning, and iterativ",0.10282255565022874,customer_concentration,What does the company say about customer concentration?,5
TOST,"Toast, Inc.",1650164,10-K,2026-02-18,0001650164-26-000057,Liquidity and Capital Resources,TOST-10-K-303,"for any given period. The following table presents a reconciliation of net cash provided by operating activities to the free cash flow for each of the periods presented: Year Ended December 31, (in millions) 2025 2024 Net cash provided by operating activities $ 661 $ 360 Capital expenditures (53) (54) Free cash flow $ 608 $ 306 LIQUIDITY AND CAPITAL RESOURCES Our principal sources of liquidity are cash and cash equivalents and marketable securities. We also have access to external sources of liquidity through a credit facility as further described below. The following tables present selected financial information related to our liquidity: Year Ended December 31, (in millions) 2025 (1) 2024 (2) Cash and cash equivalents $ 1,353 $ 903 Marketable securities 638 514 Cash and cash equivalents and marketable securities $ 1,991 $ 1,417 Available credit facility $ 347 $ 325 Total $ 2,338 $ 1,742 (1) Excludes $159 million of cash held on behalf of customers and $71 million of restricted cash. (2) Excludes $123 million of cash held on behalf of customers and $59 million of restricted",real_sec_filing,https://www.sec.gov/Archives/edgar/data/1650164/000165016426000057/tost-20251231.htm,0.05531299105922107,,0.08,0.13531299105922107,keyword,2026-05-28T16:39:14+00:00,What are the main liquidity risks?,liquidity_debt,True,"for any given period. The following table presents a reconciliation of net cash provided by operating activities to the free cash flow for each of the periods presented: Year Ended December 31, (in millions) 2025 2024 Net cash provided by operating activities $ 661 $ 360 Capital expenditures (53) (54) Free cash flow $ 608 $ 306 LIQUIDITY AND CAPITAL RESOURCES Our principal sources of liquidity are cash and cash equivalents and marketable securities. We also have access to external sources of liquidity through a credit facility as further described below. The following tables present selected financial information related to our liquidity: Yea",0.13531299105922107,liquidity_risks,What are the main liquidity risks?,1
TOST,"Toast, Inc.",1650164,10-K,2026-02-18,0001650164-26-000057,Debt / Contractual Obligations,TOST-10-K-136,"expose us to increased scrutiny from the investment community, regulatory authorities, and others or subject us to liability. We rely primarily on third-party insurance policies to insure our operations-related risks. If our insurance coverage does not cover a particular loss or is insufficient for the needs of our business or our insurance providers are unable to meet their obligations, we may not be able to mitigate the risks facing our business, which could adversely affect our business, financial condition, and results of operations. 34 Table of Contents We procure third-party insurance policies to cover various operations-related risks including employment practices liability, workers’ compensation, business interruptions, cybersecurity and data breaches, crime, directors’ and officers’ liability, and general business liabilities, but our insurance may not cover 100% of the costs and losses from all events. For certain types of operations-related risks or future risks related to our new and evolving services, we may not be able to, or may choose not to, acquire insurance. In addition, we may not obtain enough insurance to adequately mitigate such operations-related risks or risks related to",real_sec_filing,https://www.sec.gov/Archives/edgar/data/1650164/000165016426000057/tost-20251231.htm,0.05423577044485788,,0.08,0.13423577044485788,keyword,2026-05-28T16:39:14+00:00,What are the main liquidity risks?,liquidity_debt,True,"expose us to increased scrutiny from the investment community, regulatory authorities, and others or subject us to liability. We rely primarily on third-party insurance policies to insure our operations-related risks. If our insurance coverage does not cover a particular loss or is insufficient for the needs of our business or our insurance providers are unable to meet their obligations, we may not be able to mitigate the risks facing our business, which could adversely affect our business, financial condition, and results of operations. 34 Table of Contents We procure third-party insurance policies to cover various operations-related risks i",0.13423577044485788,liquidity_risks,What are the main liquidity risks?,2
TOST,"Toast, Inc.",1650164,10-K,2026-02-18,0001650164-26-000057,MD&A,TOST-10-K-008,"rates, capital market disruptions, tariffs, sanctions, or economic slowdowns or recessions, on our business and the industries we serve; • our ability to source, finance, and integrate companies and assets that we have or may acquire; and • the sufficiency of our cash, cash equivalents and investments to meet our liquidity needs. You should not rely upon forward-looking statements as predictions of future events. We have based the forward-looking statements contained in this Annual Report on Form 10-K primarily on our current expectations and projections about future events and trends that we believe may affect our business, financial condition, results of operations, and prospects. The outcome of the events described in these forward-looking statements is subject to risks, uncertainties and other factors described in the section titled “Risk Factors” and elsewhere in this Annual Report on Form 10-K. Moreover, we operate in a very competitive and rapidly changing environment. New risks and uncertainties emerge from time to time, and it is not possible for us to predict all risks and uncertainties that could have an impact on the forward-looking statements",real_sec_filing,https://www.sec.gov/Archives/edgar/data/1650164/000165016426000057/tost-20251231.htm,0.044092035906164964,,0.08,0.12409203590616497,keyword,2026-05-28T16:39:14+00:00,What are the main liquidity risks?,liquidity_debt,True,"rates, capital market disruptions, tariffs, sanctions, or economic slowdowns or recessions, on our business and the industries we serve; • our ability to source, finance, and integrate companies and assets that we have or may acquire; and • the sufficiency of our cash, cash equivalents and investments to meet our liquidity needs. You should not rely upon forward-looking statements as predictions of future events. We have based the forward-looking statements contained in this Annual Report on Form 10-K primarily on our current expectations and projections about future events and trends that we believe may affect our business, financial conditi",0.12409203590616497,liquidity_risks,What are the main liquidity risks?,3
TOST,"Toast, Inc.",1650164,10-K,2026-02-18,0001650164-26-000057,MD&A,TOST-10-K-011,"cautioned not to unduly rely upon these statements. 3 Table of Contents RISK FACTORS SUMMARY The following is a summary of the principal risks that could materially adversely affect our business, results of operations, and financial condition. Additional discussion of the risks included in this summary, and other risks that we face, can be found below and should be carefully considered, together with other information in this Annual Report on Form 10-K in its entirety before making investment decisions regarding our Class A common stock. This summary should not be relied upon as an exhaustive summary of the material risks facing our business. • If we fail to manage our growth effectively and efficiently, we may be unable to execute our business plan, maintain high levels of service and customer satisfaction, or adequately address competitive challenges. • If we do not attract new customers, retain existing customers, and increase our customers’ use of our platform, our business will suffer. • We have a limited operating history in an evolving industry at our current scale, which makes it difficult to evaluate",real_sec_filing,https://www.sec.gov/Archives/edgar/data/1650164/000165016426000057/tost-20251231.htm,0.03912499770514267,,0.08,0.11912499770514268,keyword,2026-05-28T16:39:14+00:00,What are the main liquidity risks?,liquidity_debt,True,"cautioned not to unduly rely upon these statements. 3 Table of Contents RISK FACTORS SUMMARY The following is a summary of the principal risks that could materially adversely affect our business, results of operations, and financial condition. Additional discussion of the risks included in this summary, and other risks that we face, can be found below and should be carefully considered, together with other information in this Annual Report on Form 10-K in its entirety before making investment decisions regarding our Class A common stock. This summary should not be relied upon as an exhaustive summary of the material risks facing our business.",0.11912499770514268,liquidity_risks,What are the main liquidity risks?,4
TOST,"Toast, Inc.",1650164,10-K,2026-02-18,0001650164-26-000057,MD&A,TOST-10-K-005,"Report on Form 10-K contains forward-looking statements within the meaning of the Private Securities Litigation Reform Act of 1995 about us and our industry that involve substantial risks and uncertainties. All statements other than statements of historical facts contained in this Annual Report on Form 10-K, including statements regarding our future results of operations, financial condition, business strategy, plans and objectives of management for future operations, our market opportunity and the potential growth of that market, our liquidity and capital needs and other similar matters, are forward-looking statements. In some cases, you can identify forward-looking statements because they contain words such as “anticipate,” “believe,” “contemplate,” “continue,” “could,” “estimate,” “expect,” “intend,” “may,” “plan,” “potential,” “predict,” “project,” “should,” “target,” “will,” or “would,” or the negative of these words or other similar terms or expressions. These forward-looking statements are based on management’s current expectations and assumptions about future events, which are inherently subject to uncertainties, risks, and changes in circumstances that are difficult to predict. Forward-looking statements contained in this Annual Report on Form 10-K include, but are not limited to, statements concerning",real_sec_filing,https://www.sec.gov/Archives/edgar/data/1650164/000165016426000057/tost-20251231.htm,0.03080672600580426,,0.08,0.11080672600580427,keyword,2026-05-28T16:39:14+00:00,What are the main liquidity risks?,liquidity_debt,True,"Report on Form 10-K contains forward-looking statements within the meaning of the Private Securities Litigation Reform Act of 1995 about us and our industry that involve substantial risks and uncertainties. All statements other than statements of historical facts contained in this Annual Report on Form 10-K, including statements regarding our future results of operations, financial condition, business strategy, plans and objectives of management for future operations, our market opportunity and the potential growth of that market, our liquidity and capital needs and other similar matters, are forward-looking statements. In some cases, you can",0.11080672600580427,liquidity_risks,What are the main liquidity risks?,5
TOST,"Toast, Inc.",1650164,10-K,2026-02-18,0001650164-26-000057,Liquidity and Capital Resources,TOST-10-K-302,"flow is a meaningful indicator of our sources of liquidity and capital requirements that provides information to management and investors in evaluating the cash flow trends of our business. Once our business needs and obligations are met, cash can be used to maintain a strong balance sheet and invest in future growth. Free cash flow has limitations as an analytical tool and should not be considered in isolation or as a substitute for analysis of our results as reported under GAAP. Other companies may calculate free cash flow or similarly titled non-GAAP measures differently, which could reduce the usefulness of free cash flow as a tool for comparison. In addition, free cash flow does not reflect mandatory debt service and other non-discretionary expenditures that are required to be made under contractual commitments and does not represent the total increase or decrease in our cash balance for any given period. The following table presents a reconciliation of net cash provided by operating activities to the free cash flow for each of the periods presented: Year Ended December 31, (in millions) 2025",real_sec_filing,https://www.sec.gov/Archives/edgar/data/1650164/000165016426000057/tost-20251231.htm,0.03830472299449571,,0.08,0.11830472299449571,keyword,2026-05-28T16:39:15+00:00,What does management say about debt obligations?,liquidity_debt,True,"flow is a meaningful indicator of our sources of liquidity and capital requirements that provides information to management and investors in evaluating the cash flow trends of our business. Once our business needs and obligations are met, cash can be used to maintain a strong balance sheet and invest in future growth. Free cash flow has limitations as an analytical tool and should not be considered in isolation or as a substitute for analysis of our results as reported under GAAP. Other companies may calculate free cash flow or similarly titled non-GAAP measures differently, which could reduce the usefulness of free cash flow as a tool for co",0.11830472299449571,debt_obligations,What does management say about debt obligations?,1
TOST,"Toast, Inc.",1650164,10-K,2026-02-18,0001650164-26-000057,Debt / Contractual Obligations,TOST-10-K-218,"affecting multinational corporations could significantly influence our operations, lead to an increase in our global effective tax rate and adversely impact our financial performance. Under state tax law, we may be deemed responsible for collecting and remitting sales taxes directly to certain states. State tax authorities may raise questions about, or challenge or disagree with, our calculation, reporting, or collection of taxes and may require us to collect taxes or to remit additional taxes and interest and could impose associated penalties and fees. Moreover, an increasing number of states have considered or adopted laws or administrative practices that attempt to impose obligations for online marketplaces, payment service providers, and other intermediaries. These obligations may require us to collect and remit taxes on the merchant customers’ behalf and take on additional reporting and record-keeping obligations. Any failure by us to prepare for and to comply with these and similar reporting and record-keeping obligations could result in substantial monetary penalties and other sanctions, adversely impact our ability to do business in certain jurisdictions, and harm our business. Government regulation of the Internet,",real_sec_filing,https://www.sec.gov/Archives/edgar/data/1650164/000165016426000057/tost-20251231.htm,0.026759222439346718,,0.08,0.10675922243934671,keyword,2026-05-28T16:39:15+00:00,What does management say about debt obligations?,liquidity_debt,True,"affecting multinational corporations could significantly influence our operations, lead to an increase in our global effective tax rate and adversely impact our financial performance. Under state tax law, we may be deemed responsible for collecting and remitting sales taxes directly to certain states. State tax authorities may raise questions about, or challenge or disagree with, our calculation, reporting, or collection of taxes and may require us to collect taxes or to remit additional taxes and interest and could impose associated penalties and fees. Moreover, an increasing number of states have considered or adopted laws or administrative",0.10675922243934671,debt_obligations,What does management say about debt obligations?,2
TOST,"Toast, Inc.",1650164,10-K,2026-02-18,0001650164-26-000057,Liquidity and Capital Resources,TOST-10-K-297,"widely used by investors and securities analysts to measure a company’s operating performance without regard to items such as depreciation and amortization, interest expense, and interest income, which can vary substantially from company to company depending on their financing and capital structures and the method by which their assets were acquired. In addition, Adjusted EBITDA eliminates the impact of certain items that may obscure trends in the underlying performance of our business. Adjusted EBITDA also has limitations as an analytical tool, and should not be considered in isolation or as a substitute for analysis of our results as reported under GAAP. For example, although depreciation expense is a non-cash charge, the assets being depreciated may have to be replaced in the future, and Adjusted EBITDA does not reflect cash capital expenditure requirements for such replacements or for new asset acquisitions. In addition, Adjusted EBITDA excludes stock-based compensation expense, which has been, and will continue to be for the foreseeable future, a significant recurring expense for our business and an important part of our compensation strategy. Adjusted EBITDA also does not",real_sec_filing,https://www.sec.gov/Archives/edgar/data/1650164/000165016426000057/tost-20251231.htm,0.020791316959389187,,0.08,0.10079131695938919,keyword,2026-05-28T16:39:15+00:00,What does management say about debt obligations?,liquidity_debt,True,"widely used by investors and securities analysts to measure a company’s operating performance without regard to items such as depreciation and amortization, interest expense, and interest income, which can vary substantially from company to company depending on their financing and capital structures and the method by which their assets were acquired. In addition, Adjusted EBITDA eliminates the impact of certain items that may obscure trends in the underlying performance of our business. Adjusted EBITDA also has limitations as an analytical tool, and should not be considered in isolation or as a substitute for analysis of our results as report",0.10079131695938919,debt_obligations,What does management say about debt obligations?,3
TOST,"Toast, Inc.",1650164,10-K,2026-02-18,0001650164-26-000057,Debt / Contractual Obligations,TOST-10-K-265,"These laws and regulations could also make it more difficult for us to attract and retain qualified persons to serve on our Board, our Board committees or as our executive officers. Furthermore, if we are unable to satisfy our obligations as a public company, we could be subject to delisting of our Class A common stock, fines, sanctions, and other regulatory action and potentially civil litigation. These factors may therefore strain our resources, divert management’s attention, and affect our ability to attract and retain qualified Board members and executive officers. Item 1B. Unresolved Staff Comments None. Item 1C. Cybersecurity We recognize the importance of managing cyber risks that we face and have established processes as part of our overall enterprise risk management, or ERM, program to identify, assess, and manage risks associated with cybersecurity. Our Board retains oversight of our cybersecurity risk management. Our cybersecurity program is informed by industry standards, including the National Institute of Standards and Technology, or NIST, Cybersecurity Framework. In general, we seek to address cybersecurity risks through a cross-functional approach that is designed to preserve",real_sec_filing,https://www.sec.gov/Archives/edgar/data/1650164/000165016426000057/tost-20251231.htm,0.020376418494344302,,0.08,0.10037641849434431,keyword,2026-05-28T16:39:15+00:00,What does management say about debt obligations?,liquidity_debt,True,"These laws and regulations could also make it more difficult for us to attract and retain qualified persons to serve on our Board, our Board committees or as our executive officers. Furthermore, if we are unable to satisfy our obligations as a public company, we could be subject to delisting of our Class A common stock, fines, sanctions, and other regulatory action and potentially civil litigation. These factors may therefore strain our resources, divert management’s attention, and affect our ability to attract and retain qualified Board members and executive officers. Item 1B. Unresolved Staff Comments None. Item 1C. Cybersecurity We recogni",0.10037641849434431,debt_obligations,What does management say about debt obligations?,4
TOST,"Toast, Inc.",1650164,10-K,2026-02-18,0001650164-26-000057,Debt / Contractual Obligations,TOST-10-K-259,"regulations require, among other things, that we establish and periodically evaluate procedures with respect to our internal control over financial reporting. Reporting obligations as a public company place a considerable strain on our financial and management systems, processes, and controls, as well as on our personnel. 59 Table of Contents We are also required, pursuant to Section 404 of the Sarbanes-Oxley Act, to furnish a report on the effectiveness of our internal control over financial reporting as of the end of each fiscal year, which requires us to document and test our internal control over financial reporting. Our compliance with Section 404 of the Sarbanes-Oxley Act requires that we incur substantial expenses and expend significant management efforts. In particular, as we continue to grow our business, we will need to continue to develop and refine our disclosure controls, and to improve our internal control over financial reporting, which may result in hiring additional accounting and financial personnel to implement such processes and controls. This assessment must include disclosure of any material weaknesses identified by our management in our internal control",real_sec_filing,https://www.sec.gov/Archives/edgar/data/1650164/000165016426000057/tost-20251231.htm,0.02006363805273139,,0.08,0.10006363805273139,keyword,2026-05-28T16:39:15+00:00,What does management say about debt obligations?,liquidity_debt,True,"regulations require, among other things, that we establish and periodically evaluate procedures with respect to our internal control over financial reporting. Reporting obligations as a public company place a considerable strain on our financial and management systems, processes, and controls, as well as on our personnel. 59 Table of Contents We are also required, pursuant to Section 404 of the Sarbanes-Oxley Act, to furnish a report on the effectiveness of our internal control over financial reporting as of the end of each fiscal year, which requires us to document and test our internal control over financial reporting. Our compliance with S",0.10006363805273139,debt_obligations,What does management say about debt obligations?,5
TOST,"Toast, Inc.",1650164,10-K,2026-02-18,0001650164-26-000057,MD&A,TOST-10-K-011,"cautioned not to unduly rely upon these statements. 3 Table of Contents RISK FACTORS SUMMARY The following is a summary of the principal risks that could materially adversely affect our business, results of operations, and financial condition. Additional discussion of the risks included in this summary, and other risks that we face, can be found below and should be carefully considered, together with other information in this Annual Report on Form 10-K in its entirety before making investment decisions regarding our Class A common stock. This summary should not be relied upon as an exhaustive summary of the material risks facing our business. • If we fail to manage our growth effectively and efficiently, we may be unable to execute our business plan, maintain high levels of service and customer satisfaction, or adequately address competitive challenges. • If we do not attract new customers, retain existing customers, and increase our customers’ use of our platform, our business will suffer. • We have a limited operating history in an evolving industry at our current scale, which makes it difficult to evaluate",real_sec_filing,https://www.sec.gov/Archives/edgar/data/1650164/000165016426000057/tost-20251231.htm,0.03688792611871803,,0.08,0.11688792611871804,keyword,2026-05-28T16:39:15+00:00,What risks could pressure margins?,margin_pressure,True,"cautioned not to unduly rely upon these statements. 3 Table of Contents RISK FACTORS SUMMARY The following is a summary of the principal risks that could materially adversely affect our business, results of operations, and financial condition. Additional discussion of the risks included in this summary, and other risks that we face, can be found below and should be carefully considered, together with other information in this Annual Report on Form 10-K in its entirety before making investment decisions regarding our Class A common stock. This summary should not be relied upon as an exhaustive summary of the material risks facing our business.",0.11688792611871804,margin_pressure,What risks could pressure margins?,1
TOST,"Toast, Inc.",1650164,10-K,2026-02-18,0001650164-26-000057,MD&A,TOST-10-K-008,"rates, capital market disruptions, tariffs, sanctions, or economic slowdowns or recessions, on our business and the industries we serve; • our ability to source, finance, and integrate companies and assets that we have or may acquire; and • the sufficiency of our cash, cash equivalents and investments to meet our liquidity needs. You should not rely upon forward-looking statements as predictions of future events. We have based the forward-looking statements contained in this Annual Report on Form 10-K primarily on our current expectations and projections about future events and trends that we believe may affect our business, financial condition, results of operations, and prospects. The outcome of the events described in these forward-looking statements is subject to risks, uncertainties and other factors described in the section titled “Risk Factors” and elsewhere in this Annual Report on Form 10-K. Moreover, we operate in a very competitive and rapidly changing environment. New risks and uncertainties emerge from time to time, and it is not possible for us to predict all risks and uncertainties that could have an impact on the forward-looking statements",real_sec_filing,https://www.sec.gov/Archives/edgar/data/1650164/000165016426000057/tost-20251231.htm,0.026118079136977803,,0.08,0.10611807913697781,keyword,2026-05-28T16:39:15+00:00,What risks could pressure margins?,margin_pressure,True,"rates, capital market disruptions, tariffs, sanctions, or economic slowdowns or recessions, on our business and the industries we serve; • our ability to source, finance, and integrate companies and assets that we have or may acquire; and • the sufficiency of our cash, cash equivalents and investments to meet our liquidity needs. You should not rely upon forward-looking statements as predictions of future events. We have based the forward-looking statements contained in this Annual Report on Form 10-K primarily on our current expectations and projections about future events and trends that we believe may affect our business, financial conditi",0.10611807913697781,margin_pressure,What risks could pressure margins?,2
TOST,"Toast, Inc.",1650164,10-K,2026-02-18,0001650164-26-000057,MD&A,TOST-10-K-018,"solutions, including integrated payment processing, restaurant-grade hardware, and a broad ecosystem of third-party partners. We serve as the restaurant operating system, connecting front of house and back of house operations across service models including dine-in, takeout, delivery, catering, and retail. Our Market Restaurants and food and beverage retailers are highly diverse and complex and generally operate with low margins, high employee turnover, highly perishable products, and complex regulations. At the same time, these businesses operate in a dynamic environment with changing input costs, labor constraints, evolving consumer preferences, and the imperative to utilize technology and data to innovate. What was once primarily an on-site experience with antiquated solutions is now becoming an omnichannel experience with operators employing technology to enable a range of additional service models, including curbside pick-up, delivery, wholesale, and catering. Over the last several years, consumer preference towards omnichannel commerce and digital engagement options has accelerated. With food service and retail businesses of varying sizes - from small and mid-sized operators to larger, multi-location and enterprise customers- operating in an increasingly dynamic environment, it is critical that",real_sec_filing,https://www.sec.gov/Archives/edgar/data/1650164/000165016426000057/tost-20251231.htm,0.017695096781682483,,0.08,0.09769509678168248,keyword,2026-05-28T16:39:15+00:00,What risks could pressure margins?,margin_pressure,True,"solutions, including integrated payment processing, restaurant-grade hardware, and a broad ecosystem of third-party partners. We serve as the restaurant operating system, connecting front of house and back of house operations across service models including dine-in, takeout, delivery, catering, and retail. Our Market Restaurants and food and beverage retailers are highly diverse and complex and generally operate with low margins, high employee turnover, highly perishable products, and complex regulations. At the same time, these businesses operate in a dynamic environment with changing input costs, labor constraints, evolving consumer prefere",0.09769509678168248,margin_pressure,What risks could pressure margins?,3
TOST,"Toast, Inc.",1650164,10-K,2026-02-18,0001650164-26-000057,MD&A,TOST-10-K-021,"and to adopt additional capabilities as their businesses grow in scale and complexity. Designed to work together, our solutions deliver increasing value as customers adopt more of the platform. For example, customers that use our digital ordering solutions can connect those orders directly with our marketing and loyalty tools, allowing them to promote offers to returning guests, encourage repeat visits, and 6 Table of Contents drive more orders through their own digital channels, which can help customers save on third-party commissions and deliver incremental margins. We continue to enhance the capabilities of our platform and expand its applicability across use cases, while maintaining a focus on reliability, scalability, and security. Our approach emphasizes delivering operational outcomes for customers through integrated workflows, data-driven insights, and ongoing innovation across the platform. Point-of-Sale (POS) & Restaurant Operations Toast’s in-store POS and restaurant operations offerings are built to help reduce time to take an order, optimize operations, and seamlessly handle payments. This includes software to run fixed-location POS terminals, handheld POS devices, and self-service kiosks that allow restaurant staff to take orders and guests",real_sec_filing,https://www.sec.gov/Archives/edgar/data/1650164/000165016426000057/tost-20251231.htm,0.017409408250003443,,0.08,0.09740940825000344,keyword,2026-05-28T16:39:15+00:00,What risks could pressure margins?,margin_pressure,True,"and to adopt additional capabilities as their businesses grow in scale and complexity. Designed to work together, our solutions deliver increasing value as customers adopt more of the platform. For example, customers that use our digital ordering solutions can connect those orders directly with our marketing and loyalty tools, allowing them to promote offers to returning guests, encourage repeat visits, and 6 Table of Contents drive more orders through their own digital channels, which can help customers save on third-party commissions and deliver incremental margins. We continue to enhance the capabilities of our platform and expand its appl",0.09740940825000344,margin_pressure,What risks could pressure margins?,4
TOST,"Toast, Inc.",1650164,10-K,2026-02-18,0001650164-26-000057,MD&A,TOST-10-K-046,"have registered domain names for websites that we use in our business, such as www.toasttab.com and other variations. We intend to pursue additional intellectual property protection to the extent we believe it would be beneficial and cost effective. Despite our efforts to protect our intellectual property rights, they may not be respected in the future or may be invalidated, circumvented, or challenged. See the sections titled “Risk Factors,” including the section(s) titled “Risk Factors—Risks Related to Our Intellectual Property” for a description of the risks related to our intellectual property. 13 Table of Contents Government Regulation Various aspects of our business and service areas are subject to U.S. federal, state, and local regulation, as well as regulation outside the United States. As more fully described below, certain of our services also are, or may be in the future, subject to the laws, rules, and regulations that are related to acceptance of credit cards and debit cards, payments services (such as payment processing and settlement services), including laws concerning consumer financial protection, anti-money laundering and escheatment. From time to time, we",real_sec_filing,https://www.sec.gov/Archives/edgar/data/1650164/000165016426000057/tost-20251231.htm,0.016471686242870674,,0.08,0.09647168624287067,keyword,2026-05-28T16:39:15+00:00,What risks could pressure margins?,margin_pressure,True,"have registered domain names for websites that we use in our business, such as www.toasttab.com and other variations. We intend to pursue additional intellectual property protection to the extent we believe it would be beneficial and cost effective. Despite our efforts to protect our intellectual property rights, they may not be respected in the future or may be invalidated, circumvented, or challenged. See the sections titled “Risk Factors,” including the section(s) titled “Risk Factors—Risks Related to Our Intellectual Property” for a description of the risks related to our intellectual property. 13 Table of Contents Government Regulation V",0.09647168624287067,margin_pressure,What risks could pressure margins?,5
TOST,"Toast, Inc.",1650164,10-K,2026-02-18,0001650164-26-000057,Debt / Contractual Obligations,TOST-10-K-182,"are able to do so, we could be required to make product and service changes in order to obtain and maintain such licenses, which could have a material and adverse effect on our business. As we obtain such licenses, we are and will become subject to many additional requirements and limitations, including those with respect to the custody of customer funds; record-keeping requirements; disclosure requirements; examination requirements; annual or biennial activity reporting and license renewal requirements; notification and approval requirements for changes in our officers, directors, stock ownership, or corporate control; permissible investment requirements; capital or minimum net worth requirements; bonding; restrictions on marketing and advertising; qualified individual requirements; anti-money laundering and compliance program requirements; data security and privacy requirements; and review requirements for customer-facing documents. The cost of obtaining and maintaining licenses can be material. Our subsidiary, Toast Insurance Services, Inc., and certain personnel hold insurance related licenses. We cannot assure you that we, or our licensed personnel, are and will remain at all times in full compliance with insurance laws and regulations, and we may be subject to",real_sec_filing,https://www.sec.gov/Archives/edgar/data/1650164/000165016426000057/tost-20251231.htm,0.1765627750499932,,0.08,0.2565627750499932,keyword,2026-05-28T16:39:16+00:00,What capex or investment requirements are disclosed?,capex_investment,True,"are able to do so, we could be required to make product and service changes in order to obtain and maintain such licenses, which could have a material and adverse effect on our business. As we obtain such licenses, we are and will become subject to many additional requirements and limitations, including those with respect to the custody of customer funds; record-keeping requirements; disclosure requirements; examination requirements; annual or biennial activity reporting and license renewal requirements; notification and approval requirements for changes in our officers, directors, stock ownership, or corporate control; permissible investment",0.2565627750499932,capex_requirements,What capex or investment requirements are disclosed?,1
TOST,"Toast, Inc.",1650164,10-K,2026-02-18,0001650164-26-000057,MD&A,TOST-10-K-049,"we refer to as AML/CFT, and to control for the AML/CFT risks inherent to our business. The AML Program is also designed to prevent our platform from being used to facilitate business with certain individuals, entities, countries, and territories that are targets of economic or trade sanctions, including those imposed by the Treasury Department’s Office of Foreign Assets Control. State Licensing Requirements Certain of our payment technology solutions are or may become subject to state money transmitter or payroll processor laws and regulations. TPS is licensed as a money transmitter in most states in connection with certain payroll processing services we provide. Federal and state money transmitter laws and regulations impose a variety of requirements and restrictions on us, including anti-money laundering program requirements; record-keeping requirements; disclosure requirements; examination requirements; annual or biennial activity reporting and license renewal requirements; notification and approval requirements for changes in our officers, directors, stock ownership or corporate control; permissible investment requirements; capital or minimum net worth requirements; bonding; restrictions on marketing and advertising; qualified individual requirements; anti-money laundering and compliance program requirements; data security",real_sec_filing,https://www.sec.gov/Archives/edgar/data/1650164/000165016426000057/tost-20251231.htm,0.15103273081516752,,0.08,0.2310327308151675,keyword,2026-05-28T16:39:16+00:00,What capex or investment requirements are disclosed?,capex_investment,True,"we refer to as AML/CFT, and to control for the AML/CFT risks inherent to our business. The AML Program is also designed to prevent our platform from being used to facilitate business with certain individuals, entities, countries, and territories that are targets of economic or trade sanctions, including those imposed by the Treasury Department’s Office of Foreign Assets Control. State Licensing Requirements Certain of our payment technology solutions are or may become subject to state money transmitter or payroll processor laws and regulations. TPS is licensed as a money transmitter in most states in connection with certain payroll processing",0.2310327308151675,capex_requirements,What capex or investment requirements are disclosed?,2
TOST,"Toast, Inc.",1650164,10-K,2026-02-18,0001650164-26-000057,MD&A,TOST-10-K-050,"in our officers, directors, stock ownership or corporate control; permissible investment requirements; capital or minimum net worth requirements; bonding; restrictions on marketing and advertising; qualified individual requirements; anti-money laundering and compliance program requirements; data security and privacy requirements; and review requirements for customer-facing documents. Additionally, states impose a variety of licensing requirements on entities engaged in certain insurance related activities. Our subsidiary, Toast Insurance Services, Inc., has obtained certain insurance related licenses from all 50 states plus Washington, D.C. As a result, we are currently subject to a variety of, and may in the future become subject to additional or newly enacted, state insurance laws and regulations in various jurisdictions. 14 Table of Contents Card Network and Nacha Rules We rely on our relationships with financial institutions and third-party payment processors to access the payment card networks, such as Visa and Mastercard, which enable the acceptance of credit cards and debit cards by our customers, and our ability to explore and offer certain other products. We pay fees to such financial institutions and third-party payment processors for such services. We",real_sec_filing,https://www.sec.gov/Archives/edgar/data/1650164/000165016426000057/tost-20251231.htm,0.12833841685862693,,0.08,0.20833841685862692,keyword,2026-05-28T16:39:16+00:00,What capex or investment requirements are disclosed?,capex_investment,True,"in our officers, directors, stock ownership or corporate control; permissible investment requirements; capital or minimum net worth requirements; bonding; restrictions on marketing and advertising; qualified individual requirements; anti-money laundering and compliance program requirements; data security and privacy requirements; and review requirements for customer-facing documents. Additionally, states impose a variety of licensing requirements on entities engaged in certain insurance related activities. Our subsidiary, Toast Insurance Services, Inc., has obtained certain insurance related licenses from all 50 states plus Washington, D.C. A",0.20833841685862692,capex_requirements,What capex or investment requirements are disclosed?,3
TOST,"Toast, Inc.",1650164,10-K,2026-02-18,0001650164-26-000057,Liquidity and Capital Resources,TOST-10-K-310,"addition to the above material cash requirements, we also recognize liabilities associated with financial guarantees related to loan purchase activities. Such activities are further described within Note 2, ""Summary of Significant Accounting Policies"" and Note 15, ""Commitments and Contingencies"" of the Notes to the Consolidated Financial Statements for further information. We expect continued utilization of our available cash resources to support our ongoing business operations. To the extent applicable, material changes in the mix and relative cost of such resources, or changes considered necessary to understand our liquidity and financial condition, may also be reflected in our discussion on the results of operations, disclosed within “Results of Operations” under Item 7, ""Management’s Discussion and Analysis of Financial Condition and Results of Operations” within this Annual Report on Form 10-K. We believe that our existing cash and cash equivalents, along with our available borrowing capacity under our credit facility, will be sufficient to meet our working capital needs for at least the next 12 months, including planned capital expenditures, strategic transactions, and investment commitments that we may enter into from time",real_sec_filing,https://www.sec.gov/Archives/edgar/data/1650164/000165016426000057/tost-20251231.htm,0.05073432544410522,,0.08,0.13073432544410524,keyword,2026-05-28T16:39:16+00:00,What capex or investment requirements are disclosed?,capex_investment,True,"addition to the above material cash requirements, we also recognize liabilities associated with financial guarantees related to loan purchase activities. Such activities are further described within Note 2, ""Summary of Significant Accounting Policies"" and Note 15, ""Commitments and Contingencies"" of the Notes to the Consolidated Financial Statements for further information. We expect continued utilization of our available cash resources to support our ongoing business operations. To the extent applicable, material changes in the mix and relative cost of such resources, or changes considered necessary to understand our liquidity and financial c",0.13073432544410524,capex_requirements,What capex or investment requirements are disclosed?,4
TOST,"Toast, Inc.",1650164,10-K,2026-02-18,0001650164-26-000057,Debt / Contractual Obligations,TOST-10-K-062,"with the SEC, the investor relations page on our website, press releases and public conference calls and webcasts. The information disclosed by the foregoing channels could be deemed to be material information. As such, we encourage investors, the media, and others to follow the channels listed above and to review the information disclosed through such channels. Any updates to the list of disclosure channels through which we will announce information will be posted on the investor relations page on our website. Corporate Information We were incorporated under the laws of Delaware in December 2011 under the name Opti Systems, Inc. We changed our name to Toast, Inc. in May 2012. Our principal executive offices are located at 333 Summer Street, Boston, Massachusetts 02210 and our telephone number is (617) 297-1005. Our website address is www.toasttab.com. We do not incorporate the information on or accessible through our website into this Annual Report on Form 10-K, and you should not consider any information on, or that can be accessed through, our website to be part of this Annual Report on Form 10-K.",real_sec_filing,https://www.sec.gov/Archives/edgar/data/1650164/000165016426000057/tost-20251231.htm,0.046161588975788044,,0.08,0.12616158897578805,keyword,2026-05-28T16:39:16+00:00,What capex or investment requirements are disclosed?,capex_investment,True,"with the SEC, the investor relations page on our website, press releases and public conference calls and webcasts. The information disclosed by the foregoing channels could be deemed to be material information. As such, we encourage investors, the media, and others to follow the channels listed above and to review the information disclosed through such channels. Any updates to the list of disclosure channels through which we will announce information will be posted on the investor relations page on our website. Corporate Information We were incorporated under the laws of Delaware in December 2011 under the name Opti Systems, Inc. We changed o",0.12616158897578805,capex_requirements,What capex or investment requirements are disclosed?,5
TOST,"Toast, Inc.",1650164,10-K,2026-02-18,0001650164-26-000057,Business,TOST-10-K-001,Item 1. Business 6,real_sec_filing,https://www.sec.gov/Archives/edgar/data/1650164/000165016426000057/tost-20251231.htm,0.0,,0.08,0.08,keyword,2026-05-28T16:39:17+00:00,What does management say about competition?,risk_competition_regulation,True,Item 1. Business 6,0.08,competition,What does management say about competition?,1
TOST,"Toast, Inc.",1650164,10-K,2026-02-18,0001650164-26-000057,Legal / Regulatory Matters,TOST-10-K-003,"Legal Proceedings 62 Item 4. Mine Safety Disclosures 62 PART II Item 5. Market for Registrant’s Common Equity, Related Stockholder Matters and Issuer Purchases of Equity Securities 62 Item 6. [Reserved] 64",real_sec_filing,https://www.sec.gov/Archives/edgar/data/1650164/000165016426000057/tost-20251231.htm,0.0,,0.08,0.08,keyword,2026-05-28T16:39:17+00:00,What does management say about competition?,risk_competition_regulation,True,"Legal Proceedings 62 Item 4. Mine Safety Disclosures 62 PART II Item 5. Market for Registrant’s Common Equity, Related Stockholder Matters and Issuer Purchases of Equity Securities 62 Item 6. [Reserved] 64",0.08,competition,What does management say about competition?,2
TOST,"Toast, Inc.",1650164,10-K,2026-02-18,0001650164-26-000057,Risk Factors,TOST-10-K-002,Item 1A. Risk Factors 18 Item 1B. Unresolved Staff Comments 61 Item 1C. Cybersecurity 61 Item 2. Properties 62 Item 3.,real_sec_filing,https://www.sec.gov/Archives/edgar/data/1650164/000165016426000057/tost-20251231.htm,0.0,,0.08,0.08,keyword,2026-05-28T16:39:17+00:00,What does management say about competition?,risk_competition_regulation,True,Item 1A. Risk Factors 18 Item 1B. Unresolved Staff Comments 61 Item 1C. Cybersecurity 61 Item 2. Properties 62 Item 3.,0.08,competition,What does management say about competition?,3
TOST,"Toast, Inc.",1650164,10-K,2026-02-18,0001650164-26-000057,Segment Information,TOST-10-K-425,"February 17, 2026, and after giving effect to the authorized increase, approximately $ 501 million remained under the our share repurchase authorization. 113 Table of Contents Item 9. Changes in and Disagreements with Accountants on Accounting and Financial Disclosures None. Item 9A. Controls and Procedures Evaluation of Disclosure Controls and Procedures Our management, including our Principal Executive Officer and Principal Financial Officer, have evaluated the effectiveness of our disclosure controls and procedures (as defined in Rules 13a-15(e) and 15d-15(e) under the Securities Exchange Act of 1934, as amended, or the Exchange Act, as of December 31, 2025. Based on this evaluation, our Principal Executive Officer and Principal Financial Officer, together with management, have concluded that, as of December 31, 2025, our disclosure controls and procedures were effective. Management’s Report on Internal Control over Financial Reporting Our management is responsible for establishing and maintaining adequate internal control over financial reporting (as defined in Rules 13a-15(f) and 15d-15(e) of the Exchange Act). Management, with the participation of our Principal Executive Officer and Principal Financial Officer, has assessed the effectiveness of internal control",real_sec_filing,https://www.sec.gov/Archives/edgar/data/1650164/000165016426000057/tost-20251231.htm,0.02266470478328861,,0.04,0.06266470478328862,keyword,2026-05-28T16:39:17+00:00,What does management say about competition?,risk_competition_regulation,True,"February 17, 2026, and after giving effect to the authorized increase, approximately $ 501 million remained under the our share repurchase authorization. 113 Table of Contents Item 9. Changes in and Disagreements with Accountants on Accounting and Financial Disclosures None. Item 9A. Controls and Procedures Evaluation of Disclosure Controls and Procedures Our management, including our Principal Executive Officer and Principal Financial Officer, have evaluated the effectiveness of our disclosure controls and procedures (as defined in Rules 13a-15(e) and 15d-15(e) under the Securities Exchange Act of 1934, as amended, or the Exchange Act, as of",0.06266470478328862,competition,What does management say about competition?,4
TOST,"Toast, Inc.",1650164,10-K,2026-02-18,0001650164-26-000057,MD&A,TOST-10-K-038,"driving long-term platform value. Our research and development teams operate on a full-stack development model, organized into cross-functional groups with end-to-end responsibility across product management, design, engineering, analytics, and data science. This structure enables teams to move quickly, make informed trade-offs, and deliver integrated solutions that align closely with customer needs. Our platform architecture provides shared services, common capabilities, and reusable components that allow product teams to build and scale new functionality efficiently while maintaining reliability, security, and consistency across the platform. Our research and development personnel are distributed across North America, Europe, and Asia, enabling us to access global talent and support a growing and increasingly diverse customer base. Our teams include professionals with expertise across product management, user experience design, software engineering, data 11 Table of Contents science, and quality assurance. This global footprint supports both the ongoing enhancement of our existing products and the development of new capabilities that extend the value of our platform over time. Competition The market is competitive and evolving rapidly. Our platform combines functionality from numerous product categories, and we therefore compete",real_sec_filing,https://www.sec.gov/Archives/edgar/data/1650164/000165016426000057/tost-20251231.htm,0.020426356374667026,,0.04,0.06042635637466703,keyword,2026-05-28T16:39:17+00:00,What does management say about competition?,risk_competition_regulation,True,"driving long-term platform value. Our research and development teams operate on a full-stack development model, organized into cross-functional groups with end-to-end responsibility across product management, design, engineering, analytics, and data science. This structure enables teams to move quickly, make informed trade-offs, and deliver integrated solutions that align closely with customer needs. Our platform architecture provides shared services, common capabilities, and reusable components that allow product teams to build and scale new functionality efficiently while maintaining reliability, security, and consistency across the platfor",0.06042635637466703,competition,What does management say about competition?,5
TOST,"Toast, Inc.",1650164,10-K,2026-02-18,0001650164-26-000057,Business,TOST-10-K-001,Item 1. Business 6,real_sec_filing,https://www.sec.gov/Archives/edgar/data/1650164/000165016426000057/tost-20251231.htm,0.0,,0.08,0.08,keyword,2026-05-28T16:39:17+00:00,Are there regulatory or litigation risks?,risk_competition_regulation,True,Item 1. Business 6,0.08,regulatory_litigation,Are there regulatory or litigation risks?,1
TOST,"Toast, Inc.",1650164,10-K,2026-02-18,0001650164-26-000057,Risk Factors,TOST-10-K-002,Item 1A. Risk Factors 18 Item 1B. Unresolved Staff Comments 61 Item 1C. Cybersecurity 61 Item 2. Properties 62 Item 3.,real_sec_filing,https://www.sec.gov/Archives/edgar/data/1650164/000165016426000057/tost-20251231.htm,0.0,,0.08,0.08,keyword,2026-05-28T16:39:17+00:00,Are there regulatory or litigation risks?,risk_competition_regulation,True,Item 1A. Risk Factors 18 Item 1B. Unresolved Staff Comments 61 Item 1C. Cybersecurity 61 Item 2. Properties 62 Item 3.,0.08,regulatory_litigation,Are there regulatory or litigation risks?,2
TOST,"Toast, Inc.",1650164,10-K,2026-02-18,0001650164-26-000057,Legal / Regulatory Matters,TOST-10-K-003,"Legal Proceedings 62 Item 4. Mine Safety Disclosures 62 PART II Item 5. Market for Registrant’s Common Equity, Related Stockholder Matters and Issuer Purchases of Equity Securities 62 Item 6. [Reserved] 64",real_sec_filing,https://www.sec.gov/Archives/edgar/data/1650164/000165016426000057/tost-20251231.htm,0.0,,0.08,0.08,keyword,2026-05-28T16:39:17+00:00,Are there regulatory or litigation risks?,risk_competition_regulation,True,"Legal Proceedings 62 Item 4. Mine Safety Disclosures 62 PART II Item 5. Market for Registrant’s Common Equity, Related Stockholder Matters and Issuer Purchases of Equity Securities 62 Item 6. [Reserved] 64",0.08,regulatory_litigation,Are there regulatory or litigation risks?,3
TOST,"Toast, Inc.",1650164,10-K,2026-02-18,0001650164-26-000057,MD&A,TOST-10-K-011,"cautioned not to unduly rely upon these statements. 3 Table of Contents RISK FACTORS SUMMARY The following is a summary of the principal risks that could materially adversely affect our business, results of operations, and financial condition. Additional discussion of the risks included in this summary, and other risks that we face, can be found below and should be carefully considered, together with other information in this Annual Report on Form 10-K in its entirety before making investment decisions regarding our Class A common stock. This summary should not be relied upon as an exhaustive summary of the material risks facing our business. • If we fail to manage our growth effectively and efficiently, we may be unable to execute our business plan, maintain high levels of service and customer satisfaction, or adequately address competitive challenges. • If we do not attract new customers, retain existing customers, and increase our customers’ use of our platform, our business will suffer. • We have a limited operating history in an evolving industry at our current scale, which makes it difficult to evaluate",real_sec_filing,https://www.sec.gov/Archives/edgar/data/1650164/000165016426000057/tost-20251231.htm,0.03208227047380272,,0.04,0.07208227047380272,keyword,2026-05-28T16:39:17+00:00,Are there regulatory or litigation risks?,risk_competition_regulation,True,"cautioned not to unduly rely upon these statements. 3 Table of Contents RISK FACTORS SUMMARY The following is a summary of the principal risks that could materially adversely affect our business, results of operations, and financial condition. Additional discussion of the risks included in this summary, and other risks that we face, can be found below and should be carefully considered, together with other information in this Annual Report on Form 10-K in its entirety before making investment decisions regarding our Class A common stock. This summary should not be relied upon as an exhaustive summary of the material risks facing our business.",0.07208227047380272,regulatory_litigation,Are there regulatory or litigation risks?,4
TOST,"Toast, Inc.",1650164,10-K,2026-02-18,0001650164-26-000057,MD&A,TOST-10-K-005,"Report on Form 10-K contains forward-looking statements within the meaning of the Private Securities Litigation Reform Act of 1995 about us and our industry that involve substantial risks and uncertainties. All statements other than statements of historical facts contained in this Annual Report on Form 10-K, including statements regarding our future results of operations, financial condition, business strategy, plans and objectives of management for future operations, our market opportunity and the potential growth of that market, our liquidity and capital needs and other similar matters, are forward-looking statements. In some cases, you can identify forward-looking statements because they contain words such as “anticipate,” “believe,” “contemplate,” “continue,” “could,” “estimate,” “expect,” “intend,” “may,” “plan,” “potential,” “predict,” “project,” “should,” “target,” “will,” or “would,” or the negative of these words or other similar terms or expressions. These forward-looking statements are based on management’s current expectations and assumptions about future events, which are inherently subject to uncertainties, risks, and changes in circumstances that are difficult to predict. Forward-looking statements contained in this Annual Report on Form 10-K include, but are not limited to, statements concerning",real_sec_filing,https://www.sec.gov/Archives/edgar/data/1650164/000165016426000057/tost-20251231.htm,0.023646263616443723,,0.04,0.06364626361644372,keyword,2026-05-28T16:39:17+00:00,Are there regulatory or litigation risks?,risk_competition_regulation,True,"Report on Form 10-K contains forward-looking statements within the meaning of the Private Securities Litigation Reform Act of 1995 about us and our industry that involve substantial risks and uncertainties. All statements other than statements of historical facts contained in this Annual Report on Form 10-K, including statements regarding our future results of operations, financial condition, business strategy, plans and objectives of management for future operations, our market opportunity and the potential growth of that market, our liquidity and capital needs and other similar matters, are forward-looking statements. In some cases, you can",0.06364626361644372,regulatory_litigation,Are there regulatory or litigation risks?,5
TOST,"Toast, Inc.",1650164,10-K,2026-02-18,0001650164-26-000057,Risk Factors,TOST-10-K-002,Item 1A. Risk Factors 18 Item 1B. Unresolved Staff Comments 61 Item 1C. Cybersecurity 61 Item 2. Properties 62 Item 3.,real_sec_filing,https://www.sec.gov/Archives/edgar/data/1650164/000165016426000057/tost-20251231.htm,0.07437458137267398,,0.08,0.15437458137267399,keyword,2026-05-28T16:39:18+00:00,What are the key risk factors?,risk_competition_regulation,True,Item 1A. Risk Factors 18 Item 1B. Unresolved Staff Comments 61 Item 1C. Cybersecurity 61 Item 2. Properties 62 Item 3.,0.15437458137267399,key_risk_factors,What are the key risk factors?,1
TOST,"Toast, Inc.",1650164,10-K,2026-02-18,0001650164-26-000057,MD&A,TOST-10-K-046,"have registered domain names for websites that we use in our business, such as www.toasttab.com and other variations. We intend to pursue additional intellectual property protection to the extent we believe it would be beneficial and cost effective. Despite our efforts to protect our intellectual property rights, they may not be respected in the future or may be invalidated, circumvented, or challenged. See the sections titled “Risk Factors,” including the section(s) titled “Risk Factors—Risks Related to Our Intellectual Property” for a description of the risks related to our intellectual property. 13 Table of Contents Government Regulation Various aspects of our business and service areas are subject to U.S. federal, state, and local regulation, as well as regulation outside the United States. As more fully described below, certain of our services also are, or may be in the future, subject to the laws, rules, and regulations that are related to acceptance of credit cards and debit cards, payments services (such as payment processing and settlement services), including laws concerning consumer financial protection, anti-money laundering and escheatment. From time to time, we",real_sec_filing,https://www.sec.gov/Archives/edgar/data/1650164/000165016426000057/tost-20251231.htm,0.0653182315861369,,0.04,0.1053182315861369,keyword,2026-05-28T16:39:18+00:00,What are the key risk factors?,risk_competition_regulation,True,"have registered domain names for websites that we use in our business, such as www.toasttab.com and other variations. We intend to pursue additional intellectual property protection to the extent we believe it would be beneficial and cost effective. Despite our efforts to protect our intellectual property rights, they may not be respected in the future or may be invalidated, circumvented, or challenged. See the sections titled “Risk Factors,” including the section(s) titled “Risk Factors—Risks Related to Our Intellectual Property” for a description of the risks related to our intellectual property. 13 Table of Contents Government Regulation V",0.1053182315861369,key_risk_factors,What are the key risk factors?,2
TOST,"Toast, Inc.",1650164,10-K,2026-02-18,0001650164-26-000057,MD&A,TOST-10-K-008,"rates, capital market disruptions, tariffs, sanctions, or economic slowdowns or recessions, on our business and the industries we serve; • our ability to source, finance, and integrate companies and assets that we have or may acquire; and • the sufficiency of our cash, cash equivalents and investments to meet our liquidity needs. You should not rely upon forward-looking statements as predictions of future events. We have based the forward-looking statements contained in this Annual Report on Form 10-K primarily on our current expectations and projections about future events and trends that we believe may affect our business, financial condition, results of operations, and prospects. The outcome of the events described in these forward-looking statements is subject to risks, uncertainties and other factors described in the section titled “Risk Factors” and elsewhere in this Annual Report on Form 10-K. Moreover, we operate in a very competitive and rapidly changing environment. New risks and uncertainties emerge from time to time, and it is not possible for us to predict all risks and uncertainties that could have an impact on the forward-looking statements",real_sec_filing,https://www.sec.gov/Archives/edgar/data/1650164/000165016426000057/tost-20251231.htm,0.04370232366204509,,0.04,0.08370232366204508,keyword,2026-05-28T16:39:18+00:00,What are the key risk factors?,risk_competition_regulation,True,"rates, capital market disruptions, tariffs, sanctions, or economic slowdowns or recessions, on our business and the industries we serve; • our ability to source, finance, and integrate companies and assets that we have or may acquire; and • the sufficiency of our cash, cash equivalents and investments to meet our liquidity needs. You should not rely upon forward-looking statements as predictions of future events. We have based the forward-looking statements contained in this Annual Report on Form 10-K primarily on our current expectations and projections about future events and trends that we believe may affect our business, financial conditi",0.08370232366204508,key_risk_factors,What are the key risk factors?,3
TOST,"Toast, Inc.",1650164,10-K,2026-02-18,0001650164-26-000057,MD&A,TOST-10-K-040,"prospective customers in a timely and cost-efficient manner; • the ability to operate and support all geographic markets specified by the prospective customer; and • the ability to integrate systems seamlessly and at low costs to provide important data insights. We believe that we compete favorably with respect to these factors. Furthermore, we expect that our industry will continue to attract new market entrants, including smaller emerging companies, which could introduce new offerings. We may also expand into new markets and encounter additional competitors in such markets. For more information regarding the competitive risks we face, see “Risk Factors” included in Part I, Item 1A of this Annual Report on Form 10-K. Seasonality Information regarding seasonality is provided in this Annual Report on Form 10-K in Part II, Item 7, “Management’s Discussion and Analysis of Financial Condition and Results of Operations” under the heading “Seasonality.” Human Capital As of December 31, 2025, we had approximately 6,500 employees worldwide. We also engage consultants as needed to support our business and operations from time to time. Core to our success is our",real_sec_filing,https://www.sec.gov/Archives/edgar/data/1650164/000165016426000057/tost-20251231.htm,0.042517842645215194,,0.04,0.0825178426452152,keyword,2026-05-28T16:39:18+00:00,What are the key risk factors?,risk_competition_regulation,True,"prospective customers in a timely and cost-efficient manner; • the ability to operate and support all geographic markets specified by the prospective customer; and • the ability to integrate systems seamlessly and at low costs to provide important data insights. We believe that we compete favorably with respect to these factors. Furthermore, we expect that our industry will continue to attract new market entrants, including smaller emerging companies, which could introduce new offerings. We may also expand into new markets and encounter additional competitors in such markets. For more information regarding the competitive risks we face, see “",0.0825178426452152,key_risk_factors,What are the key risk factors?,4
TOST,"Toast, Inc.",1650164,10-K,2026-02-18,0001650164-26-000057,Legal / Regulatory Matters,TOST-10-K-003,"Legal Proceedings 62 Item 4. Mine Safety Disclosures 62 PART II Item 5. Market for Registrant’s Common Equity, Related Stockholder Matters and Issuer Purchases of Equity Securities 62 Item 6. [Reserved] 64",real_sec_filing,https://www.sec.gov/Archives/edgar/data/1650164/000165016426000057/tost-20251231.htm,0.0,,0.08,0.08,keyword,2026-05-28T16:39:18+00:00,What are the key risk factors?,risk_competition_regulation,True,"Legal Proceedings 62 Item 4. Mine Safety Disclosures 62 PART II Item 5. Market for Registrant’s Common Equity, Related Stockholder Matters and Issuer Purchases of Equity Securities 62 Item 6. [Reserved] 64",0.08,key_risk_factors,What are the key risk factors?,5
TOST,"Toast, Inc.",1650164,10-K,2026-02-18,0001650164-26-000057,Liquidity and Capital Resources,TOST-10-K-338,"Cash paid for acquisition, net of cash acquired — — ( 9 ) Capital expenditures ( 53 ) ( 54 ) ( 42 ) Purchases of marketable securities ( 633 ) ( 473 ) ( 623 ) Proceeds from the sale of marketable securities 178 126 35 Maturities of marketable securities 336 362 556 Other investing activities — — ( 3 ) Net cash (used in) investing activities ( 172 ) ( 39 ) ( 86 ) Cash flows from financing activities: Payments of issuance costs of the revolving credit facility ( 3 ) — — Proceeds from issuance of common stock 81 99 36 Change in customer funds obligations, net 36 36 27 Warrant repurchase — ( 61 ) — Repurchases of Class A common stock ( 107 ) ( 56 ) — Net cash provided by financing activities 7 18 63 Effect of exchange rate changes on cash and cash equivalents and restricted cash 2 ( 1 ) — Net increase in cash, cash equivalents, cash held on behalf of customers and restricted cash 498 338 112 Cash,",real_sec_filing,https://www.sec.gov/Archives/edgar/data/1650164/000165016426000057/tost-20251231.htm,0.05951578755612985,,0.08,0.13951578755612987,keyword,2026-05-28T16:39:18+00:00,What does management say about cash flows and capital allocation?,liquidity_debt,True,"Cash paid for acquisition, net of cash acquired — — ( 9 ) Capital expenditures ( 53 ) ( 54 ) ( 42 ) Purchases of marketable securities ( 633 ) ( 473 ) ( 623 ) Proceeds from the sale of marketable securities 178 126 35 Maturities of marketable securities 336 362 556 Other investing activities — — ( 3 ) Net cash (used in) investing activities ( 172 ) ( 39 ) ( 86 ) Cash flows from financing activities: Payments of issuance costs of the revolving credit facility ( 3 ) — — Proceeds from issuance of common stock 81 99 36 Change in customer funds obligations, net 36 36 27 Warrant repurchase — ( 61 ) — Repurchases of Class A common stock ( 107 ) ( 56",0.13951578755612987,cash_flows_capital_allocation,What does management say about cash flows and capital allocation?,1
TOST,"Toast, Inc.",1650164,10-K,2026-02-18,0001650164-26-000057,Liquidity and Capital Resources,TOST-10-K-339,"exchange rate changes on cash and cash equivalents and restricted cash 2 ( 1 ) — Net increase in cash, cash equivalents, cash held on behalf of customers and restricted cash 498 338 112 Cash, cash equivalents, cash held on behalf of customers and restricted cash at beginning of period 1,085 747 635 Cash, cash equivalents, cash held on behalf of customers and restricted cash at end of period $ 1,583 $ 1,085 $ 747 Reconciliation of cash, cash equivalents, cash held on behalf of customers and restricted cash Cash and cash equivalents $ 1,353 $ 903 $ 605 Cash held on behalf of customers 159 123 87 Restricted cash 71 59 55 87 Table of Contents Total cash, cash equivalents, cash held on behalf of customers and restricted cash $ 1,583 $ 1,085 $ 747 Supplemental disclosure of non-cash investing and financing activities: Stock-based compensation included in capitalized software $ 12 $ 14 $ 13 Cash paid for amounts included in the measurement of lease liabilities 15 14 14 Right-of-use assets obtained in exchange for new operating lease liabilities",real_sec_filing,https://www.sec.gov/Archives/edgar/data/1650164/000165016426000057/tost-20251231.htm,0.056548147890877455,,0.08,0.13654814789087746,keyword,2026-05-28T16:39:18+00:00,What does management say about cash flows and capital allocation?,liquidity_debt,True,"exchange rate changes on cash and cash equivalents and restricted cash 2 ( 1 ) — Net increase in cash, cash equivalents, cash held on behalf of customers and restricted cash 498 338 112 Cash, cash equivalents, cash held on behalf of customers and restricted cash at beginning of period 1,085 747 635 Cash, cash equivalents, cash held on behalf of customers and restricted cash at end of period $ 1,583 $ 1,085 $ 747 Reconciliation of cash, cash equivalents, cash held on behalf of customers and restricted cash Cash and cash equivalents $ 1,353 $ 903 $ 605 Cash held on behalf of customers 159 123 87 Restricted cash 71 59 55 87 Table of Contents Tot",0.13654814789087746,cash_flows_capital_allocation,What does management say about cash flows and capital allocation?,2
TOST,"Toast, Inc.",1650164,10-K,2026-02-18,0001650164-26-000057,Liquidity and Capital Resources,TOST-10-K-304,"$ 1,742 (1) Excludes $159 million of cash held on behalf of customers and $71 million of restricted cash. (2) Excludes $123 million of cash held on behalf of customers and $59 million of restricted cash. 74 Table of Contents Year Ended December 31, (in millions) 2025 2024 Net cash provided by operating activities $ 661 $ 360 Net cash (used in) investing activities (172) (39) Net cash provided by financing activities 7 18 Effect of exchange rate changes on cash and cash equivalents and restricted cash 2 (1) Net increase in cash, cash equivalents, cash held on behalf of customers and restricted cash $ 498 $ 338 Cash, Cash Equivalents and Marketable Securities The net increase in cash, cash equivalents and marketable securities was primarily due to increases from cash provided by operating activities from the fiscal year ended December 31, 2025 compared to the previous year. During the fiscal year ended December 31, 2025, the increase in net cash provided by operating activities as compared to the fiscal year ended December 31, 2024, was primarily driven by net",real_sec_filing,https://www.sec.gov/Archives/edgar/data/1650164/000165016426000057/tost-20251231.htm,0.05415003499017833,,0.08,0.13415003499017833,keyword,2026-05-28T16:39:18+00:00,What does management say about cash flows and capital allocation?,liquidity_debt,True,"$ 1,742 (1) Excludes $159 million of cash held on behalf of customers and $71 million of restricted cash. (2) Excludes $123 million of cash held on behalf of customers and $59 million of restricted cash. 74 Table of Contents Year Ended December 31, (in millions) 2025 2024 Net cash provided by operating activities $ 661 $ 360 Net cash (used in) investing activities (172) (39) Net cash provided by financing activities 7 18 Effect of exchange rate changes on cash and cash equivalents and restricted cash 2 (1) Net increase in cash, cash equivalents, cash held on behalf of customers and restricted cash $ 498 $ 338 Cash, Cash Equivalents and Market",0.13415003499017833,cash_flows_capital_allocation,What does management say about cash flows and capital allocation?,3
TOST,"Toast, Inc.",1650164,10-K,2026-02-18,0001650164-26-000057,Liquidity and Capital Resources,TOST-10-K-302,"flow is a meaningful indicator of our sources of liquidity and capital requirements that provides information to management and investors in evaluating the cash flow trends of our business. Once our business needs and obligations are met, cash can be used to maintain a strong balance sheet and invest in future growth. Free cash flow has limitations as an analytical tool and should not be considered in isolation or as a substitute for analysis of our results as reported under GAAP. Other companies may calculate free cash flow or similarly titled non-GAAP measures differently, which could reduce the usefulness of free cash flow as a tool for comparison. In addition, free cash flow does not reflect mandatory debt service and other non-discretionary expenditures that are required to be made under contractual commitments and does not represent the total increase or decrease in our cash balance for any given period. The following table presents a reconciliation of net cash provided by operating activities to the free cash flow for each of the periods presented: Year Ended December 31, (in millions) 2025",real_sec_filing,https://www.sec.gov/Archives/edgar/data/1650164/000165016426000057/tost-20251231.htm,0.05308386338789513,,0.08,0.13308386338789513,keyword,2026-05-28T16:39:18+00:00,What does management say about cash flows and capital allocation?,liquidity_debt,True,"flow is a meaningful indicator of our sources of liquidity and capital requirements that provides information to management and investors in evaluating the cash flow trends of our business. Once our business needs and obligations are met, cash can be used to maintain a strong balance sheet and invest in future growth. Free cash flow has limitations as an analytical tool and should not be considered in isolation or as a substitute for analysis of our results as reported under GAAP. Other companies may calculate free cash flow or similarly titled non-GAAP measures differently, which could reduce the usefulness of free cash flow as a tool for co",0.13308386338789513,cash_flows_capital_allocation,What does management say about cash flows and capital allocation?,4
TOST,"Toast, Inc.",1650164,10-K,2026-02-18,0001650164-26-000057,Liquidity and Capital Resources,TOST-10-K-303,"for any given period. The following table presents a reconciliation of net cash provided by operating activities to the free cash flow for each of the periods presented: Year Ended December 31, (in millions) 2025 2024 Net cash provided by operating activities $ 661 $ 360 Capital expenditures (53) (54) Free cash flow $ 608 $ 306 LIQUIDITY AND CAPITAL RESOURCES Our principal sources of liquidity are cash and cash equivalents and marketable securities. We also have access to external sources of liquidity through a credit facility as further described below. The following tables present selected financial information related to our liquidity: Year Ended December 31, (in millions) 2025 (1) 2024 (2) Cash and cash equivalents $ 1,353 $ 903 Marketable securities 638 514 Cash and cash equivalents and marketable securities $ 1,991 $ 1,417 Available credit facility $ 347 $ 325 Total $ 2,338 $ 1,742 (1) Excludes $159 million of cash held on behalf of customers and $71 million of restricted cash. (2) Excludes $123 million of cash held on behalf of customers and $59 million of restricted",real_sec_filing,https://www.sec.gov/Archives/edgar/data/1650164/000165016426000057/tost-20251231.htm,0.04869076016063499,,0.08,0.128690760160635,keyword,2026-05-28T16:39:18+00:00,What does management say about cash flows and capital allocation?,liquidity_debt,True,"for any given period. The following table presents a reconciliation of net cash provided by operating activities to the free cash flow for each of the periods presented: Year Ended December 31, (in millions) 2025 2024 Net cash provided by operating activities $ 661 $ 360 Capital expenditures (53) (54) Free cash flow $ 608 $ 306 LIQUIDITY AND CAPITAL RESOURCES Our principal sources of liquidity are cash and cash equivalents and marketable securities. We also have access to external sources of liquidity through a credit facility as further described below. The following tables present selected financial information related to our liquidity: Yea",0.128690760160635,cash_flows_capital_allocation,What does management say about cash flows and capital allocation?,5
ETSY,"Etsy, Inc.",1370637,10-K,2026-02-19,0001370637-26-000019,MD&A,ETSY-10-K-243,"% (4.5) % 0.1 % Results of Operations Comparison of 2025 and 2024 Revenue Our revenue is diversified and generated from a mix of marketplace activities and other optional services we provide primarily to sellers to help them generate more sales and scale their businesses. Marketplace revenue is primarily comprised of the fees a seller pays for marketplace activities, including transaction fees (inclusive of offsite advertising), payments processing fees, and listing fees. Services revenue is primarily comprised of the fees a marketplace seller pays us for our optional services, including on-site advertising and shipping labels. Year Ended December 31, Change Y/Y (in thousands, except percentages) 2025 2024 $ % Revenue: Marketplace $ 2,007,164 $ 2,020,744 $ (13,580) (0.7) % Percentage of total revenue 69.6 % 72.0 % Services $ 876,337 $ 787,588 $ 88,749 11.3 % Percentage of total revenue 30.4 % 28.0 % Total revenue $ 2,883,501 $ 2,808,332 $ 75,169 2.7 % Total revenue increased primarily due to an increase in services revenue, partially offset by a decrease in marketplace revenue. Services revenue increased primarily due to a",real_sec_filing,https://www.sec.gov/Archives/edgar/data/1370637/000137063726000019/etsy-20251231.htm,0.05137855832825848,,0.08,0.13137855832825848,keyword,2026-05-28T16:39:19+00:00,What are the company's main revenue drivers?,revenue_drivers,True,"% (4.5) % 0.1 % Results of Operations Comparison of 2025 and 2024 Revenue Our revenue is diversified and generated from a mix of marketplace activities and other optional services we provide primarily to sellers to help them generate more sales and scale their businesses. Marketplace revenue is primarily comprised of the fees a seller pays for marketplace activities, including transaction fees (inclusive of offsite advertising), payments processing fees, and listing fees. Services revenue is primarily comprised of the fees a marketplace seller pays us for our optional services, including on-site advertising and shipping labels. Year Ended Dec",0.13137855832825848,revenue_drivers,What are the company's main revenue drivers?,1
ETSY,"Etsy, Inc.",1370637,10-K,2026-02-19,0001370637-26-000019,MD&A,ETSY-10-K-244,"revenue $ 2,883,501 $ 2,808,332 $ 75,169 2.7 % Total revenue increased primarily due to an increase in services revenue, partially offset by a decrease in marketplace revenue. Services revenue increased primarily due to a $62.2 million increase in advertising revenue, largely driven by an increase in average price per click on Etsy Ads. Marketplace revenue decreased primarily due to a $47.1 million decrease related to the sale of the Reverb marketplace on June 2, 2025 and a decrease of $16.8 million in transaction fee revenue, which was driven by a decline in Etsy marketplace GMS partially offset by an increase in Depop GMS. These decreases were partially offset by an increase in payments revenue of $27.0 million, primarily related to an increase in Depop GMS and a $18.4 million increase in Etsy marketplace seller set-up fee revenue. 54 Table of Contents Costs and Operating Expenses We include employee compensation-related expenses, including stock-based compensation expense, in the applicable operating expense category based on the respective recipient’s function. Product development employee compensation-related expenses are presented net of costs capitalized for website",real_sec_filing,https://www.sec.gov/Archives/edgar/data/1370637/000137063726000019/etsy-20251231.htm,0.043737641551385896,,0.08,0.12373764155138589,keyword,2026-05-28T16:39:19+00:00,What are the company's main revenue drivers?,revenue_drivers,True,"revenue $ 2,883,501 $ 2,808,332 $ 75,169 2.7 % Total revenue increased primarily due to an increase in services revenue, partially offset by a decrease in marketplace revenue. Services revenue increased primarily due to a $62.2 million increase in advertising revenue, largely driven by an increase in average price per click on Etsy Ads. Marketplace revenue decreased primarily due to a $47.1 million decrease related to the sale of the Reverb marketplace on June 2, 2025 and a decrease of $16.8 million in transaction fee revenue, which was driven by a decline in Etsy marketplace GMS partially offset by an increase in Depop GMS. These decreases w",0.12373764155138589,revenue_drivers,What are the company's main revenue drivers?,2
ETSY,"Etsy, Inc.",1370637,10-K,2026-02-19,0001370637-26-000019,MD&A,ETSY-10-K-252,"represents the estimated amount of federal, state, and foreign income taxes incurred in the U.S. and the other jurisdictions in which we operate. The provision includes the effect of uncertain tax position reserves and changes to reserves as well as the related net interest and penalties. For additional information, including a reconciliation of the U.S. federal statutory rate to our effective tax rate, see Part II, Item 8, “Financial Statements and Supplementary Data—Note 3—Income Taxes.” Year Ended December 31, Change Y/Y (in thousands, except percentages) 2025 2024 $ % Provision for income taxes $ (83,683) $ (107,494) $ 23,811 (22.2) % Percentage of total revenue (2.9) % (3.8) % The primary drivers of our income tax provision for 2025 were tax expense on income before income taxes, excluding the non-deductible impairment charge and current year losses before income tax in jurisdictions with a full valuation allowance, and tax deficiencies from stock-based compensation due to a lower stock price at vesting of restricted stock units compared to the stock price upon grant, partially offset by a tax benefit related to research",real_sec_filing,https://www.sec.gov/Archives/edgar/data/1370637/000137063726000019/etsy-20251231.htm,0.03305811673852677,,0.08,0.11305811673852678,keyword,2026-05-28T16:39:19+00:00,What are the company's main revenue drivers?,revenue_drivers,True,"represents the estimated amount of federal, state, and foreign income taxes incurred in the U.S. and the other jurisdictions in which we operate. The provision includes the effect of uncertain tax position reserves and changes to reserves as well as the related net interest and penalties. For additional information, including a reconciliation of the U.S. federal statutory rate to our effective tax rate, see Part II, Item 8, “Financial Statements and Supplementary Data—Note 3—Income Taxes.” Year Ended December 31, Change Y/Y (in thousands, except percentages) 2025 2024 $ % Provision for income taxes $ (83,683) $ (107,494) $ 23,811 (22.2) % Per",0.11305811673852678,revenue_drivers,What are the company's main revenue drivers?,3
ETSY,"Etsy, Inc.",1370637,10-K,2026-02-19,0001370637-26-000019,MD&A,ETSY-10-K-032,"to ultimately help sellers grow their businesses and encourage buyers to purchase from our marketplaces. People - fostering engaged and impactful teams: We strive to attract, develop, and retain talented people who are deeply connected to our overall corporate mission to “Keep Commerce Human. ” Through investments in engagement, professional development, well-being, and creating environments where diverse ideas can thrive, we foster collaboration across distributed teams and cultivate a culture that, we believe, empowers employees to drive lasting business impact. How We Make Money Etsy and Depop share a business model which we see as a virtuous circle: connecting sellers and buyers, enabling transactions, earning fees for our services, and reinvesting in the core business drivers of our marketplace outlined above. Because we do not hold physical inventory, we have the ability to lean into our flexible, asset-light operating model and adjust our investments in response to evolving consumer interests and market dynamics. We generate revenue primarily from marketplace activities, including transaction fees (inclusive of offsite advertising), payments processing fees, and listing fees, as well as from optional seller services",real_sec_filing,https://www.sec.gov/Archives/edgar/data/1370637/000137063726000019/etsy-20251231.htm,0.028021503740207718,,0.08,0.10802150374020772,keyword,2026-05-28T16:39:19+00:00,What are the company's main revenue drivers?,revenue_drivers,True,"to ultimately help sellers grow their businesses and encourage buyers to purchase from our marketplaces. People - fostering engaged and impactful teams: We strive to attract, develop, and retain talented people who are deeply connected to our overall corporate mission to “Keep Commerce Human. ” Through investments in engagement, professional development, well-being, and creating environments where diverse ideas can thrive, we foster collaboration across distributed teams and cultivate a culture that, we believe, empowers employees to drive lasting business impact. How We Make Money Etsy and Depop share a business model which we see as a virtu",0.10802150374020772,revenue_drivers,What are the company's main revenue drivers?,4
ETSY,"Etsy, Inc.",1370637,10-K,2026-02-19,0001370637-26-000019,MD&A,ETSY-10-K-030,"On June 2, 2025, we completed the sale of Reverb Holdings, Inc. (“Reverb”), our musical instrument marketplace, and on August 10, 2023, we completed the sale of the parent holding company of Elo7 Serviços de Informática S.A. (“Elo7”), a Brazil-based marketplace for handmade and unique items. The results of Reverb, until its sale on June 2, 2025, and Elo7, through its sale on August 10, 2023, are included in all financial and other metrics discussed in this report, unless otherwise noted. Core Business Drivers While our marketplaces operate independently, they share several critical elements related to how they are managed and serve their respective communities: Innovative Technology - our engineering and product development organizations drive customer experiences: The engineering and product teams of both Etsy and Depop design, build, and maintain the platforms that enable millions of buyers and sellers to transact across geographies, languages, and devices. We invest in technology that enhances search and discovery, strengthens trust and safety, and improves overall platform performance and scalability. Marketing - utilizing disciplined marketing investments to engage our communities: Our marketing strategies",real_sec_filing,https://www.sec.gov/Archives/edgar/data/1370637/000137063726000019/etsy-20251231.htm,0.025212727888025727,,0.08,0.10521272788802573,keyword,2026-05-28T16:39:19+00:00,What are the company's main revenue drivers?,revenue_drivers,True,"On June 2, 2025, we completed the sale of Reverb Holdings, Inc. (“Reverb”), our musical instrument marketplace, and on August 10, 2023, we completed the sale of the parent holding company of Elo7 Serviços de Informática S.A. (“Elo7”), a Brazil-based marketplace for handmade and unique items. The results of Reverb, until its sale on June 2, 2025, and Elo7, through its sale on August 10, 2023, are included in all financial and other metrics discussed in this report, unless otherwise noted. Core Business Drivers While our marketplaces operate independently, they share several critical elements related to how they are managed and serve their resp",0.10521272788802573,revenue_drivers,What are the company's main revenue drivers?,5
ETSY,"Etsy, Inc.",1370637,10-K,2026-02-19,0001370637-26-000019,MD&A,ETSY-10-K-039,"marketplace to access tools and services that help them run and grow their creative businesses and drive sales. In 2025, the number of active sellers declined year-over-year, yet stabilized beginning in the second quarter. This reflects the anticipated and intentional impact of the seller set-up fee introduced in 2024, which was designed to encourage a higher standard of seller commitment on the platform. In addition, the retention rate of prior year active sellers improved throughout the year, signaling improving overall seller health and engagement. According to our latest Seller Census 1 , about half of sellers sell exclusively on Etsy, and among those who sell elsewhere, roughly one-third generate most of their sales on our marketplace. Additional Seller Census highlights include: • 89% are businesses of one; • 97% run businesses from their homes; • 80% identify as women; • 27% live in rural areas; • 59% sold for the first time on Etsy; • 70% consider their shop a business; • 51% are multi-channel sellers; • 29% say creative business (on and off Etsy) is their sole occupation; •",real_sec_filing,https://www.sec.gov/Archives/edgar/data/1370637/000137063726000019/etsy-20251231.htm,0.04145612064926674,,0.08,0.12145612064926674,keyword,2026-05-28T16:39:19+00:00,What does the company say about customer concentration?,revenue_drivers,True,"marketplace to access tools and services that help them run and grow their creative businesses and drive sales. In 2025, the number of active sellers declined year-over-year, yet stabilized beginning in the second quarter. This reflects the anticipated and intentional impact of the seller set-up fee introduced in 2024, which was designed to encourage a higher standard of seller commitment on the platform. In addition, the retention rate of prior year active sellers improved throughout the year, signaling improving overall seller health and engagement. According to our latest Seller Census 1 , about half of sellers sell exclusively on Etsy, an",0.12145612064926674,customer_concentration,What does the company say about customer concentration?,1
ETSY,"Etsy, Inc.",1370637,10-K,2026-02-19,0001370637-26-000019,MD&A,ETSY-10-K-040,"• 59% sold for the first time on Etsy; • 70% consider their shop a business; • 51% are multi-channel sellers; • 29% say creative business (on and off Etsy) is their sole occupation; • 38% use income from their creative business to cover household expenses like bills, rent, and food; • 90% source supplies domestically; and • 52% of their business time, on average, is spent making/designing and the rest on administrative tasks. 1 The Etsy Seller Census is a biennial survey. Data reflected herein is from the 2024 survey. Going forward, the detailed results will be published in a standalone report on our Investor Relations website. Global Methodology: Etsy sellers with an active shop in one of our core geographies (United States, United Kingdom, Germany, France, Canada and Australia) were randomly selected to take part in a 25 minute online survey between October 1, 2024 and October 16, 2024. The survey and data analysis of the results were conducted by Ipsos, a leading Research and Public Opinion firm, in partnership with Etsy. The total global sample size was",real_sec_filing,https://www.sec.gov/Archives/edgar/data/1370637/000137063726000019/etsy-20251231.htm,0.040726027751054585,,0.08,0.1207260277510546,keyword,2026-05-28T16:39:19+00:00,What does the company say about customer concentration?,revenue_drivers,True,"• 59% sold for the first time on Etsy; • 70% consider their shop a business; • 51% are multi-channel sellers; • 29% say creative business (on and off Etsy) is their sole occupation; • 38% use income from their creative business to cover household expenses like bills, rent, and food; • 90% source supplies domestically; and • 52% of their business time, on average, is spent making/designing and the rest on administrative tasks. 1 The Etsy Seller Census is a biennial survey. Data reflected herein is from the 2024 survey. Going forward, the detailed results will be published in a standalone report on our Investor Relations website. Global Methodo",0.1207260277510546,customer_concentration,What does the company say about customer concentration?,2
ETSY,"Etsy, Inc.",1370637,10-K,2026-02-19,0001370637-26-000019,MD&A,ETSY-10-K-041,"1, 2024 and October 16, 2024. The survey and data analysis of the results were conducted by Ipsos, a leading Research and Public Opinion firm, in partnership with Etsy. The total global sample size was 2,402 sellers. Results were weighted to represent Etsy’s global footprint and seller population parameters. The margin of error for the global survey is +/- 3.1%, but may vary per question. 4 Table of Contents Etsy Buyers Buyers come to the Etsy marketplace for meaningful, one-of-a-kind items handcrafted, handpicked, designed, and sourced by our creative entrepreneurs. Our buyer surveys* show that approximately: • 85% say shopping on Etsy means supporting small businesses; • 82% believe Etsy allows them to shop from and support real people; • 81% agree Etsy offers items they can’t find anywhere else; and • 66% view Etsy as a destination for consistently high-quality items. Survey responses also highlight the varied ways buyers use Etsy. When asked about their most recent visits (selecting all that apply): • 45% shopped for a specific need or item in mind; • 31% looked for something custom",real_sec_filing,https://www.sec.gov/Archives/edgar/data/1370637/000137063726000019/etsy-20251231.htm,0.03920008342269976,,0.08,0.11920008342269976,keyword,2026-05-28T16:39:19+00:00,What does the company say about customer concentration?,revenue_drivers,True,"1, 2024 and October 16, 2024. The survey and data analysis of the results were conducted by Ipsos, a leading Research and Public Opinion firm, in partnership with Etsy. The total global sample size was 2,402 sellers. Results were weighted to represent Etsy’s global footprint and seller population parameters. The margin of error for the global survey is +/- 3.1%, but may vary per question. 4 Table of Contents Etsy Buyers Buyers come to the Etsy marketplace for meaningful, one-of-a-kind items handcrafted, handpicked, designed, and sourced by our creative entrepreneurs. Our buyer surveys* show that approximately: • 85% say shopping on Etsy means",0.11920008342269976,customer_concentration,What does the company say about customer concentration?,3
ETSY,"Etsy, Inc.",1370637,10-K,2026-02-19,0001370637-26-000019,MD&A,ETSY-10-K-255,"you should not consider them in isolation or as a substitute for analysis of our results as reported under GAAP. Some of these limitations are: • Adjusted EBITDA does not consider stock-based compensation expense and related payroll taxes, which has been, and for the foreseeable future is expected to continue to be, a significant recurring expense and an important part of how we attract, reward, and retain employees; • although depreciation and amortization are non-cash charges, the assets being depreciated and amortized may have to be replaced in the future, and Adjusted EBITDA does not reflect cash capital expenditure requirements for such replacements or for new capital expenditure requirements; • Adjusted EBITDA does not reflect tax payments that may represent a reduction in cash available to us; and • other companies, including companies in our industry, may calculate Adjusted EBITDA differently, which reduces its usefulness as a comparative measure. Because of these limitations, you should consider Adjusted EBITDA and Adjusted EBITDA margin alongside other financial performance measures, including net income, net income margin, revenue, and our other GAAP results. The",real_sec_filing,https://www.sec.gov/Archives/edgar/data/1370637/000137063726000019/etsy-20251231.htm,0.0347909813880515,,0.08,0.1147909813880515,keyword,2026-05-28T16:39:19+00:00,What does the company say about customer concentration?,revenue_drivers,True,"you should not consider them in isolation or as a substitute for analysis of our results as reported under GAAP. Some of these limitations are: • Adjusted EBITDA does not consider stock-based compensation expense and related payroll taxes, which has been, and for the foreseeable future is expected to continue to be, a significant recurring expense and an important part of how we attract, reward, and retain employees; • although depreciation and amortization are non-cash charges, the assets being depreciated and amortized may have to be replaced in the future, and Adjusted EBITDA does not reflect cash capital expenditure requirements for such ",0.1147909813880515,customer_concentration,What does the company say about customer concentration?,4
ETSY,"Etsy, Inc.",1370637,10-K,2026-02-19,0001370637-26-000019,MD&A,ETSY-10-K-038,"our product and marketing organizations to operate in closer coordination around customer outcomes, reflecting our conviction that Etsy’s future growth depends on delivering increasing value and a more differentiated experience for buyers and sellers. We reorganized customer facing teams to enable faster learning, sharper execution, and greater accountability for impact. Through this process, we identified four customer-centric strategic initiatives, described in the following section. These initiatives began to positively influence our performance during 2025, with year-over-year Etsy marketplace GMS performance improving by nearly nine percentage points from the first quarter to the fourth quarter of the year. Despite pressure on GMS, we delivered year-over-year revenue growth, driven primarily by improvements to our Etsy Ads product. These improvements increased ad relevancy and efficiency through machine learning–based ranking optimizations, more efficient seller budget pacing, and more seamless integration of onsite ads within organic search results. We believe these initiatives demonstrate our ability to drive value for our sellers and enhance the buyer experience, while simultaneously generating incremental revenue for Etsy. Our Four Near-Term Strategic Initiatives Show up where shoppers discover. We are",real_sec_filing,https://www.sec.gov/Archives/edgar/data/1370637/000137063726000019/etsy-20251231.htm,0.018883864039640576,,0.08,0.09888386403964058,keyword,2026-05-28T16:39:19+00:00,What does the company say about customer concentration?,revenue_drivers,True,"our product and marketing organizations to operate in closer coordination around customer outcomes, reflecting our conviction that Etsy’s future growth depends on delivering increasing value and a more differentiated experience for buyers and sellers. We reorganized customer facing teams to enable faster learning, sharper execution, and greater accountability for impact. Through this process, we identified four customer-centric strategic initiatives, described in the following section. These initiatives began to positively influence our performance during 2025, with year-over-year Etsy marketplace GMS performance improving by nearly nine perc",0.09888386403964058,customer_concentration,What does the company say about customer concentration?,5
ETSY,"Etsy, Inc.",1370637,10-K,2026-02-19,0001370637-26-000019,MD&A,ETSY-10-K-021,"materially and adversely from those anticipated or implied in the forward-looking statements. In addition, the global economic climate and general market, political, economic, and business conditions may amplify many of these risks. Forward-looking statements represent our beliefs and assumptions only as of the date of this Annual Report. We disclaim any obligation to update forward-looking statements. Summary Risk Factors Our business is subject to numerous risks. The following summary highlights some of the risks we are exposed to in the normal course of our business activities. This summary is not complete and the risks summarized below are not the only risks we face. You should review and consider carefully the risks and uncertainties described in more detail in Part I, Item 1A, “Risk Factors,” which includes a more complete discussion of the risks summarized below as well as a discussion of other risks related to our business and an investment in our common stock. Financial Performance and Operational Risks Related to Our Business • Our quarterly operating results have and may continue to fluctuate for a variety of reasons, many",real_sec_filing,https://www.sec.gov/Archives/edgar/data/1370637/000137063726000019/etsy-20251231.htm,0.07940479816796006,,0.08,0.15940479816796005,keyword,2026-05-28T16:39:20+00:00,What are the main liquidity risks?,liquidity_debt,True,"materially and adversely from those anticipated or implied in the forward-looking statements. In addition, the global economic climate and general market, political, economic, and business conditions may amplify many of these risks. Forward-looking statements represent our beliefs and assumptions only as of the date of this Annual Report. We disclaim any obligation to update forward-looking statements. Summary Risk Factors Our business is subject to numerous risks. The following summary highlights some of the risks we are exposed to in the normal course of our business activities. This summary is not complete and the risks summarized below ar",0.15940479816796005,liquidity_risks,What are the main liquidity risks?,1
ETSY,"Etsy, Inc.",1370637,10-K,2026-02-19,0001370637-26-000019,MD&A,ETSY-10-K-218,"our management. In addition, Section 203 of the Delaware General Corporation Law may delay or prevent a change in control of our company by imposing certain restrictions on mergers, business combinations, and other transactions between us and holders of 15% or more of our common stock. Anti-takeover provisions could depress the price of our common stock by acting to delay or prevent a change in control of our company. Item 1B. Unresolved Staff Comments. None. Item 1C. Cybersecurity. Cybersecurity Risk Management and Strategy Etsy recognizes the importance of information security, cyber readiness, and data privacy protections to our business and reputation, which includes assessing, identifying, and managing material risks associated with cybersecurity threats. These risks include, among other things: operational risks; intellectual property risks; harm to employees or members of our buyer and seller communities; violation of privacy or security laws; litigation or other legal risks; and reputational risks. We use processes, technologies, and controls to assist in our efforts to assess, identify, and manage material cybersecurity-related risks. We also employ a range of tools and services, including network monitoring,",real_sec_filing,https://www.sec.gov/Archives/edgar/data/1370637/000137063726000019/etsy-20251231.htm,0.05794685968581108,,0.08,0.13794685968581108,keyword,2026-05-28T16:39:20+00:00,What are the main liquidity risks?,liquidity_debt,True,"our management. In addition, Section 203 of the Delaware General Corporation Law may delay or prevent a change in control of our company by imposing certain restrictions on mergers, business combinations, and other transactions between us and holders of 15% or more of our common stock. Anti-takeover provisions could depress the price of our common stock by acting to delay or prevent a change in control of our company. Item 1B. Unresolved Staff Comments. None. Item 1C. Cybersecurity. Cybersecurity Risk Management and Strategy Etsy recognizes the importance of information security, cyber readiness, and data privacy protections to our business a",0.13794685968581108,liquidity_risks,What are the main liquidity risks?,2
ETSY,"Etsy, Inc.",1370637,10-K,2026-02-19,0001370637-26-000019,MD&A,ETSY-10-K-020,"information available to us as of the date of this Annual Report and, although we believe such information forms a reasonable basis for such statements, such information may be limited or incomplete, and our statements should not be read to indicate that we have conducted an exhaustive inquiry into, or review of, all potentially available relevant information. These statements are inherently uncertain, and investors are cautioned not to unduly rely upon these statements. Moreover, we operate in a competitive and rapidly changing environment. New risks and uncertainties emerge from time to time, and it is not possible for us to predict all risks and uncertainties that could have an impact on the forward-looking statements made in this Annual Report. In light of these risks, uncertainties, and assumptions, the future events and trends discussed in this Annual Report may not occur, and actual results could differ materially and adversely from those anticipated or implied in the forward-looking statements. In addition, the global economic climate and general market, political, economic, and business conditions may amplify many of these risks. Forward-looking statements represent",real_sec_filing,https://www.sec.gov/Archives/edgar/data/1370637/000137063726000019/etsy-20251231.htm,0.03709123193816129,,0.08,0.11709123193816129,keyword,2026-05-28T16:39:20+00:00,What are the main liquidity risks?,liquidity_debt,True,"information available to us as of the date of this Annual Report and, although we believe such information forms a reasonable basis for such statements, such information may be limited or incomplete, and our statements should not be read to indicate that we have conducted an exhaustive inquiry into, or review of, all potentially available relevant information. These statements are inherently uncertain, and investors are cautioned not to unduly rely upon these statements. Moreover, we operate in a competitive and rapidly changing environment. New risks and uncertainties emerge from time to time, and it is not possible for us to predict all ris",0.11709123193816129,liquidity_risks,What are the main liquidity risks?,3
ETSY,"Etsy, Inc.",1370637,10-K,2026-02-19,0001370637-26-000019,MD&A,ETSY-10-K-223,"review certain aspects of our cybersecurity program and the related Internal Controls, and our external auditor will test relevant controls around our cybersecurity program and incident reporting. We also do external testing, and conduct annual NIST Cybersecurity Framework audits utilizing external assessors. Through these processes, we did not identify risks from current or past cybersecurity incidents that have materially affected or are reasonably likely to materially affect our business strategy, results of operations, or financial condition. However, despite our efforts, we cannot eliminate all risks from cybersecurity threats, or provide assurances that we have not experienced undetected cybersecurity incidents. For more information about these risks, please see the “Risk Factors” in this Annual Report. Cybersecurity Governance Our Board of Directors and our Risk Oversight Committee are actively engaged in the oversight of our information security program. Our Risk Oversight Committee assists our Board of Directors with its oversight of Etsy’s management of risk exposures, including oversight of technology and information security related risks, as well as oversight of management’s processes for effectively monitoring and mitigating risk. One of the members",real_sec_filing,https://www.sec.gov/Archives/edgar/data/1370637/000137063726000019/etsy-20251231.htm,0.03156147502059386,,0.08,0.11156147502059385,keyword,2026-05-28T16:39:20+00:00,What are the main liquidity risks?,liquidity_debt,True,"review certain aspects of our cybersecurity program and the related Internal Controls, and our external auditor will test relevant controls around our cybersecurity program and incident reporting. We also do external testing, and conduct annual NIST Cybersecurity Framework audits utilizing external assessors. Through these processes, we did not identify risks from current or past cybersecurity incidents that have materially affected or are reasonably likely to materially affect our business strategy, results of operations, or financial condition. However, despite our efforts, we cannot eliminate all risks from cybersecurity threats, or provid",0.11156147502059385,liquidity_risks,What are the main liquidity risks?,4
ETSY,"Etsy, Inc.",1370637,10-K,2026-02-19,0001370637-26-000019,MD&A,ETSY-10-K-085,"free of charge as soon as reasonably practicable after we have filed or furnished them to the SEC. 17 Table of Contents Item 1A. Risk Factors. Investing in our securities involves a high degree of risk. You should consider carefully the risks and uncertainties described below, our Consolidated Financial Statements and related notes, and the other information in this Annual Report. If any of these risks actually occur, our business, financial condition, results of operations, and prospects could be adversely affected. As a result, the price of our securities could decline and you could lose part or all of your investment. In addition, factors other than those discussed below or in other of our reports filed with or furnished to the SEC also could adversely affect our business, financial condition, results of operations, or prospects. We cannot assure you that the risk factors described below or elsewhere in our reports address all potential risks that we may face. These risk factors also serve to describe factors which may cause our results to differ materially from those described in forward-looking statements",real_sec_filing,https://www.sec.gov/Archives/edgar/data/1370637/000137063726000019/etsy-20251231.htm,0.030414602161005323,,0.08,0.11041460216100532,keyword,2026-05-28T16:39:20+00:00,What are the main liquidity risks?,liquidity_debt,True,"free of charge as soon as reasonably practicable after we have filed or furnished them to the SEC. 17 Table of Contents Item 1A. Risk Factors. Investing in our securities involves a high degree of risk. You should consider carefully the risks and uncertainties described below, our Consolidated Financial Statements and related notes, and the other information in this Annual Report. If any of these risks actually occur, our business, financial condition, results of operations, and prospects could be adversely affected. As a result, the price of our securities could decline and you could lose part or all of your investment. In addition, factors ",0.11041460216100532,liquidity_risks,What are the main liquidity risks?,5
ETSY,"Etsy, Inc.",1370637,10-K,2026-02-19,0001370637-26-000019,MD&A,ETSY-10-K-172,"result, we may not be able to engage in any of these activities or engage in these activities on desirable terms, which could result in a default on our debt obligations. Based on the daily closing prices of the Company’s stock during the quarter ended December 31, 2025, holders of the Notes are not eligible to convert their Notes during the first quarter of 2026. See Part II, Item 8, “Financial Statements and Supplementary Data—Note 12—Debt” for more information on the Notes. In addition, we and our subsidiaries may be able to incur substantial additional debt in the future, subject to the restrictions contained in our debt instruments, some of which may be secured debt. If, for example, we incur additional debt, secure existing or future debt, or recapitalize our debt, these actions may diminish our ability to make payments on our substantial debt when due. Regulatory, Compliance, and Legal Risks Failure to deal effectively with fraud or other illegal activity could harm our business. Our operations are subject to anti-corruption laws, such as the FCPA, which generally prohibit us",real_sec_filing,https://www.sec.gov/Archives/edgar/data/1370637/000137063726000019/etsy-20251231.htm,0.10615453026819738,,0.08,0.1861545302681974,keyword,2026-05-28T16:39:21+00:00,What does management say about debt obligations?,liquidity_debt,True,"result, we may not be able to engage in any of these activities or engage in these activities on desirable terms, which could result in a default on our debt obligations. Based on the daily closing prices of the Company’s stock during the quarter ended December 31, 2025, holders of the Notes are not eligible to convert their Notes during the first quarter of 2026. See Part II, Item 8, “Financial Statements and Supplementary Data—Note 12—Debt” for more information on the Notes. In addition, we and our subsidiaries may be able to incur substantial additional debt in the future, subject to the restrictions contained in our debt instruments, some",0.1861545302681974,debt_obligations,What does management say about debt obligations?,1
ETSY,"Etsy, Inc.",1370637,10-K,2026-02-19,0001370637-26-000019,Liquidity and Capital Resources,ETSY-10-K-263,"ongoing operations including investing in the areas outlined in Part I, Item 1, “Business—Overview—Core Business Drivers.” We also have the ability to draw down on the 2023 Credit Agreement. See Part II, Item 8, “Financial Statements and Supplementary Data—Note 12—Debt” for more information on the 2023 Credit Agreement. 59 Table of Contents Material Cash Requirements Our cash commitments as of December 31, 2025 were as follows (in thousands): Total Short-Term Long-Term Debt obligations (1) $ 2,999,887 $ 649,887 $ 2,350,000 Interest payments (1) 40,188 11,125 29,063 Finance lease obligations (2) 141,272 5,394 135,878 Operating lease obligations (3) 55,650 3,726 51,924 Purchase obligations (4) 783,645 173,170 610,475 Total cash commitments $ 4,020,642 $ 843,302 $ 3,177,340 (1) Debt obligations consist of convertible senior notes, which mature from 2026 through 2030, unless earlier converted or repurchased. Based on the terms of each series of convertible senior notes, when a conversion notice is received, we have the option to pay by delivery of cash, shares of our common stock, or a combination thereof. Interest payments consist of interest due in connection with our",real_sec_filing,https://www.sec.gov/Archives/edgar/data/1370637/000137063726000019/etsy-20251231.htm,0.09361349041367317,,0.08,0.1736134904136732,keyword,2026-05-28T16:39:21+00:00,What does management say about debt obligations?,liquidity_debt,True,"ongoing operations including investing in the areas outlined in Part I, Item 1, “Business—Overview—Core Business Drivers.” We also have the ability to draw down on the 2023 Credit Agreement. See Part II, Item 8, “Financial Statements and Supplementary Data—Note 12—Debt” for more information on the 2023 Credit Agreement. 59 Table of Contents Material Cash Requirements Our cash commitments as of December 31, 2025 were as follows (in thousands): Total Short-Term Long-Term Debt obligations (1) $ 2,999,887 $ 649,887 $ 2,350,000 Interest payments (1) 40,188 11,125 29,063 Finance lease obligations (2) 141,272 5,394 135,878 Operating lease obligation",0.1736134904136732,debt_obligations,What does management say about debt obligations?,2
ETSY,"Etsy, Inc.",1370637,10-K,2026-02-19,0001370637-26-000019,Liquidity and Capital Resources,ETSY-10-K-264,"when a conversion notice is received, we have the option to pay by delivery of cash, shares of our common stock, or a combination thereof. Interest payments consist of interest due in connection with our convertible senior notes. See Part II, Item 8, “Financial Statements and Supplementary Data—Note 12—Debt” for additional information. (2) Finance lease obligations consist of a portion of the lease on our headquarter office located in Brooklyn, New York, and include imputed interest and rent concessions. The table above does not reflect tenant improvement allowances. (3) Operating lease obligations consist of obligations under non-cancelable operating leases, including a portion of our headquarter office located in Brooklyn, New York and for a majority of our other office locations, and include imputed interest and rent concessions. The table above does not reflect tenant improvement allowances. (4) Purchase obligations primarily consist of the minimum, non-cancelable commitments as well as cancellation fees related to technology spending. For agreements with variable terms, we do not estimate what the total obligation may be beyond any minimum quantities and/or pricing. For purchase obligations with",real_sec_filing,https://www.sec.gov/Archives/edgar/data/1370637/000137063726000019/etsy-20251231.htm,0.05447386168853892,,0.08,0.13447386168853892,keyword,2026-05-28T16:39:21+00:00,What does management say about debt obligations?,liquidity_debt,True,"when a conversion notice is received, we have the option to pay by delivery of cash, shares of our common stock, or a combination thereof. Interest payments consist of interest due in connection with our convertible senior notes. See Part II, Item 8, “Financial Statements and Supplementary Data—Note 12—Debt” for additional information. (2) Finance lease obligations consist of a portion of the lease on our headquarter office located in Brooklyn, New York, and include imputed interest and rent concessions. The table above does not reflect tenant improvement allowances. (3) Operating lease obligations consist of obligations under non-cancelable ",0.13447386168853892,debt_obligations,What does management say about debt obligations?,3
ETSY,"Etsy, Inc.",1370637,10-K,2026-02-19,0001370637-26-000019,MD&A,ETSY-10-K-171,"cash flow necessary to pay our debts when due, we may be required to adopt one or more alternatives, such as selling assets, refinancing or restructuring debt, or obtaining additional equity capital on terms that may be onerous or highly dilutive. In addition, any required repurchase of the Notes for cash as a result of a fundamental change would lower our current cash on hand such that we would not have those funds available for use in our business or could require us to obtain additional financing to fund the repurchase. Our ability to refinance our indebtedness will depend on the capital markets and our financial condition at such time. . Higher prevailing interest rates and/or a tightening supply of credit may adversely affect the terms upon which we will be able to refinance our indebtedness, if at all. As a 36 Table of Contents result, we may not be able to engage in any of these activities or engage in these activities on desirable terms, which could result in a default on our debt obligations. Based on the daily",real_sec_filing,https://www.sec.gov/Archives/edgar/data/1370637/000137063726000019/etsy-20251231.htm,0.05216244655089077,,0.08,0.13216244655089077,keyword,2026-05-28T16:39:21+00:00,What does management say about debt obligations?,liquidity_debt,True,"cash flow necessary to pay our debts when due, we may be required to adopt one or more alternatives, such as selling assets, refinancing or restructuring debt, or obtaining additional equity capital on terms that may be onerous or highly dilutive. In addition, any required repurchase of the Notes for cash as a result of a fundamental change would lower our current cash on hand such that we would not have those funds available for use in our business or could require us to obtain additional financing to fund the repurchase. Our ability to refinance our indebtedness will depend on the capital markets and our financial condition at such time. . ",0.13216244655089077,debt_obligations,What does management say about debt obligations?,4
ETSY,"Etsy, Inc.",1370637,10-K,2026-02-19,0001370637-26-000019,Liquidity and Capital Resources,ETSY-10-K-389,"to certain exceptions, to the extent the Company has any material domestic subsidiaries, the obligations under the 2023 Credit Agreement would be required to be guaranteed by such material domestic subsidiaries. The obligations under the 2023 Credit Agreement are secured by all or substantially all of the assets of the Company and any such subsidiary guarantors. At December 31, 2025 and December 31, 2024, the Company did not have any borrowings under the 2023 Credit Agreement and was in compliance with all financial covenants. 98 Table of Contents Etsy, Inc. Notes to Consolidated Financial Statements Note 13—Commitments and Contingencies Purchase Obligations Purchase obligations as of December 31, 2025 were $ 783.6 million and primarily consist of the minimum, non-cancelable commitments as well as cancellation fees related to technology spending, in which the commitments are due over the course of approximately five years . For agreements with variable terms, the Company does not estimate what the total obligation may be beyond any minimum quantities and/or pricing. For purchase obligations with cancellation provisions, the amounts included were limited to the non-cancelable portion",real_sec_filing,https://www.sec.gov/Archives/edgar/data/1370637/000137063726000019/etsy-20251231.htm,0.04610221537090671,,0.08,0.1261022153709067,keyword,2026-05-28T16:39:21+00:00,What does management say about debt obligations?,liquidity_debt,True,"to certain exceptions, to the extent the Company has any material domestic subsidiaries, the obligations under the 2023 Credit Agreement would be required to be guaranteed by such material domestic subsidiaries. The obligations under the 2023 Credit Agreement are secured by all or substantially all of the assets of the Company and any such subsidiary guarantors. At December 31, 2025 and December 31, 2024, the Company did not have any borrowings under the 2023 Credit Agreement and was in compliance with all financial covenants. 98 Table of Contents Etsy, Inc. Notes to Consolidated Financial Statements Note 13—Commitments and Contingencies Purc",0.1261022153709067,debt_obligations,What does management say about debt obligations?,5
ETSY,"Etsy, Inc.",1370637,10-K,2026-02-19,0001370637-26-000019,MD&A,ETSY-10-K-021,"materially and adversely from those anticipated or implied in the forward-looking statements. In addition, the global economic climate and general market, political, economic, and business conditions may amplify many of these risks. Forward-looking statements represent our beliefs and assumptions only as of the date of this Annual Report. We disclaim any obligation to update forward-looking statements. Summary Risk Factors Our business is subject to numerous risks. The following summary highlights some of the risks we are exposed to in the normal course of our business activities. This summary is not complete and the risks summarized below are not the only risks we face. You should review and consider carefully the risks and uncertainties described in more detail in Part I, Item 1A, “Risk Factors,” which includes a more complete discussion of the risks summarized below as well as a discussion of other risks related to our business and an investment in our common stock. Financial Performance and Operational Risks Related to Our Business • Our quarterly operating results have and may continue to fluctuate for a variety of reasons, many",real_sec_filing,https://www.sec.gov/Archives/edgar/data/1370637/000137063726000019/etsy-20251231.htm,0.0748646262005128,,0.08,0.1548646262005128,keyword,2026-05-28T16:39:21+00:00,What risks could pressure margins?,margin_pressure,True,"materially and adversely from those anticipated or implied in the forward-looking statements. In addition, the global economic climate and general market, political, economic, and business conditions may amplify many of these risks. Forward-looking statements represent our beliefs and assumptions only as of the date of this Annual Report. We disclaim any obligation to update forward-looking statements. Summary Risk Factors Our business is subject to numerous risks. The following summary highlights some of the risks we are exposed to in the normal course of our business activities. This summary is not complete and the risks summarized below ar",0.1548646262005128,margin_pressure,What risks could pressure margins?,1
ETSY,"Etsy, Inc.",1370637,10-K,2026-02-19,0001370637-26-000019,MD&A,ETSY-10-K-218,"our management. In addition, Section 203 of the Delaware General Corporation Law may delay or prevent a change in control of our company by imposing certain restrictions on mergers, business combinations, and other transactions between us and holders of 15% or more of our common stock. Anti-takeover provisions could depress the price of our common stock by acting to delay or prevent a change in control of our company. Item 1B. Unresolved Staff Comments. None. Item 1C. Cybersecurity. Cybersecurity Risk Management and Strategy Etsy recognizes the importance of information security, cyber readiness, and data privacy protections to our business and reputation, which includes assessing, identifying, and managing material risks associated with cybersecurity threats. These risks include, among other things: operational risks; intellectual property risks; harm to employees or members of our buyer and seller communities; violation of privacy or security laws; litigation or other legal risks; and reputational risks. We use processes, technologies, and controls to assist in our efforts to assess, identify, and manage material cybersecurity-related risks. We also employ a range of tools and services, including network monitoring,",real_sec_filing,https://www.sec.gov/Archives/edgar/data/1370637/000137063726000019/etsy-20251231.htm,0.0546336001093479,,0.08,0.1346336001093479,keyword,2026-05-28T16:39:21+00:00,What risks could pressure margins?,margin_pressure,True,"our management. In addition, Section 203 of the Delaware General Corporation Law may delay or prevent a change in control of our company by imposing certain restrictions on mergers, business combinations, and other transactions between us and holders of 15% or more of our common stock. Anti-takeover provisions could depress the price of our common stock by acting to delay or prevent a change in control of our company. Item 1B. Unresolved Staff Comments. None. Item 1C. Cybersecurity. Cybersecurity Risk Management and Strategy Etsy recognizes the importance of information security, cyber readiness, and data privacy protections to our business a",0.1346336001093479,margin_pressure,What risks could pressure margins?,2
ETSY,"Etsy, Inc.",1370637,10-K,2026-02-19,0001370637-26-000019,MD&A,ETSY-10-K-086,"or elsewhere in our reports address all potential risks that we may face. These risk factors also serve to describe factors which may cause our results to differ materially from those described in forward-looking statements included herein or in other documents or statements that make reference to this Annual Report. For more information, see the “Note Regarding Forward-Looking Statements.” Operational Risks Related to Our Business Our quarterly operating results have and may continue to fluctuate, which can cause significant stock price fluctuations. Our quarterly operating results, as well as our key metrics, have and may continue to fluctuate for a variety of reasons, many of which are beyond our control, including: • inflation, interest rates, recessionary factors, foreign exchange rate volatility, tariffs and other trade barriers, disruptions to the banking industry, changing consumer shopping preferences, continued pressure on consumer discretionary product spending, weather, domestic and global geopolitical uncertainties, various types of cultural events, public health crises, supply-chain disruptions, an increasingly competitive retail environment, and employment levels, among other factors (collectively, “Macro Conditions”); • fluctuations in our GMS or revenue ,",real_sec_filing,https://www.sec.gov/Archives/edgar/data/1370637/000137063726000019/etsy-20251231.htm,0.04027053116373091,,0.08,0.1202705311637309,keyword,2026-05-28T16:39:21+00:00,What risks could pressure margins?,margin_pressure,True,"or elsewhere in our reports address all potential risks that we may face. These risk factors also serve to describe factors which may cause our results to differ materially from those described in forward-looking statements included herein or in other documents or statements that make reference to this Annual Report. For more information, see the “Note Regarding Forward-Looking Statements.” Operational Risks Related to Our Business Our quarterly operating results have and may continue to fluctuate, which can cause significant stock price fluctuations. Our quarterly operating results, as well as our key metrics, have and may continue to fluctu",0.1202705311637309,margin_pressure,What risks could pressure margins?,3
ETSY,"Etsy, Inc.",1370637,10-K,2026-02-19,0001370637-26-000019,MD&A,ETSY-10-K-020,"information available to us as of the date of this Annual Report and, although we believe such information forms a reasonable basis for such statements, such information may be limited or incomplete, and our statements should not be read to indicate that we have conducted an exhaustive inquiry into, or review of, all potentially available relevant information. These statements are inherently uncertain, and investors are cautioned not to unduly rely upon these statements. Moreover, we operate in a competitive and rapidly changing environment. New risks and uncertainties emerge from time to time, and it is not possible for us to predict all risks and uncertainties that could have an impact on the forward-looking statements made in this Annual Report. In light of these risks, uncertainties, and assumptions, the future events and trends discussed in this Annual Report may not occur, and actual results could differ materially and adversely from those anticipated or implied in the forward-looking statements. In addition, the global economic climate and general market, political, economic, and business conditions may amplify many of these risks. Forward-looking statements represent",real_sec_filing,https://www.sec.gov/Archives/edgar/data/1370637/000137063726000019/etsy-20251231.htm,0.03497044609940735,,0.08,0.11497044609940735,keyword,2026-05-28T16:39:21+00:00,What risks could pressure margins?,margin_pressure,True,"information available to us as of the date of this Annual Report and, although we believe such information forms a reasonable basis for such statements, such information may be limited or incomplete, and our statements should not be read to indicate that we have conducted an exhaustive inquiry into, or review of, all potentially available relevant information. These statements are inherently uncertain, and investors are cautioned not to unduly rely upon these statements. Moreover, we operate in a competitive and rapidly changing environment. New risks and uncertainties emerge from time to time, and it is not possible for us to predict all ris",0.11497044609940735,margin_pressure,What risks could pressure margins?,4
ETSY,"Etsy, Inc.",1370637,10-K,2026-02-19,0001370637-26-000019,MD&A,ETSY-10-K-223,"review certain aspects of our cybersecurity program and the related Internal Controls, and our external auditor will test relevant controls around our cybersecurity program and incident reporting. We also do external testing, and conduct annual NIST Cybersecurity Framework audits utilizing external assessors. Through these processes, we did not identify risks from current or past cybersecurity incidents that have materially affected or are reasonably likely to materially affect our business strategy, results of operations, or financial condition. However, despite our efforts, we cannot eliminate all risks from cybersecurity threats, or provide assurances that we have not experienced undetected cybersecurity incidents. For more information about these risks, please see the “Risk Factors” in this Annual Report. Cybersecurity Governance Our Board of Directors and our Risk Oversight Committee are actively engaged in the oversight of our information security program. Our Risk Oversight Committee assists our Board of Directors with its oversight of Etsy’s management of risk exposures, including oversight of technology and information security related risks, as well as oversight of management’s processes for effectively monitoring and mitigating risk. One of the members",real_sec_filing,https://www.sec.gov/Archives/edgar/data/1370637/000137063726000019/etsy-20251231.htm,0.029756867144925123,,0.08,0.10975686714492512,keyword,2026-05-28T16:39:21+00:00,What risks could pressure margins?,margin_pressure,True,"review certain aspects of our cybersecurity program and the related Internal Controls, and our external auditor will test relevant controls around our cybersecurity program and incident reporting. We also do external testing, and conduct annual NIST Cybersecurity Framework audits utilizing external assessors. Through these processes, we did not identify risks from current or past cybersecurity incidents that have materially affected or are reasonably likely to materially affect our business strategy, results of operations, or financial condition. However, despite our efforts, we cannot eliminate all risks from cybersecurity threats, or provid",0.10975686714492512,margin_pressure,What risks could pressure margins?,5
ETSY,"Etsy, Inc.",1370637,10-K,2026-02-19,0001370637-26-000019,MD&A,ETSY-10-K-076,"identified as Black, Latinx, or Native American ◦ 40.6% of U.S.-based software engineers identified as women or marginalized genders ◦ 13.4% of Mexico-based software engineers identified as women or marginalized genders ◦ 27.9% of Ireland-based software engineers identified as women or marginalized genders ◦ 13.2% of our U.S. and U.K. employees disclosed that they have or have had a disability ◦ 0.6% of our U.S. employees disclosed that they are veterans that served in the armed forces ◦ 11.8% of our U.S. employees disclosed that they identify as LGBTQIA+ ◦ 29.7% of our U.S., Mexico, and Ireland employees disclosed that they are parents of children below the age of 18 through their benefits elections ◦ 0.2% of our U.S. employees disclosed their spouse served in the armed forces For Depop: • At December 31, 2025: ◦ 31.2% of U.S. and U.K. employees identified as Asian, Black, Mixed or ‘Other,’ including Latinx in the United States ◦ 27.0% of employees on engineering and data teams identified as women and marginalized genders ◦ 9.3% of U.S. and U.K. employees disclosed that they",real_sec_filing,https://www.sec.gov/Archives/edgar/data/1370637/000137063726000019/etsy-20251231.htm,0.09404117574047122,,0.08,0.17404117574047123,keyword,2026-05-28T16:39:22+00:00,What capex or investment requirements are disclosed?,capex_investment,True,"identified as Black, Latinx, or Native American ◦ 40.6% of U.S.-based software engineers identified as women or marginalized genders ◦ 13.4% of Mexico-based software engineers identified as women or marginalized genders ◦ 27.9% of Ireland-based software engineers identified as women or marginalized genders ◦ 13.2% of our U.S. and U.K. employees disclosed that they have or have had a disability ◦ 0.6% of our U.S. employees disclosed that they are veterans that served in the armed forces ◦ 11.8% of our U.S. employees disclosed that they identify as LGBTQIA+ ◦ 29.7% of our U.S., Mexico, and Ireland employees disclosed that they are parents of ch",0.17404117574047123,capex_requirements,What capex or investment requirements are disclosed?,1
ETSY,"Etsy, Inc.",1370637,10-K,2026-02-19,0001370637-26-000019,Liquidity and Capital Resources,ETSY-10-K-363,"the extent to which the fair value is less than the amortized cost basis, the credit rating, including whether there has been any changes to the rating of the security by a rating agency, available information relevant to the collectibility of the security, and management’s intended holding period and time horizon for selling the security. The Company did not recognize a credit loss in 2025, 2024, or 2023. Outside of the Company’s Impact Investment Fund, the Company typically invests in short- and long-term instruments, including fixed-income funds and U.S. Government securities aligned with the Company’s investment strategy. In accordance with the Company’s investment policy, all investments, other than investments made through its Impact Investment Fund, have maturities no longer than 37 months, with the average maturity of these investments maintained at 12 months or less. Disclosure of Fair Values The Company’s financial instruments that are not remeasured at fair value in the Consolidated Balance Sheets include the 1.00 % Convertible Senior Notes due 2030 (the “2025 Notes”), the 0.25 % Convertible Senior Notes due 2028 (the “2021 Notes”), the 0.125",real_sec_filing,https://www.sec.gov/Archives/edgar/data/1370637/000137063726000019/etsy-20251231.htm,0.040705584488663786,,0.08,0.12070558448866378,keyword,2026-05-28T16:39:22+00:00,What capex or investment requirements are disclosed?,capex_investment,True,"the extent to which the fair value is less than the amortized cost basis, the credit rating, including whether there has been any changes to the rating of the security by a rating agency, available information relevant to the collectibility of the security, and management’s intended holding period and time horizon for selling the security. The Company did not recognize a credit loss in 2025, 2024, or 2023. Outside of the Company’s Impact Investment Fund, the Company typically invests in short- and long-term instruments, including fixed-income funds and U.S. Government securities aligned with the Company’s investment strategy. In accordance wi",0.12070558448866378,capex_requirements,What capex or investment requirements are disclosed?,2
ETSY,"Etsy, Inc.",1370637,10-K,2026-02-19,0001370637-26-000019,MD&A,ETSY-10-K-183,"compliance obligations and/or impeding our business. For example, some of these requirements may introduce friction into the user experience on our platforms, restrict our ability to use data in ways that could benefit our sellers and our business, or impact the scope and effectiveness of our marketing efforts, any of which could negatively impact our business and future outlook. 39 Table of Contents We may fall short of our data protection obligations due to various factors either within our control (such as limited internal resource allocation) or outside our control (such as a lack of vendor cooperation, new regulatory interpretations, or lack of regulatory guidance in respect of certain requirements). Any actual or perceived failure to comply with applicable privacy or data protection laws, our contractual obligations to third parties, our privacy policies, or similar requirements, could subject us to significant damages, fines, penalties, regulatory investigations, lawsuits, remediation costs, reputational damage, and/or other liabilities. In addition, although our sellers and vendors are independent businesses with their own data protection and privacy obligations, it is possible that a privacy authority could",real_sec_filing,https://www.sec.gov/Archives/edgar/data/1370637/000137063726000019/etsy-20251231.htm,0.02880797673568467,,0.08,0.10880797673568467,keyword,2026-05-28T16:39:22+00:00,What capex or investment requirements are disclosed?,capex_investment,True,"compliance obligations and/or impeding our business. For example, some of these requirements may introduce friction into the user experience on our platforms, restrict our ability to use data in ways that could benefit our sellers and our business, or impact the scope and effectiveness of our marketing efforts, any of which could negatively impact our business and future outlook. 39 Table of Contents We may fall short of our data protection obligations due to various factors either within our control (such as limited internal resource allocation) or outside our control (such as a lack of vendor cooperation, new regulatory interpretations, or ",0.10880797673568467,capex_requirements,What capex or investment requirements are disclosed?,3
ETSY,"Etsy, Inc.",1370637,10-K,2026-02-19,0001370637-26-000019,MD&A,ETSY-10-K-195,"affect our business. If we, our sellers, or our third-party service providers fail to comply with applicable legal, regulatory, licensure, registration, contractual, or other requirements, including judicial and regulatory interpretations of those requirements, we could face substantial fines, liabilities, litigation, enforcement actions, reputational damage, and/or be forced to substantially change, curtail, or suspend our services or features in key markets. We and our sellers could similarly be harmed by changes to rules and regulations that affect our business, or changes to the rules and fees imposed by our third-party payment partners or payment card providers. Additionally, compliance with these evolving regimes may require significant investment of resources, necessitate changes to our business model and offerings, reduce the attractiveness of our platforms for buyers and sellers, increase our costs, or make our business less profitable. We may be subject to intellectual property and similar claims, which, even if meritless, could be extremely costly to defend, damage our brands, require us to pay significant damages, and limit our ability to use certain technologies in the future. Technology companies are frequently subject to",real_sec_filing,https://www.sec.gov/Archives/edgar/data/1370637/000137063726000019/etsy-20251231.htm,0.028679643913049356,,0.08,0.10867964391304935,keyword,2026-05-28T16:39:22+00:00,What capex or investment requirements are disclosed?,capex_investment,True,"affect our business. If we, our sellers, or our third-party service providers fail to comply with applicable legal, regulatory, licensure, registration, contractual, or other requirements, including judicial and regulatory interpretations of those requirements, we could face substantial fines, liabilities, litigation, enforcement actions, reputational damage, and/or be forced to substantially change, curtail, or suspend our services or features in key markets. We and our sellers could similarly be harmed by changes to rules and regulations that affect our business, or changes to the rules and fees imposed by our third-party payment partners o",0.10867964391304935,capex_requirements,What capex or investment requirements are disclosed?,4
ETSY,"Etsy, Inc.",1370637,10-K,2026-02-19,0001370637-26-000019,MD&A,ETSY-10-K-194,"turn, could drive sellers away from our platform or require us to refuse service to them. Our payments systems are also subject to complex and evolving financial regulations and obligations. We act as a regulated payment institution in the European Economic Area through our subsidiary Etsy Payments Ireland Limited, we are registered as a payments services provider in Canada through our subsidiary Etsy Canada Limited, and we may in the future apply for registration or licensure in additional jurisdictions. Each authorization subjects us to additional regulation, compliance burdens, and oversight. Further, through our agreements and arrangements with our third-party payments service providers, we are subject to evolving rules and requirements, like the Visa and Mastercard network rules and Payment Card Industry Data Security Standard, rules governing electronic funds transfers, and various fee arrangements, all of which are subject to change in ways that may adversely affect our business. If we, our sellers, or our third-party service providers fail to comply with applicable legal, regulatory, licensure, registration, contractual, or other requirements, including judicial and regulatory interpretations of those requirements, we could",real_sec_filing,https://www.sec.gov/Archives/edgar/data/1370637/000137063726000019/etsy-20251231.htm,0.026704832071581492,,0.08,0.10670483207158149,keyword,2026-05-28T16:39:22+00:00,What capex or investment requirements are disclosed?,capex_investment,True,"turn, could drive sellers away from our platform or require us to refuse service to them. Our payments systems are also subject to complex and evolving financial regulations and obligations. We act as a regulated payment institution in the European Economic Area through our subsidiary Etsy Payments Ireland Limited, we are registered as a payments services provider in Canada through our subsidiary Etsy Canada Limited, and we may in the future apply for registration or licensure in additional jurisdictions. Each authorization subjects us to additional regulation, compliance burdens, and oversight. Further, through our agreements and arrangement",0.10670483207158149,capex_requirements,What capex or investment requirements are disclosed?,5
ETSY,"Etsy, Inc.",1370637,10-K,2026-02-19,0001370637-26-000019,MD&A,ETSY-10-K-140,"multiple tax years subject to audit by various taxing jurisdictions. As a result, we could be subject to higher than anticipated tax liabilities as well as ongoing variability in our quarterly tax rates as audits close and exposures are re-evaluated. Strategic Risks Related to Our Business and Industry We face intense competition and may not be able to compete effectively. Operating e-commerce marketplaces is highly competitive, and we expect competition to increase in the future. We face competition from a wide range of online and offline competitors on both sides of our two-sided marketplace, which connects buyers and sellers to facilitate transactions. We compete for sellers with many companies and venues, including marketplaces, retailers, and social media commerce. For example, in addition to listing goods for sale on one of our marketplaces, a seller can list goods with online retailers or sell goods through local consignment and vintage stores, as well as other venues or marketplaces, or through social networks and agentic experiences. They may also sell wholesale directly to traditional retailers, including large national retailers, who discover their goods",real_sec_filing,https://www.sec.gov/Archives/edgar/data/1370637/000137063726000019/etsy-20251231.htm,0.04060884664765296,,0.04,0.08060884664765297,keyword,2026-05-28T16:39:22+00:00,What does management say about competition?,risk_competition_regulation,True,"multiple tax years subject to audit by various taxing jurisdictions. As a result, we could be subject to higher than anticipated tax liabilities as well as ongoing variability in our quarterly tax rates as audits close and exposures are re-evaluated. Strategic Risks Related to Our Business and Industry We face intense competition and may not be able to compete effectively. Operating e-commerce marketplaces is highly competitive, and we expect competition to increase in the future. We face competition from a wide range of online and offline competitors on both sides of our two-sided marketplace, which connects buyers and sellers to facilitate ",0.08060884664765297,competition,What does management say about competition?,1
ETSY,"Etsy, Inc.",1370637,10-K,2026-02-19,0001370637-26-000019,Business,ETSY-10-K-012,Item 1. Business 18,real_sec_filing,https://www.sec.gov/Archives/edgar/data/1370637/000137063726000019/etsy-20251231.htm,0.0,,0.08,0.08,keyword,2026-05-28T16:39:22+00:00,What does management say about competition?,risk_competition_regulation,True,Item 1. Business 18,0.08,competition,What does management say about competition?,2
ETSY,"Etsy, Inc.",1370637,10-K,2026-02-19,0001370637-26-000019,Legal / Regulatory Matters,ETSY-10-K-014,"Legal Proceedings 49 Item 4. Mine Safety Disclosures Part II - Other Information 50 Item 5. Market for Registrant’s Common Equity, Related Stockholder Matters and Issuer Purchases of Equity Securities 51 Item 6. [Reserved] 52",real_sec_filing,https://www.sec.gov/Archives/edgar/data/1370637/000137063726000019/etsy-20251231.htm,0.0,,0.08,0.08,keyword,2026-05-28T16:39:22+00:00,What does management say about competition?,risk_competition_regulation,True,"Legal Proceedings 49 Item 4. Mine Safety Disclosures Part II - Other Information 50 Item 5. Market for Registrant’s Common Equity, Related Stockholder Matters and Issuer Purchases of Equity Securities 51 Item 6. [Reserved] 52",0.08,competition,What does management say about competition?,3
ETSY,"Etsy, Inc.",1370637,10-K,2026-02-19,0001370637-26-000019,Risk Factors,ETSY-10-K-013,Item 1A. Risk Factors 47 Item 1B. Unresolved Staff Comments 47 Item 1C. Cybersecurity 49 Item 2. Properties 49 Item 3.,real_sec_filing,https://www.sec.gov/Archives/edgar/data/1370637/000137063726000019/etsy-20251231.htm,0.0,,0.08,0.08,keyword,2026-05-28T16:39:22+00:00,What does management say about competition?,risk_competition_regulation,True,Item 1A. Risk Factors 47 Item 1B. Unresolved Staff Comments 47 Item 1C. Cybersecurity 49 Item 2. Properties 49 Item 3.,0.08,competition,What does management say about competition?,4
ETSY,"Etsy, Inc.",1370637,10-K,2026-02-19,0001370637-26-000019,MD&A,ETSY-10-K-039,"marketplace to access tools and services that help them run and grow their creative businesses and drive sales. In 2025, the number of active sellers declined year-over-year, yet stabilized beginning in the second quarter. This reflects the anticipated and intentional impact of the seller set-up fee introduced in 2024, which was designed to encourage a higher standard of seller commitment on the platform. In addition, the retention rate of prior year active sellers improved throughout the year, signaling improving overall seller health and engagement. According to our latest Seller Census 1 , about half of sellers sell exclusively on Etsy, and among those who sell elsewhere, roughly one-third generate most of their sales on our marketplace. Additional Seller Census highlights include: • 89% are businesses of one; • 97% run businesses from their homes; • 80% identify as women; • 27% live in rural areas; • 59% sold for the first time on Etsy; • 70% consider their shop a business; • 51% are multi-channel sellers; • 29% say creative business (on and off Etsy) is their sole occupation; •",real_sec_filing,https://www.sec.gov/Archives/edgar/data/1370637/000137063726000019/etsy-20251231.htm,0.03789069664413566,,0.04,0.07789069664413567,keyword,2026-05-28T16:39:22+00:00,What does management say about competition?,risk_competition_regulation,True,"marketplace to access tools and services that help them run and grow their creative businesses and drive sales. In 2025, the number of active sellers declined year-over-year, yet stabilized beginning in the second quarter. This reflects the anticipated and intentional impact of the seller set-up fee introduced in 2024, which was designed to encourage a higher standard of seller commitment on the platform. In addition, the retention rate of prior year active sellers improved throughout the year, signaling improving overall seller health and engagement. According to our latest Seller Census 1 , about half of sellers sell exclusively on Etsy, an",0.07789069664413567,competition,What does management say about competition?,5
ETSY,"Etsy, Inc.",1370637,10-K,2026-02-19,0001370637-26-000019,MD&A,ETSY-10-K-021,"materially and adversely from those anticipated or implied in the forward-looking statements. In addition, the global economic climate and general market, political, economic, and business conditions may amplify many of these risks. Forward-looking statements represent our beliefs and assumptions only as of the date of this Annual Report. We disclaim any obligation to update forward-looking statements. Summary Risk Factors Our business is subject to numerous risks. The following summary highlights some of the risks we are exposed to in the normal course of our business activities. This summary is not complete and the risks summarized below are not the only risks we face. You should review and consider carefully the risks and uncertainties described in more detail in Part I, Item 1A, “Risk Factors,” which includes a more complete discussion of the risks summarized below as well as a discussion of other risks related to our business and an investment in our common stock. Financial Performance and Operational Risks Related to Our Business • Our quarterly operating results have and may continue to fluctuate for a variety of reasons, many",real_sec_filing,https://www.sec.gov/Archives/edgar/data/1370637/000137063726000019/etsy-20251231.htm,0.0651114724898083,,0.04,0.10511147248980829,keyword,2026-05-28T16:39:23+00:00,Are there regulatory or litigation risks?,risk_competition_regulation,True,"materially and adversely from those anticipated or implied in the forward-looking statements. In addition, the global economic climate and general market, political, economic, and business conditions may amplify many of these risks. Forward-looking statements represent our beliefs and assumptions only as of the date of this Annual Report. We disclaim any obligation to update forward-looking statements. Summary Risk Factors Our business is subject to numerous risks. The following summary highlights some of the risks we are exposed to in the normal course of our business activities. This summary is not complete and the risks summarized below ar",0.10511147248980829,regulatory_litigation,Are there regulatory or litigation risks?,1
ETSY,"Etsy, Inc.",1370637,10-K,2026-02-19,0001370637-26-000019,MD&A,ETSY-10-K-218,"our management. In addition, Section 203 of the Delaware General Corporation Law may delay or prevent a change in control of our company by imposing certain restrictions on mergers, business combinations, and other transactions between us and holders of 15% or more of our common stock. Anti-takeover provisions could depress the price of our common stock by acting to delay or prevent a change in control of our company. Item 1B. Unresolved Staff Comments. None. Item 1C. Cybersecurity. Cybersecurity Risk Management and Strategy Etsy recognizes the importance of information security, cyber readiness, and data privacy protections to our business and reputation, which includes assessing, identifying, and managing material risks associated with cybersecurity threats. These risks include, among other things: operational risks; intellectual property risks; harm to employees or members of our buyer and seller communities; violation of privacy or security laws; litigation or other legal risks; and reputational risks. We use processes, technologies, and controls to assist in our efforts to assess, identify, and manage material cybersecurity-related risks. We also employ a range of tools and services, including network monitoring,",real_sec_filing,https://www.sec.gov/Archives/edgar/data/1370637/000137063726000019/etsy-20251231.htm,0.05792627334296496,,0.04,0.09792627334296497,keyword,2026-05-28T16:39:23+00:00,Are there regulatory or litigation risks?,risk_competition_regulation,True,"our management. In addition, Section 203 of the Delaware General Corporation Law may delay or prevent a change in control of our company by imposing certain restrictions on mergers, business combinations, and other transactions between us and holders of 15% or more of our common stock. Anti-takeover provisions could depress the price of our common stock by acting to delay or prevent a change in control of our company. Item 1B. Unresolved Staff Comments. None. Item 1C. Cybersecurity. Cybersecurity Risk Management and Strategy Etsy recognizes the importance of information security, cyber readiness, and data privacy protections to our business a",0.09792627334296497,regulatory_litigation,Are there regulatory or litigation risks?,2
ETSY,"Etsy, Inc.",1370637,10-K,2026-02-19,0001370637-26-000019,MD&A,ETSY-10-K-179,"and/or suffer reputational or other harm. Any of these, or similar, consequences could have a material adverse impact on our business, including by making our platform less attractive to buyers or sellers, reducing our revenue, or increasing our costs. Any public perception that unlicensed, counterfeit, harmful, or unlawful items are commonly offered by sellers in our marketplaces, even if factually incorrect, could result in negative publicity and damage to our reputation. We are regularly involved in litigation, arbitration, and regulatory matters that are expensive and time-consuming and that may require changes to our strategy, the features of our platforms, and/or how our business operates. We are regularly involved in litigation, arbitration, disputes, and regulatory matters, including those related to intellectual property, consumer protection, product liability, product safety, regulatory compliance, security and privacy, and/or commercial matters, either individually or, where available, on a class-action basis. We have been, are, and may in the future be subject to heightened regulatory scrutiny, inquiries, or investigations, including with respect to our sellers, vendors or third parties, relating to both specific inquiries as well as",real_sec_filing,https://www.sec.gov/Archives/edgar/data/1370637/000137063726000019/etsy-20251231.htm,0.05137943122829431,,0.04,0.09137943122829431,keyword,2026-05-28T16:39:23+00:00,Are there regulatory or litigation risks?,risk_competition_regulation,True,"and/or suffer reputational or other harm. Any of these, or similar, consequences could have a material adverse impact on our business, including by making our platform less attractive to buyers or sellers, reducing our revenue, or increasing our costs. Any public perception that unlicensed, counterfeit, harmful, or unlawful items are commonly offered by sellers in our marketplaces, even if factually incorrect, could result in negative publicity and damage to our reputation. We are regularly involved in litigation, arbitration, and regulatory matters that are expensive and time-consuming and that may require changes to our strategy, the featur",0.09137943122829431,regulatory_litigation,Are there regulatory or litigation risks?,3
ETSY,"Etsy, Inc.",1370637,10-K,2026-02-19,0001370637-26-000019,MD&A,ETSY-10-K-026,"currently contemplated timeline, or at all, and the pending sale may be disruptive to Etsy or create loss in value to stockholders. • We are subject to risks related to our environmental, social, and governance activities and disclosures. • We have a significant amount of convertible debt and may incur additional debt in the future. Regulatory, Compliance, and Legal Risks • Failure to deal effectively with fraud or other illegal activity could harm our business. • We are regularly involved in litigation, arbitration, and regulatory matters that are expensive and time consuming and that may require changes to our strategy, the features of our marketplaces and/or how our business operates. • Compliance with evolving global legal and regulatory requirements and/or available safe harbors, including privacy and data protection laws, tax laws, product liability laws, laws regulating speech, platform monitoring or moderation, and minors’ online safety, laws regulating payments services providers, artificial intelligence regulations, intellectual property and counterfeiting regulations, may materially impact our time, resources, and ability to grow our business. • We may be subject to intellectual property or other",real_sec_filing,https://www.sec.gov/Archives/edgar/data/1370637/000137063726000019/etsy-20251231.htm,0.047663561979373714,,0.04,0.08766356197937372,keyword,2026-05-28T16:39:23+00:00,Are there regulatory or litigation risks?,risk_competition_regulation,True,"currently contemplated timeline, or at all, and the pending sale may be disruptive to Etsy or create loss in value to stockholders. • We are subject to risks related to our environmental, social, and governance activities and disclosures. • We have a significant amount of convertible debt and may incur additional debt in the future. Regulatory, Compliance, and Legal Risks • Failure to deal effectively with fraud or other illegal activity could harm our business. • We are regularly involved in litigation, arbitration, and regulatory matters that are expensive and time consuming and that may require changes to our strategy, the features of our ",0.08766356197937372,regulatory_litigation,Are there regulatory or litigation risks?,4
ETSY,"Etsy, Inc.",1370637,10-K,2026-02-19,0001370637-26-000019,MD&A,ETSY-10-K-204,"not prevent or detect all errors and fraud, and individuals, including employees and contractors, could circumvent such controls. Because of the inherent limitations in all control systems, no evaluation of controls can provide absolute assurance that misstatements due to error or fraud will not occur or that all control issues and instances of fraud will be detected. 43 Table of Contents Other Risks The price of our common stock has been and will likely continue to be volatile, and declines in the price of our common stock could subject us to litigation. The price of our common stock has been and is likely to continue to be volatile. For example, between January 1, 2025 and February 13, 2026, our common stock’s daily closing price on Nasdaq or NYSE, as applicable, has ranged from a low of $40.80 to a high of $75.56. Some companies that have experienced volatility in the trading price of their stock have been the subject of securities litigation. We have experienced securities class action lawsuits in the past and may experience more such litigation following recent",real_sec_filing,https://www.sec.gov/Archives/edgar/data/1370637/000137063726000019/etsy-20251231.htm,0.041141208682444294,,0.04,0.08114120868244429,keyword,2026-05-28T16:39:23+00:00,Are there regulatory or litigation risks?,risk_competition_regulation,True,"not prevent or detect all errors and fraud, and individuals, including employees and contractors, could circumvent such controls. Because of the inherent limitations in all control systems, no evaluation of controls can provide absolute assurance that misstatements due to error or fraud will not occur or that all control issues and instances of fraud will be detected. 43 Table of Contents Other Risks The price of our common stock has been and will likely continue to be volatile, and declines in the price of our common stock could subject us to litigation. The price of our common stock has been and is likely to continue to be volatile. For exa",0.08114120868244429,regulatory_litigation,Are there regulatory or litigation risks?,5
ETSY,"Etsy, Inc.",1370637,10-K,2026-02-19,0001370637-26-000019,MD&A,ETSY-10-K-085,"free of charge as soon as reasonably practicable after we have filed or furnished them to the SEC. 17 Table of Contents Item 1A. Risk Factors. Investing in our securities involves a high degree of risk. You should consider carefully the risks and uncertainties described below, our Consolidated Financial Statements and related notes, and the other information in this Annual Report. If any of these risks actually occur, our business, financial condition, results of operations, and prospects could be adversely affected. As a result, the price of our securities could decline and you could lose part or all of your investment. In addition, factors other than those discussed below or in other of our reports filed with or furnished to the SEC also could adversely affect our business, financial condition, results of operations, or prospects. We cannot assure you that the risk factors described below or elsewhere in our reports address all potential risks that we may face. These risk factors also serve to describe factors which may cause our results to differ materially from those described in forward-looking statements",real_sec_filing,https://www.sec.gov/Archives/edgar/data/1370637/000137063726000019/etsy-20251231.htm,0.14250519139847248,,0.04,0.1825051913984725,keyword,2026-05-28T16:39:23+00:00,What are the key risk factors?,risk_competition_regulation,True,"free of charge as soon as reasonably practicable after we have filed or furnished them to the SEC. 17 Table of Contents Item 1A. Risk Factors. Investing in our securities involves a high degree of risk. You should consider carefully the risks and uncertainties described below, our Consolidated Financial Statements and related notes, and the other information in this Annual Report. If any of these risks actually occur, our business, financial condition, results of operations, and prospects could be adversely affected. As a result, the price of our securities could decline and you could lose part or all of your investment. In addition, factors ",0.1825051913984725,key_risk_factors,What are the key risk factors?,1
ETSY,"Etsy, Inc.",1370637,10-K,2026-02-19,0001370637-26-000019,Risk Factors,ETSY-10-K-013,Item 1A. Risk Factors 47 Item 1B. Unresolved Staff Comments 47 Item 1C. Cybersecurity 49 Item 2. Properties 49 Item 3.,real_sec_filing,https://www.sec.gov/Archives/edgar/data/1370637/000137063726000019/etsy-20251231.htm,0.07187671959049338,,0.08,0.15187671959049337,keyword,2026-05-28T16:39:23+00:00,What are the key risk factors?,risk_competition_regulation,True,Item 1A. Risk Factors 47 Item 1B. Unresolved Staff Comments 47 Item 1C. Cybersecurity 49 Item 2. Properties 49 Item 3.,0.15187671959049337,key_risk_factors,What are the key risk factors?,2
ETSY,"Etsy, Inc.",1370637,10-K,2026-02-19,0001370637-26-000019,MD&A,ETSY-10-K-222,"and risk management process. Our information security team serves as a first line of defense, including managing cyber risk strategy execution and owning the day-to-day management of these risks. Our enterprise risk management program serves as a second line of defense, 47 Table of Contents bringing holistic risk oversight and serving as a partner to the business to help first line teams strategically manage risk. Our enterprise risk management function also establishes a risk and governance framework to help identify, prioritize and optimize risk-reward decisions. Certain risks identified by our enterprise risk management function, including cybersecurity risks, are monitored by our Risk Steering Committee, a senior management level committee that includes our executive officers. The Risk Steering Committee’s review of these risks in turn informs the risk management updates provided to the Risk Oversight Committee of our Board of Directors. Additionally, Internal Audit will annually review certain aspects of our cybersecurity program and the related Internal Controls, and our external auditor will test relevant controls around our cybersecurity program and incident reporting. We also do external testing, and conduct annual",real_sec_filing,https://www.sec.gov/Archives/edgar/data/1370637/000137063726000019/etsy-20251231.htm,0.07466329786578975,,0.04,0.11466329786578974,keyword,2026-05-28T16:39:23+00:00,What are the key risk factors?,risk_competition_regulation,True,"and risk management process. Our information security team serves as a first line of defense, including managing cyber risk strategy execution and owning the day-to-day management of these risks. Our enterprise risk management program serves as a second line of defense, 47 Table of Contents bringing holistic risk oversight and serving as a partner to the business to help first line teams strategically manage risk. Our enterprise risk management function also establishes a risk and governance framework to help identify, prioritize and optimize risk-reward decisions. Certain risks identified by our enterprise risk management function, including",0.11466329786578974,key_risk_factors,What are the key risk factors?,3
ETSY,"Etsy, Inc.",1370637,10-K,2026-02-19,0001370637-26-000019,MD&A,ETSY-10-K-086,"or elsewhere in our reports address all potential risks that we may face. These risk factors also serve to describe factors which may cause our results to differ materially from those described in forward-looking statements included herein or in other documents or statements that make reference to this Annual Report. For more information, see the “Note Regarding Forward-Looking Statements.” Operational Risks Related to Our Business Our quarterly operating results have and may continue to fluctuate, which can cause significant stock price fluctuations. Our quarterly operating results, as well as our key metrics, have and may continue to fluctuate for a variety of reasons, many of which are beyond our control, including: • inflation, interest rates, recessionary factors, foreign exchange rate volatility, tariffs and other trade barriers, disruptions to the banking industry, changing consumer shopping preferences, continued pressure on consumer discretionary product spending, weather, domestic and global geopolitical uncertainties, various types of cultural events, public health crises, supply-chain disruptions, an increasingly competitive retail environment, and employment levels, among other factors (collectively, “Macro Conditions”); • fluctuations in our GMS or revenue ,",real_sec_filing,https://www.sec.gov/Archives/edgar/data/1370637/000137063726000019/etsy-20251231.htm,0.07126405005129056,,0.04,0.11126405005129056,keyword,2026-05-28T16:39:23+00:00,What are the key risk factors?,risk_competition_regulation,True,"or elsewhere in our reports address all potential risks that we may face. These risk factors also serve to describe factors which may cause our results to differ materially from those described in forward-looking statements included herein or in other documents or statements that make reference to this Annual Report. For more information, see the “Note Regarding Forward-Looking Statements.” Operational Risks Related to Our Business Our quarterly operating results have and may continue to fluctuate, which can cause significant stock price fluctuations. Our quarterly operating results, as well as our key metrics, have and may continue to fluctu",0.11126405005129056,key_risk_factors,What are the key risk factors?,4
ETSY,"Etsy, Inc.",1370637,10-K,2026-02-19,0001370637-26-000019,MD&A,ETSY-10-K-021,"materially and adversely from those anticipated or implied in the forward-looking statements. In addition, the global economic climate and general market, political, economic, and business conditions may amplify many of these risks. Forward-looking statements represent our beliefs and assumptions only as of the date of this Annual Report. We disclaim any obligation to update forward-looking statements. Summary Risk Factors Our business is subject to numerous risks. The following summary highlights some of the risks we are exposed to in the normal course of our business activities. This summary is not complete and the risks summarized below are not the only risks we face. You should review and consider carefully the risks and uncertainties described in more detail in Part I, Item 1A, “Risk Factors,” which includes a more complete discussion of the risks summarized below as well as a discussion of other risks related to our business and an investment in our common stock. Financial Performance and Operational Risks Related to Our Business • Our quarterly operating results have and may continue to fluctuate for a variety of reasons, many",real_sec_filing,https://www.sec.gov/Archives/edgar/data/1370637/000137063726000019/etsy-20251231.htm,0.06597212965155329,,0.04,0.10597212965155328,keyword,2026-05-28T16:39:23+00:00,What are the key risk factors?,risk_competition_regulation,True,"materially and adversely from those anticipated or implied in the forward-looking statements. In addition, the global economic climate and general market, political, economic, and business conditions may amplify many of these risks. Forward-looking statements represent our beliefs and assumptions only as of the date of this Annual Report. We disclaim any obligation to update forward-looking statements. Summary Risk Factors Our business is subject to numerous risks. The following summary highlights some of the risks we are exposed to in the normal course of our business activities. This summary is not complete and the risks summarized below ar",0.10597212965155328,key_risk_factors,What are the key risk factors?,5
ETSY,"Etsy, Inc.",1370637,10-K,2026-02-19,0001370637-26-000019,Liquidity and Capital Resources,ETSY-10-K-267,"expectations and assumptions, in light of current macroeconomic conditions, our future capital requirements and the adequacy of available funds will depend on many factors, including those described in Part I, Item 1A, “Risk Factors” in this Annual Report. Cash Flows Year Ended December 31, (in thousands) 2025 2024 Cash provided by (used in): Operating activities $ 693,414 $ 752,469 Investing activities 32,081 (53,101) Financing activities (169,875) (787,168) Net Cash Provided by Operating Activities Our cash flows from operations are largely dependent on revenue generation and net income, as well as working capital movements and non-cash items. Non-cash working capital at any specific point in time is subject to many variables, including variability in the timing of cash receipts and payments (including payment of taxes), and vendor payment terms. The decrease in 2025 of $59.1 million, compared to the same period in 2024, was primarily due to a 60 Table of Contents $80.4 million decrease in the change in working capital less cash, partially offset by an increase of $21.4 million in net income, excluding non-cash items. Net Cash Provided by",real_sec_filing,https://www.sec.gov/Archives/edgar/data/1370637/000137063726000019/etsy-20251231.htm,0.07459473582821854,,0.08,0.15459473582821853,keyword,2026-05-28T16:39:24+00:00,What does management say about cash flows and capital allocation?,liquidity_debt,True,"expectations and assumptions, in light of current macroeconomic conditions, our future capital requirements and the adequacy of available funds will depend on many factors, including those described in Part I, Item 1A, “Risk Factors” in this Annual Report. Cash Flows Year Ended December 31, (in thousands) 2025 2024 Cash provided by (used in): Operating activities $ 693,414 $ 752,469 Investing activities 32,081 (53,101) Financing activities (169,875) (787,168) Net Cash Provided by Operating Activities Our cash flows from operations are largely dependent on revenue generation and net income, as well as working capital movements and non-cash ite",0.15459473582821853,cash_flows_capital_allocation,What does management say about cash flows and capital allocation?,1
ETSY,"Etsy, Inc.",1370637,10-K,2026-02-19,0001370637-26-000019,MD&A,ETSY-10-K-259,"from our business operations, is an important financial measure for use in evaluating our financial performance. Free cash flow has limitations as an analytical tool, as it omits certain components of the Consolidated Statements of Cash Flows and does not represent the residual cash flow available for discretionary expenditures. Other companies, including companies in our industry, may calculate free cash flow differently, which reduces its usefulness as a comparative measure. As a result of these limitations, free cash flow should be considered in addition to, rather than as a substitute for, consolidated net income as a measure of our performance and net cash provided by operating activities as a measure of our liquidity. We believe it is important to view free cash flow as a measure that provides supplemental information to our Consolidated Statements of Cash Flows. The following table reflects the reconciliation of net cash provided by operating activities to free cash flow for each of the periods indicated (in thousands): Year Ended December 31, 2025 2024 Net cash provided by operating activities $ 693,414 $ 752,469 Purchases of",real_sec_filing,https://www.sec.gov/Archives/edgar/data/1370637/000137063726000019/etsy-20251231.htm,0.06418207367053871,,0.08,0.1441820736705387,keyword,2026-05-28T16:39:24+00:00,What does management say about cash flows and capital allocation?,liquidity_debt,True,"from our business operations, is an important financial measure for use in evaluating our financial performance. Free cash flow has limitations as an analytical tool, as it omits certain components of the Consolidated Statements of Cash Flows and does not represent the residual cash flow available for discretionary expenditures. Other companies, including companies in our industry, may calculate free cash flow differently, which reduces its usefulness as a comparative measure. As a result of these limitations, free cash flow should be considered in addition to, rather than as a substitute for, consolidated net income as a measure of our perfo",0.1441820736705387,cash_flows_capital_allocation,What does management say about cash flows and capital allocation?,2
ETSY,"Etsy, Inc.",1370637,10-K,2026-02-19,0001370637-26-000019,Liquidity and Capital Resources,ETSY-10-K-261,"Liquidity and Capital Resources Cash and cash equivalents and short-term investments were $1.6 billion as of December 31, 2025. Additionally, we have $134.4 million in long-term investments, a majority of which we can liquidate at short notice and with minimal penalties if needed. We also have the ability to draw down on our $400.0 million senior secured revolving credit facility (the “2023 Credit Agreement”). As of December 31, 2025, we had net working capital of $597.4 million and in 2025, we had positive operating cash flows of $693.4 million. We believe that this capital structure, as well as the nature and framework of our business, will allow us to meet all debt covenants, sustain our business operations, and be able to react to changing macroeconomic conditions. As of December 31, 2025, a majority of our cash and cash equivalents, short-term, and long-term investments balance was held in the United States. Our cash and cash equivalents are held for future investments, working capital funding, and general corporate purposes. We fund our non-U.S. operations from our funds held in the United States",real_sec_filing,https://www.sec.gov/Archives/edgar/data/1370637/000137063726000019/etsy-20251231.htm,0.05619828355409545,,0.08,0.13619828355409547,keyword,2026-05-28T16:39:24+00:00,What does management say about cash flows and capital allocation?,liquidity_debt,True,"Liquidity and Capital Resources Cash and cash equivalents and short-term investments were $1.6 billion as of December 31, 2025. Additionally, we have $134.4 million in long-term investments, a majority of which we can liquidate at short notice and with minimal penalties if needed. We also have the ability to draw down on our $400.0 million senior secured revolving credit facility (the “2023 Credit Agreement”). As of December 31, 2025, we had net working capital of $597.4 million and in 2025, we had positive operating cash flows of $693.4 million. We believe that this capital structure, as well as the nature and framework of our business, will",0.13619828355409547,cash_flows_capital_allocation,What does management say about cash flows and capital allocation?,3
ETSY,"Etsy, Inc.",1370637,10-K,2026-02-19,0001370637-26-000019,Liquidity and Capital Resources,ETSY-10-K-296,") Cash flows from financing activities Payment of tax obligations on vested equity awards ( 75,220 ) ( 61,588 ) ( 83,441 ) Repurchase of stock ( 776,899 ) ( 723,899 ) ( 576,968 ) Proceeds from exercise of stock options 17,667 3,907 14,228 Proceeds from issuance of convertible senior notes 700,000 — — Payment of debt issuance costs ( 11,339 ) — — Payments on finance lease obligations ( 6,162 ) ( 6,091 ) ( 6,278 ) Other financing, net ( 17,922 ) 503 ( 4,074 ) Net cash used in financing activities ( 169,875 ) ( 787,168 ) ( 656,533 ) Effect of exchange rate changes on cash 37,562 ( 15,345 ) 12,031 Net increase (decrease) in cash, cash equivalents, and restricted cash 593,182 ( 103,145 ) ( 12,296 ) Cash and cash equivalents at beginning of period 811,178 914,323 926,619 Cash, cash equivalents, and restricted cash at end of period $ 1,404,360 $ 811,178 $ 914,323 70 Table of Contents Etsy, Inc. Consolidated Statements of Cash Flows (In thousands) Year Ended December 31, 2025 2024 2023 Supplemental",real_sec_filing,https://www.sec.gov/Archives/edgar/data/1370637/000137063726000019/etsy-20251231.htm,0.055105372379289815,,0.08,0.13510537237928982,keyword,2026-05-28T16:39:24+00:00,What does management say about cash flows and capital allocation?,liquidity_debt,True,") Cash flows from financing activities Payment of tax obligations on vested equity awards ( 75,220 ) ( 61,588 ) ( 83,441 ) Repurchase of stock ( 776,899 ) ( 723,899 ) ( 576,968 ) Proceeds from exercise of stock options 17,667 3,907 14,228 Proceeds from issuance of convertible senior notes 700,000 — — Payment of debt issuance costs ( 11,339 ) — — Payments on finance lease obligations ( 6,162 ) ( 6,091 ) ( 6,278 ) Other financing, net ( 17,922 ) 503 ( 4,074 ) Net cash used in financing activities ( 169,875 ) ( 787,168 ) ( 656,533 ) Effect of exchange rate changes on cash 37,562 ( 15,345 ) 12,031 Net increase (decrease) in cash, cash equivalents",0.13510537237928982,cash_flows_capital_allocation,What does management say about cash flows and capital allocation?,4
ETSY,"Etsy, Inc.",1370637,10-K,2026-02-19,0001370637-26-000019,Liquidity and Capital Resources,ETSY-10-K-369,"summarizes the weighted average remaining lease term and weighted average discount rate as of December 31, 2025 and 2024: As of December 31, 2025 2024 Weighted average remaining lease term: Operating leases 11.61 years 12.41 years Finance leases 12.99 years 14.59 years Weighted average discount rate: Operating leases 4.47 % 4.69 % Finance leases 4.53 % 4.74 % Supplemental cash flow information related to leases was as follows (in thousands): Year Ended December 31, 2025 2024 2023 Cash (paid) received for amounts included in the measurement of lease liabilities: Operating cash flows used in operating leases (1) $ ( 6,925 ) $ ( 4,888 ) $ ( 6,482 ) Operating cash flows (used in) provided by finance leases (1) ( 4,605 ) 448 ( 5,174 ) Finance cash flows used in finance leases ( 6,162 ) ( 6,091 ) ( 6,278 ) (1) 2024 includes cash received for tenant allowances related to the lease for the Company’s corporate headquarters in Brooklyn, New York . 93 Table of Contents Etsy, Inc. Notes to Consolidated Financial Statements Future minimum lease payments under",real_sec_filing,https://www.sec.gov/Archives/edgar/data/1370637/000137063726000019/etsy-20251231.htm,0.05048776669486976,,0.08,0.13048776669486978,keyword,2026-05-28T16:39:24+00:00,What does management say about cash flows and capital allocation?,liquidity_debt,True,"summarizes the weighted average remaining lease term and weighted average discount rate as of December 31, 2025 and 2024: As of December 31, 2025 2024 Weighted average remaining lease term: Operating leases 11.61 years 12.41 years Finance leases 12.99 years 14.59 years Weighted average discount rate: Operating leases 4.47 % 4.69 % Finance leases 4.53 % 4.74 % Supplemental cash flow information related to leases was as follows (in thousands): Year Ended December 31, 2025 2024 2023 Cash (paid) received for amounts included in the measurement of lease liabilities: Operating cash flows used in operating leases (1) $ ( 6,925 ) $ ( 4,888 ) $ ( 6,48",0.13048776669486978,cash_flows_capital_allocation,What does management say about cash flows and capital allocation?,5
DOCU,"DocuSign, Inc.",1261333,10-K,2026-03-18,0001261333-26-000021,MD&A,DOCU-10-K-204,"primarily consisted of: • $30.5 million in information technology costs, particularly hosting costs as we continued our transition from co-located data centers to public cloud infrastructure to support future growth of our platform, including IAM; • $10.7 million in partner and reseller fees to support our customer base due to higher transaction volume and merchant processing fees; and • $6.7 million in personnel costs due to an increase in commissions as part of our ongoing focus on expansion and driving customer acquisition. Sales and Marketing Year Ended January 31, 2026 vs 2025 (in thousands) 2026 2025 Sales and marketing $ 1,203,885 $ 1,160,993 4 % Percentage of revenue 37 % 39 % Sales and marketing expenses increased $42.9 million, or 4%, in the year ended January 31, 2026, primarily due to investments in our workforce. Main drivers primarily consisted of: • $54.1 million increase in personnel costs, primarily due to higher commissions reflecting our continued focus on expansion and driving customer acquisition, as well as annual salary increases and greater incentive compensation tied to improved performance on certain company metrics;",real_sec_filing,https://www.sec.gov/Archives/edgar/data/1261333/000126133326000021/docu-20260131.htm,0.057019488969163534,,0.08,0.13701948896916355,keyword,2026-05-28T16:39:25+00:00,What are the company's main revenue drivers?,revenue_drivers,True,"primarily consisted of: • $30.5 million in information technology costs, particularly hosting costs as we continued our transition from co-located data centers to public cloud infrastructure to support future growth of our platform, including IAM; • $10.7 million in partner and reseller fees to support our customer base due to higher transaction volume and merchant processing fees; and • $6.7 million in personnel costs due to an increase in commissions as part of our ongoing focus on expansion and driving customer acquisition. Sales and Marketing Year Ended January 31, 2026 vs 2025 (in thousands) 2026 2025 Sales and marketing $ 1,203,885 $ 1,",0.13701948896916355,revenue_drivers,What are the company's main revenue drivers?,1
DOCU,"DocuSign, Inc.",1261333,10-K,2026-03-18,0001261333-26-000021,MD&A,DOCU-10-K-102,"products and services; and ▪ evolving customer demands. Because we recognize revenue from subscriptions over the term of the relevant contract, downturns or upturns in sales contracts are not immediately reflected in full in our operating results. We recognize revenue over the term of each of our contracts, which are typically one year in length but may be up to three years or longer. As a result, much of our revenue is generated from the recognition of contract liabilities from contracts entered into during previous periods. Consequently, a shortfall in demand for our products and solutions and professional services or a decline in new or renewed contracts in any one quarter may not significantly reduce our revenue for that quarter but could negatively affect our revenue in future quarters. Our revenue recognition model also Docusign, Inc. | 2026 Form 10-K | 26 makes it difficult for us to rapidly increase our revenue through additional sales contracts in any period, as revenue from new customers is recognized over the applicable term of their contracts. If we fail to forecast our revenue",real_sec_filing,https://www.sec.gov/Archives/edgar/data/1261333/000126133326000021/docu-20260131.htm,0.05012004198044938,,0.08,0.13012004198044938,keyword,2026-05-28T16:39:25+00:00,What are the company's main revenue drivers?,revenue_drivers,True,"products and services; and ▪ evolving customer demands. Because we recognize revenue from subscriptions over the term of the relevant contract, downturns or upturns in sales contracts are not immediately reflected in full in our operating results. We recognize revenue over the term of each of our contracts, which are typically one year in length but may be up to three years or longer. As a result, much of our revenue is generated from the recognition of contract liabilities from contracts entered into during previous periods. Consequently, a shortfall in demand for our products and solutions and professional services or a decline in new or re",0.13012004198044938,revenue_drivers,What are the company's main revenue drivers?,2
DOCU,"DocuSign, Inc.",1261333,10-K,2026-03-18,0001261333-26-000021,MD&A,DOCU-10-K-202,"income $ 309,085 10 % $ 1,067,885 36 % For a comparison of our results of operations for the fiscal years ended January 31, 2025 and 2024, see Item 7, Management’s Discussion and Analysis of Financial Condition and Results of Operations, of our Annual Report on Form 10-K for the fiscal year ended January 31, 2025, filed with the SEC on March 18, 2025. Revenue Year Ended January 31, 2026 vs 2025 (in thousands) 2026 As % of Revenue 2025 As % of Revenue Revenue: Subscription $ 3,150,551 98 % $ 2,901,309 97 % 9 % Professional services and other 68,949 2 75,430 3 (9) % Total revenue $ 3,219,500 100 % $ 2,976,739 100 % 8 % Subscription revenue increased $249.2 million, or 9%, in the year ended January 31, 2026. The increase was primarily due to the expansion of revenue from our commercial and enterprise accounts, as well as our digital channel. We continue to invest in a variety of customer programs and initiatives, which, along with expanded customer use cases, have helped increase our subscription revenue over",real_sec_filing,https://www.sec.gov/Archives/edgar/data/1261333/000126133326000021/docu-20260131.htm,0.04282916784172371,,0.08,0.12282916784172371,keyword,2026-05-28T16:39:25+00:00,What are the company's main revenue drivers?,revenue_drivers,True,"income $ 309,085 10 % $ 1,067,885 36 % For a comparison of our results of operations for the fiscal years ended January 31, 2025 and 2024, see Item 7, Management’s Discussion and Analysis of Financial Condition and Results of Operations, of our Annual Report on Form 10-K for the fiscal year ended January 31, 2025, filed with the SEC on March 18, 2025. Revenue Year Ended January 31, 2026 vs 2025 (in thousands) 2026 As % of Revenue 2025 As % of Revenue Revenue: Subscription $ 3,150,551 98 % $ 2,901,309 97 % 9 % Professional services and other 68,949 2 75,430 3 (9) % Total revenue $ 3,219,500 100 % $ 2,976,739 100 % 8 % Subscription revenue incr",0.12282916784172371,revenue_drivers,What are the company's main revenue drivers?,3
DOCU,"DocuSign, Inc.",1261333,10-K,2026-03-18,0001261333-26-000021,MD&A,DOCU-10-K-193,"focus on IAM. Components of Results of Operations Revenue We derive revenue primarily from the sale of subscriptions and, to a lesser extent, professional services. Subscription Revenue Subscription revenue consists of fees for the use of our software platform and our technical infrastructure and access to customer support, which includes phone or email support. We typically invoice customers annually in advance. We recognize subscription revenue ratably over the term of the contract subscription period beginning on the date access to our software platform is provided. Professional Services and Other Revenue Professional services revenue includes fees associated with new customers requesting deployment and integration services. We price professional services on a time and materials basis and on a fixed fee basis. We generally have standalone value for our professional services and recognize revenue based on standalone selling price as services are performed or upon completion of services for fixed fee contracts. Other revenue includes amounts derived from sales of on-premises solutions. Overhead Allocation We allocate shared overhead costs, such as facilities (including rent, utilities and depreciation on equipment shared by all",real_sec_filing,https://www.sec.gov/Archives/edgar/data/1261333/000126133326000021/docu-20260131.htm,0.041106188223904494,,0.08,0.1211061882239045,keyword,2026-05-28T16:39:25+00:00,What are the company's main revenue drivers?,revenue_drivers,True,"focus on IAM. Components of Results of Operations Revenue We derive revenue primarily from the sale of subscriptions and, to a lesser extent, professional services. Subscription Revenue Subscription revenue consists of fees for the use of our software platform and our technical infrastructure and access to customer support, which includes phone or email support. We typically invoice customers annually in advance. We recognize subscription revenue ratably over the term of the contract subscription period beginning on the date access to our software platform is provided. Professional Services and Other Revenue Professional services revenue incl",0.1211061882239045,revenue_drivers,What are the company's main revenue drivers?,4
DOCU,"DocuSign, Inc.",1261333,10-K,2026-03-18,0001261333-26-000021,MD&A,DOCU-10-K-103,"for us to rapidly increase our revenue through additional sales contracts in any period, as revenue from new customers is recognized over the applicable term of their contracts. If we fail to forecast our revenue accurately, or if we fail to match our expenditures with corresponding revenue, our operating results could be adversely affected. You should not rely on the revenue growth of any prior quarterly or annual period as an indication of our future performance. Future growth rates are also subject to a number of assumptions and uncertainties, including the effectiveness of our sales and growth strategy and general macro-economic conditions. For example, it has been, and may continue to be, difficult for us to forecast our operating results due to recent macro-economic events, including interest rate volatility and inflation and concerns about a potential economic downturn. Accordingly, we may be unable to prepare accurate internal financial forecasts or replace anticipated revenue that we do not receive as a result of delays arising from these factors. If we do not address these risks successfully, our operating results could differ",real_sec_filing,https://www.sec.gov/Archives/edgar/data/1261333/000126133326000021/docu-20260131.htm,0.0338277690516615,,0.08,0.1138277690516615,keyword,2026-05-28T16:39:25+00:00,What are the company's main revenue drivers?,revenue_drivers,True,"for us to rapidly increase our revenue through additional sales contracts in any period, as revenue from new customers is recognized over the applicable term of their contracts. If we fail to forecast our revenue accurately, or if we fail to match our expenditures with corresponding revenue, our operating results could be adversely affected. You should not rely on the revenue growth of any prior quarterly or annual period as an indication of our future performance. Future growth rates are also subject to a number of assumptions and uncertainties, including the effectiveness of our sales and growth strategy and general macro-economic condition",0.1138277690516615,revenue_drivers,What are the company's main revenue drivers?,5
DOCU,"DocuSign, Inc.",1261333,10-K,2026-03-18,0001261333-26-000021,MD&A,DOCU-10-K-019,"already use so that they can create, commit, and manage agreements directly within these applications. We have a diverse customer base spanning across virtually all industries and around the world with no significant customer concentration. No single customer accounted for more than 10% of total revenue in any of the periods presented. We focused initially on selling our products to commercial businesses and VSBs and later expanded our focus to target enterprise customers. As of January 31, 2026, we had a total of over 1.8 million customers, including approximately 280,000 direct enterprise and commercial customers managed through our sales force and partner channels, compared to nearly 1.7 million customers and over 260,000 direct enterprise and commercial customers as of January 31, 2025. We define a customer as a separate and distinct buying entity, such as a company, an educational or government institution, or a distinct business unit of a large company that has an active contract to access our products. The number of our customers with greater than $300,000 in annualized contract value was 1,205 as of January 31, 2026,",real_sec_filing,https://www.sec.gov/Archives/edgar/data/1261333/000126133326000021/docu-20260131.htm,0.0893420754401357,,0.08,0.1693420754401357,keyword,2026-05-28T16:39:25+00:00,What does the company say about customer concentration?,revenue_drivers,True,"already use so that they can create, commit, and manage agreements directly within these applications. We have a diverse customer base spanning across virtually all industries and around the world with no significant customer concentration. No single customer accounted for more than 10% of total revenue in any of the periods presented. We focused initially on selling our products to commercial businesses and VSBs and later expanded our focus to target enterprise customers. As of January 31, 2026, we had a total of over 1.8 million customers, including approximately 280,000 direct enterprise and commercial customers managed through our sales f",0.1693420754401357,customer_concentration,What does the company say about customer concentration?,1
DOCU,"DocuSign, Inc.",1261333,10-K,2026-03-18,0001261333-26-000021,MD&A,DOCU-10-K-186,"our partner channel, and digital self-service purchasing. We expect that Docusign’s IAM platform will increasingly be offered across all three channels. We offer subscriptions to our products to businesses of all sizes, from global enterprises down to local, very small businesses (“VSBs”). We offer more than 1,100 active partner integrations with the applications that many of our customers already use so that they can create, commit and manage agreements directly within these applications. We have a diverse customer base spanning across virtually all industries and around the world with no significant customer concentration. No single customer accounted for more than 10% of total revenue in any of the periods presented. We focused initially on selling our products to commercial businesses and VSBs and later expanded our focus to target enterprise customers. The number of our customers with greater than $300,000 in annualized contract value was 1,205 as of January 31, 2026 compared to 1,131 as of January 31, 2025. Each of our customer types has a different purchasing pattern. VSBs typically become customers by quickly utilizing our digital and self-serve",real_sec_filing,https://www.sec.gov/Archives/edgar/data/1261333/000126133326000021/docu-20260131.htm,0.08537979991802722,,0.08,0.1653797999180272,keyword,2026-05-28T16:39:25+00:00,What does the company say about customer concentration?,revenue_drivers,True,"our partner channel, and digital self-service purchasing. We expect that Docusign’s IAM platform will increasingly be offered across all three channels. We offer subscriptions to our products to businesses of all sizes, from global enterprises down to local, very small businesses (“VSBs”). We offer more than 1,100 active partner integrations with the applications that many of our customers already use so that they can create, commit and manage agreements directly within these applications. We have a diverse customer base spanning across virtually all industries and around the world with no significant customer concentration. No single custome",0.1653797999180272,customer_concentration,What does the company say about customer concentration?,2
DOCU,"DocuSign, Inc.",1261333,10-K,2026-03-18,0001261333-26-000021,MD&A,DOCU-10-K-018,"solution, and contract lifecycle management (“CLM”) solution — allow organizations to boost productivity, accelerate contract review cycles, and transform agreement data into insights and actions, while providing a customer-centric experience. The Docusign IAM platform is a system of record that enables customers of all sizes to ingest a vast, complex body of agreements into a single repository, build agreement workflows that operate at scale, and take action on high-accuracy insights from agreement data. As of January 31, 2026, over 1.8 million customers and more than a billion users worldwide utilize Docusign to accelerate and simplify the process of doing business, and more than 25,000 customers are on IAM today. We offer subscriptions to our products to businesses of all sizes, from global enterprises down to very small businesses (“VSBs”). We offer more than 1,100 active partner integrations with the applications that many of our customers already use so that they can create, commit, and manage agreements directly within these applications. We have a diverse customer base spanning across virtually all industries and around the world with no significant customer concentration.",real_sec_filing,https://www.sec.gov/Archives/edgar/data/1261333/000126133326000021/docu-20260131.htm,0.07578914482044466,,0.08,0.15578914482044465,keyword,2026-05-28T16:39:25+00:00,What does the company say about customer concentration?,revenue_drivers,True,"solution, and contract lifecycle management (“CLM”) solution — allow organizations to boost productivity, accelerate contract review cycles, and transform agreement data into insights and actions, while providing a customer-centric experience. The Docusign IAM platform is a system of record that enables customers of all sizes to ingest a vast, complex body of agreements into a single repository, build agreement workflows that operate at scale, and take action on high-accuracy insights from agreement data. As of January 31, 2026, over 1.8 million customers and more than a billion users worldwide utilize Docusign to accelerate and simplify the ",0.15578914482044465,customer_concentration,What does the company say about customer concentration?,3
DOCU,"DocuSign, Inc.",1261333,10-K,2026-03-18,0001261333-26-000021,MD&A,DOCU-10-K-042,"recognizing that every individual brings unique perspectives and experiences to the table. Our mission is to redefine how the world comes together and agrees. Over the last two years, our company has evolved at an extraordinary pace — new products, new ways of working, and much higher expectations from our customers. To keep growing with clarity and consistency, we have developed shared principles that guide how we think, how we collaborate, and how we make decisions every day. The Docusign Principles give us a common language and a clear standard for what “great” looks like as we move into the next chapter. • Customer First: Start with the customer. Every decision, every time. • Deliver Results: Focus on impact. Deliver with urgency. • Say What Matters: Be honest and direct. Speak with integrity. • Own It, Make It Better: Take ownership. Raise the bar. • One Team: Win together. Purpose not ego. We are a global organization with an increasingly international footprint. As we continue to grow in new markets, we anticipate continuing to recruit in new geographies. As of",real_sec_filing,https://www.sec.gov/Archives/edgar/data/1261333/000126133326000021/docu-20260131.htm,0.06573641509853013,,0.08,0.14573641509853014,keyword,2026-05-28T16:39:25+00:00,What does the company say about customer concentration?,revenue_drivers,True,"recognizing that every individual brings unique perspectives and experiences to the table. Our mission is to redefine how the world comes together and agrees. Over the last two years, our company has evolved at an extraordinary pace — new products, new ways of working, and much higher expectations from our customers. To keep growing with clarity and consistency, we have developed shared principles that guide how we think, how we collaborate, and how we make decisions every day. The Docusign Principles give us a common language and a clear standard for what “great” looks like as we move into the next chapter. • Customer First: Start with the c",0.14573641509853014,customer_concentration,What does the company say about customer concentration?,4
DOCU,"DocuSign, Inc.",1261333,10-K,2026-03-18,0001261333-26-000021,MD&A,DOCU-10-K-040,"generate demand and engage customers throughout the world. This includes account-based marketing aimed at our high-value customers, industry-specific marketing by our industry vertical teams, our global series of Momentum conferences for customers and partners and our first-ever Docusign Discover conference for third-party developers and ISV partners. Our channel mix includes broader digital demand generation campaigns; corporate communications and analyst relations; first-party events, such as our annual set of roadshows gathering customers, prospects, developers and partners; participation in third-party events, such as Salesforce’s Dreamforce; comprehensive customer evidence programs; developer relations programs; cooperative marketing with strategic partners; a comprehensive webinar series, and more. Customer Success & Customer Support We believe that our Customer Success and Customer Support efforts are critical to retaining and expanding our customer base. Customer Success helps onboard customers by designing, integrating, training, and deploying solutions that meet their needs. Our digital transformation consultants and technical experts can also design tailored solutions to help customers improve workflow and automate business processes. We also offer professional services through both subscription entitlements as well as statement of work projects. Once customers",real_sec_filing,https://www.sec.gov/Archives/edgar/data/1261333/000126133326000021/docu-20260131.htm,0.04220683266342994,,0.08,0.12220683266342994,keyword,2026-05-28T16:39:25+00:00,What does the company say about customer concentration?,revenue_drivers,True,"generate demand and engage customers throughout the world. This includes account-based marketing aimed at our high-value customers, industry-specific marketing by our industry vertical teams, our global series of Momentum conferences for customers and partners and our first-ever Docusign Discover conference for third-party developers and ISV partners. Our channel mix includes broader digital demand generation campaigns; corporate communications and analyst relations; first-party events, such as our annual set of roadshows gathering customers, prospects, developers and partners; participation in third-party events, such as Salesforce’s Dreamfo",0.12220683266342994,customer_concentration,What does the company say about customer concentration?,5
DOCU,"DocuSign, Inc.",1261333,10-K,2026-03-18,0001261333-26-000021,Liquidity and Capital Resources,DOCU-10-K-372,"10.9 May 1, 2018 10.9# Form of Performance Stock Unit Grant Notice under 2018 Equity Incentive Plan. 10-Q 001-38465 10.5 June 9, 2022 10.10 Office Lease 221 Main Street and related amendments . S-1 333-223990 10.12 March 28, 2018 10.11† 11th Amendment to Office Lease 221 Main Street. 10-K 001-38465 10.12 March 27, 2023 10.12† 12th Amendment to Office Lease 221 Main Street. 10-Q 001-38465 10.1 December 5, 2025 10.13# Non-Employee Director Compensation Policy, amended and restated as of August 29, 2023. 10-Q 001-38465 10.1 September 7, 2023 10.14# Offer Letter dated September 13, 2022 by and between the Registrant and Allan Thygesen. 8-K 001-38465 10.1 September 22, 2022 10.15# Offer Letter, dated as of May 3, 2022, by and between the Registrant and James Shaughnessy. 10-Q 001-38465 10.2 June 9, 2022 10.17# Offer Letter, dated as of January 3, 2023, by and between the Registrant and Robert Chatwani. 8-K 001-38465 10.2 March 10, 2023 Docusign, Inc. | 2026 Form 10-K | 103 10.18# Offer Letter, dated as of April 26, 2023, by and between the Registrant and Blake Grayson.",real_sec_filing,https://www.sec.gov/Archives/edgar/data/1261333/000126133326000021/docu-20260131.htm,0.0562672149167199,,0.08,0.1362672149167199,keyword,2026-05-28T16:39:26+00:00,What are the main liquidity risks?,liquidity_debt,True,"10.9 May 1, 2018 10.9# Form of Performance Stock Unit Grant Notice under 2018 Equity Incentive Plan. 10-Q 001-38465 10.5 June 9, 2022 10.10 Office Lease 221 Main Street and related amendments . S-1 333-223990 10.12 March 28, 2018 10.11† 11th Amendment to Office Lease 221 Main Street. 10-K 001-38465 10.12 March 27, 2023 10.12† 12th Amendment to Office Lease 221 Main Street. 10-Q 001-38465 10.1 December 5, 2025 10.13# Non-Employee Director Compensation Policy, amended and restated as of August 29, 2023. 10-Q 001-38465 10.1 September 7, 2023 10.14# Offer Letter dated September 13, 2022 by and between the Registrant and Allan Thygesen. 8-K 001-38",0.1362672149167199,liquidity_risks,What are the main liquidity risks?,1
DOCU,"DocuSign, Inc.",1261333,10-K,2026-03-18,0001261333-26-000021,MD&A,DOCU-10-K-053,"growth and objectives. • Any limits on our ability to use our net operating loss carryforwards to offset future taxable income. Legal and Regulatory Risks • Any actual or perceived failure to comply with laws and regulations affecting our business. • Legal proceedings against us by third parties for various claims, including any current or future legal proceedings. • Any failure to adequately protect our proprietary rights, including intellectual property rights. Risks Related to our Common Stock • Any volatility in the market price of our common stock. General Risks • Unfavorable conditions in our industry or the global economy or reductions in information technology spending. • Natural catastrophic events and man-made problems, including the effects of climate change. Docusign, Inc. | 2026 Form 10-K | 14 Risk Factors Our business involves significant risks, some of which are described below. You should carefully consider the following risks, together with all the other information in this Annual Report on Form 10-K, including in the preceding Risk Factors Summary, and our consolidated financial statements and the related notes included elsewhere in this",real_sec_filing,https://www.sec.gov/Archives/edgar/data/1261333/000126133326000021/docu-20260131.htm,0.048423078946431324,,0.08,0.12842307894643132,keyword,2026-05-28T16:39:26+00:00,What are the main liquidity risks?,liquidity_debt,True,"growth and objectives. • Any limits on our ability to use our net operating loss carryforwards to offset future taxable income. Legal and Regulatory Risks • Any actual or perceived failure to comply with laws and regulations affecting our business. • Legal proceedings against us by third parties for various claims, including any current or future legal proceedings. • Any failure to adequately protect our proprietary rights, including intellectual property rights. Risks Related to our Common Stock • Any volatility in the market price of our common stock. General Risks • Unfavorable conditions in our industry or the global economy or reductions",0.12842307894643132,liquidity_risks,What are the main liquidity risks?,2
DOCU,"DocuSign, Inc.",1261333,10-K,2026-03-18,0001261333-26-000021,MD&A,DOCU-10-K-051,"and amendments to these reports filed pursuant to Sections 13(a) and 15(d) of the Exchange Act are filed with the SEC. Such reports and other information filed or furnished by us with the SEC are available free of charge on our website at investor.docusign.com, as soon as reasonably practicable after we file such material with, or furnish it to, the SEC, when such reports are available on the SEC’s website at www.sec.gov. We use our website, including our investor relations website at investor.docusign.com, as a means of disclosing material non-public information and for complying with our disclosure obligations under Regulation FD. Docusign, Inc. | 2026 Form 10-K | 13 ITEM 1A. RISK FACTORS Risk Factors Summary These summary risks provide an overview of many of the risks we are exposed to in the normal course of our business. As a result, the following summary risks do not contain all the information that may be important to you, and you should read them together with the more detailed discussion of risks set forth following this section under the heading “Risk Factors,”",real_sec_filing,https://www.sec.gov/Archives/edgar/data/1261333/000126133326000021/docu-20260131.htm,0.03335758449778264,,0.08,0.11335758449778263,keyword,2026-05-28T16:39:26+00:00,What are the main liquidity risks?,liquidity_debt,True,"and amendments to these reports filed pursuant to Sections 13(a) and 15(d) of the Exchange Act are filed with the SEC. Such reports and other information filed or furnished by us with the SEC are available free of charge on our website at investor.docusign.com, as soon as reasonably practicable after we file such material with, or furnish it to, the SEC, when such reports are available on the SEC’s website at www.sec.gov. We use our website, including our investor relations website at investor.docusign.com, as a means of disclosing material non-public information and for complying with our disclosure obligations under Regulation FD. Docusign,",0.11335758449778263,liquidity_risks,What are the main liquidity risks?,3
DOCU,"DocuSign, Inc.",1261333,10-K,2026-03-18,0001261333-26-000021,MD&A,DOCU-10-K-204,"primarily consisted of: • $30.5 million in information technology costs, particularly hosting costs as we continued our transition from co-located data centers to public cloud infrastructure to support future growth of our platform, including IAM; • $10.7 million in partner and reseller fees to support our customer base due to higher transaction volume and merchant processing fees; and • $6.7 million in personnel costs due to an increase in commissions as part of our ongoing focus on expansion and driving customer acquisition. Sales and Marketing Year Ended January 31, 2026 vs 2025 (in thousands) 2026 2025 Sales and marketing $ 1,203,885 $ 1,160,993 4 % Percentage of revenue 37 % 39 % Sales and marketing expenses increased $42.9 million, or 4%, in the year ended January 31, 2026, primarily due to investments in our workforce. Main drivers primarily consisted of: • $54.1 million increase in personnel costs, primarily due to higher commissions reflecting our continued focus on expansion and driving customer acquisition, as well as annual salary increases and greater incentive compensation tied to improved performance on certain company metrics;",real_sec_filing,https://www.sec.gov/Archives/edgar/data/1261333/000126133326000021/docu-20260131.htm,0.032948274469143043,,0.08,0.11294827446914305,keyword,2026-05-28T16:39:26+00:00,What are the main liquidity risks?,liquidity_debt,True,"primarily consisted of: • $30.5 million in information technology costs, particularly hosting costs as we continued our transition from co-located data centers to public cloud infrastructure to support future growth of our platform, including IAM; • $10.7 million in partner and reseller fees to support our customer base due to higher transaction volume and merchant processing fees; and • $6.7 million in personnel costs due to an increase in commissions as part of our ongoing focus on expansion and driving customer acquisition. Sales and Marketing Year Ended January 31, 2026 vs 2025 (in thousands) 2026 2025 Sales and marketing $ 1,203,885 $ 1,",0.11294827446914305,liquidity_risks,What are the main liquidity risks?,4
DOCU,"DocuSign, Inc.",1261333,10-K,2026-03-18,0001261333-26-000021,Debt / Contractual Obligations,DOCU-10-K-004,"______________________________________ FORM 10-K ______________________________________ (Mark One) ☒ ANNUAL REPORT PURSUANT TO SECTION 13 OR 15(d) OF THE SECURITIES EXCHANGE ACT OF 1934 For the fiscal year ended January 31 , 2026 or ☐ TRANSITION REPORT PURSUANT TO SECTION 13 OR 15(d) OF THE SECURITIES EXCHANGE ACT OF 1934 For the transition period from to Commission File Number: 001-38465 ______________________________________ DOCUSIGN, INC. (Exact name of registrant as specified in its charter) ______________________________________ Delaware 91-2183967 (State or Other Jurisdiction of Incorporation) (I.R.S. Employer Identification Number) 221 Main St. Suite 800 San Francisco California 94105 (Address of Principal Executive Offices) (Zip Code) ( 415 ) 489-4940 (Registrant's Telephone Number, Including Area Code) Securities registered pursuant to Section 12(b) of the Act: Title of each class Trading Symbol Name of each exchange on which registered Common Stock, par value $0.0001 per share DOCU The Nasdaq Global Select Market Securities registered pursuant to Section 12(g) of the Act: None ______________________________________ Indicate by check mark if the registrant is a well-known seasoned issuer, as defined in Rule 405 of the Securities Act. Yes x No ¨",real_sec_filing,https://www.sec.gov/Archives/edgar/data/1261333/000126133326000021/docu-20260131.htm,0.03101799117194506,,0.08,0.11101799117194507,keyword,2026-05-28T16:39:26+00:00,What are the main liquidity risks?,liquidity_debt,True,"______________________________________ FORM 10-K ______________________________________ (Mark One) ☒ ANNUAL REPORT PURSUANT TO SECTION 13 OR 15(d) OF THE SECURITIES EXCHANGE ACT OF 1934 For the fiscal year ended January 31 , 2026 or ☐ TRANSITION REPORT PURSUANT TO SECTION 13 OR 15(d) OF THE SECURITIES EXCHANGE ACT OF 1934 For the transition period from to Commission File Number: 001-38465 ______________________________________ DOCUSIGN, INC. (Exact name of registrant as specified in its charter) ______________________________________ Delaware 91-2183967 (State or Other Jurisdiction of Incorporation) (I.R.S. Employer Identification Number) 221",0.11101799117194507,liquidity_risks,What are the main liquidity risks?,5
DOCU,"DocuSign, Inc.",1261333,10-K,2026-03-18,0001261333-26-000021,MD&A,DOCU-10-K-042,"recognizing that every individual brings unique perspectives and experiences to the table. Our mission is to redefine how the world comes together and agrees. Over the last two years, our company has evolved at an extraordinary pace — new products, new ways of working, and much higher expectations from our customers. To keep growing with clarity and consistency, we have developed shared principles that guide how we think, how we collaborate, and how we make decisions every day. The Docusign Principles give us a common language and a clear standard for what “great” looks like as we move into the next chapter. • Customer First: Start with the customer. Every decision, every time. • Deliver Results: Focus on impact. Deliver with urgency. • Say What Matters: Be honest and direct. Speak with integrity. • Own It, Make It Better: Take ownership. Raise the bar. • One Team: Win together. Purpose not ego. We are a global organization with an increasingly international footprint. As we continue to grow in new markets, we anticipate continuing to recruit in new geographies. As of",real_sec_filing,https://www.sec.gov/Archives/edgar/data/1261333/000126133326000021/docu-20260131.htm,0.04021395021461898,,0.08,0.12021395021461898,keyword,2026-05-28T16:39:26+00:00,What does management say about debt obligations?,liquidity_debt,True,"recognizing that every individual brings unique perspectives and experiences to the table. Our mission is to redefine how the world comes together and agrees. Over the last two years, our company has evolved at an extraordinary pace — new products, new ways of working, and much higher expectations from our customers. To keep growing with clarity and consistency, we have developed shared principles that guide how we think, how we collaborate, and how we make decisions every day. The Docusign Principles give us a common language and a clear standard for what “great” looks like as we move into the next chapter. • Customer First: Start with the c",0.12021395021461898,debt_obligations,What does management say about debt obligations?,1
DOCU,"DocuSign, Inc.",1261333,10-K,2026-03-18,0001261333-26-000021,Liquidity and Capital Resources,DOCU-10-K-301,"making operating decisions, allocating resources, and evaluating financial performance. As such, we have determined that we operate in one operating and one reportable segment. Convertible Debt We account for our convertible debt instruments as a single liability measured at its amortized cost. At issuance, the carrying amount is calculated as the proceeds, net of initial purchasers’ discounts and transaction costs. The difference between the principal amount and carrying value is amortized to interest expense over the term of the convertible debt instruments using the effective interest rate method. At settlement, the carrying amount of the liability is derecognized and the excess of the cash consideration, if any, over the carrying amount is recorded as a reduction to additional paid-in capital. Capped calls entered into in connection with the offering of the convertible debt instruments are considered indexed to our own stock and are considered equity classified. They are recorded in stockholders’ equity and are not accounted for as derivatives. The cost incurred in connection with the capped calls was recorded as a reduction to additional paid-in capital. Subsequent unwinding of",real_sec_filing,https://www.sec.gov/Archives/edgar/data/1261333/000126133326000021/docu-20260131.htm,0.029069452522184035,,0.08,0.10906945252218403,keyword,2026-05-28T16:39:26+00:00,What does management say about debt obligations?,liquidity_debt,True,"making operating decisions, allocating resources, and evaluating financial performance. As such, we have determined that we operate in one operating and one reportable segment. Convertible Debt We account for our convertible debt instruments as a single liability measured at its amortized cost. At issuance, the carrying amount is calculated as the proceeds, net of initial purchasers’ discounts and transaction costs. The difference between the principal amount and carrying value is amortized to interest expense over the term of the convertible debt instruments using the effective interest rate method. At settlement, the carrying amount of the ",0.10906945252218403,debt_obligations,What does management say about debt obligations?,2
DOCU,"DocuSign, Inc.",1261333,10-K,2026-03-18,0001261333-26-000021,Liquidity and Capital Resources,DOCU-10-K-272,"from subscription services. Professional services do not result in significant customization of the subscription service. Revenue from professional services provided on a time and materials basis is recognized as the services are performed. Other revenue includes amounts derived from the sale of our on-premises solutions, which are recognized upon passage of control, which occurs upon shipment of the product. The maintenance and support on the on-premises solutions is a stand-ready obligation to perform this service over the term of the arrangement and, as a result, is accounted for ratably over the term of the arrangement. Contracts with Multiple Performance Obligations Most of our contracts with customers contain multiple performance obligations that are distinct and accounted for separately. The transaction price is allocated to the separate performance obligations on a relative SSP basis. We determine SSP for our performance obligations based on our observable inputs, such as standalone sales and historical contract pricing. SSP is consistent with our overall pricing objectives, taking into consideration the type of subscription services and professional and other services. Variable Consideration Revenue from sales is recorded",real_sec_filing,https://www.sec.gov/Archives/edgar/data/1261333/000126133326000021/docu-20260131.htm,0.02659193718664926,,0.08,0.10659193718664926,keyword,2026-05-28T16:39:26+00:00,What does management say about debt obligations?,liquidity_debt,True,"from subscription services. Professional services do not result in significant customization of the subscription service. Revenue from professional services provided on a time and materials basis is recognized as the services are performed. Other revenue includes amounts derived from the sale of our on-premises solutions, which are recognized upon passage of control, which occurs upon shipment of the product. The maintenance and support on the on-premises solutions is a stand-ready obligation to perform this service over the term of the arrangement and, as a result, is accounted for ratably over the term of the arrangement. Contracts with Mul",0.10659193718664926,debt_obligations,What does management say about debt obligations?,3
DOCU,"DocuSign, Inc.",1261333,10-K,2026-03-18,0001261333-26-000021,MD&A,DOCU-10-K-170,"global economy. ITEM 1B. UNRESOLVED STAFF COMMENTS None. Docusign, Inc. | 2026 Form 10-K | 38 ITEM 1C. CYBERSECURITY Cybersecurity Risk Management and Strategy We have developed and implemented a cybersecurity risk management program intended to protect the confidentiality, integrity, and availability of our critical systems and information. Our cybersecurity risk management program is guided by industry standards and frameworks, including those published by the National Institute of Standards and Technology (“NIST”), the International Organization for Standardization (“ISO”), and other relevant organizations. Our cybersecurity risk management program is integrated into our overall enterprise risk management program and utilizes common reporting channels and governance processes that apply across other risk areas. While everyone at our company plays a part in managing cybersecurity risks, as discussed in more detail under “Cybersecurity Governance” below, our board of directors, both directly and through delegation to our Audit Committee (the “Audit Committee”), and our senior management team are actively involved in the oversight of our cybersecurity risk management program. In general, we seek to address and mitigate cybersecurity risks through a comprehensive, cross-functional approach by",real_sec_filing,https://www.sec.gov/Archives/edgar/data/1261333/000126133326000021/docu-20260131.htm,0.02622215322530146,,0.08,0.10622215322530146,keyword,2026-05-28T16:39:26+00:00,What does management say about debt obligations?,liquidity_debt,True,"global economy. ITEM 1B. UNRESOLVED STAFF COMMENTS None. Docusign, Inc. | 2026 Form 10-K | 38 ITEM 1C. CYBERSECURITY Cybersecurity Risk Management and Strategy We have developed and implemented a cybersecurity risk management program intended to protect the confidentiality, integrity, and availability of our critical systems and information. Our cybersecurity risk management program is guided by industry standards and frameworks, including those published by the National Institute of Standards and Technology (“NIST”), the International Organization for Standardization (“ISO”), and other relevant organizations. Our cybersecurity risk managemen",0.10622215322530146,debt_obligations,What does management say about debt obligations?,4
DOCU,"DocuSign, Inc.",1261333,10-K,2026-03-18,0001261333-26-000021,MD&A,DOCU-10-K-112,"receivership or become insolvent in the future in response to financial conditions affecting the banking system and financial markets, our ability to access our existing cash, cash equivalents and investments may be threatened and could have a material adverse effect on our business and financial condition. We also intend to continue to make investments to support our business and, in the future, we may require additional funds. Additional financing may not be available on favorable terms, if at all. In addition, in the event that we incur additional debt, including under the credit facility, the debt holders would have rights senior to holders of common stock to make claims on our assets. Additionally, the credit facility restricts our ability to pay dividends on common stock and the terms of any future debt could restrict our operations. Further, if we issue additional equity securities, stockholders will experience dilution, and the new equity securities could have rights senior to those of our common stock. If adequate funds are not available on acceptable terms when we require it, we may be unable to",real_sec_filing,https://www.sec.gov/Archives/edgar/data/1261333/000126133326000021/docu-20260131.htm,0.025900358963907594,,0.08,0.10590035896390759,keyword,2026-05-28T16:39:26+00:00,What does management say about debt obligations?,liquidity_debt,True,"receivership or become insolvent in the future in response to financial conditions affecting the banking system and financial markets, our ability to access our existing cash, cash equivalents and investments may be threatened and could have a material adverse effect on our business and financial condition. We also intend to continue to make investments to support our business and, in the future, we may require additional funds. Additional financing may not be available on favorable terms, if at all. In addition, in the event that we incur additional debt, including under the credit facility, the debt holders would have rights senior to holde",0.10590035896390759,debt_obligations,What does management say about debt obligations?,5
DOCU,"DocuSign, Inc.",1261333,10-K,2026-03-18,0001261333-26-000021,MD&A,DOCU-10-K-053,"growth and objectives. • Any limits on our ability to use our net operating loss carryforwards to offset future taxable income. Legal and Regulatory Risks • Any actual or perceived failure to comply with laws and regulations affecting our business. • Legal proceedings against us by third parties for various claims, including any current or future legal proceedings. • Any failure to adequately protect our proprietary rights, including intellectual property rights. Risks Related to our Common Stock • Any volatility in the market price of our common stock. General Risks • Unfavorable conditions in our industry or the global economy or reductions in information technology spending. • Natural catastrophic events and man-made problems, including the effects of climate change. Docusign, Inc. | 2026 Form 10-K | 14 Risk Factors Our business involves significant risks, some of which are described below. You should carefully consider the following risks, together with all the other information in this Annual Report on Form 10-K, including in the preceding Risk Factors Summary, and our consolidated financial statements and the related notes included elsewhere in this",real_sec_filing,https://www.sec.gov/Archives/edgar/data/1261333/000126133326000021/docu-20260131.htm,0.04565436583736907,,0.08,0.12565436583736908,keyword,2026-05-28T16:39:27+00:00,What risks could pressure margins?,margin_pressure,True,"growth and objectives. • Any limits on our ability to use our net operating loss carryforwards to offset future taxable income. Legal and Regulatory Risks • Any actual or perceived failure to comply with laws and regulations affecting our business. • Legal proceedings against us by third parties for various claims, including any current or future legal proceedings. • Any failure to adequately protect our proprietary rights, including intellectual property rights. Risks Related to our Common Stock • Any volatility in the market price of our common stock. General Risks • Unfavorable conditions in our industry or the global economy or reductions",0.12565436583736908,margin_pressure,What risks could pressure margins?,1
DOCU,"DocuSign, Inc.",1261333,10-K,2026-03-18,0001261333-26-000021,MD&A,DOCU-10-K-051,"and amendments to these reports filed pursuant to Sections 13(a) and 15(d) of the Exchange Act are filed with the SEC. Such reports and other information filed or furnished by us with the SEC are available free of charge on our website at investor.docusign.com, as soon as reasonably practicable after we file such material with, or furnish it to, the SEC, when such reports are available on the SEC’s website at www.sec.gov. We use our website, including our investor relations website at investor.docusign.com, as a means of disclosing material non-public information and for complying with our disclosure obligations under Regulation FD. Docusign, Inc. | 2026 Form 10-K | 13 ITEM 1A. RISK FACTORS Risk Factors Summary These summary risks provide an overview of many of the risks we are exposed to in the normal course of our business. As a result, the following summary risks do not contain all the information that may be important to you, and you should read them together with the more detailed discussion of risks set forth following this section under the heading “Risk Factors,”",real_sec_filing,https://www.sec.gov/Archives/edgar/data/1261333/000126133326000021/docu-20260131.htm,0.03145027947928445,,0.08,0.11145027947928446,keyword,2026-05-28T16:39:27+00:00,What risks could pressure margins?,margin_pressure,True,"and amendments to these reports filed pursuant to Sections 13(a) and 15(d) of the Exchange Act are filed with the SEC. Such reports and other information filed or furnished by us with the SEC are available free of charge on our website at investor.docusign.com, as soon as reasonably practicable after we file such material with, or furnish it to, the SEC, when such reports are available on the SEC’s website at www.sec.gov. We use our website, including our investor relations website at investor.docusign.com, as a means of disclosing material non-public information and for complying with our disclosure obligations under Regulation FD. Docusign,",0.11145027947928446,margin_pressure,What risks could pressure margins?,2
DOCU,"DocuSign, Inc.",1261333,10-K,2026-03-18,0001261333-26-000021,MD&A,DOCU-10-K-016,"trade policies and practices; and our ability to maintain proper and effective internal controls. You should not rely upon forward-looking statements as predictions of future events. We have based the forward-looking statements contained in this Annual Report on Form 10-K primarily on our current expectations and projections about future events and trends that we believe may affect our business, financial condition, results of operations, and prospects. The outcome of the events described in these forward-looking statements is subject to risks, uncertainties, and other factors described in the section titled “Risk Factors” and elsewhere in this Annual Report on Form 10-K. Moreover, we operate in a very competitive and rapidly changing environment. New risks and uncertainties emerge from time to time. It is not possible for us to predict all risks and uncertainties that could have an impact on the forward-looking statements contained in this Annual Report on Form 10-K. We cannot assure you that the results, events, and circumstances reflected in the forward-looking statements will be achieved or occur, and actual results, events, or circumstances could differ materially from those",real_sec_filing,https://www.sec.gov/Archives/edgar/data/1261333/000126133326000021/docu-20260131.htm,0.024347821426771988,,0.08,0.10434782142677199,keyword,2026-05-28T16:39:27+00:00,What risks could pressure margins?,margin_pressure,True,"trade policies and practices; and our ability to maintain proper and effective internal controls. You should not rely upon forward-looking statements as predictions of future events. We have based the forward-looking statements contained in this Annual Report on Form 10-K primarily on our current expectations and projections about future events and trends that we believe may affect our business, financial condition, results of operations, and prospects. The outcome of the events described in these forward-looking statements is subject to risks, uncertainties, and other factors described in the section titled “Risk Factors” and elsewhere in th",0.10434782142677199,margin_pressure,What risks could pressure margins?,3
DOCU,"DocuSign, Inc.",1261333,10-K,2026-03-18,0001261333-26-000021,MD&A,DOCU-10-K-173,"third-party risk management process that identifies and mitigates cybersecurity threats associated with our use of third-party service providers, including supply chain risks. Such service providers are subject to risk tiering, security risk assessments, and continuous monitoring, including investigation of security incidents that have impacted our third-party service providers, as applicable. We continue to invest in the cybersecurity and resiliency of our networks and to enhance our internal controls and processes, which are designed to help protect our systems and infrastructure, and the information they contain. We have not identified any cybersecurity incidents that have materially affected, or are reasonably likely to materially affect us, including our business strategy, results of operations, or financial condition. We believe our current processes, systems and oversight with respect to the management of risks associated with cybersecurity threats are effective. If we were to experience a material cybersecurity incident in the future, such incident may have a material effect, including on our business strategy, operating results, or financial condition. For more information regarding the risks we face from cybersecurity threats, see Item 1A. Risk Factors",real_sec_filing,https://www.sec.gov/Archives/edgar/data/1261333/000126133326000021/docu-20260131.htm,0.024225522718285986,,0.08,0.10422552271828599,keyword,2026-05-28T16:39:27+00:00,What risks could pressure margins?,margin_pressure,True,"third-party risk management process that identifies and mitigates cybersecurity threats associated with our use of third-party service providers, including supply chain risks. Such service providers are subject to risk tiering, security risk assessments, and continuous monitoring, including investigation of security incidents that have impacted our third-party service providers, as applicable. We continue to invest in the cybersecurity and resiliency of our networks and to enhance our internal controls and processes, which are designed to help protect our systems and infrastructure, and the information they contain. We have not identified any",0.10422552271828599,margin_pressure,What risks could pressure margins?,4
DOCU,"DocuSign, Inc.",1261333,10-K,2026-03-18,0001261333-26-000021,MD&A,DOCU-10-K-052,"necessary to support our business. • Our inability to maintain successful relationships with our strategic partners or to establish and maintain relationships with partners that provide complementary technology. • Any inability to effectively develop and expand our marketing and sales capabilities. Financial Risks, including Taxation • Any fluctuations in our financial results or failure to meet expectations of securities analysts or investors. • Our long and unpredictable sales cycles, which often require considerable time and expense. • The delay in reflecting downturns or upturns in sales contracts in our operating results due to recognition of subscription revenue. • Any failure to forecast our revenue accurately, or failure to match our expenditures with corresponding revenue. • Any operational challenges in connection with our current or future international operations. • A lack of additional capital or the availability to use it on reasonable terms to support business growth and objectives. • Any limits on our ability to use our net operating loss carryforwards to offset future taxable income. Legal and Regulatory Risks • Any actual or perceived failure to comply with laws",real_sec_filing,https://www.sec.gov/Archives/edgar/data/1261333/000126133326000021/docu-20260131.htm,0.016877638240979306,,0.08,0.09687763824097931,keyword,2026-05-28T16:39:27+00:00,What risks could pressure margins?,margin_pressure,True,"necessary to support our business. • Our inability to maintain successful relationships with our strategic partners or to establish and maintain relationships with partners that provide complementary technology. • Any inability to effectively develop and expand our marketing and sales capabilities. Financial Risks, including Taxation • Any fluctuations in our financial results or failure to meet expectations of securities analysts or investors. • Our long and unpredictable sales cycles, which often require considerable time and expense. • The delay in reflecting downturns or upturns in sales contracts in our operating results due to recogniti",0.09687763824097931,margin_pressure,What risks could pressure margins?,5
DOCU,"DocuSign, Inc.",1261333,10-K,2026-03-18,0001261333-26-000021,MD&A,DOCU-10-K-146,"the Dodd-Frank Wall Street Reform and Consumer Protection Act, the listing requirements of Nasdaq and other applicable securities rules and regulations that impose various requirements on public companies. Our management and other personnel devote a substantial amount of time to compliance with these requirements and such compliance has increased, and will continue to increase, our legal, accounting and financial costs. The Sarbanes-Oxley Act requires, among other things, that we maintain effective disclosure controls and procedures and internal control over financial reporting. In order to maintain and improve the effectiveness of such controls, we have expended, and anticipate that we will continue to expend, significant resources, including on accounting and financial staff with appropriate public company experience and technical accounting knowledge to assist in our compliance efforts. We have incurred and expect to continue to incur significant expenses and devote substantial management effort toward compliance with the auditor attestation requirements of Section 404 of the Sarbanes-Oxley Act. To assist us in complying with these requirements we may need to hire more employees in the future, or engage outside consultants, which will",real_sec_filing,https://www.sec.gov/Archives/edgar/data/1261333/000126133326000021/docu-20260131.htm,0.04724337919523965,,0.08,0.12724337919523965,keyword,2026-05-28T16:39:27+00:00,What capex or investment requirements are disclosed?,capex_investment,True,"the Dodd-Frank Wall Street Reform and Consumer Protection Act, the listing requirements of Nasdaq and other applicable securities rules and regulations that impose various requirements on public companies. Our management and other personnel devote a substantial amount of time to compliance with these requirements and such compliance has increased, and will continue to increase, our legal, accounting and financial costs. The Sarbanes-Oxley Act requires, among other things, that we maintain effective disclosure controls and procedures and internal control over financial reporting. In order to maintain and improve the effectiveness of such contr",0.12724337919523965,capex_requirements,What capex or investment requirements are disclosed?,1
DOCU,"DocuSign, Inc.",1261333,10-K,2026-03-18,0001261333-26-000021,Liquidity and Capital Resources,DOCU-10-K-286,"credit rating. Estimated credit losses are determined using a discounted cash flow model and recorded as an allowance, with changes in expected credit losses on our investments recorded in “Interest income and other income, net” in the consolidated statements of operations and comprehensive loss. Unrealized gains and losses related to noncredit factors are reflected in “Accumulated other comprehensive loss” on the consolidated balance sheets. Strategic Investments Our strategic investments consist of non-marketable equity investments in privately-held companies and investment companies in which we do not have a controlling interest or significant influence. We have elected to apply the measurement alternative for equity investments in privately-held companies that do not have readily determinable fair values, measuring them at cost, less any impairment, plus or minus adjustments resulting from observable price changes in orderly transactions for the identical or a similar investment of the same issuer. We have elected to measure our equity investments in investment companies that do not have readily determinable fair values based on the investment’s net asset value. An impairment loss is recorded when an event or circumstance",real_sec_filing,https://www.sec.gov/Archives/edgar/data/1261333/000126133326000021/docu-20260131.htm,0.038754625214503347,,0.08,0.11875462521450335,keyword,2026-05-28T16:39:27+00:00,What capex or investment requirements are disclosed?,capex_investment,True,"credit rating. Estimated credit losses are determined using a discounted cash flow model and recorded as an allowance, with changes in expected credit losses on our investments recorded in “Interest income and other income, net” in the consolidated statements of operations and comprehensive loss. Unrealized gains and losses related to noncredit factors are reflected in “Accumulated other comprehensive loss” on the consolidated balance sheets. Strategic Investments Our strategic investments consist of non-marketable equity investments in privately-held companies and investment companies in which we do not have a controlling interest or signifi",0.11875462521450335,capex_requirements,What capex or investment requirements are disclosed?,2
DOCU,"DocuSign, Inc.",1261333,10-K,2026-03-18,0001261333-26-000021,MD&A,DOCU-10-K-145,"a Base Erosion and Profit Shifting Project that, if implemented, would change various aspects of the existing framework under which our tax obligations are determined in many of the countries in which we do business. A number of countries have enacted legislation to implement the OECD’s 15% global minimum tax regime. As additional jurisdictions enact legislation, transitional relief expires, and other provisions of the minimum tax legislation become effective, our effective tax rate and cash tax payments could increase in future years. The requirements of being a public company, including developing and maintaining proper and effective disclosure controls and procedures and internal control over financial reporting, may strain our resources and divert management’s attention away from other business concerns. As a public company, we are subject to the reporting requirements of the Securities Exchange Act of 1934, as amended (the “Exchange Act”), the Sarbanes-Oxley Act, the Dodd-Frank Wall Street Reform and Consumer Protection Act, the listing requirements of Nasdaq and other applicable securities rules and regulations that impose various requirements on public companies. Our management and other personnel devote a",real_sec_filing,https://www.sec.gov/Archives/edgar/data/1261333/000126133326000021/docu-20260131.htm,0.037070712237397906,,0.08,0.1170707122373979,keyword,2026-05-28T16:39:27+00:00,What capex or investment requirements are disclosed?,capex_investment,True,"a Base Erosion and Profit Shifting Project that, if implemented, would change various aspects of the existing framework under which our tax obligations are determined in many of the countries in which we do business. A number of countries have enacted legislation to implement the OECD’s 15% global minimum tax regime. As additional jurisdictions enact legislation, transitional relief expires, and other provisions of the minimum tax legislation become effective, our effective tax rate and cash tax payments could increase in future years. The requirements of being a public company, including developing and maintaining proper and effective disclo",0.1170707122373979,capex_requirements,What capex or investment requirements are disclosed?,3
DOCU,"DocuSign, Inc.",1261333,10-K,2026-03-18,0001261333-26-000021,MD&A,DOCU-10-K-138,"no benefit. If we fail to adequately protect our intellectual property and proprietary rights, our business, operating results and financial condition could be adversely affected. Many of our customers deploy our products and solutions globally, and our products and solutions must comply with certain legal and regulatory requirements in varying countries. If our products and solutions fail to meet these requirements, we could incur significant liabilities and our financial condition may suffer. Many customers use our products and solutions globally to comply with safe harbors and other legislation in the countries in which they transact business. For example, some of our customers rely on government authorizations we maintain, such as FedRAMP in the U.S, or certifications such as our qualification as a Trust Service Provider under eIDAS in the EU to help satisfy their own legal and regulatory compliance requirements. If a court or regulatory body determines that our products and solutions are inadequate to meet these requirements, documents executed through our products and solutions could, in some instances, be rendered unenforceable, resulting in potential loss of customers, liability under",real_sec_filing,https://www.sec.gov/Archives/edgar/data/1261333/000126133326000021/docu-20260131.htm,0.03558569220925194,,0.08,0.11558569220925194,keyword,2026-05-28T16:39:27+00:00,What capex or investment requirements are disclosed?,capex_investment,True,"no benefit. If we fail to adequately protect our intellectual property and proprietary rights, our business, operating results and financial condition could be adversely affected. Many of our customers deploy our products and solutions globally, and our products and solutions must comply with certain legal and regulatory requirements in varying countries. If our products and solutions fail to meet these requirements, we could incur significant liabilities and our financial condition may suffer. Many customers use our products and solutions globally to comply with safe harbors and other legislation in the countries in which they transact busin",0.11558569220925194,capex_requirements,What capex or investment requirements are disclosed?,4
DOCU,"DocuSign, Inc.",1261333,10-K,2026-03-18,0001261333-26-000021,MD&A,DOCU-10-K-147,"the auditor attestation requirements of Section 404 of the Sarbanes-Oxley Act. To assist us in complying with these requirements we may need to hire more employees in the future, or engage outside consultants, which will increase our operating expenses. Despite significant investment, our current controls and any new controls that we develop may become inadequate because of changes in business conditions. Any failure to implement and maintain effective internal control over financial reporting could adversely affect the results of periodic management evaluations and annual independent registered public accounting firm attestation reports regarding the effectiveness of our internal control over financial reporting that are required to be included in the periodic reports that we file with the SEC. If our management team or Docusign, Inc. | 2026 Form 10-K | 34 independent registered public accounting firm were to furnish an adverse report, or if it is determined that we have a material weakness or significant deficiency in our internal control over financial reporting, investors could lose confidence in the accuracy and completeness of our financial reports, the market price of our",real_sec_filing,https://www.sec.gov/Archives/edgar/data/1261333/000126133326000021/docu-20260131.htm,0.030375779017567262,,0.08,0.11037577901756726,keyword,2026-05-28T16:39:27+00:00,What capex or investment requirements are disclosed?,capex_investment,True,"the auditor attestation requirements of Section 404 of the Sarbanes-Oxley Act. To assist us in complying with these requirements we may need to hire more employees in the future, or engage outside consultants, which will increase our operating expenses. Despite significant investment, our current controls and any new controls that we develop may become inadequate because of changes in business conditions. Any failure to implement and maintain effective internal control over financial reporting could adversely affect the results of periodic management evaluations and annual independent registered public accounting firm attestation reports rega",0.11037577901756726,capex_requirements,What capex or investment requirements are disclosed?,5
DOCU,"DocuSign, Inc.",1261333,10-K,2026-03-18,0001261333-26-000021,MD&A,DOCU-10-K-042,"recognizing that every individual brings unique perspectives and experiences to the table. Our mission is to redefine how the world comes together and agrees. Over the last two years, our company has evolved at an extraordinary pace — new products, new ways of working, and much higher expectations from our customers. To keep growing with clarity and consistency, we have developed shared principles that guide how we think, how we collaborate, and how we make decisions every day. The Docusign Principles give us a common language and a clear standard for what “great” looks like as we move into the next chapter. • Customer First: Start with the customer. Every decision, every time. • Deliver Results: Focus on impact. Deliver with urgency. • Say What Matters: Be honest and direct. Speak with integrity. • Own It, Make It Better: Take ownership. Raise the bar. • One Team: Win together. Purpose not ego. We are a global organization with an increasingly international footprint. As we continue to grow in new markets, we anticipate continuing to recruit in new geographies. As of",real_sec_filing,https://www.sec.gov/Archives/edgar/data/1261333/000126133326000021/docu-20260131.htm,0.0438364283212814,,0.04,0.08383642832128141,keyword,2026-05-28T16:39:28+00:00,What does management say about competition?,risk_competition_regulation,True,"recognizing that every individual brings unique perspectives and experiences to the table. Our mission is to redefine how the world comes together and agrees. Over the last two years, our company has evolved at an extraordinary pace — new products, new ways of working, and much higher expectations from our customers. To keep growing with clarity and consistency, we have developed shared principles that guide how we think, how we collaborate, and how we make decisions every day. The Docusign Principles give us a common language and a clear standard for what “great” looks like as we move into the next chapter. • Customer First: Start with the c",0.08383642832128141,competition,What does management say about competition?,1
DOCU,"DocuSign, Inc.",1261333,10-K,2026-03-18,0001261333-26-000021,Risk Factors,DOCU-10-K-010,Item 1A. Risk Factors 14 Item 1B. Unresolved Staff Comments 38 Item 1C. Cybersecurity 39 Item 2. Properties 40 Item 3.,real_sec_filing,https://www.sec.gov/Archives/edgar/data/1261333/000126133326000021/docu-20260131.htm,0.0,,0.08,0.08,keyword,2026-05-28T16:39:28+00:00,What does management say about competition?,risk_competition_regulation,True,Item 1A. Risk Factors 14 Item 1B. Unresolved Staff Comments 38 Item 1C. Cybersecurity 39 Item 2. Properties 40 Item 3.,0.08,competition,What does management say about competition?,2
DOCU,"DocuSign, Inc.",1261333,10-K,2026-03-18,0001261333-26-000021,Business,DOCU-10-K-009,Item 1. Business 4,real_sec_filing,https://www.sec.gov/Archives/edgar/data/1261333/000126133326000021/docu-20260131.htm,0.0,,0.08,0.08,keyword,2026-05-28T16:39:28+00:00,What does management say about competition?,risk_competition_regulation,True,Item 1. Business 4,0.08,competition,What does management say about competition?,3
DOCU,"DocuSign, Inc.",1261333,10-K,2026-03-18,0001261333-26-000021,Legal / Regulatory Matters,DOCU-10-K-011,"Legal Proceedings 40 Item 4. Mine Safety Disclosures 40 PART II 41 Item 5. Market for Registrant’s Common Equity, Related Stockholder Matters and Issuer Purchases of Equity Securities 41 Item 6. Reserved 42",real_sec_filing,https://www.sec.gov/Archives/edgar/data/1261333/000126133326000021/docu-20260131.htm,0.0,,0.08,0.08,keyword,2026-05-28T16:39:28+00:00,What does management say about competition?,risk_competition_regulation,True,"Legal Proceedings 40 Item 4. Mine Safety Disclosures 40 PART II 41 Item 5. Market for Registrant’s Common Equity, Related Stockholder Matters and Issuer Purchases of Equity Securities 41 Item 6. Reserved 42",0.08,competition,What does management say about competition?,4
DOCU,"DocuSign, Inc.",1261333,10-K,2026-03-18,0001261333-26-000021,MD&A,DOCU-10-K-170,"global economy. ITEM 1B. UNRESOLVED STAFF COMMENTS None. Docusign, Inc. | 2026 Form 10-K | 38 ITEM 1C. CYBERSECURITY Cybersecurity Risk Management and Strategy We have developed and implemented a cybersecurity risk management program intended to protect the confidentiality, integrity, and availability of our critical systems and information. Our cybersecurity risk management program is guided by industry standards and frameworks, including those published by the National Institute of Standards and Technology (“NIST”), the International Organization for Standardization (“ISO”), and other relevant organizations. Our cybersecurity risk management program is integrated into our overall enterprise risk management program and utilizes common reporting channels and governance processes that apply across other risk areas. While everyone at our company plays a part in managing cybersecurity risks, as discussed in more detail under “Cybersecurity Governance” below, our board of directors, both directly and through delegation to our Audit Committee (the “Audit Committee”), and our senior management team are actively involved in the oversight of our cybersecurity risk management program. In general, we seek to address and mitigate cybersecurity risks through a comprehensive, cross-functional approach by",real_sec_filing,https://www.sec.gov/Archives/edgar/data/1261333/000126133326000021/docu-20260131.htm,0.028584248355505073,,0.04,0.06858424835550507,keyword,2026-05-28T16:39:28+00:00,What does management say about competition?,risk_competition_regulation,True,"global economy. ITEM 1B. UNRESOLVED STAFF COMMENTS None. Docusign, Inc. | 2026 Form 10-K | 38 ITEM 1C. CYBERSECURITY Cybersecurity Risk Management and Strategy We have developed and implemented a cybersecurity risk management program intended to protect the confidentiality, integrity, and availability of our critical systems and information. Our cybersecurity risk management program is guided by industry standards and frameworks, including those published by the National Institute of Standards and Technology (“NIST”), the International Organization for Standardization (“ISO”), and other relevant organizations. Our cybersecurity risk managemen",0.06858424835550507,competition,What does management say about competition?,5
DOCU,"DocuSign, Inc.",1261333,10-K,2026-03-18,0001261333-26-000021,MD&A,DOCU-10-K-053,"growth and objectives. • Any limits on our ability to use our net operating loss carryforwards to offset future taxable income. Legal and Regulatory Risks • Any actual or perceived failure to comply with laws and regulations affecting our business. • Legal proceedings against us by third parties for various claims, including any current or future legal proceedings. • Any failure to adequately protect our proprietary rights, including intellectual property rights. Risks Related to our Common Stock • Any volatility in the market price of our common stock. General Risks • Unfavorable conditions in our industry or the global economy or reductions in information technology spending. • Natural catastrophic events and man-made problems, including the effects of climate change. Docusign, Inc. | 2026 Form 10-K | 14 Risk Factors Our business involves significant risks, some of which are described below. You should carefully consider the following risks, together with all the other information in this Annual Report on Form 10-K, including in the preceding Risk Factors Summary, and our consolidated financial statements and the related notes included elsewhere in this",real_sec_filing,https://www.sec.gov/Archives/edgar/data/1261333/000126133326000021/docu-20260131.htm,0.04828749072079608,,0.04,0.08828749072079609,keyword,2026-05-28T16:39:28+00:00,Are there regulatory or litigation risks?,risk_competition_regulation,True,"growth and objectives. • Any limits on our ability to use our net operating loss carryforwards to offset future taxable income. Legal and Regulatory Risks • Any actual or perceived failure to comply with laws and regulations affecting our business. • Legal proceedings against us by third parties for various claims, including any current or future legal proceedings. • Any failure to adequately protect our proprietary rights, including intellectual property rights. Risks Related to our Common Stock • Any volatility in the market price of our common stock. General Risks • Unfavorable conditions in our industry or the global economy or reductions",0.08828749072079609,regulatory_litigation,Are there regulatory or litigation risks?,1
DOCU,"DocuSign, Inc.",1261333,10-K,2026-03-18,0001261333-26-000021,MD&A,DOCU-10-K-177,"in Europe, Asia, Latin America, Israel, Egypt and Australia. We lease all of our facilities and do not own any real property. We believe our facilities are adequate and suitable for our current needs and that, should it be needed, suitable additional or alternative space will be available to accommodate our operations. ITEM 3. LEGAL PROCEEDINGS We are subject to legal proceedings and claims from time to time in the ordinary course of business. We have received, and may in the future continue to receive claims from third parties asserting, among other things, infringement of their intellectual property rights. Future litigation may be necessary to defend ourselves, our partners and our customers by determining the scope, enforceability and validity of third-party proprietary rights, or to establish our proprietary rights. The results of any current or future litigation cannot be predicted with certainty, and regardless of the outcome, litigation can have an adverse impact on us because of defense and settlement costs, diversion of management resources and other factors. For more information on legal proceedings, refer to ‘Claims and Litigation’ in",real_sec_filing,https://www.sec.gov/Archives/edgar/data/1261333/000126133326000021/docu-20260131.htm,0.04499768754510559,,0.04,0.08499768754510559,keyword,2026-05-28T16:39:28+00:00,Are there regulatory or litigation risks?,risk_competition_regulation,True,"in Europe, Asia, Latin America, Israel, Egypt and Australia. We lease all of our facilities and do not own any real property. We believe our facilities are adequate and suitable for our current needs and that, should it be needed, suitable additional or alternative space will be available to accommodate our operations. ITEM 3. LEGAL PROCEEDINGS We are subject to legal proceedings and claims from time to time in the ordinary course of business. We have received, and may in the future continue to receive claims from third parties asserting, among other things, infringement of their intellectual property rights. Future litigation may be necessar",0.08499768754510559,regulatory_litigation,Are there regulatory or litigation risks?,2
DOCU,"DocuSign, Inc.",1261333,10-K,2026-03-18,0001261333-26-000021,MD&A,DOCU-10-K-067,"us or our customers, identity theft for our customers, the inability to expand our business, additional scrutiny, restrictions, fines or penalties from regulatory or governmental authorities, loss of customers and customer confidence in our services, ongoing regulatory oversight, assessments and audits, exposure to civil litigation, and/or a breach of our contracts with third parties. All of the foregoing could expose us to significant liability and harm our business, financial condition, and operating results. Despite significant efforts to identify vulnerabilities and create security barriers to such threats, it is virtually impossible for us, our service providers, our partners and our customers to entirely mitigate these risks. Further, we could be forced to use significant financial and operational resources in response to a cyberattack, security incident, or breach, including repairing system damage, increasing security protection costs, investigating and remediating any information security vulnerabilities, complying with data breach notification obligations and applicable laws, and defending against and resolving legal and regulatory claims, all of which could divert resources and the attention of our management and key personnel away from our business operations and",real_sec_filing,https://www.sec.gov/Archives/edgar/data/1261333/000126133326000021/docu-20260131.htm,0.040260400218304,,0.04,0.080260400218304,keyword,2026-05-28T16:39:28+00:00,Are there regulatory or litigation risks?,risk_competition_regulation,True,"us or our customers, identity theft for our customers, the inability to expand our business, additional scrutiny, restrictions, fines or penalties from regulatory or governmental authorities, loss of customers and customer confidence in our services, ongoing regulatory oversight, assessments and audits, exposure to civil litigation, and/or a breach of our contracts with third parties. All of the foregoing could expose us to significant liability and harm our business, financial condition, and operating results. Despite significant efforts to identify vulnerabilities and create security barriers to such threats, it is virtually impossible for ",0.080260400218304,regulatory_litigation,Are there regulatory or litigation risks?,3
DOCU,"DocuSign, Inc.",1261333,10-K,2026-03-18,0001261333-26-000021,Risk Factors,DOCU-10-K-010,Item 1A. Risk Factors 14 Item 1B. Unresolved Staff Comments 38 Item 1C. Cybersecurity 39 Item 2. Properties 40 Item 3.,real_sec_filing,https://www.sec.gov/Archives/edgar/data/1261333/000126133326000021/docu-20260131.htm,0.0,,0.08,0.08,keyword,2026-05-28T16:39:28+00:00,Are there regulatory or litigation risks?,risk_competition_regulation,True,Item 1A. Risk Factors 14 Item 1B. Unresolved Staff Comments 38 Item 1C. Cybersecurity 39 Item 2. Properties 40 Item 3.,0.08,regulatory_litigation,Are there regulatory or litigation risks?,4
DOCU,"DocuSign, Inc.",1261333,10-K,2026-03-18,0001261333-26-000021,Business,DOCU-10-K-009,Item 1. Business 4,real_sec_filing,https://www.sec.gov/Archives/edgar/data/1261333/000126133326000021/docu-20260131.htm,0.0,,0.08,0.08,keyword,2026-05-28T16:39:28+00:00,Are there regulatory or litigation risks?,risk_competition_regulation,True,Item 1. Business 4,0.08,regulatory_litigation,Are there regulatory or litigation risks?,5
DOCU,"DocuSign, Inc.",1261333,10-K,2026-03-18,0001261333-26-000021,Risk Factors,DOCU-10-K-010,Item 1A. Risk Factors 14 Item 1B. Unresolved Staff Comments 38 Item 1C. Cybersecurity 39 Item 2. Properties 40 Item 3.,real_sec_filing,https://www.sec.gov/Archives/edgar/data/1261333/000126133326000021/docu-20260131.htm,0.07996523854458615,,0.08,0.15996523854458616,keyword,2026-05-28T16:39:29+00:00,What are the key risk factors?,risk_competition_regulation,True,Item 1A. Risk Factors 14 Item 1B. Unresolved Staff Comments 38 Item 1C. Cybersecurity 39 Item 2. Properties 40 Item 3.,0.15996523854458616,key_risk_factors,What are the key risk factors?,1
DOCU,"DocuSign, Inc.",1261333,10-K,2026-03-18,0001261333-26-000021,MD&A,DOCU-10-K-051,"and amendments to these reports filed pursuant to Sections 13(a) and 15(d) of the Exchange Act are filed with the SEC. Such reports and other information filed or furnished by us with the SEC are available free of charge on our website at investor.docusign.com, as soon as reasonably practicable after we file such material with, or furnish it to, the SEC, when such reports are available on the SEC’s website at www.sec.gov. We use our website, including our investor relations website at investor.docusign.com, as a means of disclosing material non-public information and for complying with our disclosure obligations under Regulation FD. Docusign, Inc. | 2026 Form 10-K | 13 ITEM 1A. RISK FACTORS Risk Factors Summary These summary risks provide an overview of many of the risks we are exposed to in the normal course of our business. As a result, the following summary risks do not contain all the information that may be important to you, and you should read them together with the more detailed discussion of risks set forth following this section under the heading “Risk Factors,”",real_sec_filing,https://www.sec.gov/Archives/edgar/data/1261333/000126133326000021/docu-20260131.htm,0.09353671847193706,,0.04,0.13353671847193707,keyword,2026-05-28T16:39:29+00:00,What are the key risk factors?,risk_competition_regulation,True,"and amendments to these reports filed pursuant to Sections 13(a) and 15(d) of the Exchange Act are filed with the SEC. Such reports and other information filed or furnished by us with the SEC are available free of charge on our website at investor.docusign.com, as soon as reasonably practicable after we file such material with, or furnish it to, the SEC, when such reports are available on the SEC’s website at www.sec.gov. We use our website, including our investor relations website at investor.docusign.com, as a means of disclosing material non-public information and for complying with our disclosure obligations under Regulation FD. Docusign,",0.13353671847193707,key_risk_factors,What are the key risk factors?,2
DOCU,"DocuSign, Inc.",1261333,10-K,2026-03-18,0001261333-26-000021,MD&A,DOCU-10-K-053,"growth and objectives. • Any limits on our ability to use our net operating loss carryforwards to offset future taxable income. Legal and Regulatory Risks • Any actual or perceived failure to comply with laws and regulations affecting our business. • Legal proceedings against us by third parties for various claims, including any current or future legal proceedings. • Any failure to adequately protect our proprietary rights, including intellectual property rights. Risks Related to our Common Stock • Any volatility in the market price of our common stock. General Risks • Unfavorable conditions in our industry or the global economy or reductions in information technology spending. • Natural catastrophic events and man-made problems, including the effects of climate change. Docusign, Inc. | 2026 Form 10-K | 14 Risk Factors Our business involves significant risks, some of which are described below. You should carefully consider the following risks, together with all the other information in this Annual Report on Form 10-K, including in the preceding Risk Factors Summary, and our consolidated financial statements and the related notes included elsewhere in this",real_sec_filing,https://www.sec.gov/Archives/edgar/data/1261333/000126133326000021/docu-20260131.htm,0.0724166887764559,,0.04,0.11241668877645591,keyword,2026-05-28T16:39:29+00:00,What are the key risk factors?,risk_competition_regulation,True,"growth and objectives. • Any limits on our ability to use our net operating loss carryforwards to offset future taxable income. Legal and Regulatory Risks • Any actual or perceived failure to comply with laws and regulations affecting our business. • Legal proceedings against us by third parties for various claims, including any current or future legal proceedings. • Any failure to adequately protect our proprietary rights, including intellectual property rights. Risks Related to our Common Stock • Any volatility in the market price of our common stock. General Risks • Unfavorable conditions in our industry or the global economy or reductions",0.11241668877645591,key_risk_factors,What are the key risk factors?,3
DOCU,"DocuSign, Inc.",1261333,10-K,2026-03-18,0001261333-26-000021,MD&A,DOCU-10-K-173,"third-party risk management process that identifies and mitigates cybersecurity threats associated with our use of third-party service providers, including supply chain risks. Such service providers are subject to risk tiering, security risk assessments, and continuous monitoring, including investigation of security incidents that have impacted our third-party service providers, as applicable. We continue to invest in the cybersecurity and resiliency of our networks and to enhance our internal controls and processes, which are designed to help protect our systems and infrastructure, and the information they contain. We have not identified any cybersecurity incidents that have materially affected, or are reasonably likely to materially affect us, including our business strategy, results of operations, or financial condition. We believe our current processes, systems and oversight with respect to the management of risks associated with cybersecurity threats are effective. If we were to experience a material cybersecurity incident in the future, such incident may have a material effect, including on our business strategy, operating results, or financial condition. For more information regarding the risks we face from cybersecurity threats, see Item 1A. Risk Factors",real_sec_filing,https://www.sec.gov/Archives/edgar/data/1261333/000126133326000021/docu-20260131.htm,0.053913656908987105,,0.04,0.0939136569089871,keyword,2026-05-28T16:39:29+00:00,What are the key risk factors?,risk_competition_regulation,True,"third-party risk management process that identifies and mitigates cybersecurity threats associated with our use of third-party service providers, including supply chain risks. Such service providers are subject to risk tiering, security risk assessments, and continuous monitoring, including investigation of security incidents that have impacted our third-party service providers, as applicable. We continue to invest in the cybersecurity and resiliency of our networks and to enhance our internal controls and processes, which are designed to help protect our systems and infrastructure, and the information they contain. We have not identified any",0.0939136569089871,key_risk_factors,What are the key risk factors?,4
DOCU,"DocuSign, Inc.",1261333,10-K,2026-03-18,0001261333-26-000021,MD&A,DOCU-10-K-076,"in strategy, decreased employee morale and productivity, and increased turnover. Our future success, and our ability to achieve our operational and business objectives, depends in large part on the successful recruitment, integration and continued service of senior management and other key personnel. In particular, we are highly dependent on the services of our senior management team, many of whom are essential to the development of our technology, platform, future vision, and strategic direction. Our senior management and key employees are employed on an at-will basis, meaning that we may terminate their employment at any time, with or without cause, and they may resign at any time, with or without cause. If we lose one or more of our senior management or other key employees and are unable to find adequate replacements, or if we fail to attract, integrate, retain and motivate members of our senior management team and key employees or otherwise fail to retain a significant portion of our workforce, our business could be harmed. We also are dependent on the continued service of our existing software engineers because",real_sec_filing,https://www.sec.gov/Archives/edgar/data/1261333/000126133326000021/docu-20260131.htm,0.052723059605729476,,0.04,0.09272305960572948,keyword,2026-05-28T16:39:29+00:00,What are the key risk factors?,risk_competition_regulation,True,"in strategy, decreased employee morale and productivity, and increased turnover. Our future success, and our ability to achieve our operational and business objectives, depends in large part on the successful recruitment, integration and continued service of senior management and other key personnel. In particular, we are highly dependent on the services of our senior management team, many of whom are essential to the development of our technology, platform, future vision, and strategic direction. Our senior management and key employees are employed on an at-will basis, meaning that we may terminate their employment at any time, with or witho",0.09272305960572948,key_risk_factors,What are the key risk factors?,5
DOCU,"DocuSign, Inc.",1261333,10-K,2026-03-18,0001261333-26-000021,Liquidity and Capital Resources,DOCU-10-K-212,"our board of directors has authorized a stock repurchase program, which commenced in March 2022. During the year ended January 31, 2026, we repurchased and settled 11.8 million shares of common stock for $869.1 million through our stock repurchase program. The program has no minimum purchase and no mandated end date. The repurchase program may be suspended or discontinued at any time at our discretion. We expect that our existing sources of liquidity, including our existing cash, cash equivalents and investments, expected future operating cash flows, and the borrowing capacity of our credit facility, will finance the repurchase of common stock at management’s discretion. The timing and amount of any repurchases of common stock will be determined by management based on its evaluation of market conditions and other factors. Docusign, Inc. | 2026 Form 10-K | 51 Cash Flows The following table summarizes our cash flows for the periods indicated: Year Ended January 31, (in thousands) 2026 2025 Net cash provided by (used in): Operating activities $ 1,165,007 $ 1,017,272 Investing activities (126,781) (312,876) Financing activities (1,099,902) (838,791) Effect of",real_sec_filing,https://www.sec.gov/Archives/edgar/data/1261333/000126133326000021/docu-20260131.htm,0.06706150366062368,,0.08,0.14706150366062368,keyword,2026-05-28T16:39:29+00:00,What does management say about cash flows and capital allocation?,liquidity_debt,True,"our board of directors has authorized a stock repurchase program, which commenced in March 2022. During the year ended January 31, 2026, we repurchased and settled 11.8 million shares of common stock for $869.1 million through our stock repurchase program. The program has no minimum purchase and no mandated end date. The repurchase program may be suspended or discontinued at any time at our discretion. We expect that our existing sources of liquidity, including our existing cash, cash equivalents and investments, expected future operating cash flows, and the borrowing capacity of our credit facility, will finance the repurchase of common stoc",0.14706150366062368,cash_flows_capital_allocation,What does management say about cash flows and capital allocation?,1
DOCU,"DocuSign, Inc.",1261333,10-K,2026-03-18,0001261333-26-000021,Liquidity and Capital Resources,DOCU-10-K-262,"withholding obligation on net RSU settlement and ESPP purchase ( 269,713 ) ( 213,282 ) ( 144,218 ) Proceeds from exercise of stock options 1,250 22,705 13,991 Proceeds from employee stock purchase plan 40,780 35,314 32,994 Net cash used in financing activities ( 1,099,902 ) ( 838,791 ) ( 946,039 ) Effect of foreign exchange on cash, cash equivalents and restricted cash 20,272 ( 7,550 ) 199 Net increase (decrease) in cash, cash equivalents and restricted cash ( 41,404 ) ( 141,945 ) 78,298 Cash, cash equivalents and restricted cash at beginning of period 659,554 801,499 723,201 Cash, cash equivalents and restricted cash at end of period $ 618,150 $ 659,554 $ 801,499 The accompanying notes are an integral part of these consolidated financial statements. Docusign, Inc. | 2026 Form 10-K | 67 DOCUSIGN, INC. CONSOLIDATED STATEMENTS OF CASH FLOWS (Continued) Year Ended January 31, (in thousands) 2026 2025 2024 Supplemental disclosure: Cash paid for interest $ — $ — $ 185 Cash paid for operating lease liabilities 27,361 26,500 34,845 Cash paid for income taxes 12,946 24,324 10,460 Non-cash",real_sec_filing,https://www.sec.gov/Archives/edgar/data/1261333/000126133326000021/docu-20260131.htm,0.05537885310534968,,0.08,0.1353788531053497,keyword,2026-05-28T16:39:29+00:00,What does management say about cash flows and capital allocation?,liquidity_debt,True,"withholding obligation on net RSU settlement and ESPP purchase ( 269,713 ) ( 213,282 ) ( 144,218 ) Proceeds from exercise of stock options 1,250 22,705 13,991 Proceeds from employee stock purchase plan 40,780 35,314 32,994 Net cash used in financing activities ( 1,099,902 ) ( 838,791 ) ( 946,039 ) Effect of foreign exchange on cash, cash equivalents and restricted cash 20,272 ( 7,550 ) 199 Net increase (decrease) in cash, cash equivalents and restricted cash ( 41,404 ) ( 141,945 ) 78,298 Cash, cash equivalents and restricted cash at beginning of period 659,554 801,499 723,201 Cash, cash equivalents and restricted cash at end of period $ 618,1",0.1353788531053497,cash_flows_capital_allocation,What does management say about cash flows and capital allocation?,2
DOCU,"DocuSign, Inc.",1261333,10-K,2026-03-18,0001261333-26-000021,Liquidity and Capital Resources,DOCU-10-K-213,"flows for the periods indicated: Year Ended January 31, (in thousands) 2026 2025 Net cash provided by (used in): Operating activities $ 1,165,007 $ 1,017,272 Investing activities (126,781) (312,876) Financing activities (1,099,902) (838,791) Effect of foreign exchange on cash, cash equivalents and restricted cash 20,272 (7,550) Net change in cash, cash equivalents and restricted cash $ (41,404) $ (141,945) Cash Flows from Operating Activities Cash provided by operating activities was $1.2 billion for the year ended January 31, 2026. Our primary sources of cash provided by operating activities were billings and the related cash collections in addition to interest income. Our primary uses of cash include the payment of employee salaries and benefits in addition to vendor payments. Cash provided by operating activities was $1.0 billion for the year ended January 31, 2025. Our primary sources of cash provided by operating activities were billings and the related cash collections in addition to interest income. Our primary uses of cash include payment of employee salaries and benefits, including the payment of termination benefits under the 2025 Restructuring Plan implemented in the",real_sec_filing,https://www.sec.gov/Archives/edgar/data/1261333/000126133326000021/docu-20260131.htm,0.05429418316067593,,0.08,0.13429418316067593,keyword,2026-05-28T16:39:29+00:00,What does management say about cash flows and capital allocation?,liquidity_debt,True,"flows for the periods indicated: Year Ended January 31, (in thousands) 2026 2025 Net cash provided by (used in): Operating activities $ 1,165,007 $ 1,017,272 Investing activities (126,781) (312,876) Financing activities (1,099,902) (838,791) Effect of foreign exchange on cash, cash equivalents and restricted cash 20,272 (7,550) Net change in cash, cash equivalents and restricted cash $ (41,404) $ (141,945) Cash Flows from Operating Activities Cash provided by operating activities was $1.2 billion for the year ended January 31, 2026. Our primary sources of cash provided by operating activities were billings and the related cash collections in ",0.13429418316067593,cash_flows_capital_allocation,What does management say about cash flows and capital allocation?,3
DOCU,"DocuSign, Inc.",1261333,10-K,2026-03-18,0001261333-26-000021,Liquidity and Capital Resources,DOCU-10-K-209,"2021. As of January 31, 2026, there were no outstanding borrowings under the Credit Facility, and we were in compliance with related covenants. The Credit Facility matures in May 2030 and is available to optimize our capital structure and strengthen our balance sheet. We have included additional information in Note 8 to the Condensed Consolidated Financial Statements, included in Part II, Item 8 of this Annual Report on Form 10-K. We believe that our sources of liquidity, including our cash, cash equivalents and investments, and expected future operating cash flows, and borrowing capacity available to us from our Credit Facility, are adequate to meet our potential cash commitments as well as meet our working capital and capital expenditure needs for the foreseeable future, including upcoming maturities of our contractual obligations over the next 12 months. We typically invoice our customers annually in advance. Therefore, a substantial source of our cash is from such invoices, which are included on our consolidated balance sheets in contract liabilities until revenue is recognized and in accounts receivable until cash is collected. Accordingly, collections from",real_sec_filing,https://www.sec.gov/Archives/edgar/data/1261333/000126133326000021/docu-20260131.htm,0.054094605025953355,,0.08,0.13409460502595336,keyword,2026-05-28T16:39:29+00:00,What does management say about cash flows and capital allocation?,liquidity_debt,True,"2021. As of January 31, 2026, there were no outstanding borrowings under the Credit Facility, and we were in compliance with related covenants. The Credit Facility matures in May 2030 and is available to optimize our capital structure and strengthen our balance sheet. We have included additional information in Note 8 to the Condensed Consolidated Financial Statements, included in Part II, Item 8 of this Annual Report on Form 10-K. We believe that our sources of liquidity, including our cash, cash equivalents and investments, and expected future operating cash flows, and borrowing capacity available to us from our Credit Facility, are adequate",0.13409460502595336,cash_flows_capital_allocation,What does management say about cash flows and capital allocation?,4
DOCU,"DocuSign, Inc.",1261333,10-K,2026-03-18,0001261333-26-000021,Liquidity and Capital Resources,DOCU-10-K-287,"have elected to measure our equity investments in investment companies that do not have readily determinable fair values based on the investment’s net asset value. An impairment loss is recorded when an event or circumstance indicates a decline in value has occurred. As of January 31, 2026 and 2025, we held equity investments in privately-held companies totaling $ 15.1 million and $ 14.7 million that were classified in “Other assets—noncurrent” on our consolidated balance sheets. Restricted Cash Restricted cash consists primarily of certificates of deposits collateralizing our operating lease agreements for office space and cash withheld from employees to fund claims and program expenses related to the Voluntary Disability Plans in California. The following table illustrates the reconciliation of cash, cash equivalents, and restricted cash shown in the consolidated statements of cash flows as of January 31, 2026, 2025, and 2024: January 31, (in thousands) 2026 2025 2024 Cash and cash equivalents $ 602,442 $ 648,623 $ 797,060 Restricted cash included in prepaid expense and other current assets 481 952 1,332 Restricted cash included in other assets — noncurrent 15,227",real_sec_filing,https://www.sec.gov/Archives/edgar/data/1261333/000126133326000021/docu-20260131.htm,0.04483265959410163,,0.08,0.12483265959410164,keyword,2026-05-28T16:39:29+00:00,What does management say about cash flows and capital allocation?,liquidity_debt,True,"have elected to measure our equity investments in investment companies that do not have readily determinable fair values based on the investment’s net asset value. An impairment loss is recorded when an event or circumstance indicates a decline in value has occurred. As of January 31, 2026 and 2025, we held equity investments in privately-held companies totaling $ 15.1 million and $ 14.7 million that were classified in “Other assets—noncurrent” on our consolidated balance sheets. Restricted Cash Restricted cash consists primarily of certificates of deposits collateralizing our operating lease agreements for office space and cash withheld from",0.12483265959410164,cash_flows_capital_allocation,What does management say about cash flows and capital allocation?,5
BILL,"BILL Holdings, Inc.",1786352,10-K,2025-08-28,0001786352-25-000037,MD&A,BILL-10-K-059,"employ individuals on a temporary basis and use the services of contractors as necessary. None of our employees are represented by a labor union in connection with their employment. We know our success is tied to recruiting, developing, and retaining our employees. Our Chief People Officer is responsible for creating and implementing our initiatives around our employees and our board of directors has ultimate oversight and receives updates on these initiatives periodically. To support hiring the best talent for BILL, we have a rigorous interview process with training for hiring managers and interviewers, interview guides tailored specifically for different roles, and impartial talent champions whose role is to uphold BILL’s high hiring standards in our candidate debriefs. We leverage data and analytics to align the recruiting function to business growth and revenue drivers. We also partner with organizations like Codepath.org and ColorStack to support students interested in technical careers. In addition, we have an Ambassador Program that gives candidates an opportunity to connect with current employees to learn more about BILL’s culture before deciding to join BILL. We are committed",real_sec_filing,https://www.sec.gov/Archives/edgar/data/1786352/000178635225000037/bill-20250630.htm,0.055040782670345255,,0.08,0.13504078267034525,keyword,2026-05-28T16:39:30+00:00,What are the company's main revenue drivers?,revenue_drivers,True,"employ individuals on a temporary basis and use the services of contractors as necessary. None of our employees are represented by a labor union in connection with their employment. We know our success is tied to recruiting, developing, and retaining our employees. Our Chief People Officer is responsible for creating and implementing our initiatives around our employees and our board of directors has ultimate oversight and receives updates on these initiatives periodically. To support hiring the best talent for BILL, we have a rigorous interview process with training for hiring managers and interviewers, interview guides tailored specifically",0.13504078267034525,revenue_drivers,What are the company's main revenue drivers?,1
BILL,"BILL Holdings, Inc.",1786352,10-K,2025-08-28,0001786352-25-000037,MD&A,BILL-10-K-110,"payments and technology continues to evolve. For fiscal 2025, 2024, and 2023, we generated $161.8 million, $167.4 million, and $113.8 million, respectively, in revenue from interest earned on funds held in trust on behalf of customers while payment transactions were clearing, or approximately 11%, 13%, and 11% of our total revenue for such periods, respectively. While these payments are clearing, we deposit the funds in highly liquid, investment-grade marketable securities, and generate revenue that is correlated to the federal funds rate. As interest rates rose in 2022 and 2023, the amount of revenue we generated from such funds increased. However, interest rates have begun to decline in recent periods, which has caused, and may continue to cause, the amount of revenue we generate from these investments to decrease as well. Additionally, as customers increasingly seek expedited methods of electronic payments, such as instant transfer, or potentially migrate spend to our BILL Divvy Card offering, our revenue from interest earned on customer funds could decrease (even if offset by other revenue) and our operating results could be adversely affected. Finally, in",real_sec_filing,https://www.sec.gov/Archives/edgar/data/1786352/000178635225000037/bill-20250630.htm,0.0365225937250833,,0.08,0.1165225937250833,keyword,2026-05-28T16:39:30+00:00,What are the company's main revenue drivers?,revenue_drivers,True,"payments and technology continues to evolve. For fiscal 2025, 2024, and 2023, we generated $161.8 million, $167.4 million, and $113.8 million, respectively, in revenue from interest earned on funds held in trust on behalf of customers while payment transactions were clearing, or approximately 11%, 13%, and 11% of our total revenue for such periods, respectively. While these payments are clearing, we deposit the funds in highly liquid, investment-grade marketable securities, and generate revenue that is correlated to the federal funds rate. As interest rates rose in 2022 and 2023, the amount of revenue we generated from such funds increased. H",0.1165225937250833,revenue_drivers,What are the company's main revenue drivers?,2
BILL,"BILL Holdings, Inc.",1786352,10-K,2025-08-28,0001786352-25-000037,MD&A,BILL-10-K-270,"that macroeconomic factors, banking sector dynamics, or ongoing global geopolitical conflicts will have on our future results of operations, liquidity, and financial condition due to numerous uncertainties, including changes in central bank policies and interest rates, rates of inflation, the strength of the U.S. dollar, the related impact to our customers, spending businesses, subscribers, partners, and suppliers, and other factors described in the section titled “ Risk Factors ” in Part I, Item 1A of this Annual Report on Form 10-K. Our Revenue Model We generate revenue primarily from subscription and transaction fees. Our subscription revenue is primarily based on a fixed monthly or annual rate per user or per customer account. Our transaction revenue consists of transaction fees and interchange fees on a fixed or variable rate per transaction. Transactions primarily include card payments, real-time payments, check payments, ACH payments, cross-border payments, pay-by-card, invoice financing, and creation of invoices. Much of our revenue comes from repeat transactions, which are an important contributor to our recurring revenue. In addition, we generate revenue from interest on funds held for customers. When",real_sec_filing,https://www.sec.gov/Archives/edgar/data/1786352/000178635225000037/bill-20250630.htm,0.03528820757626648,,0.08,0.11528820757626648,keyword,2026-05-28T16:39:30+00:00,What are the company's main revenue drivers?,revenue_drivers,True,"that macroeconomic factors, banking sector dynamics, or ongoing global geopolitical conflicts will have on our future results of operations, liquidity, and financial condition due to numerous uncertainties, including changes in central bank policies and interest rates, rates of inflation, the strength of the U.S. dollar, the related impact to our customers, spending businesses, subscribers, partners, and suppliers, and other factors described in the section titled “ Risk Factors ” in Part I, Item 1A of this Annual Report on Form 10-K. Our Revenue Model We generate revenue primarily from subscription and transaction fees. Our subscription reve",0.11528820757626648,revenue_drivers,What are the company's main revenue drivers?,3
BILL,"BILL Holdings, Inc.",1786352,10-K,2025-08-28,0001786352-25-000037,MD&A,BILL-10-K-277,"BILL AP/AR customer. Current Period Revenue includes any upsells and is net of contraction or attrition, but excludes revenue from new customers and excludes interest earned on funds held for customers. We then repeat the calculation of Prior Period Revenue and Current Period Revenue with respect to each of the preceding three quarters, and aggregate the four Prior Period Revenues (the Aggregate Prior Period Revenue) and the four Current Period Revenues (the Aggregate Current Period Revenue). Our net dollar-based retention rate equals the Aggregate Current Period Revenue divided by Aggregate Prior Period Revenue. Our net doll ar-based retention rate was 94%, 92%, and 111% during fiscal 2025, 2024, and 2023, respectively. The increase in fiscal 2025 when compared to fiscal 2024 was primarily due to increased revenue from businesses associated with financial institution partners and growth in total payment volume. The decrease in fiscal 2024 when compared to fiscal 2023 was primarily due to the change in spending patterns per customer, continued softness in the SMB economic environment, which limited payment monetization, and the migration or churn of certain customers",real_sec_filing,https://www.sec.gov/Archives/edgar/data/1786352/000178635225000037/bill-20250630.htm,0.034846702831554284,,0.08,0.11484670283155429,keyword,2026-05-28T16:39:30+00:00,What are the company's main revenue drivers?,revenue_drivers,True,"BILL AP/AR customer. Current Period Revenue includes any upsells and is net of contraction or attrition, but excludes revenue from new customers and excludes interest earned on funds held for customers. We then repeat the calculation of Prior Period Revenue and Current Period Revenue with respect to each of the preceding three quarters, and aggregate the four Prior Period Revenues (the Aggregate Prior Period Revenue) and the four Current Period Revenues (the Aggregate Current Period Revenue). Our net dollar-based retention rate equals the Aggregate Current Period Revenue divided by Aggregate Prior Period Revenue. Our net doll ar-based retenti",0.11484670283155429,revenue_drivers,What are the company's main revenue drivers?,4
BILL,"BILL Holdings, Inc.",1786352,10-K,2025-08-28,0001786352-25-000037,MD&A,BILL-10-K-276,"platform. Even with a transition period , however, we believe our customer retention is strong. Excluding those customers of our financial institution partners, approximately 86% of BILL AP/AR customers as of June 30, 2024 were still customers as of June 30, 2025. Net dollar-based retention rate is an important indicator of customer satisfaction and usage of our platform, as well as potential revenue for future periods. We calculate our net dollar-based retention rate at the end of each fiscal year. We calculate our net dollar-based retention rate by starting with the revenue billed to BILL AP/AR customers in the last quarter of the prior fiscal year (Prior Period Revenue). We then calculate the revenue billed to these same customers in the last quarter of the current fiscal year (Current Period Revenue). See ""— Key Business Metrics—Businesses Using Our Solutions "" below for the definition of BILL AP/AR customer. Current Period Revenue includes any upsells and is net of contraction or attrition, but excludes revenue from new customers and excludes interest earned on funds held for customers. We then repeat the",real_sec_filing,https://www.sec.gov/Archives/edgar/data/1786352/000178635225000037/bill-20250630.htm,0.02929030603348279,,0.08,0.10929030603348279,keyword,2026-05-28T16:39:30+00:00,What are the company's main revenue drivers?,revenue_drivers,True,"platform. Even with a transition period , however, we believe our customer retention is strong. Excluding those customers of our financial institution partners, approximately 86% of BILL AP/AR customers as of June 30, 2024 were still customers as of June 30, 2025. Net dollar-based retention rate is an important indicator of customer satisfaction and usage of our platform, as well as potential revenue for future periods. We calculate our net dollar-based retention rate at the end of each fiscal year. We calculate our net dollar-based retention rate by starting with the revenue billed to BILL AP/AR customers in the last quarter of the prior fis",0.10929030603348279,revenue_drivers,What are the company's main revenue drivers?,5
BILL,"BILL Holdings, Inc.",1786352,10-K,2025-08-28,0001786352-25-000037,MD&A,BILL-10-K-117,"which makes it difficult for us to forecast our future operating results. Further, the revenue that we derive from interest income on customer funds is dependent on interest rates, which we do not control. Moreover, we expect to continue to spend substantial financial and other resources on our technology infrastructure, product development, and sales, marketing and customer success. As usage of our platform grows, we will also need to devote additional resources to improving and maintaining our infrastructure and third-party integrations to maintain performance. In addition, we will need to appropriately scale our internal business systems and our services organization, including customer support, risk and compliance operations, and professional services, to serve our growing customer base. If the assumptions that we use to plan our business are incorrect or change in reaction to changes in our 26 market, if our investments do not result in increased revenue growth, or if we are unable to maintain consistent revenue or revenue growth, our stock price could be volatile, and it may be difficult to maintain profitability. You should not rely on our",real_sec_filing,https://www.sec.gov/Archives/edgar/data/1786352/000178635225000037/bill-20250630.htm,0.033795970095757244,,0.08,0.11379597009575725,keyword,2026-05-28T16:39:31+00:00,What does the company say about customer concentration?,revenue_drivers,True,"which makes it difficult for us to forecast our future operating results. Further, the revenue that we derive from interest income on customer funds is dependent on interest rates, which we do not control. Moreover, we expect to continue to spend substantial financial and other resources on our technology infrastructure, product development, and sales, marketing and customer success. As usage of our platform grows, we will also need to devote additional resources to improving and maintaining our infrastructure and third-party integrations to maintain performance. In addition, we will need to appropriately scale our internal business systems a",0.11379597009575725,customer_concentration,What does the company say about customer concentration?,1
BILL,"BILL Holdings, Inc.",1786352,10-K,2025-08-28,0001786352-25-000037,MD&A,BILL-10-K-048,"social media. As part of our marketing efforts for our spend and expense management solution, we offer a card rewards program to drive card adoption, incent card usage, and drive card loyalty with spending businesses. Under the card rewards program, spending businesses can earn rewards based on transaction volume on the cards issued to them and can redeem those rewards for statement credits, cash, travel, and gift cards. 10 Customer Success SMBs have unique needs and customer support contact expectations. With more than a decade of experience supporting our product, our customer success team has a deep understanding of their needs and has developed our support model accordingly. We recognize and understand deep customer spending and behavior patterns because we see the aggregate – millions of transactions per month. We use what we learn to continuously improve the platform and the customer experience. We provide onboarding implementation support, as well as ongoing support and training. We periodically contact businesses using our solutions to discuss their utilization of our platform, highlight additional features that may interest them, and identify any additional",real_sec_filing,https://www.sec.gov/Archives/edgar/data/1786352/000178635225000037/bill-20250630.htm,0.03260991671488286,,0.08,0.11260991671488285,keyword,2026-05-28T16:39:31+00:00,What does the company say about customer concentration?,revenue_drivers,True,"social media. As part of our marketing efforts for our spend and expense management solution, we offer a card rewards program to drive card adoption, incent card usage, and drive card loyalty with spending businesses. Under the card rewards program, spending businesses can earn rewards based on transaction volume on the cards issued to them and can redeem those rewards for statement credits, cash, travel, and gift cards. 10 Customer Success SMBs have unique needs and customer support contact expectations. With more than a decade of experience supporting our product, our customer success team has a deep understanding of their needs and has dev",0.11260991671488285,customer_concentration,What does the company say about customer concentration?,2
BILL,"BILL Holdings, Inc.",1786352,10-K,2025-08-28,0001786352-25-000037,MD&A,BILL-10-K-108,"access customer funds could have an adverse impact on our cash position and operating results, could require us to obtain additional sources of liquidity, and could adversely affect our business, operating results, and financial condition. In addition to the risks related to customer funds, we are also exposed to interest rate risk relating to our investments of our corporate cash. We are licensed as a money transmitter in all required U.S. states and registered as a Money Services Business with FinCEN. In certain jurisdictions where we operate, we are required to hold eligible liquid assets, as defined by the relevant regulators in each jurisdiction, equal to at least 100% of the aggregate amount of all customer balances. Our ability to manage and accurately account for the assets underlying our customer funds and comply with applicable liquid asset requirements requires a high level of internal controls. As our business continues to grow and we expand our product offerings, we will need to scale these associated internal controls. 24 Our success requires significant public confidence in our ability to properly manage our",real_sec_filing,https://www.sec.gov/Archives/edgar/data/1786352/000178635225000037/bill-20250630.htm,0.03196740915895037,,0.08,0.11196740915895037,keyword,2026-05-28T16:39:31+00:00,What does the company say about customer concentration?,revenue_drivers,True,"access customer funds could have an adverse impact on our cash position and operating results, could require us to obtain additional sources of liquidity, and could adversely affect our business, operating results, and financial condition. In addition to the risks related to customer funds, we are also exposed to interest rate risk relating to our investments of our corporate cash. We are licensed as a money transmitter in all required U.S. states and registered as a Money Services Business with FinCEN. In certain jurisdictions where we operate, we are required to hold eligible liquid assets, as defined by the relevant regulators in each juri",0.11196740915895037,customer_concentration,What does the company say about customer concentration?,3
BILL,"BILL Holdings, Inc.",1786352,10-K,2025-08-28,0001786352-25-000037,MD&A,BILL-10-K-088,"our contracts with customers and accounting firms primarily consist of open-ended arrangements that can be terminated by either party without penalty at any time. Our customers have no obligation to renew their subscriptions to our platform after the expiration of their subscription period. For us to maintain or improve our operating results, it is important that our customers continue to maintain their subscriptions on the same or more favorable terms. We cannot accurately predict renewal or expansion rates given the diversity of our customer base in terms of size, industry, and geography. Our renewal and expansion rates may decline or fluctuate as a result of several factors, including customer spending levels, customer satisfaction with our platform and customer service, decreases in the number of users, changes in the type and size of our customers, pricing changes, competitive conditions, the acquisition of our customers by other companies, and general economic conditions. In addition, if any of the software providers with which our platform currently integrates should choose to disable two-way synchronization, there can be no assurance that customers shared with such",real_sec_filing,https://www.sec.gov/Archives/edgar/data/1786352/000178635225000037/bill-20250630.htm,0.03156236087636521,,0.08,0.1115623608763652,keyword,2026-05-28T16:39:31+00:00,What does the company say about customer concentration?,revenue_drivers,True,"our contracts with customers and accounting firms primarily consist of open-ended arrangements that can be terminated by either party without penalty at any time. Our customers have no obligation to renew their subscriptions to our platform after the expiration of their subscription period. For us to maintain or improve our operating results, it is important that our customers continue to maintain their subscriptions on the same or more favorable terms. We cannot accurately predict renewal or expansion rates given the diversity of our customer base in terms of size, industry, and geography. Our renewal and expansion rates may decline or fluct",0.1115623608763652,customer_concentration,What does the company say about customer concentration?,4
BILL,"BILL Holdings, Inc.",1786352,10-K,2025-08-28,0001786352-25-000037,MD&A,BILL-10-K-086,"solutions does not lead to the customer acquisition we anticipate, or on the timeline we envision, our business, operating results and financial condition could be adversely affected. If we are unable to retain our current customers, increase customer adoption of our products, sell additional services to our customers, or develop and launch new payment products, our business and growth will be adversely affected. To date, a significant portion of our growth has been attributable to customer adoption of new and existing payment products. To increase our revenue, in addition to acquiring new customers, we must continue to retain existing customers and convince them to expand their use of our platform by incentivizing them to pay for additional services and driving adoption of new and existing payment products, including ad valorem products such as our BILL Divvy Cards, virtual cards, instant transfer, and international payment offerings. Our ability to retain our customers, drive adoption and increase usage could be impaired for a variety of reasons, including our inability to develop and launch new payment products, SMB preference for lower-cost payment solutions,",real_sec_filing,https://www.sec.gov/Archives/edgar/data/1786352/000178635225000037/bill-20250630.htm,0.0314985423465083,,0.08,0.1114985423465083,keyword,2026-05-28T16:39:31+00:00,What does the company say about customer concentration?,revenue_drivers,True,"solutions does not lead to the customer acquisition we anticipate, or on the timeline we envision, our business, operating results and financial condition could be adversely affected. If we are unable to retain our current customers, increase customer adoption of our products, sell additional services to our customers, or develop and launch new payment products, our business and growth will be adversely affected. To date, a significant portion of our growth has been attributable to customer adoption of new and existing payment products. To increase our revenue, in addition to acquiring new customers, we must continue to retain existing custom",0.1114985423465083,customer_concentration,What does the company say about customer concentration?,5
BILL,"BILL Holdings, Inc.",1786352,10-K,2025-08-28,0001786352-25-000037,MD&A,BILL-10-K-105,"omissions, there can be no assurance that our insurance will cover all losses or our coverage will be sufficient to cover our losses. If we suffer significant losses or reputational harm as a result, our business, operating results, and financial condition could be adversely affected. Funds that we hold for the benefit of our customers are subject to market, interest rate, credit, foreign exchange, and liquidity risks, as well as general political and economic conditions. The loss of any of these funds could adversely affect our business, operating results and financial condition. We invest funds that we hold for the benefit of our customers, including funds being remitted to suppliers, in highly liquid, investment-grade marketable securities, money market securities, and other cash equivalents. Nevertheless, our customer fund assets are subject to general market, interest rate, credit, foreign exchange, and liquidity risks. These risks may be exacerbated, individually or in the aggregate, during periods of heavy financial market volatility, such as that experienced in 2008 and 2022, that may result from inflation, high interest rate or recessionary environments, from actual or",real_sec_filing,https://www.sec.gov/Archives/edgar/data/1786352/000178635225000037/bill-20250630.htm,0.1726877723078904,,0.08,0.2526877723078904,keyword,2026-05-28T16:39:31+00:00,What are the main liquidity risks?,liquidity_debt,True,"omissions, there can be no assurance that our insurance will cover all losses or our coverage will be sufficient to cover our losses. If we suffer significant losses or reputational harm as a result, our business, operating results, and financial condition could be adversely affected. Funds that we hold for the benefit of our customers are subject to market, interest rate, credit, foreign exchange, and liquidity risks, as well as general political and economic conditions. The loss of any of these funds could adversely affect our business, operating results and financial condition. We invest funds that we hold for the benefit of our customers,",0.2526877723078904,liquidity_risks,What are the main liquidity risks?,1
BILL,"BILL Holdings, Inc.",1786352,10-K,2025-08-28,0001786352-25-000037,Liquidity and Capital Resources,BILL-10-K-338,"from contractual maturity dates. Our investment policy governs the types of investments we make. We classify all of our investments in marketable securities as available-for-sale. As part of our customer funds investment strategy, we use funds collected daily from our customers to satisfy the obligations of other unrelated customers, rather than liquidating investments purchased with previously collected funds. There is risk that we may not be able to satisfy customer obligations in full or on time 77 due to insufficient liquidity or due to a decline in value of our investments. However, the liquidity risk is minimized because we typically collect the customer’s funds in advance of the payment obligation and by maintaining certain investments in bank deposits and constant net asset value money market funds that allow for same-day liquidity. The risk of a decline in investment value is minimized by our restrictive investment policy allowing for only short-term, high quality fixed income marketable securities. We also maintain other sources of liquidity including our corporate cash balances. Interest Rate and Credit Risk We are exposed to interest rate risk",real_sec_filing,https://www.sec.gov/Archives/edgar/data/1786352/000178635225000037/bill-20250630.htm,0.057108301773005125,,0.08,0.13710830177300512,keyword,2026-05-28T16:39:31+00:00,What are the main liquidity risks?,liquidity_debt,True,"from contractual maturity dates. Our investment policy governs the types of investments we make. We classify all of our investments in marketable securities as available-for-sale. As part of our customer funds investment strategy, we use funds collected daily from our customers to satisfy the obligations of other unrelated customers, rather than liquidating investments purchased with previously collected funds. There is risk that we may not be able to satisfy customer obligations in full or on time 77 due to insufficient liquidity or due to a decline in value of our investments. However, the liquidity risk is minimized because we typically co",0.13710830177300512,liquidity_risks,What are the main liquidity risks?,2
BILL,"BILL Holdings, Inc.",1786352,10-K,2025-08-28,0001786352-25-000037,MD&A,BILL-10-K-021,"notes, including the related capped call transactions, and any potential repurchases of convertible senior notes; and • the future market prices of our common stock. We caution you that the foregoing list may not contain all of the forward-looking statements made in this Annual Report on Form 10-K. 1 These forward-looking statements are subject to a number of risks, uncertainties, and assumptions, including those described in the section titled “Risk Factors” in Part I, Item 1A of this Annual Report on Form 10-K. Moreover, we operate in a very competitive and rapidly changing environment, and new risks emerge from time to time. It is not possible for our management to predict all risks, nor can we assess the impact of all factors on our business or the extent to which any factor, or combination of factors, may cause actual results to differ materially from those contained in any forward-looking statements we may make. In light of these risks, uncertainties, and assumptions, the future events and trends discussed in this Annual Report on Form 10-K may not occur and actual results",real_sec_filing,https://www.sec.gov/Archives/edgar/data/1786352/000178635225000037/bill-20250630.htm,0.03870926279937873,,0.08,0.11870926279937874,keyword,2026-05-28T16:39:31+00:00,What are the main liquidity risks?,liquidity_debt,True,"notes, including the related capped call transactions, and any potential repurchases of convertible senior notes; and • the future market prices of our common stock. We caution you that the foregoing list may not contain all of the forward-looking statements made in this Annual Report on Form 10-K. 1 These forward-looking statements are subject to a number of risks, uncertainties, and assumptions, including those described in the section titled “Risk Factors” in Part I, Item 1A of this Annual Report on Form 10-K. Moreover, we operate in a very competitive and rapidly changing environment, and new risks emerge from time to time. It is not poss",0.11870926279937874,liquidity_risks,What are the main liquidity risks?,3
BILL,"BILL Holdings, Inc.",1786352,10-K,2025-08-28,0001786352-25-000037,MD&A,BILL-10-K-097,"able to identify all risks created by such new products or functionality. Our risk management policies, procedures, techniques, and processes may not be sufficient to identify all of the risks to which we are exposed, to enable us to prevent or mitigate the risks we have identified, or to identify additional risks to which we may become subject in the future. Our risk management policies, procedures, techniques, and processes may contain errors, or our employees or agents may commit mistakes or errors in judgment as a result of which we may suffer large financial losses. The software-driven and highly automated nature of our platform could enable criminals and those committing fraud to steal significant amounts of money from businesses like ours. Our current business and anticipated growth will continue to place significant demands on our risk management efforts, and we will need to continue developing and improving our existing risk management infrastructure, policies, procedures, techniques, and processes. As techniques used to perpetrate fraud on our platform evolve, we may need to modify our products or services to mitigate fraud risks.",real_sec_filing,https://www.sec.gov/Archives/edgar/data/1786352/000178635225000037/bill-20250630.htm,0.03836476078925721,,0.08,0.11836476078925721,keyword,2026-05-28T16:39:31+00:00,What are the main liquidity risks?,liquidity_debt,True,"able to identify all risks created by such new products or functionality. Our risk management policies, procedures, techniques, and processes may not be sufficient to identify all of the risks to which we are exposed, to enable us to prevent or mitigate the risks we have identified, or to identify additional risks to which we may become subject in the future. Our risk management policies, procedures, techniques, and processes may contain errors, or our employees or agents may commit mistakes or errors in judgment as a result of which we may suffer large financial losses. The software-driven and highly automated nature of our platform could en",0.11836476078925721,liquidity_risks,What are the main liquidity risks?,4
BILL,"BILL Holdings, Inc.",1786352,10-K,2025-08-28,0001786352-25-000037,MD&A,BILL-10-K-255,"cybersecurity committee meets quarterly and is responsible for reviewing with management our cybersecurity and other information technology risks, controls and processes, including the processes used to prevent or mitigate cybersecurity risks and respond to cybersecurity events. These reports include updates on our information security risks and threats, any notable incidents, escalations or third-party risks, the status of projects to strengthen our information security systems, assessments of the information security program, the emerging threat landscape and company security culture. The interim CISO provides reports at least quarterly to the cybersecurity committee as well as to our Chief Executive Officer, Chief Technology Officer, and other members of our senior management, as appropriate. The cybersecurity committee also receives quarterly updates from our legal department and third-party experts. Our cybersecurity committee provides regular updates to the board of directors on such reports, and coordinates with the audit committee of the board of directors with respect to any risks with implications for our financial reporting, accounting, internal controls or other matters presenting significant financial risk. Our information security program is regularly evaluated by internal and",real_sec_filing,https://www.sec.gov/Archives/edgar/data/1786352/000178635225000037/bill-20250630.htm,0.03653962830734123,,0.08,0.11653962830734124,keyword,2026-05-28T16:39:31+00:00,What are the main liquidity risks?,liquidity_debt,True,"cybersecurity committee meets quarterly and is responsible for reviewing with management our cybersecurity and other information technology risks, controls and processes, including the processes used to prevent or mitigate cybersecurity risks and respond to cybersecurity events. These reports include updates on our information security risks and threats, any notable incidents, escalations or third-party risks, the status of projects to strengthen our information security systems, assessments of the information security program, the emerging threat landscape and company security culture. The interim CISO provides reports at least quarterly to ",0.11653962830734124,liquidity_risks,What are the main liquidity risks?,5
BILL,"BILL Holdings, Inc.",1786352,10-K,2025-08-28,0001786352-25-000037,MD&A,BILL-10-K-224,"which is subject to economic, financial, competitive, and other factors beyond our control. Moreover, our obligations under the Revolving Credit Facilities are secured by our BILL Divvy Card receivables and certain other collateral, and subject to a limited guarantee by BILL Holdings, Inc. Our business may not generate cash flow from operations in the future sufficient to service our debt and make necessary capital expenditures. If we are unable to generate such cash flow, we may be required to adopt one or more alternatives, such as selling assets, restructuring debt, or obtaining additional debt financing or equity capital on terms that may be onerous or highly dilutive. Our ability to refinance any future indebtedness will depend on the capital markets and our financial condition at such time. We may not be able to engage in any of these activities or engage in these activities on desirable terms, which could result in a default on our debt obligations. In addition, any of our future debt agreements may contain restrictive covenants that may prohibit us from adopting any of these alternatives. Our",real_sec_filing,https://www.sec.gov/Archives/edgar/data/1786352/000178635225000037/bill-20250630.htm,0.08584781760945812,,0.08,0.1658478176094581,keyword,2026-05-28T16:39:32+00:00,What does management say about debt obligations?,liquidity_debt,True,"which is subject to economic, financial, competitive, and other factors beyond our control. Moreover, our obligations under the Revolving Credit Facilities are secured by our BILL Divvy Card receivables and certain other collateral, and subject to a limited guarantee by BILL Holdings, Inc. Our business may not generate cash flow from operations in the future sufficient to service our debt and make necessary capital expenditures. If we are unable to generate such cash flow, we may be required to adopt one or more alternatives, such as selling assets, restructuring debt, or obtaining additional debt financing or equity capital on terms that may",0.1658478176094581,debt_obligations,What does management say about debt obligations?,1
BILL,"BILL Holdings, Inc.",1786352,10-K,2025-08-28,0001786352-25-000037,MD&A,BILL-10-K-225,"desirable terms, which could result in a default on our debt obligations. In addition, any of our future debt agreements may contain restrictive covenants that may prohibit us from adopting any of these alternatives. Our failure to comply with these covenants could result in an event of default which, if not cured or waived, could result in the acceleration of our debt. In addition, our indebtedness, combined with our other financial obligations and contractual commitments, could have other important consequences. For example, it could: • make us more vulnerable to adverse changes in general U.S. and worldwide economic, industry, and competitive conditions and adverse changes in government regulation; • limit our flexibility in planning for, or reacting to, changes in our business and our industry; • place us at a disadvantage compared to our competitors who have less debt; • limit our ability to borrow additional amounts to fund acquisitions, for working capital, and for other general corporate purposes; and • make an acquisition of our company less attractive or more difficult. Any of these factors could harm our business,",real_sec_filing,https://www.sec.gov/Archives/edgar/data/1786352/000178635225000037/bill-20250630.htm,0.07871062461538998,,0.08,0.15871062461538998,keyword,2026-05-28T16:39:32+00:00,What does management say about debt obligations?,liquidity_debt,True,"desirable terms, which could result in a default on our debt obligations. In addition, any of our future debt agreements may contain restrictive covenants that may prohibit us from adopting any of these alternatives. Our failure to comply with these covenants could result in an event of default which, if not cured or waived, could result in the acceleration of our debt. In addition, our indebtedness, combined with our other financial obligations and contractual commitments, could have other important consequences. For example, it could: • make us more vulnerable to adverse changes in general U.S. and worldwide economic, industry, and competit",0.15871062461538998,debt_obligations,What does management say about debt obligations?,2
BILL,"BILL Holdings, Inc.",1786352,10-K,2025-08-28,0001786352-25-000037,MD&A,BILL-10-K-153,"primarily through equity and equity-linked securities offerings, sales of subscriptions to our products, transaction fees, interest earned on customer funds, and debt financings. We cannot be certain when or if our operations will generate sufficient cash to fully fund our ongoing operations or the growth of our business. We intend to continue to make investments to support our business, which may require us to engage in equity or debt financings to secure additional funds. We may also seek to raise additional capital from equity or debt financings on an opportunistic basis when we believe there are suitable opportunities for doing so. Additional financing may not be available on terms favorable to us, if at all. If adequate funds are not available on acceptable terms, we may be unable to invest in future growth opportunities, which could harm our business, operating results, and financial condition. If we incur additional debt, the debt holders would have rights senior to holders of common stock to make claims on our assets, and the terms of any debt could restrict our operations, including our ability",real_sec_filing,https://www.sec.gov/Archives/edgar/data/1786352/000178635225000037/bill-20250630.htm,0.047702938784531385,,0.08,0.12770293878453137,keyword,2026-05-28T16:39:32+00:00,What does management say about debt obligations?,liquidity_debt,True,"primarily through equity and equity-linked securities offerings, sales of subscriptions to our products, transaction fees, interest earned on customer funds, and debt financings. We cannot be certain when or if our operations will generate sufficient cash to fully fund our ongoing operations or the growth of our business. We intend to continue to make investments to support our business, which may require us to engage in equity or debt financings to secure additional funds. We may also seek to raise additional capital from equity or debt financings on an opportunistic basis when we believe there are suitable opportunities for doing so. Additi",0.12770293878453137,debt_obligations,What does management say about debt obligations?,3
BILL,"BILL Holdings, Inc.",1786352,10-K,2025-08-28,0001786352-25-000037,MD&A,BILL-10-K-228,"of the Notes, unless we elect to deliver solely shares of our common stock to settle such conversion (other than paying cash in lieu of delivering any fractional share), we will be required to make cash payments in respect of the Notes being converted. However, we may not have enough available cash or be able to obtain financing at the time we are required to make repurchases of the Notes surrendered or the Notes being converted. In addition, our ability to repurchase the Notes or to pay cash upon conversions of the Notes may be limited by law, by regulatory authority, or by agreements governing our future indebtedness. 49 In addition to the Notes, we and our subsidiaries may incur substantial additional debt in the future, subject to the restrictions contained in our current and future debt instruments, some of which may be secured debt. We are not restricted under the terms of the indentures governing the Notes from incurring additional debt, securing existing or future debt, recapitalizing our debt, or taking a number of other actions that could have",real_sec_filing,https://www.sec.gov/Archives/edgar/data/1786352/000178635225000037/bill-20250630.htm,0.047646748630185774,,0.08,0.12764674863018577,keyword,2026-05-28T16:39:32+00:00,What does management say about debt obligations?,liquidity_debt,True,"of the Notes, unless we elect to deliver solely shares of our common stock to settle such conversion (other than paying cash in lieu of delivering any fractional share), we will be required to make cash payments in respect of the Notes being converted. However, we may not have enough available cash or be able to obtain financing at the time we are required to make repurchases of the Notes surrendered or the Notes being converted. In addition, our ability to repurchase the Notes or to pay cash upon conversions of the Notes may be limited by law, by regulatory authority, or by agreements governing our future indebtedness. 49 In addition to the ",0.12764674863018577,debt_obligations,What does management say about debt obligations?,4
BILL,"BILL Holdings, Inc.",1786352,10-K,2025-08-28,0001786352-25-000037,Liquidity and Capital Resources,BILL-10-K-419,"113,758 Total revenue $ 1,462,570 $ 1,290,172 $ 1,058,468 99 Deferred revenue Fees from customers with which the Company has annual or multi-year contracts are generally billed in advance. These fees are initially recorded as deferred revenue and subsequently recognized as revenue as the performance obligation is satisfied. During the year ended June 30, 2025, the Company recognized $ 21.1 million of revenue that was included in the short and long term deferred revenue balances as of June 30, 2024. Remaining performance obligations The Company has performance obligations associated with commitments in customer contracts for future services that have not yet been recognized as revenue. As of June 30, 2025, the aggregate amount of transaction price allocated to performance obligations that are unsatisfied (or partially unsatisfied), including deferred revenue, was $ 73.1 million. Of the total remaining performance obligations, the Company expects to recognize approximately 46 % over the next year, 23 % between one to two years and 31 % over the next three to five years thereafter. The Company determines remaining performance obligations at a point in time",real_sec_filing,https://www.sec.gov/Archives/edgar/data/1786352/000178635225000037/bill-20250630.htm,0.03358640403990777,,0.08,0.11358640403990777,keyword,2026-05-28T16:39:32+00:00,What does management say about debt obligations?,liquidity_debt,True,"113,758 Total revenue $ 1,462,570 $ 1,290,172 $ 1,058,468 99 Deferred revenue Fees from customers with which the Company has annual or multi-year contracts are generally billed in advance. These fees are initially recorded as deferred revenue and subsequently recognized as revenue as the performance obligation is satisfied. During the year ended June 30, 2025, the Company recognized $ 21.1 million of revenue that was included in the short and long term deferred revenue balances as of June 30, 2024. Remaining performance obligations The Company has performance obligations associated with commitments in customer contracts for future services th",0.11358640403990777,debt_obligations,What does management say about debt obligations?,5
BILL,"BILL Holdings, Inc.",1786352,10-K,2025-08-28,0001786352-25-000037,MD&A,BILL-10-K-078,"impact our business and financial condition. If challenging macroeconomic conditions for SMBs persist, or if additional economic or political factors create greater pressure on SMBs, our customers and spending businesses may be disproportionately impacted and, as a result, the overall demand for our products and services could be materially and adversely affected. We expect fluctuations in our financial results, making it difficult to project future results, and if we fail to meet the expectations of securities analysts or investors with respect to our operating results, our stock price and the value of your investment could decline. Our operating results have fluctuated in the past and are expected to fluctuate in the future due to a variety of factors, many of which are outside of our control. As a result, our past results may not be indicative of our future performance. In addition to the other risks described herein, factors that may affect our operating results include the following: • fluctuations in demand for, or pricing of our platform; • our ability to attract new customers; • our ability to retain",real_sec_filing,https://www.sec.gov/Archives/edgar/data/1786352/000178635225000037/bill-20250630.htm,0.03739949202986609,,0.08,0.11739949202986609,keyword,2026-05-28T16:39:33+00:00,What risks could pressure margins?,margin_pressure,True,"impact our business and financial condition. If challenging macroeconomic conditions for SMBs persist, or if additional economic or political factors create greater pressure on SMBs, our customers and spending businesses may be disproportionately impacted and, as a result, the overall demand for our products and services could be materially and adversely affected. We expect fluctuations in our financial results, making it difficult to project future results, and if we fail to meet the expectations of securities analysts or investors with respect to our operating results, our stock price and the value of your investment could decline. Our oper",0.11739949202986609,margin_pressure,What risks could pressure margins?,1
BILL,"BILL Holdings, Inc.",1786352,10-K,2025-08-28,0001786352-25-000037,MD&A,BILL-10-K-021,"notes, including the related capped call transactions, and any potential repurchases of convertible senior notes; and • the future market prices of our common stock. We caution you that the foregoing list may not contain all of the forward-looking statements made in this Annual Report on Form 10-K. 1 These forward-looking statements are subject to a number of risks, uncertainties, and assumptions, including those described in the section titled “Risk Factors” in Part I, Item 1A of this Annual Report on Form 10-K. Moreover, we operate in a very competitive and rapidly changing environment, and new risks emerge from time to time. It is not possible for our management to predict all risks, nor can we assess the impact of all factors on our business or the extent to which any factor, or combination of factors, may cause actual results to differ materially from those contained in any forward-looking statements we may make. In light of these risks, uncertainties, and assumptions, the future events and trends discussed in this Annual Report on Form 10-K may not occur and actual results",real_sec_filing,https://www.sec.gov/Archives/edgar/data/1786352/000178635225000037/bill-20250630.htm,0.036495961917100285,,0.08,0.1164959619171003,keyword,2026-05-28T16:39:33+00:00,What risks could pressure margins?,margin_pressure,True,"notes, including the related capped call transactions, and any potential repurchases of convertible senior notes; and • the future market prices of our common stock. We caution you that the foregoing list may not contain all of the forward-looking statements made in this Annual Report on Form 10-K. 1 These forward-looking statements are subject to a number of risks, uncertainties, and assumptions, including those described in the section titled “Risk Factors” in Part I, Item 1A of this Annual Report on Form 10-K. Moreover, we operate in a very competitive and rapidly changing environment, and new risks emerge from time to time. It is not poss",0.1164959619171003,margin_pressure,What risks could pressure margins?,2
BILL,"BILL Holdings, Inc.",1786352,10-K,2025-08-28,0001786352-25-000037,MD&A,BILL-10-K-097,"able to identify all risks created by such new products or functionality. Our risk management policies, procedures, techniques, and processes may not be sufficient to identify all of the risks to which we are exposed, to enable us to prevent or mitigate the risks we have identified, or to identify additional risks to which we may become subject in the future. Our risk management policies, procedures, techniques, and processes may contain errors, or our employees or agents may commit mistakes or errors in judgment as a result of which we may suffer large financial losses. The software-driven and highly automated nature of our platform could enable criminals and those committing fraud to steal significant amounts of money from businesses like ours. Our current business and anticipated growth will continue to place significant demands on our risk management efforts, and we will need to continue developing and improving our existing risk management infrastructure, policies, procedures, techniques, and processes. As techniques used to perpetrate fraud on our platform evolve, we may need to modify our products or services to mitigate fraud risks.",real_sec_filing,https://www.sec.gov/Archives/edgar/data/1786352/000178635225000037/bill-20250630.htm,0.036171157688538194,,0.08,0.1161711576885382,keyword,2026-05-28T16:39:33+00:00,What risks could pressure margins?,margin_pressure,True,"able to identify all risks created by such new products or functionality. Our risk management policies, procedures, techniques, and processes may not be sufficient to identify all of the risks to which we are exposed, to enable us to prevent or mitigate the risks we have identified, or to identify additional risks to which we may become subject in the future. Our risk management policies, procedures, techniques, and processes may contain errors, or our employees or agents may commit mistakes or errors in judgment as a result of which we may suffer large financial losses. The software-driven and highly automated nature of our platform could en",0.1161711576885382,margin_pressure,What risks could pressure margins?,3
BILL,"BILL Holdings, Inc.",1786352,10-K,2025-08-28,0001786352-25-000037,MD&A,BILL-10-K-255,"cybersecurity committee meets quarterly and is responsible for reviewing with management our cybersecurity and other information technology risks, controls and processes, including the processes used to prevent or mitigate cybersecurity risks and respond to cybersecurity events. These reports include updates on our information security risks and threats, any notable incidents, escalations or third-party risks, the status of projects to strengthen our information security systems, assessments of the information security program, the emerging threat landscape and company security culture. The interim CISO provides reports at least quarterly to the cybersecurity committee as well as to our Chief Executive Officer, Chief Technology Officer, and other members of our senior management, as appropriate. The cybersecurity committee also receives quarterly updates from our legal department and third-party experts. Our cybersecurity committee provides regular updates to the board of directors on such reports, and coordinates with the audit committee of the board of directors with respect to any risks with implications for our financial reporting, accounting, internal controls or other matters presenting significant financial risk. Our information security program is regularly evaluated by internal and",real_sec_filing,https://www.sec.gov/Archives/edgar/data/1786352/000178635225000037/bill-20250630.htm,0.03445038181381041,,0.08,0.11445038181381041,keyword,2026-05-28T16:39:33+00:00,What risks could pressure margins?,margin_pressure,True,"cybersecurity committee meets quarterly and is responsible for reviewing with management our cybersecurity and other information technology risks, controls and processes, including the processes used to prevent or mitigate cybersecurity risks and respond to cybersecurity events. These reports include updates on our information security risks and threats, any notable incidents, escalations or third-party risks, the status of projects to strengthen our information security systems, assessments of the information security program, the emerging threat landscape and company security culture. The interim CISO provides reports at least quarterly to ",0.11445038181381041,margin_pressure,What risks could pressure margins?,4
BILL,"BILL Holdings, Inc.",1786352,10-K,2025-08-28,0001786352-25-000037,MD&A,BILL-10-K-087,"Our ability to retain our customers, drive adoption and increase usage could be impaired for a variety of reasons, including our inability to develop and launch new payment products, SMB preference for lower-cost payment solutions, customer reaction to changes in the pricing of our products, general economic conditions or the other risks described in this Annual Report on Form 10-K. Our ability to sell additional services or increase customer adoption of new or existing products may require more sophisticated and costly sales and marketing efforts, especially for our larger customers. If we are unable to retain existing customers or increase the usage of our platform by them, it would have an adverse effect on our business, revenue, gross margins, and other operating results, and accordingly, on the trading price of our common stock. While some of our contracts are non-cancelable annual subscription contracts, most of our contracts with customers and accounting firms primarily consist of open-ended arrangements that can be terminated by either party without penalty at any time. Our customers have no obligation to renew their subscriptions to our",real_sec_filing,https://www.sec.gov/Archives/edgar/data/1786352/000178635225000037/bill-20250630.htm,0.031431591420299713,,0.08,0.11143159142029971,keyword,2026-05-28T16:39:33+00:00,What risks could pressure margins?,margin_pressure,True,"Our ability to retain our customers, drive adoption and increase usage could be impaired for a variety of reasons, including our inability to develop and launch new payment products, SMB preference for lower-cost payment solutions, customer reaction to changes in the pricing of our products, general economic conditions or the other risks described in this Annual Report on Form 10-K. Our ability to sell additional services or increase customer adoption of new or existing products may require more sophisticated and costly sales and marketing efforts, especially for our larger customers. If we are unable to retain existing customers or increase ",0.11143159142029971,margin_pressure,What risks could pressure margins?,5
BILL,"BILL Holdings, Inc.",1786352,10-K,2025-08-28,0001786352-25-000037,MD&A,BILL-10-K-049,"onboarding implementation support, as well as ongoing support and training. We periodically contact businesses using our solutions to discuss their utilization of our platform, highlight additional features that may interest them, and identify any additional tools that may be needed. Regulatory Environment We operate in a rapidly-evolving regulatory environment. Payments and Banking Regulation In order to conduct the payment services we offer, we are required to be licensed to offer money transmission services in most U.S. states. We have procured and continue to maintain money transmitter licenses from the states and territories that require them in the United States (U.S.) and actively work to comply with new license requirements as they arise. We are also registered as a Money Services Business with the U.S. Department of Treasury’s Financial Crimes Enforcement Network (FinCEN). These licenses and registrations subject us, among other things, to anti-money laundering and anti-terrorist financing requirements, the U.S. Department of Treasury's Office of Foreign Assets Control (OFAC) sanctions obligations, record-keeping requirements, reporting requirements, bonding requirements, minimum capital requirements, limitations on the investment of customer funds, and regulatory examinations",real_sec_filing,https://www.sec.gov/Archives/edgar/data/1786352/000178635225000037/bill-20250630.htm,0.06107652058523084,,0.08,0.14107652058523085,keyword,2026-05-28T16:39:33+00:00,What capex or investment requirements are disclosed?,capex_investment,True,"onboarding implementation support, as well as ongoing support and training. We periodically contact businesses using our solutions to discuss their utilization of our platform, highlight additional features that may interest them, and identify any additional tools that may be needed. Regulatory Environment We operate in a rapidly-evolving regulatory environment. Payments and Banking Regulation In order to conduct the payment services we offer, we are required to be licensed to offer money transmission services in most U.S. states. We have procured and continue to maintain money transmitter licenses from the states and territories that require",0.14107652058523085,capex_requirements,What capex or investment requirements are disclosed?,1
BILL,"BILL Holdings, Inc.",1786352,10-K,2025-08-28,0001786352-25-000037,MD&A,BILL-10-K-204,"or if we suffer a ransomware or advanced persistent threat attack, or if any of the foregoing is reported or perceived to have occurred, our reputation and business could be damaged. Recent high-profile security breaches and related disclosures of sensitive data by large institutions suggest that the risk of such events is significant, even if privacy, data protection, and information security measures are implemented and enforced. If sensitive information is lost or improperly disclosed or threatened to be disclosed, we could incur significant costs associated with remediation and the implementation of additional security measures, and may incur significant liability and financial loss, and be subject to regulatory scrutiny, investigations, proceedings, and penalties. U.S. regulators, including the FTC, have also adopted or proposed enhanced cyber risk management standards that would apply to us and our financial institution partners and that would address cyber risk governance and management, management of internal and external dependencies, and incident response, cyber resilience, and situational awareness. Legislation and regulations on cybersecurity, data privacy and data localization may compel us to enhance or modify our systems, invest",real_sec_filing,https://www.sec.gov/Archives/edgar/data/1786352/000178635225000037/bill-20250630.htm,0.047187701646101594,,0.08,0.1271877016461016,keyword,2026-05-28T16:39:33+00:00,What capex or investment requirements are disclosed?,capex_investment,True,"or if we suffer a ransomware or advanced persistent threat attack, or if any of the foregoing is reported or perceived to have occurred, our reputation and business could be damaged. Recent high-profile security breaches and related disclosures of sensitive data by large institutions suggest that the risk of such events is significant, even if privacy, data protection, and information security measures are implemented and enforced. If sensitive information is lost or improperly disclosed or threatened to be disclosed, we could incur significant costs associated with remediation and the implementation of additional security measures, and may i",0.1271877016461016,capex_requirements,What capex or investment requirements are disclosed?,2
BILL,"BILL Holdings, Inc.",1786352,10-K,2025-08-28,0001786352-25-000037,MD&A,BILL-10-K-050,"anti-terrorist financing requirements, the U.S. Department of Treasury's Office of Foreign Assets Control (OFAC) sanctions obligations, record-keeping requirements, reporting requirements, bonding requirements, minimum capital requirements, limitations on the investment of customer funds, and regulatory examinations by state and federal regulatory agencies. We also hold a Foreign Money Services Business (FMSB) license in Canada that is administered by The Financial Transactions and Reports Analysis Centre of Canada (FINTRAC) and a Money Services Business License administered by Quebec's Autorité Des Marchés Financiers (Financial Markets Authority). Global Affairs Canada and Canada's Department of Public Safety administer Canadian sanctions programs and oversee our compliance with these regulations. We are contractually obligated to comply with consumer protection laws and regulations applicable to our product offerings and customer base, as well as with Visa, Mastercard, and American Express rules, as a card program manager for our card product offerings. As a card program manager for the Issuing Banks, we have implemented robust programs designed to ensure we are in compliance with applicable regulations and card network rules. The Issuing Banks oversee our compliance program and conduct",real_sec_filing,https://www.sec.gov/Archives/edgar/data/1786352/000178635225000037/bill-20250630.htm,0.046459753316226246,,0.08,0.12645975331622625,keyword,2026-05-28T16:39:33+00:00,What capex or investment requirements are disclosed?,capex_investment,True,"anti-terrorist financing requirements, the U.S. Department of Treasury's Office of Foreign Assets Control (OFAC) sanctions obligations, record-keeping requirements, reporting requirements, bonding requirements, minimum capital requirements, limitations on the investment of customer funds, and regulatory examinations by state and federal regulatory agencies. We also hold a Foreign Money Services Business (FMSB) license in Canada that is administered by The Financial Transactions and Reports Analysis Centre of Canada (FINTRAC) and a Money Services Business License administered by Quebec's Autorité Des Marchés Financiers (Financial Markets Autho",0.12645975331622625,capex_requirements,What capex or investment requirements are disclosed?,3
BILL,"BILL Holdings, Inc.",1786352,10-K,2025-08-28,0001786352-25-000037,Liquidity and Capital Resources,BILL-10-K-342,"We limit credit risk by investing in investment-grade securities as rated by Moody’s, Standard & Poor’s, or Fitch, by investing only in securities that mature in the near-term, and by limiting concentration in securities other than U.S. Treasuries. Investment in securities of issuers with short-term credit ratings must be rated A-2/P-2/F2 or higher. Investment in securities of issuers with long-term credit ratings must be rated A- or A3, or higher. Investment in asset-backed securities and money market funds must be rated AAA or equivalent. Investment in repurchase agreements will be at least 102 percent collateralized with securities issued by the U.S. government or its agencies. Securities in our corporate portfolio may not mature beyond two years from purchase, and securities held in our customer fund accounts may not mature beyond 37 months from purchase, based on the effective maturity date. No more than 5% of invested funds, either corporate or customer, may be held in the issues of a single corporation. We are also exposed to credit risk related to the timing of payments made from customer funds collected. For",real_sec_filing,https://www.sec.gov/Archives/edgar/data/1786352/000178635225000037/bill-20250630.htm,0.044491225362141354,,0.08,0.12449122536214136,keyword,2026-05-28T16:39:33+00:00,What capex or investment requirements are disclosed?,capex_investment,True,"We limit credit risk by investing in investment-grade securities as rated by Moody’s, Standard & Poor’s, or Fitch, by investing only in securities that mature in the near-term, and by limiting concentration in securities other than U.S. Treasuries. Investment in securities of issuers with short-term credit ratings must be rated A-2/P-2/F2 or higher. Investment in securities of issuers with long-term credit ratings must be rated A- or A3, or higher. Investment in asset-backed securities and money market funds must be rated AAA or equivalent. Investment in repurchase agreements will be at least 102 percent collateralized with securities issued ",0.12449122536214136,capex_requirements,What capex or investment requirements are disclosed?,4
BILL,"BILL Holdings, Inc.",1786352,10-K,2025-08-28,0001786352-25-000037,Liquidity and Capital Resources,BILL-10-K-337,"About Market Risk Our overall investment portfolio is comprised of corporate investments and funds held for customers. Our corporate investments are invested in cash and cash equivalents and investment-grade fixed income marketable securities. These assets are available for corporate operating purposes with maturities of up to 37 months from the date of purchase based on the effective maturity date. The funds held for customers are invested with safety of principal as the primary objective. As secondary objectives, we seek to provide liquidity and diversification and maximize interest income. The funds held for customers are invested in money market funds that maintain a constant net asset value, other cash equivalents, and highly liquid, investment-grade fixed income marketable securities, with maturities of up to 37 months from the time of purchase based on the effective maturity date. Certain types of investments may have effective maturity dates different from contractual maturity dates. Our investment policy governs the types of investments we make. We classify all of our investments in marketable securities as available-for-sale. As part of our customer funds investment strategy, we use",real_sec_filing,https://www.sec.gov/Archives/edgar/data/1786352/000178635225000037/bill-20250630.htm,0.041635224978409255,,0.08,0.12163522497840926,keyword,2026-05-28T16:39:33+00:00,What capex or investment requirements are disclosed?,capex_investment,True,"About Market Risk Our overall investment portfolio is comprised of corporate investments and funds held for customers. Our corporate investments are invested in cash and cash equivalents and investment-grade fixed income marketable securities. These assets are available for corporate operating purposes with maturities of up to 37 months from the date of purchase based on the effective maturity date. The funds held for customers are invested with safety of principal as the primary objective. As secondary objectives, we seek to provide liquidity and diversification and maximize interest income. The funds held for customers are invested in money",0.12163522497840926,capex_requirements,What capex or investment requirements are disclosed?,5
BILL,"BILL Holdings, Inc.",1786352,10-K,2025-08-28,0001786352-25-000037,Risk Factors,BILL-10-K-015,Item 1A. Risk Factors 16 Item 1B. Unresolved Staff Comments 54 Item 1C. Cybersecurity 54 Item 2. Properties 56 Item 3.,real_sec_filing,https://www.sec.gov/Archives/edgar/data/1786352/000178635225000037/bill-20250630.htm,0.0,,0.08,0.08,keyword,2026-05-28T16:39:34+00:00,What does management say about competition?,risk_competition_regulation,True,Item 1A. Risk Factors 16 Item 1B. Unresolved Staff Comments 54 Item 1C. Cybersecurity 54 Item 2. Properties 56 Item 3.,0.08,competition,What does management say about competition?,1
BILL,"BILL Holdings, Inc.",1786352,10-K,2025-08-28,0001786352-25-000037,Business,BILL-10-K-014,Item 1. Business 3,real_sec_filing,https://www.sec.gov/Archives/edgar/data/1786352/000178635225000037/bill-20250630.htm,0.0,,0.08,0.08,keyword,2026-05-28T16:39:34+00:00,What does management say about competition?,risk_competition_regulation,True,Item 1. Business 3,0.08,competition,What does management say about competition?,2
BILL,"BILL Holdings, Inc.",1786352,10-K,2025-08-28,0001786352-25-000037,Legal / Regulatory Matters,BILL-10-K-016,"Legal Proceedings 56 Item 4. Mine Safety Disclosures 56 PART II Item 5. Market for Registrant’s Common Equity, Related Stockholder Matters and Issuer Purchases of Equity Securities 57 Item 6. Reserved 59",real_sec_filing,https://www.sec.gov/Archives/edgar/data/1786352/000178635225000037/bill-20250630.htm,0.0,,0.08,0.08,keyword,2026-05-28T16:39:34+00:00,What does management say about competition?,risk_competition_regulation,True,"Legal Proceedings 56 Item 4. Mine Safety Disclosures 56 PART II Item 5. Market for Registrant’s Common Equity, Related Stockholder Matters and Issuer Purchases of Equity Securities 57 Item 6. Reserved 59",0.08,competition,What does management say about competition?,3
BILL,"BILL Holdings, Inc.",1786352,10-K,2025-08-28,0001786352-25-000037,MD&A,BILL-10-K-130,"minimize unintended, harmful impact. 29 If we lose our founder or key members of our management team or are unable to attract and retain executives and employees we need to support our operations and growth, our business may be harmed. Our success and future growth depend upon the continued services of our management team and other key employees. Our founder and Chief Executive Officer, René Lacerte, and our President and Chief Operating Officer, John Rettig, are critical to our overall management, as well as the continued development of our products, our partnerships, our culture, our relationships with accounting firms, and our strategy. From time to time, there may be changes in our management team resulting from the hiring or departure of executives and key employees, which could disrupt our business. In addition, we may face challenges retaining senior management of acquired businesses. Our senior management and key employees are employed on an at-will basis. We currently do not have “key person” insurance for any of our employees. Certain of our key employees have been with us for a long period",real_sec_filing,https://www.sec.gov/Archives/edgar/data/1786352/000178635225000037/bill-20250630.htm,0.02797280642007453,,0.04,0.06797280642007453,keyword,2026-05-28T16:39:34+00:00,What does management say about competition?,risk_competition_regulation,True,"minimize unintended, harmful impact. 29 If we lose our founder or key members of our management team or are unable to attract and retain executives and employees we need to support our operations and growth, our business may be harmed. Our success and future growth depend upon the continued services of our management team and other key employees. Our founder and Chief Executive Officer, René Lacerte, and our President and Chief Operating Officer, John Rettig, are critical to our overall management, as well as the continued development of our products, our partnerships, our culture, our relationships with accounting firms, and our strategy. Fr",0.06797280642007453,competition,What does management say about competition?,4
BILL,"BILL Holdings, Inc.",1786352,10-K,2025-08-28,0001786352-25-000037,MD&A,BILL-10-K-044,"to the NIST-800-53 standards and is regularly audited and assessed by third parties as well as our partners, including some of the largest banks in the world. The focus of our program is working to prevent unauthorized access to the data of our customers and network members. To this end, our team of security practitioners work to identify and mitigate risks, implement best practices, and continue to evaluate ways to improve. These steps include close attention to network security, classifying and inventorying data, limiting and authorizing access controls, and multi-factor authentication for access to systems. We also employ regular system monitoring, logging, and alerting to retain and analyze the security state of our corporate and production infrastructures. We take steps to help ensure that our security measures are maintained by the third-party suppliers we use, including conducting annual security reviews and audits. Competition Our primary competition remains the legacy manual processes that SMBs have relied upon for decades. Other competitors range from large firms that predominantly focus on selling to enterprises; to firms focusing on adjacent products for SMBs which",real_sec_filing,https://www.sec.gov/Archives/edgar/data/1786352/000178635225000037/bill-20250630.htm,0.026869534327298134,,0.04,0.06686953432729814,keyword,2026-05-28T16:39:34+00:00,What does management say about competition?,risk_competition_regulation,True,"to the NIST-800-53 standards and is regularly audited and assessed by third parties as well as our partners, including some of the largest banks in the world. The focus of our program is working to prevent unauthorized access to the data of our customers and network members. To this end, our team of security practitioners work to identify and mitigate risks, implement best practices, and continue to evaluate ways to improve. These steps include close attention to network security, classifying and inventorying data, limiting and authorizing access controls, and multi-factor authentication for access to systems. We also employ regular system mo",0.06686953432729814,competition,What does management say about competition?,5
BILL,"BILL Holdings, Inc.",1786352,10-K,2025-08-28,0001786352-25-000037,MD&A,BILL-10-K-189,"state, and local laws; • result in additional compliance and licensure requirements; • increase regulatory scrutiny of our business; and • restrict our operations and force us to change our business practices or compliance program, make product or operational changes, or delay planned product launches or improvements. The complexity of U.S. federal and state regulatory and enforcement regimes, coupled with the scope of our international operations and the evolving regulatory environment, could result in a single event giving rise to many overlapping investigations and legal and regulatory proceedings by multiple government authorities in different jurisdictions. Further, in June 2024, the U.S. Supreme Court reversed its longstanding approach under the Chevron doctrine, which provided for judicial deference to regulatory agencies. As a result of this decision, we cannot be sure whether there will be increased challenges to existing agency regulations or how lower courts will apply the decision in the context of other regulatory schemes without more specific guidance from the U.S. Supreme Court. For example, the U.S. Supreme Court's decision could significantly impact consumer protection, advertising, privacy, artificial intelligence, anti-corruption",real_sec_filing,https://www.sec.gov/Archives/edgar/data/1786352/000178635225000037/bill-20250630.htm,0.04239387223518606,,0.04,0.08239387223518606,keyword,2026-05-28T16:39:35+00:00,Are there regulatory or litigation risks?,risk_competition_regulation,True,"state, and local laws; • result in additional compliance and licensure requirements; • increase regulatory scrutiny of our business; and • restrict our operations and force us to change our business practices or compliance program, make product or operational changes, or delay planned product launches or improvements. The complexity of U.S. federal and state regulatory and enforcement regimes, coupled with the scope of our international operations and the evolving regulatory environment, could result in a single event giving rise to many overlapping investigations and legal and regulatory proceedings by multiple government authorities in diff",0.08239387223518606,regulatory_litigation,Are there regulatory or litigation risks?,1
BILL,"BILL Holdings, Inc.",1786352,10-K,2025-08-28,0001786352-25-000037,Legal / Regulatory Matters,BILL-10-K-016,"Legal Proceedings 56 Item 4. Mine Safety Disclosures 56 PART II Item 5. Market for Registrant’s Common Equity, Related Stockholder Matters and Issuer Purchases of Equity Securities 57 Item 6. Reserved 59",real_sec_filing,https://www.sec.gov/Archives/edgar/data/1786352/000178635225000037/bill-20250630.htm,0.0,,0.08,0.08,keyword,2026-05-28T16:39:35+00:00,Are there regulatory or litigation risks?,risk_competition_regulation,True,"Legal Proceedings 56 Item 4. Mine Safety Disclosures 56 PART II Item 5. Market for Registrant’s Common Equity, Related Stockholder Matters and Issuer Purchases of Equity Securities 57 Item 6. Reserved 59",0.08,regulatory_litigation,Are there regulatory or litigation risks?,2
BILL,"BILL Holdings, Inc.",1786352,10-K,2025-08-28,0001786352-25-000037,Risk Factors,BILL-10-K-015,Item 1A. Risk Factors 16 Item 1B. Unresolved Staff Comments 54 Item 1C. Cybersecurity 54 Item 2. Properties 56 Item 3.,real_sec_filing,https://www.sec.gov/Archives/edgar/data/1786352/000178635225000037/bill-20250630.htm,0.0,,0.08,0.08,keyword,2026-05-28T16:39:35+00:00,Are there regulatory or litigation risks?,risk_competition_regulation,True,Item 1A. Risk Factors 16 Item 1B. Unresolved Staff Comments 54 Item 1C. Cybersecurity 54 Item 2. Properties 56 Item 3.,0.08,regulatory_litigation,Are there regulatory or litigation risks?,3
BILL,"BILL Holdings, Inc.",1786352,10-K,2025-08-28,0001786352-25-000037,Business,BILL-10-K-014,Item 1. Business 3,real_sec_filing,https://www.sec.gov/Archives/edgar/data/1786352/000178635225000037/bill-20250630.htm,0.0,,0.08,0.08,keyword,2026-05-28T16:39:35+00:00,Are there regulatory or litigation risks?,risk_competition_regulation,True,Item 1. Business 3,0.08,regulatory_litigation,Are there regulatory or litigation risks?,4
BILL,"BILL Holdings, Inc.",1786352,10-K,2025-08-28,0001786352-25-000037,MD&A,BILL-10-K-056,"the Canadian Corruption of Foreign Public Officials Act. Anti-corruption laws generally prohibit offering, promising, giving, accepting, or authorizing others to provide anything of value, either directly or indirectly, to or from a government official or private party in order to influence official action or otherwise gain an unfair business advantage, such as to obtain or retain business. We have implemented policies, procedures, and internal controls that are designed to comply with these laws and regulations. Additional Regulatory Developments Various regulatory agencies in the U.S. and in foreign jurisdictions continue to examine a wide variety of issues which are applicable to us and may impact our business. These issues include identity theft, account management guidelines, privacy, disclosure rules, cybersecurity, and marketing. As our business continues to develop and expand, we continue to monitor the additional rules and regulations that may become relevant. Any actual or perceived failure to comply with legal and regulatory requirements may result in, among other things, revocation of required licenses or registrations, loss of approved status, private litigation, regulatory or governmental investigations, administrative enforcement actions, sanctions, civil",real_sec_filing,https://www.sec.gov/Archives/edgar/data/1786352/000178635225000037/bill-20250630.htm,0.03982835455850409,,0.04,0.0798283545585041,keyword,2026-05-28T16:39:35+00:00,Are there regulatory or litigation risks?,risk_competition_regulation,True,"the Canadian Corruption of Foreign Public Officials Act. Anti-corruption laws generally prohibit offering, promising, giving, accepting, or authorizing others to provide anything of value, either directly or indirectly, to or from a government official or private party in order to influence official action or otherwise gain an unfair business advantage, such as to obtain or retain business. We have implemented policies, procedures, and internal controls that are designed to comply with these laws and regulations. Additional Regulatory Developments Various regulatory agencies in the U.S. and in foreign jurisdictions continue to examine a wide ",0.0798283545585041,regulatory_litigation,Are there regulatory or litigation risks?,5
BILL,"BILL Holdings, Inc.",1786352,10-K,2025-08-28,0001786352-25-000037,Risk Factors,BILL-10-K-015,Item 1A. Risk Factors 16 Item 1B. Unresolved Staff Comments 54 Item 1C. Cybersecurity 54 Item 2. Properties 56 Item 3.,real_sec_filing,https://www.sec.gov/Archives/edgar/data/1786352/000178635225000037/bill-20250630.htm,0.07433555987791135,,0.08,0.15433555987791137,keyword,2026-05-28T16:39:35+00:00,What are the key risk factors?,risk_competition_regulation,True,Item 1A. Risk Factors 16 Item 1B. Unresolved Staff Comments 54 Item 1C. Cybersecurity 54 Item 2. Properties 56 Item 3.,0.15433555987791137,key_risk_factors,What are the key risk factors?,1
BILL,"BILL Holdings, Inc.",1786352,10-K,2025-08-28,0001786352-25-000037,MD&A,BILL-10-K-131,"and key employees are employed on an at-will basis. We currently do not have “key person” insurance for any of our employees. Certain of our key employees have been with us for a long period of time and have fully vested stock options or other long-term equity incentives that may become valuable and are publicly tradable. The loss of our founder, or one or more of our senior management, key members of senior management of acquired companies or other key employees could harm our business, and we may not be able to find adequate replacements. We cannot ensure that we will be able to retain the services of any members of our senior management or other key employees or that we would be able to timely replace members of our senior management or other key employees should any of them depart. In addition, to execute our business strategy, we must attract and retain highly qualified personnel. We compete with many other companies for software developers with high levels of experience in designing, developing, and managing cloud-based software and payments systems,",real_sec_filing,https://www.sec.gov/Archives/edgar/data/1786352/000178635225000037/bill-20250630.htm,0.08998719285353743,,0.04,0.12998719285353744,keyword,2026-05-28T16:39:35+00:00,What are the key risk factors?,risk_competition_regulation,True,"and key employees are employed on an at-will basis. We currently do not have “key person” insurance for any of our employees. Certain of our key employees have been with us for a long period of time and have fully vested stock options or other long-term equity incentives that may become valuable and are publicly tradable. The loss of our founder, or one or more of our senior management, key members of senior management of acquired companies or other key employees could harm our business, and we may not be able to find adequate replacements. We cannot ensure that we will be able to retain the services of any members of our senior management or",0.12998719285353744,key_risk_factors,What are the key risk factors?,2
BILL,"BILL Holdings, Inc.",1786352,10-K,2025-08-28,0001786352-25-000037,MD&A,BILL-10-K-068,"the URLs for these websites are intended to be inactive textual references only. 15 Item 1A. Risk Factors Investing in our common stock involves a high degree of risk. You should consider carefully the risks and uncertainties described below, together with all of the other information in this Annual Report on Form 10-K, including “ Management’s Discussion and Analysis of Financial Condition and Results of Operations ,” our consolidated financial statements and the accompanying notes included elsewhere in this Annual Report on Form 10-K before deciding whether to invest in shares of our common stock. Additional risks beyond those summarized below or discussed elsewhere in this Annual Report on Form 10-K, may apply to our activities or operations as currently conducted or as we may conduct them in the future or in the markets in which we operate or may in the future operate. Summary of Risk Factors Consistent with the foregoing, we are exposed to a variety of risks, including the following: • We have a history of operating losses and may not sustain or expand our profitability in",real_sec_filing,https://www.sec.gov/Archives/edgar/data/1786352/000178635225000037/bill-20250630.htm,0.08675692969833752,,0.04,0.12675692969833752,keyword,2026-05-28T16:39:35+00:00,What are the key risk factors?,risk_competition_regulation,True,"the URLs for these websites are intended to be inactive textual references only. 15 Item 1A. Risk Factors Investing in our common stock involves a high degree of risk. You should consider carefully the risks and uncertainties described below, together with all of the other information in this Annual Report on Form 10-K, including “ Management’s Discussion and Analysis of Financial Condition and Results of Operations ,” our consolidated financial statements and the accompanying notes included elsewhere in this Annual Report on Form 10-K before deciding whether to invest in shares of our common stock. Additional risks beyond those summarized be",0.12675692969833752,key_risk_factors,What are the key risk factors?,3
BILL,"BILL Holdings, Inc.",1786352,10-K,2025-08-28,0001786352-25-000037,MD&A,BILL-10-K-130,"minimize unintended, harmful impact. 29 If we lose our founder or key members of our management team or are unable to attract and retain executives and employees we need to support our operations and growth, our business may be harmed. Our success and future growth depend upon the continued services of our management team and other key employees. Our founder and Chief Executive Officer, René Lacerte, and our President and Chief Operating Officer, John Rettig, are critical to our overall management, as well as the continued development of our products, our partnerships, our culture, our relationships with accounting firms, and our strategy. From time to time, there may be changes in our management team resulting from the hiring or departure of executives and key employees, which could disrupt our business. In addition, we may face challenges retaining senior management of acquired businesses. Our senior management and key employees are employed on an at-will basis. We currently do not have “key person” insurance for any of our employees. Certain of our key employees have been with us for a long period",real_sec_filing,https://www.sec.gov/Archives/edgar/data/1786352/000178635225000037/bill-20250630.htm,0.07857843563429137,,0.04,0.11857843563429138,keyword,2026-05-28T16:39:35+00:00,What are the key risk factors?,risk_competition_regulation,True,"minimize unintended, harmful impact. 29 If we lose our founder or key members of our management team or are unable to attract and retain executives and employees we need to support our operations and growth, our business may be harmed. Our success and future growth depend upon the continued services of our management team and other key employees. Our founder and Chief Executive Officer, René Lacerte, and our President and Chief Operating Officer, John Rettig, are critical to our overall management, as well as the continued development of our products, our partnerships, our culture, our relationships with accounting firms, and our strategy. Fr",0.11857843563429138,key_risk_factors,What are the key risk factors?,4
BILL,"BILL Holdings, Inc.",1786352,10-K,2025-08-28,0001786352-25-000037,MD&A,BILL-10-K-057,"failure to comply with legal and regulatory requirements may result in, among other things, revocation of required licenses or registrations, loss of approved status, private litigation, regulatory or governmental investigations, administrative enforcement actions, sanctions, civil and criminal liability, and constraints on our ability to continue to operate. For additional discussion on governmental regulation affecting our business, please see the risk factors related to regulation of our payments business and 12 regulation in the areas of privacy and data use, under the section titled “ Risk Factors—Risks Related to our Business and Industry .” Culture, Inclusion and Sustainability We are committed to helping build a more sustainable future for businesses using our solutions, as well as for their communities, and stakeholders. We take this commitment seriously and provide transparent disclosures on the progress of this work through both our internal and external communications. Guided by best practices, feedback we receive from our stockholders, and third-party frameworks such as the Sustainability Accounting Standards Board Software & IT Services standards, we are focused on the initiatives described below, among others. Our Culture and",real_sec_filing,https://www.sec.gov/Archives/edgar/data/1786352/000178635225000037/bill-20250630.htm,0.06581779527759996,,0.04,0.10581779527759996,keyword,2026-05-28T16:39:35+00:00,What are the key risk factors?,risk_competition_regulation,True,"failure to comply with legal and regulatory requirements may result in, among other things, revocation of required licenses or registrations, loss of approved status, private litigation, regulatory or governmental investigations, administrative enforcement actions, sanctions, civil and criminal liability, and constraints on our ability to continue to operate. For additional discussion on governmental regulation affecting our business, please see the risk factors related to regulation of our payments business and 12 regulation in the areas of privacy and data use, under the section titled “ Risk Factors—Risks Related to our Business and Indust",0.10581779527759996,key_risk_factors,What are the key risk factors?,5
BILL,"BILL Holdings, Inc.",1786352,10-K,2025-08-28,0001786352-25-000037,Liquidity and Capital Resources,BILL-10-K-373,"(decrease) in cash, cash equivalents, restricted cash, and restricted cash equivalents 199,486 ( 873,442 ) 682,125 Cash, cash equivalents, restricted cash, and restricted cash equivalents, beginning of year 3,351,398 4,224,840 3,542,715 Cash, cash equivalents, restricted cash, and restricted cash equivalents, end of year $ 3,550,884 $ 3,351,398 $ 4,224,840 Reconciliation of cash, cash equivalents, restricted cash, and restricted cash equivalents within the consolidated balance sheets to the amounts shown in the consolidated statements of cash flows above: Cash and cash equivalents $ 1,038,346 $ 985,941 $ 1,617,151 Restricted cash included in other current assets 101,620 174,101 87,322 Restricted cash included in other assets 4,885 5,297 13,810 Restricted cash and restricted cash equivalents included in funds held for customers 2,406,033 2,186,059 2,506,557 Total cash, cash equivalents, restricted cash, and restricted cash equivalents, end of year $ 3,550,884 $ 3,351,398 $ 4,224,840 Supplemental disclosure of cash flow information: Cash paid for interest during the period $ 13,782 $ 12,611 $ 7,440 Cash paid for income taxes during the period $ 6,321 $ 5,628 $ 1,266 Noncash investing and financing activities: Payable on",real_sec_filing,https://www.sec.gov/Archives/edgar/data/1786352/000178635225000037/bill-20250630.htm,0.0580705421616757,,0.08,0.1380705421616757,keyword,2026-05-28T16:39:36+00:00,What does management say about cash flows and capital allocation?,liquidity_debt,True,"(decrease) in cash, cash equivalents, restricted cash, and restricted cash equivalents 199,486 ( 873,442 ) 682,125 Cash, cash equivalents, restricted cash, and restricted cash equivalents, beginning of year 3,351,398 4,224,840 3,542,715 Cash, cash equivalents, restricted cash, and restricted cash equivalents, end of year $ 3,550,884 $ 3,351,398 $ 4,224,840 Reconciliation of cash, cash equivalents, restricted cash, and restricted cash equivalents within the consolidated balance sheets to the amounts shown in the consolidated statements of cash flows above: Cash and cash equivalents $ 1,038,346 $ 985,941 $ 1,617,151 Restricted cash included in ",0.1380705421616757,cash_flows_capital_allocation,What does management say about cash flows and capital allocation?,1
BILL,"BILL Holdings, Inc.",1786352,10-K,2025-08-28,0001786352-25-000037,Liquidity and Capital Resources,BILL-10-K-377,"purposes of making decisions regarding allocating resources and assessing performance. The CODM uses this measure to evaluate the Company’s operational efficiency and profitability, make strategic capital allocation decisions, and assess progress against financial targets, and is regularly provided with financial results comparing actual performance to budgeted targets and prior periods. The CODM does not evaluate the performance of the operating segment using asset information. On a regular basis, the Company’s CODM is provided with significant segment expenses as reported within the consolidated statements of operations, adjusted for depreciation, amortization and restructuring, as presented in the consolidated statements of operations, stock-based compensation (refer to Note 10), amortization of debt issuance costs and gain on debt extinguishment (refer to Note 11). Other items included in the segment's profit or loss measure are interest income, interest expense (refer to Note 11) and provision for income taxes presented in the consolidated statements of operations and comprehensive income (loss). Total revenue from external customers outside of the U.S. was less than 3 % of consolidated total revenue during each of the years ended June 30,",real_sec_filing,https://www.sec.gov/Archives/edgar/data/1786352/000178635225000037/bill-20250630.htm,0.04745861357208574,,0.08,0.12745861357208574,keyword,2026-05-28T16:39:36+00:00,What does management say about cash flows and capital allocation?,liquidity_debt,True,"purposes of making decisions regarding allocating resources and assessing performance. The CODM uses this measure to evaluate the Company’s operational efficiency and profitability, make strategic capital allocation decisions, and assess progress against financial targets, and is regularly provided with financial results comparing actual performance to budgeted targets and prior periods. The CODM does not evaluate the performance of the operating segment using asset information. On a regular basis, the Company’s CODM is provided with significant segment expenses as reported within the consolidated statements of operations, adjusted for deprec",0.12745861357208574,cash_flows_capital_allocation,What does management say about cash flows and capital allocation?,2
BILL,"BILL Holdings, Inc.",1786352,10-K,2025-08-28,0001786352-25-000037,MD&A,BILL-10-K-309,"Free cash flow is useful to investors as a liquidity measure because it measures our ability to generate or use cash in the ordinary course of business. One limitation of free cash flow is that it does not reflect our future contractual commitments. Additionally, free cash flow does not represent the total increase or decrease in our cash balance for a given period. Once our business needs and obligations are met, cash can be used to maintain strong balance sheets and invest in future growth. The following table 71 provides a reconciliation of our free cash flow to net cash provided by operating activities for the periods presented (in thousands) : Year ended June 30, 2025 2024 2023 Net cash provided by operating activities $ 350,644 $ 278,771 $ 187,768 Purchases of property and equipment (4,335) (976) (7,589) Capitalization of internal-use software costs (33,767) (19,917) (23,614) Free cash flow $ 312,542 $ 257,878 $ 156,565",real_sec_filing,https://www.sec.gov/Archives/edgar/data/1786352/000178635225000037/bill-20250630.htm,0.04716765676379625,,0.08,0.12716765676379627,keyword,2026-05-28T16:39:36+00:00,What does management say about cash flows and capital allocation?,liquidity_debt,True,"Free cash flow is useful to investors as a liquidity measure because it measures our ability to generate or use cash in the ordinary course of business. One limitation of free cash flow is that it does not reflect our future contractual commitments. Additionally, free cash flow does not represent the total increase or decrease in our cash balance for a given period. Once our business needs and obligations are met, cash can be used to maintain strong balance sheets and invest in future growth. The following table 71 provides a reconciliation of our free cash flow to net cash provided by operating activities for the periods presented (in thousa",0.12716765676379627,cash_flows_capital_allocation,What does management say about cash flows and capital allocation?,3
BILL,"BILL Holdings, Inc.",1786352,10-K,2025-08-28,0001786352-25-000037,Liquidity and Capital Resources,BILL-10-K-317,"any amount of common stock. Depending on market conditions, our liquidity requirements, contractual restrictions, and other factors, we may consider initiating additional share repurchase programs or repurchasing additional Notes. Cash Flows Below is a summary of our consolidated cash flows for the periods presented (in thousands): Year ended June 30, 2025 2024 2023 Net cash provided by (used in): Operating activities $ 350,644 $ 278,771 $ 187,768 Investing activities $ (817,390) $ (409,374) $ 259,285 Financing activities $ 666,522 $ (742,599) $ 235,110 Net Cash Provided by Operating Activities Our primary source of cash provided by our operating activities is our revenue from subscription and transaction fees. Our subscription revenue is primarily based on a fixed monthly or annual rate per user or per customer account. Our transaction revenue is comprised of transaction fees on a fixed or variable rate per type of transaction. We also generate cash from the interest earned on both corporate funds and funds held in trust on behalf of customers. Our primary uses of cash in our operating activities include payments for employees' salaries and",real_sec_filing,https://www.sec.gov/Archives/edgar/data/1786352/000178635225000037/bill-20250630.htm,0.04671888338387476,,0.08,0.12671888338387477,keyword,2026-05-28T16:39:36+00:00,What does management say about cash flows and capital allocation?,liquidity_debt,True,"any amount of common stock. Depending on market conditions, our liquidity requirements, contractual restrictions, and other factors, we may consider initiating additional share repurchase programs or repurchasing additional Notes. Cash Flows Below is a summary of our consolidated cash flows for the periods presented (in thousands): Year ended June 30, 2025 2024 2023 Net cash provided by (used in): Operating activities $ 350,644 $ 278,771 $ 187,768 Investing activities $ (817,390) $ (409,374) $ 259,285 Financing activities $ 666,522 $ (742,599) $ 235,110 Net Cash Provided by Operating Activities Our primary source of cash provided by our opera",0.12671888338387477,cash_flows_capital_allocation,What does management say about cash flows and capital allocation?,4
BILL,"BILL Holdings, Inc.",1786352,10-K,2025-08-28,0001786352-25-000037,Liquidity and Capital Resources,BILL-10-K-376,"portion of the net proceeds to pay the cost of capped call transactions in the amount of $ 93.0 million, to repurchase portions of its outstanding 2025 and 2027 convertible senior notes for $ 130.8 million and $ 408.6 million, respectively, and to repurchase $ 200.0 million of shares of its common stock. Basis of Presentation and Principles of Consolidation The accompanying consolidated financial statements include the accounts of the Company and were prepared in conformity with U.S. generally accepted accounting principles (GAAP) and applicable rules and regulations of the Securities and Exchange Commission (SEC). All intercompany accounts and transactions have been eliminated. Segment Reporting The Company operates as one operating segment because its chief operating decision maker (CODM), who is the Chief Executive Officer, reviews its financial information on a consolidated basis with net income (loss) as the primary measure of segment profitability for purposes of making decisions regarding allocating resources and assessing performance. The CODM uses this measure to evaluate the Company’s operational efficiency and profitability, make strategic capital allocation decisions, and assess progress against financial targets, and",real_sec_filing,https://www.sec.gov/Archives/edgar/data/1786352/000178635225000037/bill-20250630.htm,0.04236300147651069,,0.08,0.12236300147651069,keyword,2026-05-28T16:39:36+00:00,What does management say about cash flows and capital allocation?,liquidity_debt,True,"portion of the net proceeds to pay the cost of capped call transactions in the amount of $ 93.0 million, to repurchase portions of its outstanding 2025 and 2027 convertible senior notes for $ 130.8 million and $ 408.6 million, respectively, and to repurchase $ 200.0 million of shares of its common stock. Basis of Presentation and Principles of Consolidation The accompanying consolidated financial statements include the accounts of the Company and were prepared in conformity with U.S. generally accepted accounting principles (GAAP) and applicable rules and regulations of the Securities and Exchange Commission (SEC). All intercompany accounts a",0.12236300147651069,cash_flows_capital_allocation,What does management say about cash flows and capital allocation?,5
