ticker,company_name,cik,fiscal_year,filing_type,filing_date,data_source,revenue,gross_profit,operating_income,net_income,cash_and_equivalents,total_assets,total_liabilities,long_term_debt,current_debt,operating_cash_flow,capex,shares_outstanding,depreciation_amortization,interest_expense,total_debt,sector_theme,source_type,data_mode,fundamentals_refresh_timestamp
AMP,AMP,820027,2022,10-K,2023-02-23,sec_companyfacts,14347000000.0,,3182000000.0,2559000000.0,8755000000.0,158468000000.0,154855000000.0,,,4407000000.0,182000000.0,,142000000.0,,,Alternative Asset Managers / Market Infrastructure,live_sec_companyfacts,live_api,2026-05-28T16:37:47+00:00
AMP,AMP,820027,2023,10-K,2024-02-22,sec_companyfacts,16096000000.0,,494000000.0,377000000.0,8620000000.0,175191000000.0,170462000000.0,,,4685000000.0,184000000.0,,151000000.0,,,Alternative Asset Managers / Market Infrastructure,live_sec_companyfacts,live_api,2026-05-28T16:37:47+00:00
AMP,AMP,820027,2024,10-K,2025-02-20,sec_companyfacts,17926000000.0,,4267000000.0,3401000000.0,9489000000.0,181403000000.0,176175000000.0,,,6595000000.0,176000000.0,,142000000.0,,,Alternative Asset Managers / Market Infrastructure,live_sec_companyfacts,live_api,2026-05-28T16:37:47+00:00
AMP,AMP,820027,2025,10-K,2026-02-19,sec_companyfacts,18911000000.0,,4504000000.0,3563000000.0,11158000000.0,190904000000.0,184355000000.0,,,8323000000.0,162000000.0,,151000000.0,,,Alternative Asset Managers / Market Infrastructure,live_sec_companyfacts,live_api,2026-05-28T16:37:47+00:00
APO,APO,1858681,2022,10-K,2023-03-01,sec_companyfacts,10968000000.0,,-5815000000.0,-4746000000.0,11128000000.0,259333000000.0,252104000000.0,,,3789000000.0,,,594000000.0,,,Alternative Asset Managers / Market Infrastructure,live_sec_companyfacts,live_api,2026-05-28T16:37:47+00:00
APO,APO,1858681,2023,10-K,2024-02-27,sec_companyfacts,32644000000.0,,5586000000.0,6509000000.0,17691000000.0,313488000000.0,288243000000.0,,,6322000000.0,,,803000000.0,,,Alternative Asset Managers / Market Infrastructure,live_sec_companyfacts,live_api,2026-05-28T16:37:47+00:00
APO,APO,1858681,2024,10-K,2025-02-24,sec_companyfacts,26114000000.0,,7435000000.0,6373000000.0,17112000000.0,377895000000.0,346915000000.0,,,3253000000.0,,,1075000000.0,,,Alternative Asset Managers / Market Infrastructure,live_sec_companyfacts,live_api,2026-05-28T16:37:47+00:00
APO,APO,1858681,2025,10-K,2026-02-25,sec_companyfacts,32049000000.0,,6677000000.0,5401000000.0,20591000000.0,460949000000.0,418434000000.0,,,7246000000.0,,,1431000000.0,,,Alternative Asset Managers / Market Infrastructure,live_sec_companyfacts,live_api,2026-05-28T16:37:47+00:00
ARES,ARES,1176948,2022,10-K,2023-02-24,sec_companyfacts,3055443000.0,,510806000.0,438915000.0,389987000.0,22002839000.0,17097810000.0,,,-734112000.0,,,,71356000.0,,Alternative Asset Managers / Market Infrastructure,live_sec_companyfacts,live_api,2026-05-28T16:37:47+00:00
ARES,ARES,1176948,2023,10-K,2024-02-27,sec_companyfacts,3631884000.0,,1333063000.0,885796000.0,348274000.0,24730500000.0,19709151000.0,,,-233261000.0,,,,,,Alternative Asset Managers / Market Infrastructure,live_sec_companyfacts,live_api,2026-05-28T16:37:47+00:00
ARES,ARES,1176948,2024,10-K,2025-02-27,sec_companyfacts,3884781000.0,,1275352000.0,814963000.0,1507976000.0,24884308000.0,17485922000.0,,,2791154000.0,,,,,,Alternative Asset Managers / Market Infrastructure,live_sec_companyfacts,live_api,2026-05-28T16:37:47+00:00
ARES,ARES,1176948,2025,10-K,2026-02-25,sec_companyfacts,5601482000.0,,1286893000.0,834454000.0,488896000.0,28633369000.0,19931981000.0,,,3266959000.0,,,,,,Alternative Asset Managers / Market Infrastructure,live_sec_companyfacts,live_api,2026-05-28T16:37:47+00:00
BEN,BEN,38777,2022,10-K,2022-11-14,sec_companyfacts,8275300000.0,,1729400000.0,1333200000.0,4782500000.0,28060600000.0,14235900000.0,,,1956700000.0,90300000.0,,108100000.0,98200000.0,,Alternative Asset Managers / Market Infrastructure,live_sec_companyfacts,live_api,2026-05-28T16:37:47+00:00
BEN,BEN,38777,2023,10-K,2023-11-14,sec_companyfacts,7849400000.0,,1415700000.0,1103400000.0,4402400000.0,30121200000.0,16547300000.0,,,1138700000.0,148800000.0,,108200000.0,123700000.0,,Alternative Asset Managers / Market Infrastructure,live_sec_companyfacts,live_api,2026-05-28T16:37:47+00:00
BEN,BEN,38777,2024,10-K,2024-11-12,sec_companyfacts,8478000000.0,,823200000.0,607900000.0,4408900000.0,32464500000.0,17899700000.0,,,971300000.0,177100000.0,,129900000.0,97200000.0,,Alternative Asset Managers / Market Infrastructure,live_sec_companyfacts,live_api,2026-05-28T16:37:47+00:00
BEN,BEN,38777,2025,10-K,2025-11-10,sec_companyfacts,8770700000.0,,786800000.0,548900000.0,3573900000.0,32368300000.0,18179500000.0,,,1066100000.0,154500000.0,,141400000.0,94900000.0,,Alternative Asset Managers / Market Infrastructure,live_sec_companyfacts,live_api,2026-05-28T16:37:47+00:00
BK,BK,1390777,2022,10-K,2023-02-27,sec_companyfacts,16377000000.0,,,2560000000.0,11529000000.0,405783000000.0,364933000000.0,,,15068000000.0,1346000000.0,,,3614000000.0,,Alternative Asset Managers / Market Infrastructure,live_sec_companyfacts,live_api,2026-05-28T16:37:47+00:00
BK,BK,1390777,2023,10-K,2024-02-28,sec_companyfacts,17502000000.0,,,3288000000.0,8342000000.0,409953000000.0,368944000000.0,,,5912000000.0,1220000000.0,,,16303000000.0,,Alternative Asset Managers / Market Infrastructure,live_sec_companyfacts,live_api,2026-05-28T16:37:47+00:00
BK,BK,1390777,2024,10-K,2025-02-27,sec_companyfacts,18619000000.0,,,4543000000.0,5577000000.0,416064000000.0,374300000000.0,,,687000000.0,1469000000.0,,,,,Alternative Asset Managers / Market Infrastructure,live_sec_companyfacts,live_api,2026-05-28T16:37:47+00:00
BK,BK,1390777,2025,10-K,2026-02-25,sec_companyfacts,20080000000.0,,,5583000000.0,7959000000.0,472300000000.0,427492000000.0,,,6730000000.0,1553000000.0,,,,,Alternative Asset Managers / Market Infrastructure,live_sec_companyfacts,live_api,2026-05-28T16:37:47+00:00
BLK,BLK,2012383,2024,10-K,2025-02-25,sec_companyfacts,20407000000.0,,8295000000.0,6512000000.0,12779000000.0,138615000000.0,89260000000.0,,,4956000000.0,255000000.0,,270000000.0,,,Alternative Asset Managers / Market Infrastructure,live_sec_companyfacts,live_api,2026-05-28T16:37:47+00:00
BLK,BLK,2012383,2025,10-K,2026-02-25,sec_companyfacts,24216000000.0,,7619000000.0,5942000000.0,11490000000.0,169998000000.0,108456000000.0,,,3927000000.0,375000000.0,,297000000.0,,,Alternative Asset Managers / Market Infrastructure,live_sec_companyfacts,live_api,2026-05-28T16:37:47+00:00
BX,BX,1393818,2022,10-K,2023-02-24,sec_companyfacts,8517673000.0,,3461789000.0,2988909000.0,4493715000.0,42524227000.0,22843160000.0,,,6336253000.0,235497000.0,,,317225000.0,,Alternative Asset Managers / Market Infrastructure,live_sec_companyfacts,live_api,2026-05-28T16:37:47+00:00
BX,BX,1393818,2023,10-K,2024-02-23,sec_companyfacts,8022841000.0,,2957714000.0,2444253000.0,3272063000.0,40287530000.0,22212316000.0,,,4056906000.0,224231000.0,,,431868000.0,,Alternative Asset Managers / Market Infrastructure,live_sec_companyfacts,live_api,2026-05-28T16:37:47+00:00
BX,BX,1393818,2024,10-K,2025-02-28,sec_companyfacts,13229968000.0,,6459480000.0,5437809000.0,2176192000.0,43469875000.0,23974860000.0,,,3481662000.0,61409000.0,,,443688000.0,,Alternative Asset Managers / Market Infrastructure,live_sec_companyfacts,live_api,2026-05-28T16:37:47+00:00
BX,BX,1393818,2025,10-K,2026-02-27,sec_companyfacts,14450265000.0,,7171646000.0,6046623000.0,2854682000.0,47708975000.0,25827803000.0,,,4663161000.0,115703000.0,,,508314000.0,,Alternative Asset Managers / Market Infrastructure,live_sec_companyfacts,live_api,2026-05-28T16:37:47+00:00
CBOE,CBOE,1374310,2022,10-K,2023-02-17,sec_companyfacts,,1741700000.0,432900000.0,235000000.0,979900000.0,6998900000.0,1477200000.0,1437300000.0,304700000.0,651100000.0,59800000.0,,166800000.0,,1742000000.0,Alternative Asset Managers / Market Infrastructure,live_sec_companyfacts,live_api,2026-05-28T16:37:47+00:00
CBOE,CBOE,1374310,2023,10-K,2024-02-16,sec_companyfacts,,1918000000.0,1047600000.0,761400000.0,1397100000.0,7487500000.0,1383400000.0,1439200000.0,304700000.0,1075600000.0,45000000.0,,158000000.0,,1743900000.0,Alternative Asset Managers / Market Infrastructure,live_sec_companyfacts,live_api,2026-05-28T16:37:47+00:00
CBOE,CBOE,1374310,2024,10-K,2025-02-21,sec_companyfacts,,2072400000.0,1083800000.0,764900000.0,1765800000.0,7789100000.0,1395200000.0,1441000000.0,,1100600000.0,60900000.0,,133000000.0,,1441000000.0,Alternative Asset Managers / Market Infrastructure,live_sec_companyfacts,live_api,2026-05-28T16:37:47+00:00
CBOE,CBOE,1374310,2025,10-K,2026-02-20,sec_companyfacts,,2429100000.0,1566600000.0,1100000000.0,3868800000.0,9305300000.0,2362300000.0,1442900000.0,,1752600000.0,71000000.0,,122400000.0,,1442900000.0,Alternative Asset Managers / Market Infrastructure,live_sec_companyfacts,live_api,2026-05-28T16:37:47+00:00
CME,CME,1156375,2022,10-K,2023-02-27,sec_companyfacts,5019400000.0,,3490300000.0,2691000000.0,137974300000.0,174175700000.0,137687500000.0,,16000000.0,3056000000.0,89700000.0,,134900000.0,,16000000.0,Alternative Asset Managers / Market Infrastructure,live_sec_companyfacts,live_api,2026-05-28T16:37:47+00:00
CME,CME,1156375,2023,10-K,2024-02-28,sec_companyfacts,5578900000.0,,4153600000.0,3226200000.0,93109700000.0,129706100000.0,93416900000.0,,0.0,3453800000.0,76400000.0,,126000000.0,,0.0,Alternative Asset Managers / Market Infrastructure,live_sec_companyfacts,live_api,2026-05-28T16:37:47+00:00
CME,CME,1156375,2024,10-K,2025-02-27,sec_companyfacts,6130100000.0,,4541400000.0,3525800000.0,101794100000.0,137447000000.0,102313900000.0,,749800000.0,3690500000.0,94000000.0,,115100000.0,,749800000.0,Alternative Asset Managers / Market Infrastructure,live_sec_companyfacts,live_api,2026-05-28T16:37:47+00:00
CME,CME,1156375,2025,10-K,2026-02-26,sec_companyfacts,6520600000.0,,5330500000.0,4072200000.0,164079500000.0,198424200000.0,160296700000.0,,0.0,4277100000.0,83500000.0,,107500000.0,,0.0,Alternative Asset Managers / Market Infrastructure,live_sec_companyfacts,live_api,2026-05-28T16:37:47+00:00
EVR,EVR,1360901,2022,10-K,2023-02-24,sec_companyfacts,2778898000.0,,704041000.0,531415000.0,672123000.0,3620923000.0,1070536000.0,,,531376000.0,23187000.0,,27713000.0,16850000.0,,Alternative Asset Managers / Market Infrastructure,live_sec_companyfacts,live_api,2026-05-28T16:37:47+00:00
EVR,EVR,1360901,2023,10-K,2024-02-22,sec_companyfacts,2442666000.0,,365790000.0,285223000.0,605484000.0,3703298000.0,910059000.0,,,457954000.0,20048000.0,,24348000.0,16717000.0,,Alternative Asset Managers / Market Infrastructure,live_sec_companyfacts,live_api,2026-05-28T16:37:47+00:00
EVR,EVR,1360901,2024,10-K,2025-02-21,sec_companyfacts,2996361000.0,,533145000.0,417737000.0,882107000.0,4173971000.0,1229801000.0,,,988151000.0,30101000.0,,24468000.0,16768000.0,,Alternative Asset Managers / Market Infrastructure,live_sec_companyfacts,live_api,2026-05-28T16:37:47+00:00
EVR,EVR,1360901,2025,10-K,2026-02-20,sec_companyfacts,3880084000.0,,793814000.0,640707000.0,1436140000.0,5358097000.0,1783421000.0,,,1256464000.0,74002000.0,,32557000.0,24264000.0,,Alternative Asset Managers / Market Infrastructure,live_sec_companyfacts,live_api,2026-05-28T16:37:47+00:00
IBKR,IBKR,1381197,2022,10-K,2023-02-24,sec_companyfacts,1506000000.0,,1998000000.0,1842000000.0,28603000000.0,115143000000.0,103528000000.0,,,3968000000.0,,,,1018000000.0,,Alternative Asset Managers / Market Infrastructure,live_sec_companyfacts,live_api,2026-05-28T16:37:47+00:00
IBKR,IBKR,1381197,2023,10-K,2024-02-27,sec_companyfacts,1557000000.0,,3069000000.0,2812000000.0,32593000000.0,128423000000.0,114356000000.0,,,4544000000.0,,,,3436000000.0,,Alternative Asset Managers / Market Infrastructure,live_sec_companyfacts,live_api,2026-05-28T16:37:47+00:00
IBKR,IBKR,1381197,2024,10-K,2025-02-27,sec_companyfacts,1977000000.0,,3695000000.0,3407000000.0,40233000000.0,150142000000.0,133545000000.0,,,8724000000.0,,,,,,Alternative Asset Managers / Market Infrastructure,live_sec_companyfacts,live_api,2026-05-28T16:37:47+00:00
IBKR,IBKR,1381197,2025,10-K,2026-02-27,sec_companyfacts,2440000000.0,,4771000000.0,4357000000.0,55295000000.0,203240000000.0,182768000000.0,,,15811000000.0,,,,,,Alternative Asset Managers / Market Infrastructure,live_sec_companyfacts,live_api,2026-05-28T16:37:47+00:00
ICE,ICE,1571949,2022,10-K,2023-02-02,sec_companyfacts,9636000000.0,,1808000000.0,1498000000.0,150343000000.0,194338000000.0,149171000000.0,18118000000.0,4000000.0,3554000000.0,225000000.0,,1031000000.0,616000000.0,18122000000.0,Alternative Asset Managers / Market Infrastructure,live_sec_companyfacts,live_api,2026-05-28T16:37:47+00:00
ICE,ICE,1571949,2023,10-K,2024-02-08,sec_companyfacts,9903000000.0,,2894000000.0,2438000000.0,80750000000.0,136084000000.0,84626000000.0,20659000000.0,1954000000.0,3542000000.0,190000000.0,,1215000000.0,808000000.0,22613000000.0,Alternative Asset Managers / Market Infrastructure,live_sec_companyfacts,live_api,2026-05-28T16:37:47+00:00
ICE,ICE,1571949,2024,10-K,2025-02-06,sec_companyfacts,11761000000.0,,3628000000.0,2802000000.0,84503000000.0,139428000000.0,89553000000.0,17341000000.0,3027000000.0,4609000000.0,406000000.0,,1537000000.0,,20368000000.0,Alternative Asset Managers / Market Infrastructure,live_sec_companyfacts,live_api,2026-05-28T16:37:47+00:00
ICE,ICE,1571949,2025,10-K,2026-02-05,sec_companyfacts,12640000000.0,,4346000000.0,3370000000.0,78614000000.0,136887000000.0,84116000000.0,18609000000.0,1035000000.0,4662000000.0,373000000.0,,1560000000.0,,19644000000.0,Alternative Asset Managers / Market Infrastructure,live_sec_companyfacts,live_api,2026-05-28T16:37:47+00:00
JHG,JHG,1274173,2022,10-K,2023-02-28,sec_companyfacts,,,375400000.0,274500000.0,1176400000.0,6237800000.0,610500000.0,307500000.0,,473300000.0,17600000.0,,31700000.0,12600000.0,307500000.0,Alternative Asset Managers / Market Infrastructure,live_sec_companyfacts,live_api,2026-05-28T16:37:47+00:00
JHG,JHG,1274173,2023,10-K,2024-02-27,sec_companyfacts,,,527000000.0,426700000.0,1168100000.0,6496600000.0,631000000.0,304600000.0,,441600000.0,10800000.0,,22900000.0,12700000.0,304600000.0,Alternative Asset Managers / Market Infrastructure,live_sec_companyfacts,live_api,2026-05-28T16:37:47+00:00
JHG,JHG,1274173,2024,10-K,2025-02-27,sec_companyfacts,,,611900000.0,445600000.0,1234800000.0,6963100000.0,735000000.0,395000000.0,,694600000.0,10100000.0,,24500000.0,18000000.0,395000000.0,Alternative Asset Managers / Market Infrastructure,live_sec_companyfacts,live_api,2026-05-28T16:37:47+00:00
JHG,JHG,1274173,2025,10-K,2026-02-25,sec_companyfacts,,,1153300000.0,907600000.0,1293500000.0,8287000000.0,912500000.0,395500000.0,,719500000.0,8600000.0,,36300000.0,24200000.0,395500000.0,Alternative Asset Managers / Market Infrastructure,live_sec_companyfacts,live_api,2026-05-28T16:37:47+00:00
KKR,KKR,1404912,2022,10-K,2023-02-27,sec_companyfacts,5721195000.0,,-1059200000.0,-1023528000.0,13385370000.0,,,,,-5279259000.0,,,,1550777000.0,,Alternative Asset Managers / Market Infrastructure,live_sec_companyfacts,live_api,2026-05-28T16:37:47+00:00
KKR,KKR,1404912,2023,10-K,2024-02-29,sec_companyfacts,14499312000.0,,6554609000.0,5357086000.0,20808120000.0,317294194000.0,258915282000.0,,,-1493812000.0,,,,2772088000.0,,Alternative Asset Managers / Market Infrastructure,live_sec_companyfacts,live_api,2026-05-28T16:37:47+00:00
KKR,KKR,1404912,2024,10-K,2025-02-28,sec_companyfacts,21878698000.0,,5860433000.0,4906037000.0,15367953000.0,360099411000.0,298114719000.0,,,6649878000.0,,,,,,Alternative Asset Managers / Market Infrastructure,live_sec_companyfacts,live_api,2026-05-28T16:37:47+00:00
KKR,KKR,1404912,2025,10-K,2026-02-27,sec_companyfacts,19464307000.0,,7099160000.0,6145412000.0,17151790000.0,410144072000.0,328512161000.0,,,477760000.0,,,,,,Alternative Asset Managers / Market Infrastructure,live_sec_companyfacts,live_api,2026-05-28T16:37:47+00:00
LAZ,LAZ,1311370,2022,10-K,2023-02-23,sec_companyfacts,2855093000.0,,516848000.0,392483000.0,1234773000.0,5852561000.0,4593691000.0,,,833984000.0,49511000.0,,42336000.0,81522000.0,,Alternative Asset Managers / Market Infrastructure,live_sec_companyfacts,live_api,2026-05-28T16:37:47+00:00
LAZ,LAZ,1311370,2023,10-K,2024-02-23,sec_companyfacts,2593162000.0,,-79957000.0,-57307000.0,971316000.0,4635781000.0,4065919000.0,,,164662000.0,28297000.0,,42853000.0,77673000.0,,Alternative Asset Managers / Market Infrastructure,live_sec_companyfacts,live_api,2026-05-28T16:37:47+00:00
LAZ,LAZ,1311370,2024,10-K,2025-02-24,sec_companyfacts,3139904000.0,,386472000.0,286708000.0,1308218000.0,4793993000.0,4029210000.0,,,742828000.0,45498000.0,,36281000.0,88067000.0,,Alternative Asset Managers / Market Infrastructure,live_sec_companyfacts,live_api,2026-05-28T16:37:47+00:00
LAZ,LAZ,1311370,2025,10-K,2026-02-23,sec_companyfacts,3186466000.0,,327598000.0,251020000.0,1469416000.0,4940734000.0,3951604000.0,,,519325000.0,31946000.0,,34189000.0,,,Alternative Asset Managers / Market Infrastructure,live_sec_companyfacts,live_api,2026-05-28T16:37:47+00:00
MKTX,MKTX,1278021,2022,10-K,2023-02-22,sec_companyfacts,718300000.0,,338288000.0,250224000.0,572664000.0,1607775000.0,526682000.0,,,289231000.0,13142000.0,,61446000.0,700000.0,,Alternative Asset Managers / Market Infrastructure,live_sec_companyfacts,live_api,2026-05-28T16:37:47+00:00
MKTX,MKTX,1278021,2023,10-K,2024-02-22,sec_companyfacts,752547000.0,,332700000.0,258055000.0,611672000.0,2015067000.0,722104000.0,,,333767000.0,9326000.0,,70557000.0,1983000.0,,Alternative Asset Managers / Market Infrastructure,live_sec_companyfacts,live_api,2026-05-28T16:37:47+00:00
MKTX,MKTX,1278021,2024,10-K,2025-02-24,sec_companyfacts,817097000.0,,360546000.0,274181000.0,700459000.0,1789216000.0,400556000.0,,,385237000.0,9942000.0,,73824000.0,,,Alternative Asset Managers / Market Infrastructure,live_sec_companyfacts,live_api,2026-05-28T16:37:47+00:00
MKTX,MKTX,1278021,2025,10-K,2026-02-24,sec_companyfacts,846268000.0,,366995000.0,246912000.0,675851000.0,1934886000.0,776627000.0,,220000000.0,382139000.0,8204000.0,,76699000.0,,220000000.0,Alternative Asset Managers / Market Infrastructure,live_sec_companyfacts,live_api,2026-05-28T16:37:47+00:00
MSCI,MSCI,1408198,2022,10-K,2023-02-10,sec_companyfacts,2248598000.0,,1043841000.0,870573000.0,993564000.0,4997535000.0,1250527000.0,4503233000.0,8713000.0,1095369000.0,13617000.0,,26893000.0,171571000.0,4511946000.0,Alternative Asset Managers / Market Infrastructure,live_sec_companyfacts,live_api,2026-05-28T16:37:47+00:00
MSCI,MSCI,1408198,2023,10-K,2024-02-09,sec_companyfacts,2528920000.0,,1369061000.0,1148592000.0,461693000.0,5518219000.0,1517025000.0,4496826000.0,10902000.0,1236029000.0,22757000.0,,21009000.0,186679000.0,4507728000.0,Alternative Asset Managers / Market Infrastructure,live_sec_companyfacts,live_api,2026-05-28T16:37:47+00:00
MSCI,MSCI,1408198,2024,10-K,2025-02-07,sec_companyfacts,2856128000.0,,1356168000.0,1109128000.0,409351000.0,5445439000.0,1585654000.0,4510816000.0,0.0,1501627000.0,33762000.0,,16978000.0,,4510816000.0,Alternative Asset Managers / Market Infrastructure,live_sec_companyfacts,live_api,2026-05-28T16:37:47+00:00
MSCI,MSCI,1408198,2025,10-K,2026-02-06,sec_companyfacts,3134459000.0,,1494256000.0,1202305000.0,515332000.0,5702459000.0,1829713000.0,6202286000.0,,1588446000.0,39319000.0,,23405000.0,,6202286000.0,Alternative Asset Managers / Market Infrastructure,live_sec_companyfacts,live_api,2026-05-28T16:37:47+00:00
NDAQ,NDAQ,1120193,2022,10-K,2023-02-23,sec_companyfacts,6226000000.0,3582000000.0,1475000000.0,1123000000.0,6994000000.0,20868000000.0,8835000000.0,4735000000.0,664000000.0,1706000000.0,152000000.0,,258000000.0,129000000.0,5399000000.0,Alternative Asset Managers / Market Infrastructure,live_sec_companyfacts,live_api,2026-05-28T16:37:47+00:00
NDAQ,NDAQ,1120193,2023,10-K,2024-02-21,sec_companyfacts,6064000000.0,3895000000.0,1401000000.0,1057000000.0,7118000000.0,32294000000.0,9025000000.0,10163000000.0,,1696000000.0,158000000.0,,323000000.0,284000000.0,10163000000.0,Alternative Asset Managers / Market Infrastructure,live_sec_companyfacts,live_api,2026-05-28T16:37:47+00:00
NDAQ,NDAQ,1120193,2024,10-K,2025-02-21,sec_companyfacts,7400000000.0,4649000000.0,1449000000.0,1115000000.0,5006000000.0,30395000000.0,7902000000.0,9081000000.0,399000000.0,1939000000.0,207000000.0,,613000000.0,,9480000000.0,Alternative Asset Managers / Market Infrastructure,live_sec_companyfacts,live_api,2026-05-28T16:37:47+00:00
NDAQ,NDAQ,1120193,2025,10-K,2026-02-12,sec_companyfacts,8262000000.0,5249000000.0,2145000000.0,1787000000.0,3934000000.0,31053000000.0,7961000000.0,8573000000.0,431000000.0,2255000000.0,266000000.0,,632000000.0,,9004000000.0,Alternative Asset Managers / Market Infrastructure,live_sec_companyfacts,live_api,2026-05-28T16:37:47+00:00
PIPR,PIPR,1230245,2022,10-K,2023-02-24,sec_companyfacts,393324000.0,,42670000.0,38014000.0,365624000.0,2181557000.0,927529000.0,,,-224907000.0,,,15600000.0,,,Alternative Asset Managers / Market Infrastructure,live_sec_companyfacts,live_api,2026-05-28T16:37:47+00:00
PIPR,PIPR,1230245,2023,10-K,2024-02-26,sec_companyfacts,474207000.0,,85846000.0,64573000.0,383098000.0,2140983000.0,841510000.0,,30000000.0,275629000.0,,,17900000.0,,30000000.0,Alternative Asset Managers / Market Infrastructure,live_sec_companyfacts,live_api,2026-05-28T16:37:47+00:00
PIPR,PIPR,1230245,2024,10-K,2025-02-27,sec_companyfacts,485384000.0,,82129000.0,52502000.0,482834000.0,2255936000.0,840163000.0,,10000000.0,313255000.0,,,16800000.0,,10000000.0,Alternative Asset Managers / Market Infrastructure,live_sec_companyfacts,live_api,2026-05-28T16:37:47+00:00
PIPR,PIPR,1230245,2025,10-K,2026-02-26,sec_companyfacts,1834064000.0,,188763000.0,142964000.0,809415000.0,2592646000.0,1009853000.0,,15000000.0,586627000.0,,,17400000.0,,15000000.0,Alternative Asset Managers / Market Infrastructure,live_sec_companyfacts,live_api,2026-05-28T16:37:47+00:00
RJF,RJF,720005,2022,10-K,2022-11-22,sec_companyfacts,11308000000.0,,2022000000.0,1509000000.0,14659000000.0,80951000000.0,71519000000.0,,,72000000.0,91000000.0,,,305000000.0,,Alternative Asset Managers / Market Infrastructure,live_sec_companyfacts,live_api,2026-05-28T16:37:47+00:00
RJF,RJF,720005,2023,10-K,2023-11-21,sec_companyfacts,12992000000.0,,2280000000.0,1739000000.0,12548000000.0,78360000000.0,68173000000.0,,,-3514000000.0,173000000.0,,,1373000000.0,,Alternative Asset Managers / Market Infrastructure,live_sec_companyfacts,live_api,2026-05-28T16:37:47+00:00
RJF,RJF,720005,2024,10-K,2024-11-26,sec_companyfacts,14923000000.0,,,2068000000.0,14348000000.0,82992000000.0,71325000000.0,,,2155000000.0,205000000.0,,,,,Alternative Asset Managers / Market Infrastructure,live_sec_companyfacts,live_api,2026-05-28T16:37:47+00:00
RJF,RJF,720005,2025,10-K,2025-11-25,sec_companyfacts,15912000000.0,,,2135000000.0,14787000000.0,88230000000.0,75726000000.0,,,2434000000.0,188000000.0,,,,,Alternative Asset Managers / Market Infrastructure,live_sec_companyfacts,live_api,2026-05-28T16:37:47+00:00
SCHW,SCHW,316709,2022,10-K,2023-02-24,sec_companyfacts,20762000000.0,,9388000000.0,7183000000.0,58720000000.0,551772000000.0,515164000000.0,,17050000000.0,2057000000.0,952000000.0,,652000000.0,1545000000.0,17050000000.0,Alternative Asset Managers / Market Infrastructure,live_sec_companyfacts,live_api,2026-05-28T16:37:47+00:00
SCHW,SCHW,316709,2023,10-K,2024-02-23,sec_companyfacts,18837000000.0,,6378000000.0,5067000000.0,74473000000.0,493178000000.0,452220000000.0,,,19587000000.0,804000000.0,,804000000.0,6684000000.0,,Alternative Asset Managers / Market Infrastructure,live_sec_companyfacts,live_api,2026-05-28T16:37:47+00:00
SCHW,SCHW,316709,2024,10-K,2025-02-26,sec_companyfacts,19606000000.0,,7692000000.0,5942000000.0,65514000000.0,479843000000.0,431468000000.0,,,2670000000.0,607000000.0,,,,,Alternative Asset Managers / Market Infrastructure,live_sec_companyfacts,live_api,2026-05-28T16:37:47+00:00
SCHW,SCHW,316709,2025,10-K,2026-02-25,sec_companyfacts,23921000000.0,,11459000000.0,8852000000.0,69661000000.0,490995000000.0,441570000000.0,,,9311000000.0,602000000.0,,,,,Alternative Asset Managers / Market Infrastructure,live_sec_companyfacts,live_api,2026-05-28T16:37:47+00:00
SEIC,SEIC,350894,2022,10-K,2023-02-21,sec_companyfacts,1991037000.0,643917000.0,609280000.0,475467000.0,853359000.0,2383553000.0,397883000.0,,,566119000.0,72834000.0,,,749000.0,,Alternative Asset Managers / Market Infrastructure,live_sec_companyfacts,live_api,2026-05-28T16:37:47+00:00
SEIC,SEIC,350894,2023,10-K,2024-02-20,sec_companyfacts,1919793000.0,556765000.0,594655000.0,462258000.0,834998000.0,2520003000.0,353047000.0,,,447030000.0,24835000.0,,,583000.0,,Alternative Asset Managers / Market Infrastructure,live_sec_companyfacts,live_api,2026-05-28T16:37:47+00:00
SEIC,SEIC,350894,2024,10-K,2025-02-20,sec_companyfacts,2125151000.0,699389000.0,746757000.0,581191000.0,840193000.0,2684606000.0,380513000.0,,,622343000.0,32226000.0,,,,,Alternative Asset Managers / Market Infrastructure,live_sec_companyfacts,live_api,2026-05-28T16:37:47+00:00
SEIC,SEIC,350894,2025,10-K,2026-02-23,sec_companyfacts,2297381000.0,808134000.0,916333000.0,717550000.0,399804000.0,,387211000.0,,,607662000.0,22644000.0,,,,,Alternative Asset Managers / Market Infrastructure,live_sec_companyfacts,live_api,2026-05-28T16:37:47+00:00
STT,STT,93751,2022,10-K,2023-02-16,sec_companyfacts,12148000000.0,,3327000000.0,2774000000.0,3970000000.0,301450000000.0,276259000000.0,,,11954000000.0,734000000.0,,,1544000000.0,,Alternative Asset Managers / Market Infrastructure,live_sec_companyfacts,live_api,2026-05-28T16:37:47+00:00
STT,STT,93751,2023,10-K,2024-02-15,sec_companyfacts,11945000000.0,,2316000000.0,1944000000.0,4047000000.0,297258000000.0,273459000000.0,,,690000000.0,816000000.0,,,6421000000.0,,Alternative Asset Managers / Market Infrastructure,live_sec_companyfacts,live_api,2026-05-28T16:37:47+00:00
STT,STT,93751,2024,10-K,2025-02-13,sec_companyfacts,13000000000.0,,3395000000.0,2687000000.0,3145000000.0,353240000000.0,327914000000.0,,,-13210000000.0,926000000.0,,,,,Alternative Asset Managers / Market Infrastructure,live_sec_companyfacts,live_api,2026-05-28T16:37:47+00:00
STT,STT,93751,2025,10-K,2026-02-19,sec_companyfacts,13944000000.0,,3731000000.0,2945000000.0,4433000000.0,366047000000.0,338206000000.0,,,11898000000.0,1055000000.0,,,,,Alternative Asset Managers / Market Infrastructure,live_sec_companyfacts,live_api,2026-05-28T16:37:47+00:00
TROW,TROW,1113169,2022,10-K,2023-02-15,sec_companyfacts,6488400000.0,,1948200000.0,1449600000.0,1874700000.0,11643300000.0,1956400000.0,,,2359400000.0,237600000.0,,,,,Alternative Asset Managers / Market Infrastructure,live_sec_companyfacts,live_api,2026-05-28T16:37:47+00:00
TROW,TROW,1113169,2023,10-K,2024-02-16,sec_companyfacts,6460500000.0,,2490300000.0,1835700000.0,2143800000.0,12278800000.0,1987600000.0,,,1219100000.0,307900000.0,,,,,Alternative Asset Managers / Market Infrastructure,live_sec_companyfacts,live_api,2026-05-28T16:37:47+00:00
TROW,TROW,1113169,2024,10-K,2025-02-14,sec_companyfacts,7093600000.0,,2819600000.0,2135800000.0,2712900000.0,13472000000.0,2021900000.0,,,1685600000.0,423400000.0,,,,,Alternative Asset Managers / Market Infrastructure,live_sec_companyfacts,live_api,2026-05-28T16:37:47+00:00
TROW,TROW,1113169,2025,10-K,2026-02-13,sec_companyfacts,7314800000.0,,2875500000.0,2208300000.0,3417300000.0,14341800000.0,2288600000.0,,,1753400000.0,274200000.0,,,,,Alternative Asset Managers / Market Infrastructure,live_sec_companyfacts,live_api,2026-05-28T16:37:47+00:00
ADP,"Automatic Data Processing, Inc.",8670,2022,10-K,2022-08-03,sec_companyfacts,16498300000.0,,3804100000.0,2948900000.0,22783000000.0,63068200000.0,55158700000.0,2987100000.0,,3099500000.0,,,515100000.0,81900000.0,2987100000.0,Business Services,live_sec_companyfacts,live_api,2026-05-28T16:37:47+00:00
ADP,"Automatic Data Processing, Inc.",8670,2023,10-K,2023-08-03,sec_companyfacts,18012200000.0,,4437600000.0,3412000000.0,8771500000.0,50971000000.0,42767600000.0,2989000000.0,,4207600000.0,,,549300000.0,253300000.0,2989000000.0,Business Services,live_sec_companyfacts,live_api,2026-05-28T16:37:47+00:00
ADP,"Automatic Data Processing, Inc.",8670,2024,10-K,2024-08-07,sec_companyfacts,19202600000.0,,4872300000.0,3752000000.0,10086000000.0,54362700000.0,45080000000.0,2991300000.0,,4157600000.0,,,561900000.0,,2991300000.0,Business Services,live_sec_companyfacts,live_api,2026-05-28T16:37:47+00:00
ADP,"Automatic Data Processing, Inc.",8670,2025,10-K,2025-08-06,sec_companyfacts,20560900000.0,,5310100000.0,4079700000.0,5054600000.0,53369300000.0,41278300000.0,3974700000.0,,4939700000.0,,,582400000.0,455900000.0,3974700000.0,Business Services,live_sec_companyfacts,live_api,2026-05-28T16:37:47+00:00
BAH,BAH,1443646,2023,10-K,2023-05-26,sec_companyfacts,9258911000.0,,367949000.0,271215000.0,404862000.0,6550652000.0,1897054000.0,2770895000.0,41250000.0,602822000.0,76130000.0,,165484000.0,119850000.0,2812145000.0,Business Services,live_sec_companyfacts,live_api,2026-05-28T16:37:47+00:00
BAH,BAH,1443646,2024,10-K,2024-05-24,sec_companyfacts,10661896000.0,,853320000.0,605706000.0,554257000.0,6563688000.0,1692190000.0,3349941000.0,61875000.0,258838000.0,66699000.0,,164203000.0,172901000.0,3411816000.0,Business Services,live_sec_companyfacts,live_api,2026-05-28T16:37:47+00:00
BAH,BAH,1443646,2025,10-K,2025-05-23,sec_companyfacts,11980000000.0,,1219000000.0,935000000.0,885000000.0,7312000000.0,1846000000.0,3915000000.0,83000000.0,1009000000.0,98000000.0,,165000000.0,,3998000000.0,Business Services,live_sec_companyfacts,live_api,2026-05-28T16:37:47+00:00
BAH,BAH,1443646,2026,10-K,2026-05-22,sec_companyfacts,11217000000.0,,862000000.0,851000000.0,728000000.0,7118000000.0,1663000000.0,3921000000.0,19000000.0,1041000000.0,90000000.0,,163000000.0,,3940000000.0,Business Services,live_sec_companyfacts,live_api,2026-05-28T16:37:47+00:00
CPRT,CPRT,900075,2022,10-K,2022-09-27,sec_companyfacts,,,1340954000.0,1090130000.0,1384236000.0,5308864000.0,440889000.0,,,1176683000.0,444052000.0,,137985000.0,,,Business Services,live_sec_companyfacts,live_api,2026-05-28T16:37:48+00:00
CPRT,CPRT,900075,2023,10-K,2023-09-28,sec_companyfacts,,,1554328000.0,1237741000.0,957395000.0,6737879000.0,492769000.0,,,1364210000.0,516636000.0,,159478000.0,,,Business Services,live_sec_companyfacts,live_api,2026-05-28T16:37:48+00:00
CPRT,CPRT,900075,2024,10-K,2024-09-30,sec_companyfacts,,,1714601000.0,1362347000.0,1514111000.0,8427764000.0,628567000.0,,,1472564000.0,605403000.0,,189761000.0,,,Business Services,live_sec_companyfacts,live_api,2026-05-28T16:37:48+00:00
CPRT,CPRT,900075,2025,10-K,2025-09-26,sec_companyfacts,,,1895581000.0,1548363000.0,2780531000.0,10090902000.0,683281000.0,,,1799750000.0,570213000.0,,215849000.0,,,Business Services,live_sec_companyfacts,live_api,2026-05-28T16:37:48+00:00
CTAS,Cintas Corporation,723254,2022,10-K,2022-07-27,sec_companyfacts,7854459000.0,3632246000.0,1498768000.0,1235757000.0,90471000.0,8147256000.0,1432890000.0,2483932000.0,311574000.0,1537625000.0,240672000.0,,399701000.0,88844000.0,2795506000.0,Business Services,live_sec_companyfacts,live_api,2026-05-28T16:37:48+00:00
CTAS,Cintas Corporation,723254,2023,10-K,2023-07-27,sec_companyfacts,8815769000.0,4173368000.0,1693148000.0,1348010000.0,124149000.0,8546356000.0,1230062000.0,2486405000.0,0.0,1597814000.0,331109000.0,,409162000.0,111232000.0,2486405000.0,Business Services,live_sec_companyfacts,live_api,2026-05-28T16:37:48+00:00
CTAS,Cintas Corporation,723254,2024,10-K,2024-07-25,sec_companyfacts,9596615000.0,4686416000.0,1973635000.0,1571592000.0,342015000.0,9168817000.0,1828519000.0,2025934000.0,449595000.0,2079781000.0,409469000.0,,442384000.0,,2475529000.0,Business Services,live_sec_companyfacts,live_api,2026-05-28T16:37:48+00:00
CTAS,Cintas Corporation,723254,2025,10-K,2025-07-28,sec_companyfacts,10340181000.0,5174164000.0,2264202000.0,1812281000.0,263973000.0,9825241000.0,1644502000.0,2424999000.0,0.0,2165905000.0,408884000.0,,494183000.0,,2424999000.0,Business Services,live_sec_companyfacts,live_api,2026-05-28T16:37:48+00:00
EXPO,EXPO,851520,2022,10-K,2023-02-24,sec_companyfacts,513293000.0,,132234000.0,102330000.0,161458000.0,586662000.0,159029000.0,,,93807000.0,12043000.0,,7079000.0,,,Business Services,live_sec_companyfacts,live_api,2026-05-28T16:37:48+00:00
EXPO,EXPO,851520,2023,10-K,2024-02-23,sec_companyfacts,536766000.0,,135896000.0,100339000.0,187150000.0,646777000.0,161909000.0,,,127352000.0,16356000.0,,8916000.0,,,Business Services,live_sec_companyfacts,live_api,2026-05-28T16:37:48+00:00
EXPO,EXPO,851520,2024,10-K,2025-02-28,sec_companyfacts,558514000.0,,147370000.0,109002000.0,258901000.0,777270000.0,163183000.0,,,144537000.0,6939000.0,,9689000.0,,,Business Services,live_sec_companyfacts,live_api,2026-05-28T16:37:48+00:00
EXPO,EXPO,851520,2025,10-K,2026-02-27,sec_companyfacts,582014000.0,,147297000.0,106009000.0,221930000.0,777519000.0,178002000.0,,,131730000.0,9390000.0,,10083000.0,,,Business Services,live_sec_companyfacts,live_api,2026-05-28T16:37:48+00:00
FCN,FCN,887936,2022,10-K,2023-02-23,sec_companyfacts,3028908000.0,,297749000.0,235514000.0,491688000.0,3241407000.0,769491000.0,315172000.0,0.0,188794000.0,53319000.0,,35898000.0,10047000.0,315172000.0,Business Services,live_sec_companyfacts,live_api,2026-05-28T16:37:48+00:00
FCN,FCN,887936,2023,10-K,2024-02-22,sec_companyfacts,3489242000.0,,358363000.0,274892000.0,303222000.0,3325878000.0,892769000.0,0.0,0.0,224461000.0,49479000.0,,41079000.0,14331000.0,0.0,Business Services,live_sec_companyfacts,live_api,2026-05-28T16:37:48+00:00
FCN,FCN,887936,2024,10-K,2025-02-20,sec_companyfacts,3698652000.0,1181926000.0,350771000.0,280088000.0,660493000.0,3596830000.0,931759000.0,,,395097000.0,35408000.0,,43910000.0,,,Business Services,live_sec_companyfacts,live_api,2026-05-28T16:37:48+00:00
FCN,FCN,887936,2025,10-K,2026-02-26,sec_companyfacts,3788857000.0,1217475000.0,371011000.0,270871000.0,265091000.0,3490528000.0,975189000.0,365000000.0,,152132000.0,58531000.0,,45764000.0,,365000000.0,Business Services,live_sec_companyfacts,live_api,2026-05-28T16:37:48+00:00
FDS,FDS,1013237,2022,10-K,2022-10-21,sec_companyfacts,1843892000.0,,443594000.0,396917000.0,503273000.0,4014305000.0,438287000.0,1982424000.0,,538277000.0,51156000.0,,86683000.0,,1982424000.0,Business Services,live_sec_companyfacts,live_api,2026-05-28T16:37:48+00:00
FDS,FDS,1013237,2023,10-K,2023-10-27,sec_companyfacts,2085508000.0,,583954000.0,468173000.0,425444000.0,3962922000.0,484251000.0,1612700000.0,,645573000.0,60786000.0,,105384000.0,,1612700000.0,Business Services,live_sec_companyfacts,live_api,2026-05-28T16:37:48+00:00
FDS,FDS,1013237,2024,10-K,2024-10-29,sec_companyfacts,2203056000.0,,651503000.0,537126000.0,422979000.0,4055040000.0,667066000.0,1241131000.0,124842000.0,700338000.0,85681000.0,,125187000.0,,1365973000.0,Business Services,live_sec_companyfacts,live_api,2026-05-28T16:37:48+00:00
FDS,FDS,1013237,2025,10-K,2025-10-22,sec_companyfacts,2321748000.0,,720958000.0,597040000.0,351695000.0,4304272000.0,521306000.0,1368260000.0,0.0,726260000.0,108806000.0,,157691000.0,,1368260000.0,Business Services,live_sec_companyfacts,live_api,2026-05-28T16:37:48+00:00
G,G,1398659,2022,10-K,2023-03-01,sec_companyfacts,4371172000.0,1536398000.0,465236000.0,353404000.0,646765000.0,4588814000.0,1103321000.0,1249153000.0,26136000.0,443670000.0,50614000.0,,,,1275289000.0,Business Services,live_sec_companyfacts,live_api,2026-05-28T16:37:48+00:00
G,G,1398659,2023,10-K,2024-02-29,sec_companyfacts,4476888000.0,1570665000.0,602224000.0,631255000.0,583670000.0,4805713000.0,1317932000.0,824720000.0,432242000.0,490812000.0,55421000.0,,,,1256962000.0,Business Services,live_sec_companyfacts,live_api,2026-05-28T16:37:48+00:00
G,G,1398659,2024,10-K,2025-03-03,sec_companyfacts,4767139000.0,1690066000.0,676820000.0,513670000.0,648246000.0,4987153000.0,963739000.0,1195267000.0,26173000.0,615424000.0,82766000.0,,,,1221440000.0,Business Services,live_sec_companyfacts,live_api,2026-05-28T16:37:48+00:00
G,G,1398659,2025,10-K,2026-02-26,sec_companyfacts,5079879000.0,1831012000.0,730147000.0,552494000.0,853836000.0,5843267000.0,1602480000.0,1166274000.0,376027000.0,812856000.0,78203000.0,,,,1542301000.0,Business Services,live_sec_companyfacts,live_api,2026-05-28T16:37:48+00:00
HRI,HRI,1364479,2022,10-K,2023-02-14,sec_companyfacts,,,433400000.0,329900000.0,53500000.0,5956800000.0,604000000.0,,,916700000.0,103700000.0,,,122000000.0,,Business Services,live_sec_companyfacts,live_api,2026-05-28T16:37:48+00:00
HRI,HRI,1364479,2023,10-K,2024-02-13,sec_companyfacts,3282000000.0,,447000000.0,347000000.0,71000000.0,7061000000.0,508000000.0,,,1086000000.0,156000000.0,,,,,Business Services,live_sec_companyfacts,live_api,2026-05-28T16:37:48+00:00
HRI,HRI,1364479,2024,10-K,2025-02-13,sec_companyfacts,3568000000.0,,291000000.0,211000000.0,83000000.0,7877000000.0,562000000.0,,,1225000000.0,161000000.0,,,,,Business Services,live_sec_companyfacts,live_api,2026-05-28T16:37:48+00:00
HRI,HRI,1364479,2025,10-K,2026-02-17,sec_companyfacts,862000000.0,,1000000.0,1000000.0,52000000.0,13776000000.0,730000000.0,,,1085000000.0,157000000.0,,,,,Business Services,live_sec_companyfacts,live_api,2026-05-28T16:37:48+00:00
MAN,MAN,871763,2022,10-K,2023-02-17,sec_companyfacts,19827500000.0,3572400000.0,557100000.0,373800000.0,639000000.0,9130400000.0,4911700000.0,959900000.0,5100000.0,423300000.0,75600000.0,,84600000.0,46900000.0,965000000.0,Business Services,live_sec_companyfacts,live_api,2026-05-28T16:37:48+00:00
MAN,MAN,871763,2023,10-K,2024-02-16,sec_companyfacts,18914500000.0,3358000000.0,205900000.0,88800000.0,581300000.0,8830200000.0,4799700000.0,990500000.0,3100000.0,348200000.0,78200000.0,,88600000.0,79700000.0,993600000.0,Business Services,live_sec_companyfacts,live_api,2026-05-28T16:37:48+00:00
MAN,MAN,871763,2024,10-K,2025-02-19,sec_companyfacts,17853900000.0,3086800000.0,256800000.0,145100000.0,509400000.0,8201000000.0,4437100000.0,929400000.0,2400000.0,309200000.0,51100000.0,,86600000.0,-90000000.0,931800000.0,Business Services,live_sec_companyfacts,live_api,2026-05-28T16:37:48+00:00
MAN,MAN,871763,2025,10-K,2026-02-23,sec_companyfacts,17957100000.0,2997600000.0,93400000.0,-13300000.0,871000000.0,9160100000.0,5233600000.0,1052100000.0,590400000.0,-104100000.0,57300000.0,,86000000.0,-95400000.0,1642500000.0,Business Services,live_sec_companyfacts,live_api,2026-05-28T16:37:48+00:00
MCO,Moody's Corporation,1059556,2022,10-K,2023-02-15,sec_companyfacts,5468000000.0,,1760000000.0,1374000000.0,1769000000.0,14349000000.0,2375000000.0,7389000000.0,,1474000000.0,283000000.0,,331000000.0,,7389000000.0,Business Services,live_sec_companyfacts,live_api,2026-05-28T16:37:48+00:00
MCO,Moody's Corporation,1059556,2023,10-K,2024-02-14,sec_companyfacts,5916000000.0,,1935000000.0,1608000000.0,2130000000.0,14622000000.0,2500000000.0,7001000000.0,,2151000000.0,271000000.0,,373000000.0,,7001000000.0,Business Services,live_sec_companyfacts,live_api,2026-05-28T16:37:48+00:00
MCO,Moody's Corporation,1059556,2024,10-K,2025-02-14,sec_companyfacts,7088000000.0,,2699000000.0,2059000000.0,2408000000.0,15505000000.0,3597000000.0,6731000000.0,697000000.0,2838000000.0,317000000.0,,431000000.0,,7428000000.0,Business Services,live_sec_companyfacts,live_api,2026-05-28T16:37:48+00:00
MCO,Moody's Corporation,1059556,2025,10-K,2026-02-18,sec_companyfacts,7718000000.0,,3130000000.0,2462000000.0,2384000000.0,15830000000.0,2981000000.0,6994000000.0,0.0,2901000000.0,326000000.0,,480000000.0,,6994000000.0,Business Services,live_sec_companyfacts,live_api,2026-05-28T16:37:48+00:00
MMS,MMS,1032220,2022,10-K,2022-11-22,sec_companyfacts,4631018000.0,939810000.0,277098000.0,203828000.0,136795000.0,3992714000.0,774447000.0,1292483000.0,63458000.0,289839000.0,56145000.0,,42330000.0,,1355941000.0,Business Services,live_sec_companyfacts,live_api,2026-05-28T16:37:48+00:00
MMS,MMS,1032220,2023,10-K,2023-11-16,sec_companyfacts,4904728000.0,1028608000.0,210293000.0,161792000.0,122091000.0,3985797000.0,723014000.0,1163149000.0,86844000.0,314340000.0,90695000.0,,54725000.0,,1249993000.0,Business Services,live_sec_companyfacts,live_api,2026-05-28T16:37:48+00:00
MMS,MMS,1032220,2024,10-K,2024-11-21,sec_companyfacts,5306197000.0,1251652000.0,406509000.0,306914000.0,235763000.0,4131508000.0,807529000.0,1091954000.0,40139000.0,515258000.0,114190000.0,,33957000.0,,1132093000.0,Business Services,live_sec_companyfacts,live_api,2026-05-28T16:37:48+00:00
MMS,MMS,1032220,2025,10-K,2025-11-20,sec_companyfacts,5431276000.0,1333443000.0,444849000.0,319034000.0,260459000.0,4069639000.0,765163000.0,1281593000.0,52680000.0,429372000.0,63213000.0,,41669000.0,,1334273000.0,Business Services,live_sec_companyfacts,live_api,2026-05-28T16:37:48+00:00
NSP,NSP,1000753,2022,10-K,2023-02-10,sec_companyfacts,5938818000.0,1011233000.0,245425000.0,179350000.0,1013919000.0,2039261000.0,1353370000.0,369400000.0,,347691000.0,30329000.0,,40660000.0,14207000.0,369400000.0,Business Services,live_sec_companyfacts,live_api,2026-05-28T16:37:48+00:00
NSP,NSP,1000753,2023,10-K,2024-02-09,sec_companyfacts,6485871000.0,1036803000.0,225078000.0,171382000.0,1035665000.0,2119659000.0,1436289000.0,369400000.0,,198488000.0,40117000.0,,42708000.0,27137000.0,369400000.0,Business Services,live_sec_companyfacts,live_api,2026-05-28T16:37:48+00:00
NSP,NSP,1000753,2024,10-K,2025-02-11,sec_companyfacts,6581000000.0,1052000000.0,126000000.0,91000000.0,1344000000.0,2597000000.0,1930000000.0,369000000.0,,520000000.0,38000000.0,,44000000.0,28000000.0,369000000.0,Business Services,live_sec_companyfacts,live_api,2026-05-28T16:37:48+00:00
NSP,NSP,1000753,2025,10-K,2026-02-11,sec_companyfacts,6812000000.0,900000000.0,-4000000.0,-7000000.0,945000000.0,2203000000.0,1620000000.0,369000000.0,,-278000000.0,31000000.0,,45000000.0,24000000.0,369000000.0,Business Services,live_sec_companyfacts,live_api,2026-05-28T16:37:48+00:00
PAYX,"Paychex, Inc.",723531,2022,10-K,2022-07-15,sec_companyfacts,4554000000.0,,1824600000.0,,928400000.0,9635200000.0,5269200000.0,797700000.0,8700000.0,1505500000.0,132600000.0,,191800000.0,36600000.0,806400000.0,Business Services,live_sec_companyfacts,live_api,2026-05-28T16:37:48+00:00
PAYX,"Paychex, Inc.",723531,2023,10-K,2023-07-14,sec_companyfacts,4907300000.0,,2048200000.0,,2134900000.0,10546400000.0,5805400000.0,798200000.0,10200000.0,1699400000.0,143000000.0,,176600000.0,36700000.0,808400000.0,Business Services,live_sec_companyfacts,live_api,2026-05-28T16:37:48+00:00
PAYX,"Paychex, Inc.",723531,2024,10-K,2024-07-11,sec_companyfacts,5132000000.0,,2218000000.0,1690400000.0,1897000000.0,10383100000.0,5309100000.0,798600000.0,18700000.0,1897700000.0,161400000.0,,176500000.0,37300000.0,817300000.0,Business Services,live_sec_companyfacts,live_api,2026-05-28T16:37:48+00:00
PAYX,"Paychex, Inc.",723531,2025,10-K,2025-07-11,sec_companyfacts,5410000000.0,,2175900000.0,1657300000.0,2734300000.0,16564100000.0,6956300000.0,4548400000.0,399800000.0,1900900000.0,191800000.0,,209500000.0,,4948200000.0,Business Services,live_sec_companyfacts,live_api,2026-05-28T16:37:48+00:00
ROL,ROL,84839,2022,10-K,2023-02-16,sec_companyfacts,2695823000.0,,498917000.0,368599000.0,95346000.0,2122028000.0,493784000.0,,,465930000.0,30628000.0,,91326000.0,,,Business Services,live_sec_companyfacts,live_api,2026-05-28T16:37:48+00:00
ROL,ROL,84839,2023,10-K,2024-02-15,sec_companyfacts,3073278000.0,,586257000.0,434957000.0,103825000.0,2595460000.0,576689000.0,,,528366000.0,32465000.0,,99752000.0,,,Business Services,live_sec_companyfacts,live_api,2026-05-28T16:37:48+00:00
ROL,ROL,84839,2024,10-K,2025-02-13,sec_companyfacts,3388708000.0,,630230000.0,466379000.0,89630000.0,2819695000.0,645162000.0,,,607653000.0,27572000.0,,113220000.0,,,Business Services,live_sec_companyfacts,live_api,2026-05-28T16:37:48+00:00
ROL,ROL,84839,2025,10-K,2026-02-12,sec_companyfacts,3761050000.0,,700926000.0,526705000.0,100004000.0,3140523000.0,785525000.0,,123683000.0,678107000.0,28086000.0,,124744000.0,,123683000.0,Business Services,live_sec_companyfacts,live_api,2026-05-28T16:37:48+00:00
ROP,"Roper Technologies, Inc.",882835,2022,10-K,2023-02-27,sec_companyfacts,1430900000.0,1002300000.0,1282000000.0,1928400000.0,792800000.0,26980800000.0,2892500000.0,5962500000.0,699200000.0,734600000.0,,,650100000.0,192400000.0,6661700000.0,Business Services,live_sec_companyfacts,live_api,2026-05-28T16:37:48+00:00
ROP,"Roper Technologies, Inc.",882835,2023,10-K,2024-02-22,sec_companyfacts,1613500000.0,1125200000.0,1743100000.0,389000000.0,214300000.0,28167500000.0,2963200000.0,5830600000.0,499500000.0,2035100000.0,,,755200000.0,164700000.0,6330100000.0,Business Services,live_sec_companyfacts,live_api,2026-05-28T16:37:48+00:00
ROP,"Roper Technologies, Inc.",882835,2024,10-K,2025-02-24,sec_companyfacts,1877100000.0,1282300000.0,1967200000.0,462300000.0,188200000.0,31334700000.0,3832200000.0,6579900000.0,1043100000.0,2393200000.0,,,812800000.0,,7623000000.0,Business Services,live_sec_companyfacts,live_api,2026-05-28T16:37:48+00:00
ROP,"Roper Technologies, Inc.",882835,2025,10-K,2026-02-24,sec_companyfacts,7902500000.0,5472000000.0,1936100000.0,1536300000.0,297400000.0,34577000000.0,3725600000.0,8595800000.0,705200000.0,2540300000.0,,,898200000.0,,9301000000.0,Business Services,live_sec_companyfacts,live_api,2026-05-28T16:37:48+00:00
RSG,"Republic Services, Inc.",1060391,2022,10-K,2023-02-23,sec_companyfacts,13511300000.0,,1831500000.0,1487600000.0,214300000.0,29052900000.0,3390700000.0,,,3190000000.0,1454000000.0,,1351600000.0,395600000.0,,Business Services,live_sec_companyfacts,live_api,2026-05-28T16:37:48+00:00
RSG,"Republic Services, Inc.",1060391,2023,10-K,2024-02-29,sec_companyfacts,14964500000.0,,2191500000.0,1731400000.0,227500000.0,31410100000.0,4228300000.0,,,3617800000.0,1631100000.0,,1501400000.0,508200000.0,,Business Services,live_sec_companyfacts,live_api,2026-05-28T16:37:48+00:00
RSG,"Republic Services, Inc.",1060391,2024,10-K,2025-02-14,sec_companyfacts,16032000000.0,,2432000000.0,2044000000.0,203000000.0,32402000000.0,4128000000.0,,,3936000000.0,1855000000.0,,1677000000.0,,,Business Services,live_sec_companyfacts,live_api,2026-05-28T16:37:48+00:00
RSG,"Republic Services, Inc.",1060391,2025,10-K,2026-02-18,sec_companyfacts,16591000000.0,,2594000000.0,2139000000.0,249000000.0,34366000000.0,3928000000.0,,,4296000000.0,1887000000.0,,1814000000.0,,,Business Services,live_sec_companyfacts,live_api,2026-05-28T16:37:48+00:00
SPGI,S&P Global Inc.,64040,2021,10-K,2022-02-08,sec_companyfacts,8297000000.0,,4164000000.0,3263000000.0,6505000000.0,15026000000.0,3815000000.0,4114000000.0,,3598000000.0,35000000.0,,178000000.0,119000000.0,4114000000.0,Business Services,live_sec_companyfacts,live_api,2026-05-28T16:37:48+00:00
SPGI,S&P Global Inc.,64040,2022,10-K,2023-02-10,sec_companyfacts,11181000000.0,,4702000000.0,3522000000.0,1287000000.0,61784000000.0,5999000000.0,10730000000.0,,2603000000.0,89000000.0,,1013000000.0,304000000.0,10730000000.0,Business Services,live_sec_companyfacts,live_api,2026-05-28T16:37:48+00:00
SPGI,S&P Global Inc.,64040,2023,10-K,2024-02-09,sec_companyfacts,12497000000.0,,3671000000.0,2893000000.0,1291000000.0,60589000000.0,6125000000.0,11412000000.0,,3710000000.0,143000000.0,,1143000000.0,334000000.0,11412000000.0,Business Services,live_sec_companyfacts,live_api,2026-05-28T16:37:48+00:00
SPGI,S&P Global Inc.,64040,2025,10-K,2026-02-11,sec_companyfacts,15336000000.0,,6227000000.0,4820000000.0,1745000000.0,61200000000.0,7637000000.0,12370000000.0,,5651000000.0,195000000.0,,1179000000.0,,12370000000.0,Business Services,live_sec_companyfacts,live_api,2026-05-28T16:37:48+00:00
TNET,TNET,937098,2022,10-K,2023-02-15,sec_companyfacts,4885000000.0,,482000000.0,355000000.0,1537000000.0,3443000000.0,1988000000.0,496000000.0,,562000000.0,56000000.0,899000000.0,,,496000000.0,Business Services,live_sec_companyfacts,live_api,2026-05-28T16:37:48+00:00
TNET,TNET,937098,2023,10-K,2024-02-15,sec_companyfacts,4922000000.0,,501000000.0,375000000.0,1466000000.0,3693000000.0,2463000000.0,984000000.0,,545000000.0,75000000.0,976000000.0,,,984000000.0,Business Services,live_sec_companyfacts,live_api,2026-05-28T16:37:48+00:00
TNET,TNET,937098,2024,10-K,2025-02-13,sec_companyfacts,5053000000.0,,226000000.0,173000000.0,1691000000.0,4119000000.0,2981000000.0,908000000.0,,279000000.0,78000000.0,1056000000.0,,,908000000.0,Business Services,live_sec_companyfacts,live_api,2026-05-28T16:37:48+00:00
TNET,TNET,937098,2025,10-K,2026-02-12,sec_companyfacts,5010000000.0,,217000000.0,155000000.0,1902000000.0,3797000000.0,2637000000.0,895000000.0,,303000000.0,69000000.0,1135000000.0,,,895000000.0,Business Services,live_sec_companyfacts,live_api,2026-05-28T16:37:48+00:00
VRSK,"Verisk Analytics, Inc.",1442145,2022,10-K,2023-02-28,sec_companyfacts,2497000000.0,,1262400000.0,954300000.0,292700000.0,6961100000.0,2319200000.0,,,1059000000.0,274700000.0,,164200000.0,138800000.0,,Business Services,live_sec_companyfacts,live_api,2026-05-28T16:37:48+00:00
VRSK,"Verisk Analytics, Inc.",1442145,2023,10-K,2024-02-21,sec_companyfacts,2681400000.0,,1027200000.0,614400000.0,302700000.0,4366100000.0,771400000.0,,,1060700000.0,230000000.0,,206800000.0,115500000.0,,Business Services,live_sec_companyfacts,live_api,2026-05-28T16:37:48+00:00
VRSK,"Verisk Analytics, Inc.",1442145,2024,10-K,2025-02-26,sec_companyfacts,2881700000.0,,1228600000.0,957500000.0,291200000.0,4264700000.0,1238900000.0,,,1144000000.0,223900000.0,,233600000.0,138800000.0,,Business Services,live_sec_companyfacts,live_api,2026-05-28T16:37:48+00:00
VRSK,"Verisk Analytics, Inc.",1442145,2025,10-K,2026-02-18,sec_companyfacts,3072700000.0,,1171300000.0,908300000.0,2178200000.0,6195500000.0,2300300000.0,,,1436000000.0,244100000.0,,259200000.0,,,Business Services,live_sec_companyfacts,live_api,2026-05-28T16:37:48+00:00
WEX,WEX,1309108,2022,10-K,2023-02-28,sec_companyfacts,1689665000.0,,260546000.0,167461000.0,1859733000.0,11529229000.0,6294067000.0,2522206000.0,202638000.0,679425000.0,40801000.0,,157999000.0,130690000.0,2724844000.0,Business Services,live_sec_companyfacts,live_api,2026-05-28T16:37:48+00:00
WEX,WEX,1309108,2023,10-K,2024-02-23,sec_companyfacts,1838400000.0,,368800000.0,266600000.0,2230000000.0,13882100000.0,8519200000.0,2827500000.0,55100000.0,907900000.0,143600000.0,,171800000.0,,2882600000.0,Business Services,live_sec_companyfacts,live_api,2026-05-28T16:37:48+00:00
WEX,WEX,1309108,2024,10-K,2025-02-20,sec_companyfacts,1867300000.0,,417800000.0,309600000.0,1437000000.0,13321600000.0,8327300000.0,3082100000.0,52100000.0,481400000.0,147300000.0,,187300000.0,,3134200000.0,Business Services,live_sec_companyfacts,live_api,2026-05-28T16:37:48+00:00
WEX,WEX,1309108,2025,10-K,2026-02-13,sec_companyfacts,1845400000.0,,420200000.0,304100000.0,1678400000.0,14399500000.0,9286600000.0,3532000000.0,54700000.0,454300000.0,58600000.0,,179000000.0,,3586700000.0,Business Services,live_sec_companyfacts,live_api,2026-05-28T16:37:48+00:00
WM,"Waste Management, Inc.",823768,2022,10-K,2023-02-07,sec_companyfacts,19698000000.0,,2918000000.0,2240000000.0,445000000.0,31367000000.0,4394000000.0,,,4536000000.0,2587000000.0,,2038000000.0,,,Business Services,live_sec_companyfacts,live_api,2026-05-28T16:37:48+00:00
WM,"Waste Management, Inc.",823768,2023,10-K,2024-02-13,sec_companyfacts,20426000000.0,,3021000000.0,2276000000.0,552000000.0,32823000000.0,4226000000.0,,,4719000000.0,2895000000.0,,2071000000.0,,,Business Services,live_sec_companyfacts,live_api,2026-05-28T16:37:48+00:00
WM,"Waste Management, Inc.",823768,2024,10-K,2025-02-19,sec_companyfacts,22063000000.0,,3458000000.0,2745000000.0,487000000.0,44567000000.0,6258000000.0,,,5390000000.0,3231000000.0,,2267000000.0,,,Business Services,live_sec_companyfacts,live_api,2026-05-28T16:37:48+00:00
WM,"Waste Management, Inc.",823768,2025,10-K,2026-02-09,sec_companyfacts,25204000000.0,,3426000000.0,2709000000.0,297000000.0,45835000000.0,5524000000.0,,,6043000000.0,3227000000.0,,2863000000.0,,,Business Services,live_sec_companyfacts,live_api,2026-05-28T16:37:48+00:00
BKNG,Booking Holdings Inc.,1075531,2022,10-K,2023-02-23,sec_companyfacts,17090000000.0,,3923000000.0,,12251000000.0,25361000000.0,8474000000.0,11985000000.0,500000000.0,6554000000.0,368000000.0,,451000000.0,391000000.0,12485000000.0,Consumer Services,live_sec_companyfacts,live_api,2026-05-28T16:37:48+00:00
BKNG,Booking Holdings Inc.,1075531,2023,10-K,2024-02-22,sec_companyfacts,21365000000.0,,5481000000.0,,12135000000.0,24342000000.0,13330000000.0,12223000000.0,1961000000.0,7344000000.0,345000000.0,,504000000.0,897000000.0,14184000000.0,Consumer Services,live_sec_companyfacts,live_api,2026-05-28T16:37:48+00:00
BKNG,Booking Holdings Inc.,1075531,2024,10-K,2025-02-20,sec_companyfacts,23739000000.0,,7292000000.0,,16193000000.0,27708000000.0,15647000000.0,14853000000.0,1745000000.0,8323000000.0,429000000.0,,591000000.0,,16598000000.0,Consumer Services,live_sec_companyfacts,live_api,2026-05-28T16:37:48+00:00
BKNG,Booking Holdings Inc.,1075531,2025,10-K,2026-02-18,sec_companyfacts,26917000000.0,,6832000000.0,,17269000000.0,29264000000.0,16698000000.0,16856000000.0,1880000000.0,9409000000.0,322000000.0,,623000000.0,,18736000000.0,Consumer Services,live_sec_companyfacts,live_api,2026-05-28T16:37:48+00:00
BURL,BURL,1579298,2022,10-K,2023-03-13,sec_companyfacts,8684545000.0,,307509000.0,230123000.0,872623000.0,7269597000.0,1911951000.0,,,596385000.0,447393000.0,,270398000.0,,,Consumer Services,live_sec_companyfacts,live_api,2026-05-28T16:37:48+00:00
BURL,BURL,1579298,2023,10-K,2024-03-15,sec_companyfacts,9708973000.0,,465773000.0,339649000.0,925359000.0,7706840000.0,2028786000.0,,,868735000.0,492644000.0,,307064000.0,,,Consumer Services,live_sec_companyfacts,live_api,2026-05-28T16:37:48+00:00
BURL,BURL,1579298,2024,10-K,2025-03-17,sec_companyfacts,10616743000.0,,674814000.0,503639000.0,994698000.0,8770413000.0,2272511000.0,,,863376000.0,880384000.0,,347575000.0,,,Consumer Services,live_sec_companyfacts,live_api,2026-05-28T16:37:48+00:00
BURL,BURL,1579298,2025,10-K,2026-03-19,sec_companyfacts,11549607000.0,,816118000.0,610153000.0,1232525000.0,9919057000.0,2249211000.0,,50600000.0,1231382000.0,1059793000.0,,417871000.0,,50600000.0,Consumer Services,live_sec_companyfacts,live_api,2026-05-28T16:37:48+00:00
CAKE,CAKE,887596,2021,10-K,2022-02-22,sec_companyfacts,,,71620000.0,72373000.0,189627000.0,2798125000.0,636273000.0,466017000.0,,213006000.0,66943000.0,,89654000.0,,466017000.0,Consumer Services,live_sec_companyfacts,live_api,2026-05-28T16:37:48+00:00
CAKE,CAKE,887596,2023,10-K,2023-02-27,sec_companyfacts,,,32892000.0,43123000.0,114777000.0,2775220000.0,656678000.0,468032000.0,,161926000.0,112464000.0,,92380000.0,,468032000.0,Consumer Services,live_sec_companyfacts,live_api,2026-05-28T16:37:48+00:00
CAKE,CAKE,887596,2024,10-K,2025-02-24,sec_companyfacts,3581699000.0,,171047000.0,156783000.0,84176000.0,3041760000.0,711420000.0,452062000.0,,268325000.0,160364000.0,,101450000.0,,452062000.0,Consumer Services,live_sec_companyfacts,live_api,2026-05-28T16:37:48+00:00
CAKE,CAKE,887596,2025,10-K,2026-02-23,sec_companyfacts,3751806000.0,,162895000.0,148427000.0,215729000.0,3261672000.0,777011000.0,561259000.0,68815000.0,301281000.0,146204000.0,,109031000.0,,630074000.0,Consumer Services,live_sec_companyfacts,live_api,2026-05-28T16:37:48+00:00
CHH,CHH,1046311,2022,10-K,2023-03-01,sec_companyfacts,1401718000.0,,436806000.0,332152000.0,41566000.0,2102175000.0,435898000.0,1200547000.0,2976000.0,367061000.0,,,30425000.0,43797000.0,1203523000.0,Consumer Services,live_sec_companyfacts,live_api,2026-05-28T16:37:48+00:00
CHH,CHH,1046311,2023,10-K,2024-02-20,sec_companyfacts,1544165000.0,,336956000.0,258507000.0,26754000.0,2394799000.0,942690000.0,1068751000.0,499268000.0,296554000.0,,,39659000.0,63780000.0,1568019000.0,Consumer Services,live_sec_companyfacts,live_api,2026-05-28T16:37:48+00:00
CHH,CHH,1046311,2024,10-K,2025-02-20,sec_companyfacts,1584839000.0,,395645000.0,299665000.0,40177000.0,2530527000.0,462721000.0,1768526000.0,0.0,319403000.0,,,43282000.0,,1768526000.0,Consumer Services,live_sec_companyfacts,live_api,2026-05-28T16:37:48+00:00
CHH,CHH,1046311,2025,10-K,2026-02-19,sec_companyfacts,1596793000.0,,456891000.0,369946000.0,44997000.0,2918203000.0,467291000.0,1906122000.0,,270447000.0,,,59715000.0,,1906122000.0,Consumer Services,live_sec_companyfacts,live_api,2026-05-28T16:37:48+00:00
CMG,"Chipotle Mexican Grill, Inc.",1058090,2022,10-K,2023-02-09,sec_companyfacts,8634652000.0,,1181531000.0,899101000.0,408966000.0,6927504000.0,921880000.0,,,1323179000.0,479164000.0,,286826000.0,,,Consumer Services,live_sec_companyfacts,live_api,2026-05-28T16:37:48+00:00
CMG,"Chipotle Mexican Grill, Inc.",1058090,2023,10-K,2024-02-08,sec_companyfacts,9871649000.0,,1620506000.0,1228737000.0,586163000.0,8044362000.0,1030625000.0,,,1783477000.0,560731000.0,,319394000.0,,,Consumer Services,live_sec_companyfacts,live_api,2026-05-28T16:37:48+00:00
CMG,"Chipotle Mexican Grill, Inc.",1058090,2024,10-K,2025-02-05,sec_companyfacts,11313853000.0,,2010230000.0,1534110000.0,778379000.0,9204374000.0,1168768000.0,,,2105076000.0,593603000.0,,335030000.0,,,Consumer Services,live_sec_companyfacts,live_api,2026-05-28T16:37:48+00:00
CMG,"Chipotle Mexican Grill, Inc.",1058090,2025,10-K,2026-02-04,sec_companyfacts,11925601000.0,,2009519000.0,1535761000.0,385909000.0,8994531000.0,1188142000.0,,,2113926000.0,666336000.0,,361382000.0,,,Consumer Services,live_sec_companyfacts,live_api,2026-05-28T16:37:48+00:00
DPZ,"Domino's Pizza, Inc.",1286681,2022,10-K,2022-03-01,sec_companyfacts,4357373000.0,1688242000.0,625705000.0,510467000.0,490480000.0,1671816000.0,590741000.0,,,654206000.0,94172000.0,,72923000.0,191806000.0,,Consumer Services,live_sec_companyfacts,live_api,2026-05-28T16:37:48+00:00
DPZ,"Domino's Pizza, Inc.",1286681,2023,10-K,2024-02-26,sec_companyfacts,4479358000.0,1727417000.0,652440000.0,519118000.0,403133000.0,1674899000.0,547350000.0,,,590864000.0,105396000.0,,80640000.0,196475000.0,,Consumer Services,live_sec_companyfacts,live_api,2026-05-28T16:37:48+00:00
DPZ,"Domino's Pizza, Inc.",1286681,2024,10-K,2025-02-24,sec_companyfacts,4706416000.0,1848502000.0,722215000.0,584170000.0,462424000.0,1737013000.0,1612462000.0,,,624897000.0,112885000.0,,87732000.0,195870000.0,,Consumer Services,live_sec_companyfacts,live_api,2026-05-28T16:37:48+00:00
DPZ,"Domino's Pizza, Inc.",1286681,2025,10-K,2026-02-23,sec_companyfacts,4939994000.0,1973560000.0,770338000.0,601704000.0,433985000.0,1716459000.0,541621000.0,,100000.0,792062000.0,120558000.0,,88827000.0,195972000.0,100000.0,Consumer Services,live_sec_companyfacts,live_api,2026-05-28T16:37:48+00:00
DRI,DRI,940944,2022,10-K,2022-07-22,sec_companyfacts,9630000000.0,1901800000.0,1093500000.0,952800000.0,472100000.0,10135800000.0,1847500000.0,901000000.0,,,376900000.0,2226000000.0,368400000.0,40900000.0,901000000.0,Consumer Services,live_sec_companyfacts,live_api,2026-05-28T16:37:48+00:00
DRI,DRI,940944,2023,10-K,2023-07-21,sec_companyfacts,10487800000.0,1965100000.0,1120500000.0,981900000.0,416200000.0,10241500000.0,1937400000.0,,,,564900000.0,2230800000.0,387800000.0,50200000.0,,Consumer Services,live_sec_companyfacts,live_api,2026-05-28T16:37:48+00:00
DRI,DRI,940944,2024,10-K,2024-07-19,sec_companyfacts,11390000000.0,2265700000.0,1175500000.0,1027600000.0,220100000.0,11323000000.0,2192500000.0,,86800000.0,,601200000.0,2252400000.0,459900000.0,,86800000.0,Consumer Services,live_sec_companyfacts,live_api,2026-05-28T16:37:48+00:00
DRI,DRI,940944,2025,10-K,2025-07-18,sec_companyfacts,12076700000.0,2472700000.0,1187200000.0,1049600000.0,254500000.0,12587000000.0,2247500000.0,,0.0,,644600000.0,2295600000.0,516100000.0,,0.0,Consumer Services,live_sec_companyfacts,live_api,2026-05-28T16:37:48+00:00
FIVE,FIVE,1177609,2022,10-K,2023-03-16,sec_companyfacts,1122751000.0,452397000.0,347534000.0,171320000.0,332324000.0,3324911000.0,602560000.0,,,314926000.0,251954000.0,,105617000.0,,,Consumer Services,live_sec_companyfacts,live_api,2026-05-28T16:37:48+00:00
FIVE,FIVE,1177609,2023,10-K,2024-03-21,sec_companyfacts,1337736000.0,,401101000.0,202199000.0,179749000.0,3872037000.0,715926000.0,,,499619000.0,335050000.0,,130747000.0,,,Consumer Services,live_sec_companyfacts,live_api,2026-05-28T16:37:48+00:00
FIVE,FIVE,1177609,2024,10-K,2025-03-20,sec_companyfacts,1390885000.0,,338665000.0,187457000.0,331718000.0,4339574000.0,756442000.0,,,430648000.0,323994000.0,,167447000.0,,,Consumer Services,live_sec_companyfacts,live_api,2026-05-28T16:37:48+00:00
FIVE,FIVE,1177609,2025,10-K,2026-03-19,sec_companyfacts,4764147000.0,,480371000.0,358641000.0,723699000.0,4937019000.0,954006000.0,,,586428000.0,174741000.0,,192123000.0,,,Consumer Services,live_sec_companyfacts,live_api,2026-05-28T16:37:48+00:00
HLT,Hilton Worldwide Holdings Inc.,1585689,2022,10-K,2023-02-09,sec_companyfacts,8773000000.0,,1734000000.0,1257000000.0,1286000000.0,15512000000.0,3372000000.0,,,1681000000.0,39000000.0,,162000000.0,415000000.0,,Consumer Services,live_sec_companyfacts,live_api,2026-05-28T16:37:48+00:00
HLT,Hilton Worldwide Holdings Inc.,1585689,2023,10-K,2024-02-07,sec_companyfacts,10235000000.0,,1692000000.0,1151000000.0,875000000.0,15401000000.0,3722000000.0,,,1946000000.0,151000000.0,,147000000.0,464000000.0,,Consumer Services,live_sec_companyfacts,live_api,2026-05-28T16:37:48+00:00
HLT,Hilton Worldwide Holdings Inc.,1585689,2024,10-K,2025-02-06,sec_companyfacts,11174000000.0,,1783000000.0,1539000000.0,1376000000.0,16522000000.0,4700000000.0,,,2013000000.0,96000000.0,,146000000.0,569000000.0,,Consumer Services,live_sec_companyfacts,live_api,2026-05-28T16:37:48+00:00
HLT,Hilton Worldwide Holdings Inc.,1585689,2025,10-K,2026-02-11,sec_companyfacts,12039000000.0,,2072000000.0,1461000000.0,970000000.0,16774000000.0,4508000000.0,,,2129000000.0,101000000.0,,177000000.0,,,Consumer Services,live_sec_companyfacts,live_api,2026-05-28T16:37:48+00:00
MAR,"Marriott International, Inc.",1048286,2022,10-K,2023-02-14,sec_companyfacts,20773000000.0,,3114000000.0,2358000000.0,525000000.0,24815000000.0,7339000000.0,,,2363000000.0,332000000.0,,,403000000.0,,Consumer Services,live_sec_companyfacts,live_api,2026-05-28T16:37:48+00:00
MAR,"Marriott International, Inc.",1048286,2023,10-K,2024-02-13,sec_companyfacts,23713000000.0,,3378000000.0,3083000000.0,366000000.0,25674000000.0,7762000000.0,,,3170000000.0,452000000.0,,,565000000.0,,Consumer Services,live_sec_companyfacts,live_api,2026-05-28T16:37:48+00:00
MAR,"Marriott International, Inc.",1048286,2024,10-K,2025-02-11,sec_companyfacts,25100000000.0,,3151000000.0,2375000000.0,425000000.0,26182000000.0,8649000000.0,,,2749000000.0,750000000.0,,,,,Consumer Services,live_sec_companyfacts,live_api,2026-05-28T16:37:48+00:00
MAR,"Marriott International, Inc.",1048286,2025,10-K,2026-02-10,sec_companyfacts,26186000000.0,,3394000000.0,2601000000.0,371000000.0,27540000000.0,8398000000.0,,,3212000000.0,604000000.0,,,,,Consumer Services,live_sec_companyfacts,live_api,2026-05-28T16:37:48+00:00
MCD,McDonald's Corporation,63908,2022,10-K,2023-02-24,sec_companyfacts,23182600000.0,,9371000000.0,6177400000.0,2583800000.0,50435600000.0,3802100000.0,35903500000.0,,7386700000.0,1899200000.0,,1870600000.0,1207000000.0,35903500000.0,Consumer Services,live_sec_companyfacts,live_api,2026-05-28T16:37:48+00:00
MCD,McDonald's Corporation,63908,2023,10-K,2024-02-22,sec_companyfacts,25493700000.0,,11646700000.0,8468800000.0,4579300000.0,56146800000.0,6859000000.0,37152900000.0,,9611900000.0,2357400000.0,,1978200000.0,1360800000.0,37152900000.0,Consumer Services,live_sec_companyfacts,live_api,2026-05-28T16:37:48+00:00
MCD,McDonald's Corporation,63908,2024,10-K,2025-02-25,sec_companyfacts,25920000000.0,,11712000000.0,8223000000.0,1085000000.0,55182000000.0,3861000000.0,38424000000.0,,9447000000.0,2775000000.0,,2097000000.0,1506000000.0,38424000000.0,Consumer Services,live_sec_companyfacts,live_api,2026-05-28T16:37:48+00:00
MCD,McDonald's Corporation,63908,2025,10-K,2026-02-24,sec_companyfacts,26885000000.0,,12393000000.0,8563000000.0,774000000.0,59515000000.0,4361000000.0,39973000000.0,725000000.0,10551000000.0,3365000000.0,,2199000000.0,1582000000.0,40698000000.0,Consumer Services,live_sec_companyfacts,live_api,2026-05-28T16:37:48+00:00
MTN,MTN,812011,2022,10-K,2022-09-28,sec_companyfacts,2525912000.0,,457161000.0,368337000.0,1126107000.0,6318028000.0,1110854000.0,2670300000.0,63749000.0,710499000.0,192817000.0,,252391000.0,148183000.0,2734049000.0,Consumer Services,live_sec_companyfacts,live_api,2026-05-28T16:37:48+00:00
MTN,MTN,812011,2023,10-K,2023-09-28,sec_companyfacts,2889364000.0,,373517000.0,285103000.0,573093000.0,5947754000.0,1130695000.0,2750675000.0,69160000.0,639563000.0,314912000.0,,268501000.0,153022000.0,2819835000.0,Consumer Services,live_sec_companyfacts,live_api,2026-05-28T16:37:48+00:00
MTN,MTN,812011,2024,10-K,2024-09-26,sec_companyfacts,2885191000.0,,345095000.0,246279000.0,337063000.0,5698437000.0,1113309000.0,2721597000.0,57153000.0,586774000.0,211197000.0,,276493000.0,161839000.0,2778750000.0,Consumer Services,live_sec_companyfacts,live_api,2026-05-28T16:37:48+00:00
MTN,MTN,812011,2025,10-K,2025-09-29,sec_companyfacts,2964347000.0,,402397000.0,297976000.0,456419000.0,5777885000.0,1667626000.0,2594765000.0,599509000.0,554870000.0,235191000.0,,296437000.0,171628000.0,3194274000.0,Consumer Services,live_sec_companyfacts,live_api,2026-05-28T16:37:48+00:00
PLAY,PLAY,1525769,2021,10-K,2022-03-29,sec_companyfacts,1304056000.0,,127654000.0,108640000.0,25910000.0,2345790000.0,311515000.0,431395000.0,,283128000.0,92197000.0,,138329000.0,53910000.0,431395000.0,Consumer Services,live_sec_companyfacts,live_api,2026-05-28T16:37:48+00:00
PLAY,PLAY,1525769,2022,10-K,2023-03-28,sec_companyfacts,1964427000.0,,173666000.0,137135000.0,181591000.0,3760993000.0,438037000.0,1222711000.0,8500000.0,444468000.0,234224000.0,,169302000.0,87363000.0,1231211000.0,Consumer Services,live_sec_companyfacts,live_api,2026-05-28T16:37:48+00:00
PLAY,PLAY,1525769,2023,10-K,2024-04-02,sec_companyfacts,2205300000.0,,163100000.0,126900000.0,37300000.0,3754400000.0,435600000.0,1284000000.0,9000000.0,364200000.0,330200000.0,,208500000.0,127400000.0,1293000000.0,Consumer Services,live_sec_companyfacts,live_api,2026-05-28T16:37:48+00:00
PLAY,PLAY,1525769,2025,10-K,2026-03-31,sec_companyfacts,2102800000.0,,-67900000.0,-48700000.0,16600000.0,4116600000.0,434600000.0,1515000000.0,7000000.0,290800000.0,391400000.0,,279400000.0,,1522000000.0,Consumer Services,live_sec_companyfacts,live_api,2026-05-28T16:37:48+00:00
ROST,"Ross Stores, Inc.",745732,2022,10-K,2023-03-28,sec_companyfacts,18695829000.0,,1987489000.0,1512041000.0,4612241000.0,13416463000.0,3636246000.0,2456510000.0,,1689373000.0,654070000.0,,394655000.0,,2456510000.0,Consumer Services,live_sec_companyfacts,live_api,2026-05-28T16:37:48+00:00
ROST,"Ross Stores, Inc.",745732,2023,10-K,2024-04-02,sec_companyfacts,20376941000.0,,2471781000.0,1874520000.0,4935441000.0,14300109000.0,4185796000.0,2211017000.0,249713000.0,2514490000.0,762812000.0,,419432000.0,,2460730000.0,Consumer Services,live_sec_companyfacts,live_api,2026-05-28T16:37:48+00:00
ROST,"Ross Stores, Inc.",745732,2024,10-K,2025-04-01,sec_companyfacts,21129219000.0,,2757154000.0,2090730000.0,4796462000.0,14905332000.0,4661825000.0,1515080000.0,699731000.0,2356988000.0,720104000.0,,446788000.0,,2214811000.0,Consumer Services,live_sec_companyfacts,live_api,2026-05-28T16:37:48+00:00
ROST,"Ross Stores, Inc.",745732,2025,10-K,2026-03-31,sec_companyfacts,22750559000.0,,2842157000.0,2145044000.0,4661973000.0,15548737000.0,4827180000.0,1017863000.0,499743000.0,3026883000.0,819275000.0,,509391000.0,,1517606000.0,Consumer Services,live_sec_companyfacts,live_api,2026-05-28T16:37:48+00:00
SBUX,Starbucks Corporation,829224,2022,10-K,2022-11-18,sec_companyfacts,32250300000.0,,4231900000.0,3283400000.0,2818400000.0,27978400000.0,9151800000.0,13119900000.0,1749000000.0,4397300000.0,1841300000.0,,1447900000.0,482900000.0,14868900000.0,Consumer Services,live_sec_companyfacts,live_api,2026-05-28T16:37:48+00:00
SBUX,Starbucks Corporation,829224,2023,10-K,2023-11-17,sec_companyfacts,35975600000.0,,5401900000.0,4124700000.0,3551500000.0,29445500000.0,9345300000.0,13547600000.0,1818600000.0,6008700000.0,2333600000.0,,1362600000.0,550100000.0,15366200000.0,Consumer Services,live_sec_companyfacts,live_api,2026-05-28T16:37:48+00:00
SBUX,Starbucks Corporation,829224,2024,10-K,2024-11-20,sec_companyfacts,36176200000.0,,4969600000.0,3762300000.0,3286200000.0,31339300000.0,9070000000.0,14319500000.0,1248900000.0,6095600000.0,2777500000.0,,1512600000.0,562000000.0,15568400000.0,Consumer Services,live_sec_companyfacts,live_api,2026-05-28T16:37:48+00:00
SBUX,Starbucks Corporation,829224,2025,10-K,2025-11-14,sec_companyfacts,37184400000.0,,2507300000.0,1856700000.0,3219800000.0,32019700000.0,10210400000.0,14575900000.0,1498900000.0,4747500000.0,2305500000.0,,1684700000.0,542600000.0,16074800000.0,Consumer Services,live_sec_companyfacts,live_api,2026-05-28T16:37:48+00:00
SHAK,SHAK,1620533,2022,10-K,2023-02-23,sec_companyfacts,900486000.0,,-24285000.0,-25967000.0,230521000.0,1494862000.0,147718000.0,,,76741000.0,142559000.0,,72796000.0,1518000.0,,Consumer Services,live_sec_companyfacts,live_api,2026-05-28T16:37:48+00:00
SHAK,SHAK,1620533,2023,10-K,2024-02-29,sec_companyfacts,1087533000.0,,16980000.0,20990000.0,224653000.0,1605857000.0,164067000.0,,,132139000.0,146167000.0,,91242000.0,1717000.0,,Consumer Services,live_sec_companyfacts,live_api,2026-05-28T16:37:48+00:00
SHAK,SHAK,1620533,2024,10-K,2025-02-21,sec_companyfacts,1252608000.0,,14244000.0,10820000.0,320714000.0,1696971000.0,187313000.0,,,171155000.0,135499000.0,,102468000.0,2045000.0,,Consumer Services,live_sec_companyfacts,live_api,2026-05-28T16:37:48+00:00
SHAK,SHAK,1620533,2025,10-K,2026-02-26,sec_companyfacts,1445306000.0,,72609000.0,49706000.0,360123000.0,1896209000.0,244918000.0,,,222355000.0,165849000.0,,106600000.0,2159000.0,,Consumer Services,live_sec_companyfacts,live_api,2026-05-28T16:37:48+00:00
TJX,TJX,109198,2023,10-K,2023-03-29,sec_companyfacts,,,4636000000.0,3498000000.0,5477000000.0,28349000000.0,10305000000.0,2859000000.0,500000000.0,4084000000.0,1457000000.0,,887000000.0,91000000.0,3359000000.0,Consumer Services,live_sec_companyfacts,live_api,2026-05-28T16:37:48+00:00
TJX,TJX,109198,2024,10-K,2024-04-03,sec_companyfacts,,,5967000000.0,4474000000.0,5600000000.0,29747000000.0,10451000000.0,2862000000.0,0.0,6057000000.0,1722000000.0,,964000000.0,82000000.0,2862000000.0,Consumer Services,live_sec_companyfacts,live_api,2026-05-28T16:37:48+00:00
TJX,TJX,109198,2025,10-K,2025-04-02,sec_companyfacts,,,6483000000.0,4864000000.0,5335000000.0,31749000000.0,11008000000.0,2866000000.0,,6116000000.0,1918000000.0,,1104000000.0,78000000.0,2866000000.0,Consumer Services,live_sec_companyfacts,live_api,2026-05-28T16:37:48+00:00
TJX,TJX,109198,2026,10-K,2026-03-31,sec_companyfacts,,,7299000000.0,5494000000.0,6230000000.0,35767000000.0,13361000000.0,1870000000.0,999000000.0,6874000000.0,1957000000.0,,1247000000.0,79000000.0,2869000000.0,Consumer Services,live_sec_companyfacts,live_api,2026-05-28T16:37:48+00:00
TNL,TNL,1361658,2022,10-K,2023-02-22,sec_companyfacts,3567000000.0,,486000000.0,357000000.0,550000000.0,6757000000.0,7661000000.0,,,442000000.0,52000000.0,,119000000.0,195000000.0,,Consumer Services,live_sec_companyfacts,live_api,2026-05-28T16:37:48+00:00
TNL,TNL,1361658,2023,10-K,2024-02-21,sec_companyfacts,3750000000.0,,485000000.0,396000000.0,282000000.0,6738000000.0,7655000000.0,,,350000000.0,74000000.0,,112000000.0,251000000.0,,Consumer Services,live_sec_companyfacts,live_api,2026-05-28T16:37:48+00:00
TNL,TNL,1361658,2024,10-K,2025-02-19,sec_companyfacts,3864000000.0,,513000000.0,411000000.0,329000000.0,6735000000.0,7615000000.0,,,464000000.0,81000000.0,,115000000.0,,,Consumer Services,live_sec_companyfacts,live_api,2026-05-28T16:37:48+00:00
TNL,TNL,1361658,2025,10-K,2026-02-18,sec_companyfacts,4021000000.0,,337000000.0,230000000.0,426000000.0,6760000000.0,7742000000.0,,,640000000.0,117000000.0,,124000000.0,,,Consumer Services,live_sec_companyfacts,live_api,2026-05-28T16:37:48+00:00
TXRH,TXRH,1289460,2022,10-K,2023-02-24,sec_companyfacts,4014919000.0,,321312000.0,277597000.0,173861000.0,2525665000.0,652010000.0,50000000.0,,511725000.0,246121000.0,,137237000.0,,50000000.0,Consumer Services,live_sec_companyfacts,live_api,2026-05-28T16:37:48+00:00
TXRH,TXRH,1289460,2023,10-K,2024-02-23,sec_companyfacts,4631672000.0,,358324000.0,313675000.0,104246000.0,2793376000.0,745434000.0,0.0,,564984000.0,347034000.0,,153202000.0,,0.0,Consumer Services,live_sec_companyfacts,live_api,2026-05-28T16:37:48+00:00
TXRH,TXRH,1289460,2024,10-K,2025-02-28,sec_companyfacts,5373332000.0,,524490000.0,444345000.0,245225000.0,3190779000.0,828130000.0,,,753629000.0,354341000.0,,178157000.0,,,Consumer Services,live_sec_companyfacts,live_api,2026-05-28T16:37:48+00:00
TXRH,TXRH,1289460,2025,10-K,2026-02-27,sec_companyfacts,5878075000.0,,480756000.0,414335000.0,134709000.0,3549472000.0,908837000.0,,,730067000.0,387996000.0,,206640000.0,,,Consumer Services,live_sec_companyfacts,live_api,2026-05-28T16:37:48+00:00
ULTA,ULTA,1403568,2022,10-K,2023-03-24,sec_companyfacts,10208580000.0,4044510000.0,1643544000.0,1242408000.0,737877000.0,5370411000.0,1681775000.0,,,1481915000.0,312126000.0,,241372000.0,,,Consumer Services,live_sec_companyfacts,live_api,2026-05-28T16:37:48+00:00
ULTA,ULTA,1403568,2023,10-K,2024-03-26,sec_companyfacts,11207303000.0,4381100000.0,1695651000.0,1291005000.0,766594000.0,5707011000.0,1658191000.0,,,1476266000.0,435267000.0,,243840000.0,,,Consumer Services,live_sec_companyfacts,live_api,2026-05-28T16:37:48+00:00
ULTA,ULTA,1403568,2024,10-K,2025-03-27,sec_companyfacts,11295654000.0,4387253000.0,1580066000.0,1201118000.0,703201000.0,6001693000.0,1779478000.0,,,1338605000.0,374458000.0,,267042000.0,,,Consumer Services,live_sec_companyfacts,live_api,2026-05-28T16:37:48+00:00
ULTA,ULTA,1403568,2025,10-K,2026-03-26,sec_companyfacts,12392820000.0,4845224000.0,1532992000.0,1153479000.0,424243000.0,6999294000.0,2224342000.0,,62287000.0,1502780000.0,434829000.0,,300772000.0,,62287000.0,Consumer Services,live_sec_companyfacts,live_api,2026-05-28T16:37:48+00:00
WH,WH,1722684,2022,10-K,2023-02-16,sec_companyfacts,1354000000.0,,476000000.0,355000000.0,161000000.0,4123000000.0,406000000.0,,,399000000.0,39000000.0,,77000000.0,80000000.0,,Consumer Services,live_sec_companyfacts,live_api,2026-05-28T16:37:48+00:00
WH,WH,1722684,2023,10-K,2024-02-15,sec_companyfacts,1384000000.0,,398000000.0,289000000.0,66000000.0,4033000000.0,459000000.0,,,376000000.0,37000000.0,,76000000.0,102000000.0,,Consumer Services,live_sec_companyfacts,live_api,2026-05-28T16:37:48+00:00
WH,WH,1722684,2024,10-K,2025-02-13,sec_companyfacts,1404000000.0,,368000000.0,289000000.0,113000000.0,4223000000.0,466000000.0,,,290000000.0,49000000.0,,71000000.0,124000000.0,,Consumer Services,live_sec_companyfacts,live_api,2026-05-28T16:37:48+00:00
WH,WH,1722684,2025,10-K,2026-02-19,sec_companyfacts,1429000000.0,,263000000.0,193000000.0,64000000.0,4182000000.0,507000000.0,,,367000000.0,46000000.0,,62000000.0,139000000.0,,Consumer Services,live_sec_companyfacts,live_api,2026-05-28T16:37:48+00:00
WING,WING,1636222,2022,10-K,2023-02-22,sec_companyfacts,357521000.0,,69316000.0,52947000.0,205715000.0,424190000.0,62412000.0,706846000.0,7300000.0,76238000.0,23940000.0,,10899000.0,,714146000.0,Consumer Services,live_sec_companyfacts,live_api,2026-05-28T16:37:48+00:00
WING,WING,1636222,2023,10-K,2024-02-21,sec_companyfacts,460055000.0,,94310000.0,70175000.0,119676000.0,377825000.0,71004000.0,712327000.0,0.0,121601000.0,40833000.0,,13239000.0,,712327000.0,Consumer Services,live_sec_companyfacts,live_api,2026-05-28T16:37:48+00:00
WING,WING,1636222,2024,10-K,2025-02-19,sec_companyfacts,625807000.0,,147190000.0,108717000.0,359574000.0,716246000.0,87443000.0,1206201000.0,0.0,157610000.0,51929000.0,,19490000.0,,1206201000.0,Consumer Services,live_sec_companyfacts,live_api,2026-05-28T16:37:48+00:00
WING,WING,1636222,2025,10-K,2026-02-18,sec_companyfacts,696853000.0,,237189000.0,174267000.0,228453000.0,693409000.0,81965000.0,1209094000.0,0.0,153065000.0,47441000.0,,25068000.0,,1209094000.0,Consumer Services,live_sec_companyfacts,live_api,2026-05-28T16:37:48+00:00
YUM,"Yum! Brands, Inc.",1041061,2022,10-K,2023-02-27,sec_companyfacts,6842000000.0,,1662000000.0,1325000000.0,647000000.0,5846000000.0,1665000000.0,,398000000.0,1427000000.0,279000000.0,,146000000.0,,398000000.0,Consumer Services,live_sec_companyfacts,live_api,2026-05-28T16:37:48+00:00
YUM,"Yum! Brands, Inc.",1041061,2023,10-K,2024-02-20,sec_companyfacts,7076000000.0,,1818000000.0,1597000000.0,724000000.0,6231000000.0,1277000000.0,,53000000.0,1603000000.0,285000000.0,,153000000.0,,53000000.0,Consumer Services,live_sec_companyfacts,live_api,2026-05-28T16:37:48+00:00
YUM,"Yum! Brands, Inc.",1041061,2024,10-K,2025-02-19,sec_companyfacts,7549000000.0,,1900000000.0,1486000000.0,807000000.0,6727000000.0,1269000000.0,,27000000.0,1689000000.0,257000000.0,,175000000.0,,27000000.0,Consumer Services,live_sec_companyfacts,live_api,2026-05-28T16:37:48+00:00
YUM,"Yum! Brands, Inc.",1041061,2025,10-K,2026-02-20,sec_companyfacts,8214000000.0,,2077000000.0,1559000000.0,923000000.0,8197000000.0,1516000000.0,,38000000.0,2010000000.0,371000000.0,,206000000.0,,38000000.0,Consumer Services,live_sec_companyfacts,live_api,2026-05-28T16:37:48+00:00
AKAM,AKAM,1086222,2022,10-K,2023-02-28,sec_companyfacts,,,676274000.0,128762000.0,543022000.0,8303400000.0,818868000.0,,,1274676000.0,241266000.0,,592754000.0,11096000.0,,Digital Infrastructure / Telecom Infrastructure,live_sec_companyfacts,live_api,2026-05-28T16:37:49+00:00
AKAM,AKAM,1086222,2023,10-K,2024-02-28,sec_companyfacts,,,637338000.0,547629000.0,490470000.0,9900037000.0,836038000.0,,,1348439000.0,457909000.0,,570776000.0,17709000.0,,Digital Infrastructure / Telecom Infrastructure,live_sec_companyfacts,live_api,2026-05-28T16:37:49+00:00
AKAM,AKAM,1086222,2024,10-K,2025-02-24,sec_companyfacts,,,533411000.0,504918000.0,519084000.0,10368785000.0,2091323000.0,,,1519171000.0,390433000.0,,648410000.0,,,Digital Infrastructure / Telecom Infrastructure,live_sec_companyfacts,live_api,2026-05-28T16:37:49+00:00
AKAM,AKAM,1086222,2025,10-K,2026-02-20,sec_companyfacts,,,566944000.0,452031000.0,931308000.0,11479643000.0,967518000.0,,,1518765000.0,507786000.0,,708611000.0,,,Digital Infrastructure / Telecom Infrastructure,live_sec_companyfacts,live_api,2026-05-28T16:37:49+00:00
AMT,American Tower Corporation,1053507,2022,10-K,2023-02-23,sec_companyfacts,855000000.0,,1720700000.0,1696700000.0,2140700000.0,67194500000.0,8311900000.0,,4514200000.0,3696200000.0,1902500000.0,,,1136500000.0,4514200000.0,Digital Infrastructure / Telecom Infrastructure,live_sec_companyfacts,live_api,2026-05-28T16:37:49+00:00
AMT,American Tower Corporation,1053507,2023,10-K,2024-02-27,sec_companyfacts,756700000.0,,1521300000.0,1367100000.0,2093400000.0,66027600000.0,7249300000.0,,3187500000.0,4722400000.0,1798100000.0,,,1398200000.0,3187500000.0,Digital Infrastructure / Telecom Infrastructure,live_sec_companyfacts,live_api,2026-05-28T16:37:49+00:00
AMT,American Tower Corporation,1053507,2024,10-K,2025-02-25,sec_companyfacts,774600000.0,,3624800000.0,2280200000.0,2108200000.0,61077400000.0,7075600000.0,,3693000000.0,5290500000.0,1590000000.0,,,,3693000000.0,Digital Infrastructure / Telecom Infrastructure,live_sec_companyfacts,live_api,2026-05-28T16:37:49+00:00
AMT,American Tower Corporation,1053507,2025,10-K,2026-02-24,sec_companyfacts,935900000.0,,3044200000.0,2628500000.0,1605200000.0,63190400000.0,6913800000.0,,3387800000.0,5464000000.0,1680400000.0,,,,3387800000.0,Digital Infrastructure / Telecom Infrastructure,live_sec_companyfacts,live_api,2026-05-28T16:37:49+00:00
CCI,Crown Castle Inc.,1051470,2022,10-K,2023-02-24,sec_companyfacts,697000000.0,,2425000000.0,1675000000.0,327000000.0,38921000000.0,2731000000.0,,,2878000000.0,1310000000.0,,,,,Digital Infrastructure / Telecom Infrastructure,live_sec_companyfacts,live_api,2026-05-28T16:37:49+00:00
CCI,Crown Castle Inc.,1051470,2023,10-K,2024-02-23,sec_companyfacts,449000000.0,,2369000000.0,1502000000.0,281000000.0,38527000000.0,2585000000.0,,,3126000000.0,1424000000.0,,,,,Digital Infrastructure / Telecom Infrastructure,live_sec_companyfacts,live_api,2026-05-28T16:37:49+00:00
CCI,Crown Castle Inc.,1051470,2024,10-K,2025-03-14,sec_companyfacts,210000000.0,,-2938000000.0,-3903000000.0,295000000.0,32736000000.0,2177000000.0,,,2943000000.0,1222000000.0,,,,,Digital Infrastructure / Telecom Infrastructure,live_sec_companyfacts,live_api,2026-05-28T16:37:49+00:00
CCI,Crown Castle Inc.,1051470,2025,10-K,2026-02-23,sec_companyfacts,215000000.0,,1119000000.0,444000000.0,308000000.0,31518000000.0,4479000000.0,,,3057000000.0,182000000.0,,,,,Digital Infrastructure / Telecom Infrastructure,live_sec_companyfacts,live_api,2026-05-28T16:37:49+00:00
CCOI,CCOI,1158324,2022,10-K,2023-02-24,sec_companyfacts,,,26376000.0,5146000.0,275912000.0,1010182000.0,120284000.0,,,173707000.0,78971000.0,,92222000.0,67584000.0,,Digital Infrastructure / Telecom Infrastructure,live_sec_companyfacts,live_api,2026-05-28T16:37:49+00:00
CCOI,CCOI,1158324,2023,10-K,2024-02-29,sec_companyfacts,,,1219477000.0,1273441000.0,113781000.0,3211619000.0,373324000.0,,,17345000.0,129632000.0,,92222000.0,106783000.0,,Digital Infrastructure / Telecom Infrastructure,live_sec_companyfacts,live_api,2026-05-28T16:37:49+00:00
CCOI,CCOI,1158324,2024,10-K,2025-02-28,sec_companyfacts,,,-259649000.0,-204074000.0,227916000.0,3173102000.0,253336000.0,,,-8645000.0,194998000.0,,92222000.0,123317000.0,,Digital Infrastructure / Telecom Infrastructure,live_sec_companyfacts,live_api,2026-05-28T16:37:49+00:00
CCOI,CCOI,1158324,2025,10-K,2026-02-20,sec_companyfacts,,,-244965000.0,-182174000.0,205112000.0,3099784000.0,220841000.0,,,-10579000.0,187569000.0,,268400000.0,,,Digital Infrastructure / Telecom Infrastructure,live_sec_companyfacts,live_api,2026-05-28T16:37:49+00:00
CHTR,CHTR,1091667,2022,10-K,2023-01-27,sec_companyfacts,54022000000.0,,7462000000.0,5849000000.0,645000000.0,144523000000.0,12065000000.0,96093000000.0,1510000000.0,14925000000.0,9376000000.0,,,,97603000000.0,Digital Infrastructure / Telecom Infrastructure,live_sec_companyfacts,live_api,2026-05-28T16:37:49+00:00
CHTR,CHTR,1091667,2023,10-K,2024-02-02,sec_companyfacts,54607000000.0,,6854000000.0,5261000000.0,709000000.0,147193000000.0,13214000000.0,95777000000.0,2000000000.0,14433000000.0,11115000000.0,,,,97777000000.0,Digital Infrastructure / Telecom Infrastructure,live_sec_companyfacts,live_api,2026-05-28T16:37:49+00:00
CHTR,CHTR,1091667,2024,10-K,2025-01-31,sec_companyfacts,55085000000.0,,7502000000.0,5853000000.0,506000000.0,150020000000.0,13486000000.0,92134000000.0,1799000000.0,14430000000.0,11269000000.0,,,,93933000000.0,Digital Infrastructure / Telecom Infrastructure,live_sec_companyfacts,live_api,2026-05-28T16:37:49+00:00
CHTR,CHTR,1091667,2025,10-K,2026-01-30,sec_companyfacts,54774000000.0,,7458000000.0,5766000000.0,598000000.0,154213000000.0,13306000000.0,94006000000.0,750000000.0,16077000000.0,11659000000.0,,,,94756000000.0,Digital Infrastructure / Telecom Infrastructure,live_sec_companyfacts,live_api,2026-05-28T16:37:49+00:00
CIEN,CIEN,936395,2022,10-K,2022-12-16,sec_companyfacts,3632661000.0,1560344000.0,182505000.0,152902000.0,994378000.0,5069632000.0,1040583000.0,1061125000.0,6930000.0,-167756000.0,90818000.0,,,47050000.0,1068055000.0,Digital Infrastructure / Telecom Infrastructure,live_sec_companyfacts,live_api,2026-05-28T16:37:49+00:00
CIEN,CIEN,936395,2023,10-K,2023-12-15,sec_companyfacts,4386549000.0,1878851000.0,323653000.0,254827000.0,1010786000.0,5601495000.0,932021000.0,1543406000.0,11700000.0,168332000.0,106197000.0,,,88026000.0,1555106000.0,Digital Infrastructure / Telecom Infrastructure,live_sec_companyfacts,live_api,2026-05-28T16:37:49+00:00
CIEN,CIEN,936395,2024,10-K,2024-12-20,sec_companyfacts,4014955000.0,1719590000.0,119850000.0,83956000.0,935026000.0,5641337000.0,999840000.0,1533074000.0,11700000.0,514532000.0,136641000.0,,,,1544774000.0,Digital Infrastructure / Telecom Infrastructure,live_sec_companyfacts,live_api,2026-05-28T16:37:49+00:00
CIEN,CIEN,936395,2025,10-K,2025-12-12,sec_companyfacts,4769507000.0,2004917000.0,156287000.0,123338000.0,1092197000.0,5864667000.0,1308394000.0,1524158000.0,11580000.0,806093000.0,140801000.0,,,,1535738000.0,Digital Infrastructure / Telecom Infrastructure,live_sec_companyfacts,live_api,2026-05-28T16:37:49+00:00
CMCSA,CMCSA,1166691,2022,10-K,2023-02-03,sec_companyfacts,121427000000.0,,9284000000.0,4925000000.0,4782000000.0,257275000000.0,27887000000.0,,,26413000000.0,10626000000.0,,13821000000.0,3896000000.0,,Digital Infrastructure / Telecom Infrastructure,live_sec_companyfacts,live_api,2026-05-28T16:37:49+00:00
CMCSA,CMCSA,1166691,2023,10-K,2024-01-31,sec_companyfacts,121572000000.0,,20478000000.0,15107000000.0,6282000000.0,264811000000.0,40198000000.0,,,28501000000.0,12242000000.0,,14336000000.0,4087000000.0,,Digital Infrastructure / Telecom Infrastructure,live_sec_companyfacts,live_api,2026-05-28T16:37:49+00:00
CMCSA,CMCSA,1166691,2024,10-K,2025-01-31,sec_companyfacts,123731000000.0,,18673000000.0,15877000000.0,7377000000.0,266211000000.0,39581000000.0,,,27673000000.0,12181000000.0,,14802000000.0,,,Digital Infrastructure / Telecom Infrastructure,live_sec_companyfacts,live_api,2026-05-28T16:37:49+00:00
CMCSA,CMCSA,1166691,2025,10-K,2026-02-03,sec_companyfacts,123707000000.0,,25766000000.0,19660000000.0,10559000000.0,272631000000.0,33524000000.0,,,33643000000.0,11750000000.0,,16210000000.0,,,Digital Infrastructure / Telecom Infrastructure,live_sec_companyfacts,live_api,2026-05-28T16:37:49+00:00
DBRG,DBRG,1679688,2022,10-K,2023-02-27,sec_companyfacts,1144572000.0,,-407826000.0,-569997000.0,1036739000.0,11028503000.0,6458440000.0,,,262582000.0,,,576911000.0,,,Digital Infrastructure / Telecom Infrastructure,live_sec_companyfacts,live_api,2026-05-28T16:37:49+00:00
DBRG,DBRG,1679688,2023,10-K,2024-02-23,sec_companyfacts,821383000.0,,365629000.0,45165000.0,350250000.0,3562550000.0,1053387000.0,,,233637000.0,,,36651000.0,,,Digital Infrastructure / Telecom Infrastructure,live_sec_companyfacts,live_api,2026-05-28T16:37:49+00:00
DBRG,DBRG,1679688,2024,10-K,2025-02-21,sec_companyfacts,607028000.0,,168815000.0,147006000.0,306298000.0,3513318000.0,1022128000.0,,,60122000.0,3588000.0,,33706000.0,,,Digital Infrastructure / Telecom Infrastructure,live_sec_companyfacts,live_api,2026-05-28T16:37:49+00:00
DBRG,DBRG,1679688,2025,10-K,2026-02-26,sec_companyfacts,93959000.0,,-17034000.0,-27069000.0,395490000.0,3419182000.0,968959000.0,,,259329000.0,1350000.0,,29454000.0,,,Digital Infrastructure / Telecom Infrastructure,live_sec_companyfacts,live_api,2026-05-28T16:37:49+00:00
DLR,"Digital Realty Trust, Inc.",1297996,2022,10-K,2023-02-27,sec_companyfacts,4691834000.0,,589968000.0,380325000.0,150696000.0,41484998000.0,21862854000.0,,,1659388000.0,,,1577933000.0,299132000.0,,Digital Infrastructure / Telecom Infrastructure,live_sec_companyfacts,live_api,2026-05-28T16:37:49+00:00
DLR,"Digital Realty Trust, Inc.",1297996,2023,10-K,2024-02-23,sec_companyfacts,5477061000.0,,524461000.0,950312000.0,1636470000.0,44113258000.0,23116937000.0,,,1634780000.0,,,1694859000.0,437741000.0,,Digital Infrastructure / Telecom Infrastructure,live_sec_companyfacts,live_api,2026-05-28T16:37:49+00:00
DLR,"Digital Realty Trust, Inc.",1297996,2024,10-K,2025-02-25,sec_companyfacts,5554968000.0,,471864000.0,588327000.0,3876700000.0,45283616000.0,22107836000.0,,,2261477000.0,,,1771797000.0,452836000.0,,Digital Infrastructure / Telecom Infrastructure,live_sec_companyfacts,live_api,2026-05-28T16:37:49+00:00
DLR,"Digital Realty Trust, Inc.",1297996,2025,10-K,2026-02-13,sec_companyfacts,6112692000.0,,1345207000.0,1313165000.0,3458290000.0,49410468000.0,24564494000.0,,,2412136000.0,,,1894636000.0,437947000.0,,Digital Infrastructure / Telecom Infrastructure,live_sec_companyfacts,live_api,2026-05-28T16:37:49+00:00
EQIX,"Equinix, Inc.",1101239,2022,10-K,2023-02-17,sec_companyfacts,7263105000.0,,829369000.0,704577000.0,1908248000.0,30310742000.0,1838298000.0,,,2963182000.0,2278004000.0,,1736208000.0,356337000.0,,Digital Infrastructure / Telecom Infrastructure,live_sec_companyfacts,live_api,2026-05-28T16:37:49+00:00
EQIX,"Equinix, Inc.",1101239,2023,10-K,2024-02-16,sec_companyfacts,8188136000.0,,1124230000.0,968980000.0,2096309000.0,32650724000.0,3162250000.0,,,3216595000.0,2781018000.0,,1845138000.0,402022000.0,,Digital Infrastructure / Telecom Infrastructure,live_sec_companyfacts,live_api,2026-05-28T16:37:49+00:00
EQIX,"Equinix, Inc.",1101239,2024,10-K,2025-02-12,sec_companyfacts,8748000000.0,,975000000.0,814000000.0,3082000000.0,35085000000.0,3349000000.0,,1199000000.0,3249000000.0,3066000000.0,,2009000000.0,,1199000000.0,Digital Infrastructure / Telecom Infrastructure,live_sec_companyfacts,live_api,2026-05-28T16:37:49+00:00
EQIX,"Equinix, Inc.",1101239,2025,10-K,2026-02-11,sec_companyfacts,9217000000.0,,1508000000.0,1348000000.0,1824000000.0,40141000000.0,3893000000.0,,1299000000.0,3911000000.0,4311000000.0,,2050000000.0,,1299000000.0,Digital Infrastructure / Telecom Infrastructure,live_sec_companyfacts,live_api,2026-05-28T16:37:49+00:00
FFIV,FFIV,1048695,2022,10-K,2022-11-15,sec_companyfacts,2695845000.0,2156218000.0,385393000.0,322160000.0,762207000.0,5276194000.0,1839951000.0,0.0,349772000.0,442631000.0,33624000.0,,115609000.0,,349772000.0,Digital Infrastructure / Telecom Infrastructure,live_sec_companyfacts,live_api,2026-05-28T16:37:49+00:00
FFIV,FFIV,1048695,2023,10-K,2023-11-14,sec_companyfacts,2813169000.0,2219861000.0,485988000.0,394948000.0,800835000.0,5248333000.0,1472781000.0,,0.0,653409000.0,54184000.0,,112702000.0,,0.0,Digital Infrastructure / Telecom Infrastructure,live_sec_companyfacts,live_api,2026-05-28T16:37:49+00:00
FFIV,FFIV,1048695,2024,10-K,2024-11-18,sec_companyfacts,2816120000.0,2258473000.0,695465000.0,566778000.0,1078340000.0,5613004000.0,1489653000.0,,,792419000.0,30412000.0,,106991000.0,,,Digital Infrastructure / Telecom Infrastructure,live_sec_companyfacts,live_api,2026-05-28T16:37:49+00:00
FFIV,FFIV,1048695,2025,10-K,2025-11-25,sec_companyfacts,3088072000.0,2514094000.0,808336000.0,692380000.0,1346368000.0,6319492000.0,1612581000.0,,,949666000.0,43260000.0,,92399000.0,,,Digital Infrastructure / Telecom Infrastructure,live_sec_companyfacts,live_api,2026-05-28T16:37:49+00:00
GLW,GLW,24741,2022,10-K,2023-02-13,sec_companyfacts,14189000000.0,4506000000.0,1797000000.0,1386000000.0,1671000000.0,29499000000.0,5175000000.0,,,2615000000.0,,,,,,Digital Infrastructure / Telecom Infrastructure,live_sec_companyfacts,live_api,2026-05-28T16:37:49+00:00
GLW,GLW,24741,2023,10-K,2024-02-12,sec_companyfacts,12588000000.0,3931000000.0,816000000.0,648000000.0,1779000000.0,28500000000.0,4319000000.0,,,2005000000.0,,,,,,Digital Infrastructure / Telecom Infrastructure,live_sec_companyfacts,live_api,2026-05-28T16:37:49+00:00
GLW,GLW,24741,2024,10-K,2025-02-13,sec_companyfacts,13118000000.0,4276000000.0,813000000.0,592000000.0,1768000000.0,27735000000.0,4919000000.0,,,1939000000.0,,,,,,Digital Infrastructure / Telecom Infrastructure,live_sec_companyfacts,live_api,2026-05-28T16:37:49+00:00
GLW,GLW,24741,2025,10-K,2026-02-12,sec_companyfacts,15629000000.0,5621000000.0,2052000000.0,1742000000.0,1566000000.0,30976000000.0,5628000000.0,,,2695000000.0,,,,,,Digital Infrastructure / Telecom Infrastructure,live_sec_companyfacts,live_api,2026-05-28T16:37:49+00:00
GTN,GTN,43196,2022,10-K,2023-02-24,sec_companyfacts,3676000000.0,,614000000.0,455000000.0,61000000.0,11152000000.0,409000000.0,6440000000.0,15000000.0,829000000.0,436000000.0,,336000000.0,,6455000000.0,Digital Infrastructure / Telecom Infrastructure,live_sec_companyfacts,live_api,2026-05-28T16:37:49+00:00
GTN,GTN,43196,2023,10-K,2024-02-23,sec_companyfacts,3281000000.0,,-82000000.0,-76000000.0,21000000.0,10640000000.0,395000000.0,6145000000.0,15000000.0,648000000.0,348000000.0,,339000000.0,,6160000000.0,Digital Infrastructure / Telecom Infrastructure,live_sec_companyfacts,live_api,2026-05-28T16:37:49+00:00
GTN,GTN,43196,2024,10-K,2025-02-27,sec_companyfacts,3644000000.0,,492000000.0,375000000.0,135000000.0,10542000000.0,527000000.0,5601000000.0,20000000.0,751000000.0,143000000.0,,269000000.0,,5621000000.0,Digital Infrastructure / Telecom Infrastructure,live_sec_companyfacts,live_api,2026-05-28T16:37:49+00:00
GTN,GTN,43196,2025,10-K,2026-02-26,sec_companyfacts,3095000000.0,,-113000000.0,-85000000.0,368000000.0,10440000000.0,516000000.0,5742000000.0,2000000.0,289000000.0,108000000.0,,237000000.0,,5744000000.0,Digital Infrastructure / Telecom Infrastructure,live_sec_companyfacts,live_api,2026-05-28T16:37:49+00:00
IIPR,IIPR,1677576,2022,10-K,2023-02-28,sec_companyfacts,276359000.0,,169617000.0,154386000.0,88572000.0,2414836000.0,452943000.0,,,234130000.0,,,61303000.0,18301000.0,,Digital Infrastructure / Telecom Infrastructure,live_sec_companyfacts,live_api,2026-05-28T16:37:49+00:00
IIPR,IIPR,1677576,2023,10-K,2024-02-27,sec_companyfacts,309506000.0,,174587000.0,165588000.0,141699000.0,2391090000.0,438118000.0,,,255543000.0,,,67194000.0,17467000.0,,Digital Infrastructure / Telecom Infrastructure,live_sec_companyfacts,live_api,2026-05-28T16:37:49+00:00
IIPR,IIPR,1677576,2024,10-K,2025-02-21,sec_companyfacts,308517000.0,,168345000.0,161661000.0,146245000.0,2378047000.0,441987000.0,,,258446000.0,,,70807000.0,,,Digital Infrastructure / Telecom Infrastructure,live_sec_companyfacts,live_api,2026-05-28T16:37:49+00:00
IIPR,IIPR,1677576,2025,10-K,2026-02-24,sec_companyfacts,265955000.0,,124122000.0,118247000.0,47597000.0,2370858000.0,522854000.0,,,198189000.0,,,74068000.0,,,Digital Infrastructure / Telecom Infrastructure,live_sec_companyfacts,live_api,2026-05-28T16:37:49+00:00
IRM,Iron Mountain Incorporated,1020569,2022,10-K,2023-02-23,sec_companyfacts,5103574000.0,,631638000.0,562149000.0,141797000.0,16140514000.0,1917564000.0,10481449000.0,87546000.0,927695000.0,1757609000.0,,727595000.0,,10568995000.0,Digital Infrastructure / Telecom Infrastructure,live_sec_companyfacts,live_api,2026-05-28T16:37:49+00:00
IRM,Iron Mountain Incorporated,1020569,2023,10-K,2024-02-22,sec_companyfacts,5480289000.0,,227206000.0,187263000.0,222789000.0,17473802000.0,2236188000.0,11812500000.0,120670000.0,1113567000.0,1482070000.0,,776159000.0,,11933170000.0,Digital Infrastructure / Telecom Infrastructure,live_sec_companyfacts,live_api,2026-05-28T16:37:49+00:00
IRM,Iron Mountain Incorporated,1020569,2024,10-K,2025-02-14,sec_companyfacts,6149909000.0,,244538000.0,183666000.0,155716000.0,18717115000.0,3087275000.0,13003977000.0,715109000.0,1196708000.0,1791564000.0,,900905000.0,,13719086000.0,Digital Infrastructure / Telecom Infrastructure,live_sec_companyfacts,live_api,2026-05-28T16:37:49+00:00
IRM,Iron Mountain Incorporated,1020569,2025,10-K,2026-02-12,sec_companyfacts,6901737000.0,,211188000.0,152254000.0,158535000.0,21125019000.0,2619496000.0,16215885000.0,216074000.0,1339999000.0,2271628000.0,,1024435000.0,,16431959000.0,Digital Infrastructure / Telecom Infrastructure,live_sec_companyfacts,live_api,2026-05-28T16:37:49+00:00
LBRDK,LBRDK,1611983,2022,10-K,2023-02-17,sec_companyfacts,975000000.0,,1534000000.0,1257000000.0,400000000.0,15142000000.0,1675000000.0,2425000000.0,1376000000.0,-56000000.0,181000000.0,,262000000.0,133000000.0,3801000000.0,Digital Infrastructure / Telecom Infrastructure,live_sec_companyfacts,live_api,2026-05-28T16:37:49+00:00
LBRDK,LBRDK,1611983,2023,10-K,2024-02-16,sec_companyfacts,981000000.0,,888000000.0,688000000.0,176000000.0,15641000000.0,178000000.0,3733000000.0,3000000.0,16000000.0,222000000.0,,230000000.0,206000000.0,3736000000.0,Digital Infrastructure / Telecom Infrastructure,live_sec_companyfacts,live_api,2026-05-28T16:37:49+00:00
LBRDK,LBRDK,1611983,2024,10-K,2025-02-27,sec_companyfacts,1016000000.0,,1082000000.0,869000000.0,229000000.0,16687000000.0,200000000.0,3753000000.0,3000000.0,104000000.0,247000000.0,,207000000.0,,3756000000.0,Digital Infrastructure / Telecom Infrastructure,live_sec_companyfacts,live_api,2026-05-28T16:37:49+00:00
LBRDK,LBRDK,1611983,2025,10-K,2026-02-05,sec_companyfacts,,,-3254000000.0,-2676000000.0,95000000.0,8830000000.0,987000000.0,790000000.0,956000000.0,,,,,,1746000000.0,Digital Infrastructure / Telecom Infrastructure,live_sec_companyfacts,live_api,2026-05-28T16:37:49+00:00
LUMN,"Lumen Technologies, Inc.",18926,2022,10-K,2023-02-23,sec_companyfacts,16108000000.0,,-991000000.0,-1548000000.0,1307000000.0,45581000000.0,4803000000.0,,,4735000000.0,3016000000.0,,3239000000.0,1332000000.0,,Digital Infrastructure / Telecom Infrastructure,live_sec_companyfacts,live_api,2026-05-28T16:37:49+00:00
LUMN,"Lumen Technologies, Inc.",18926,2023,10-K,2024-02-22,sec_companyfacts,13521000000.0,,-10237000000.0,-10298000000.0,2234000000.0,34018000000.0,3534000000.0,,,2160000000.0,3100000000.0,,2985000000.0,1158000000.0,,Digital Infrastructure / Telecom Infrastructure,live_sec_companyfacts,live_api,2026-05-28T16:37:49+00:00
LUMN,"Lumen Technologies, Inc.",18926,2024,10-K,2025-02-20,sec_companyfacts,12129000000.0,,-230000000.0,-55000000.0,1889000000.0,33496000000.0,3639000000.0,,,4333000000.0,3231000000.0,,2956000000.0,1372000000.0,,Digital Infrastructure / Telecom Infrastructure,live_sec_companyfacts,live_api,2026-05-28T16:37:49+00:00
LUMN,"Lumen Technologies, Inc.",18926,2025,10-K,2026-02-20,sec_companyfacts,11331000000.0,,-2716000000.0,-1739000000.0,1014000000.0,34342000000.0,4390000000.0,,,4738000000.0,4367000000.0,,2749000000.0,1284000000.0,,Digital Infrastructure / Telecom Infrastructure,live_sec_companyfacts,live_api,2026-05-28T16:37:49+00:00
SBAC,SBA Communications Corporation,1034054,2022,10-K,2023-03-01,sec_companyfacts,296879000.0,1964804000.0,525843000.0,459799000.0,189283000.0,10585041000.0,696764000.0,12844162000.0,24000000.0,1285700000.0,1394395000.0,,,,12868162000.0,Digital Infrastructure / Telecom Infrastructure,live_sec_companyfacts,live_api,2026-05-28T16:37:49+00:00
SBAC,SBA Communications Corporation,1034054,2023,10-K,2024-02-28,sec_companyfacts,194649000.0,2098962000.0,548503000.0,497415000.0,250946000.0,10178441000.0,1363259000.0,11681170000.0,643145000.0,1544393000.0,368613000.0,,,,12324315000.0,Digital Infrastructure / Telecom Infrastructure,live_sec_companyfacts,live_api,2026-05-28T16:37:49+00:00
SBAC,SBA Communications Corporation,1034054,2024,10-K,2025-02-26,sec_companyfacts,152869000.0,2097907000.0,772666000.0,748677000.0,1400657000.0,11417336000.0,1797936000.0,12403825000.0,1187913000.0,1334866000.0,528296000.0,,,,13591738000.0,Digital Infrastructure / Telecom Infrastructure,live_sec_companyfacts,live_api,2026-05-28T16:37:49+00:00
SBAC,SBA Communications Corporation,1034054,2025,10-K,2026-02-27,sec_companyfacts,244498000.0,2124167000.0,1242038000.0,1054456000.0,437021000.0,11575012000.0,2678301000.0,10964466000.0,1935802000.0,1291328000.0,1290133000.0,,,,12900268000.0,Digital Infrastructure / Telecom Infrastructure,live_sec_companyfacts,live_api,2026-05-28T16:37:49+00:00
T,AT&T Inc.,732717,2022,10-K,2023-02-13,sec_companyfacts,31343000000.0,,-3094000000.0,-7055000000.0,3793000000.0,402853000000.0,56173000000.0,,,,19626000000.0,,18021000000.0,6108000000.0,,Digital Infrastructure / Telecom Infrastructure,live_sec_companyfacts,live_api,2026-05-28T16:37:49+00:00
T,AT&T Inc.,732717,2023,10-K,2024-02-23,sec_companyfacts,32022000000.0,,19848000000.0,15623000000.0,6833000000.0,407060000000.0,51127000000.0,,,,17853000000.0,,18777000000.0,6704000000.0,,Digital Infrastructure / Telecom Infrastructure,live_sec_companyfacts,live_api,2026-05-28T16:37:49+00:00
T,AT&T Inc.,732717,2024,10-K,2025-02-12,sec_companyfacts,122336000000.0,,16698000000.0,12253000000.0,3406000000.0,394795000000.0,46872000000.0,,,,20263000000.0,,20580000000.0,,,Digital Infrastructure / Telecom Infrastructure,live_sec_companyfacts,live_api,2026-05-28T16:37:49+00:00
T,AT&T Inc.,732717,2025,10-K,2026-02-09,sec_companyfacts,125648000000.0,,27007000000.0,23386000000.0,18527000000.0,420198000000.0,53780000000.0,,,40284000000.0,20842000000.0,,20886000000.0,,,Digital Infrastructure / Telecom Infrastructure,live_sec_companyfacts,live_api,2026-05-28T16:37:49+00:00
TMUS,"T-Mobile US, Inc.",1283699,2022,10-K,2023-02-14,sec_companyfacts,79571000000.0,,3146000000.0,2590000000.0,4674000000.0,211338000000.0,24742000000.0,65301000000.0,5164000000.0,16781000000.0,13970000000.0,,13651000000.0,,70465000000.0,Digital Infrastructure / Telecom Infrastructure,live_sec_companyfacts,live_api,2026-05-28T16:37:49+00:00
TMUS,"T-Mobile US, Inc.",1283699,2023,10-K,2024-02-02,sec_companyfacts,78558000000.0,,10999000000.0,8317000000.0,5307000000.0,207682000000.0,20928000000.0,71399000000.0,3619000000.0,18559000000.0,9801000000.0,,12818000000.0,,75018000000.0,Digital Infrastructure / Telecom Infrastructure,live_sec_companyfacts,live_api,2026-05-28T16:37:49+00:00
TMUS,"T-Mobile US, Inc.",1283699,2024,10-K,2025-01-31,sec_companyfacts,81400000000.0,,14712000000.0,11339000000.0,5713000000.0,208035000000.0,20174000000.0,74197000000.0,4068000000.0,22293000000.0,8840000000.0,,12919000000.0,,78265000000.0,Digital Infrastructure / Telecom Infrastructure,live_sec_companyfacts,live_api,2026-05-28T16:37:49+00:00
TMUS,"T-Mobile US, Inc.",1283699,2025,10-K,2026-02-11,sec_companyfacts,88309000000.0,,14281000000.0,10992000000.0,5976000000.0,219237000000.0,24500000000.0,81147000000.0,5135000000.0,27950000000.0,9955000000.0,,13508000000.0,,86282000000.0,Digital Infrastructure / Telecom Infrastructure,live_sec_companyfacts,live_api,2026-05-28T16:37:49+00:00
UNIT,Uniti Group Inc.,2020795,2025,10-K,2026-03-02,sec_companyfacts,2234500000.0,,262000000.0,1304700000.0,134100000.0,12036700000.0,1123900000.0,9529400000.0,10000000.0,350200000.0,,,666600000.0,,9539400000.0,Digital Infrastructure / Telecom Infrastructure,live_sec_companyfacts,live_api,2026-05-28T16:37:49+00:00
VZ,Verizon Communications Inc.,732712,2022,10-K,2023-02-10,sec_companyfacts,136835000000.0,,28271000000.0,21748000000.0,4111000000.0,379680000000.0,50171000000.0,,9963000000.0,37141000000.0,,,17099000000.0,3613000000.0,9963000000.0,Digital Infrastructure / Telecom Infrastructure,live_sec_companyfacts,live_api,2026-05-28T16:37:49+00:00
VZ,Verizon Communications Inc.,732712,2023,10-K,2024-02-09,sec_companyfacts,133974000000.0,,16987000000.0,12095000000.0,3497000000.0,380255000000.0,53223000000.0,,12973000000.0,37475000000.0,,,17624000000.0,5524000000.0,12973000000.0,Digital Infrastructure / Telecom Infrastructure,live_sec_companyfacts,live_api,2026-05-28T16:37:49+00:00
VZ,Verizon Communications Inc.,732712,2024,10-K,2025-02-12,sec_companyfacts,134788000000.0,,22979000000.0,17949000000.0,4635000000.0,384711000000.0,64771000000.0,,22633000000.0,36912000000.0,,,17892000000.0,,22633000000.0,Digital Infrastructure / Telecom Infrastructure,live_sec_companyfacts,live_api,2026-05-28T16:37:49+00:00
VZ,Verizon Communications Inc.,732712,2025,10-K,2026-02-17,sec_companyfacts,138191000000.0,,22672000000.0,17608000000.0,19499000000.0,404258000000.0,62370000000.0,,18618000000.0,37137000000.0,,,18349000000.0,,18618000000.0,Digital Infrastructure / Telecom Infrastructure,live_sec_companyfacts,live_api,2026-05-28T16:37:49+00:00
AES,The AES Corporation,874761,2022,10-K,2023-03-01,sec_companyfacts,3060000000.0,563000000.0,96000000.0,-505000000.0,2087000000.0,38363000000.0,6491000000.0,,,2715000000.0,4551000000.0,,1053000000.0,1117000000.0,,Energy Transition,live_sec_companyfacts,live_api,2026-05-28T16:37:49+00:00
AES,The AES Corporation,874761,2023,10-K,2024-02-26,sec_companyfacts,12668000000.0,2504000000.0,,-182000000.0,1990000000.0,44799000000.0,9731000000.0,,,3034000000.0,7724000000.0,,1128000000.0,1319000000.0,,Energy Transition,live_sec_companyfacts,live_api,2026-05-28T16:37:49+00:00
AES,The AES Corporation,874761,2024,10-K,2025-03-11,sec_companyfacts,12278000000.0,2314000000.0,,802000000.0,2039000000.0,47406000000.0,8571000000.0,,,2752000000.0,7392000000.0,,1264000000.0,1485000000.0,,Energy Transition,live_sec_companyfacts,live_api,2026-05-28T16:37:49+00:00
AES,The AES Corporation,874761,2025,10-K,2026-03-02,sec_companyfacts,12233000000.0,2211000000.0,,162000000.0,2162000000.0,51768000000.0,8492000000.0,,,4306000000.0,5929000000.0,,1457000000.0,1407000000.0,,Energy Transition,live_sec_companyfacts,live_api,2026-05-28T16:37:49+00:00
ALB,Albemarle Corporation,915913,2021,10-K,2023-02-15,sec_companyfacts,7320104000.0,3074587000.0,2470061000.0,2815131000.0,1499142000.0,15456522000.0,2741015000.0,3214972000.0,2128000.0,1907849000.0,1261646000.0,,300841000.0,,3217100000.0,Energy Transition,live_sec_companyfacts,live_api,2026-05-28T16:37:49+00:00
ALB,Albemarle Corporation,915913,2023,10-K,2024-02-15,sec_companyfacts,9617203000.0,1185909000.0,251881000.0,1670543000.0,889900000.0,18270652000.0,3560462000.0,3541002000.0,625761000.0,1325321000.0,2149281000.0,,429944000.0,,4166763000.0,Energy Transition,live_sec_companyfacts,live_api,2026-05-28T16:37:49+00:00
ALB,Albemarle Corporation,915913,2024,10-K,2025-02-12,sec_companyfacts,5377526000.0,62539000.0,-1776545000.0,-1135477000.0,1192230000.0,16609649000.0,1966464000.0,3118142000.0,398023000.0,702068000.0,1685790000.0,,588638000.0,,3516165000.0,Energy Transition,live_sec_companyfacts,live_api,2026-05-28T16:37:49+00:00
ALB,Albemarle Corporation,915913,2025,10-K,2026-02-11,sec_companyfacts,5142733000.0,668719000.0,-367084000.0,-465210000.0,1618001000.0,16374211000.0,1798044000.0,3119464000.0,74077000.0,1282267000.0,589801000.0,,658678000.0,,3193541000.0,Energy Transition,live_sec_companyfacts,live_api,2026-05-28T16:37:49+00:00
AMRC,AMRC,1488139,2021,10-K,2022-03-01,sec_companyfacts,1215697000.0,230357000.0,95434000.0,80191000.0,87054000.0,2224821000.0,474224000.0,,78934000.0,-172296000.0,4896000.0,,44756000.0,14548000.0,78934000.0,Energy Transition,live_sec_companyfacts,live_api,2026-05-28T16:37:49+00:00
AMRC,AMRC,1488139,2022,10-K,2023-02-28,sec_companyfacts,1824422000.0,290833000.0,132992000.0,98549000.0,149888000.0,2876821000.0,812068000.0,,331479000.0,-338288000.0,5296000.0,,52432000.0,17775000.0,331479000.0,Energy Transition,live_sec_companyfacts,live_api,2026-05-28T16:37:49+00:00
AMRC,AMRC,1488139,2023,10-K,2024-02-29,sec_companyfacts,1374633000.0,246429000.0,38269000.0,63904000.0,153676000.0,3713776000.0,901471000.0,,322247000.0,-69991000.0,5713000.0,,64129000.0,26922000.0,322247000.0,Energy Transition,live_sec_companyfacts,live_api,2026-05-28T16:37:49+00:00
AMRC,AMRC,1488139,2024,10-K,2025-02-28,sec_companyfacts,1769928000.0,256091000.0,33940000.0,53940000.0,198378000.0,4158508000.0,889008000.0,,149363000.0,117598000.0,4291000.0,,89211000.0,,149363000.0,Energy Transition,live_sec_companyfacts,live_api,2026-05-28T16:37:49+00:00
ARRY,ARRY,1820721,2022,10-K,2023-03-22,sec_companyfacts,1637546000.0,227276000.0,-4952000.0,4432000.0,133901000.0,1706052000.0,465262000.0,720352000.0,38691000.0,141493000.0,10619000.0,,99139000.0,33513000.0,759043000.0,Energy Transition,live_sec_companyfacts,live_api,2026-05-28T16:37:49+00:00
ARRY,ARRY,1820721,2023,10-K,2024-02-28,sec_companyfacts,1576551000.0,415551000.0,177157000.0,137240000.0,249080000.0,1706741000.0,335691000.0,660948000.0,21472000.0,231955000.0,16989000.0,,38928000.0,44229000.0,682420000.0,Energy Transition,live_sec_companyfacts,live_api,2026-05-28T16:37:49+00:00
ARRY,ARRY,1820721,2024,10-K,2025-03-03,sec_companyfacts,915807000.0,297677000.0,-250576000.0,-240394000.0,364141000.0,1425999000.0,437814000.0,646570000.0,30714000.0,153980000.0,7305000.0,,36086000.0,,677284000.0,Energy Transition,live_sec_companyfacts,live_api,2026-05-28T16:37:49+00:00
ARRY,ARRY,1820721,2025,10-K,2026-02-25,sec_companyfacts,1284141000.0,298553000.0,-29217000.0,-52235000.0,245984000.0,1451792000.0,377012000.0,658664000.0,10315000.0,101785000.0,21972000.0,,26199000.0,,668979000.0,Energy Transition,live_sec_companyfacts,live_api,2026-05-28T16:37:49+00:00
BE,Bloom Energy Corporation,1664703,2022,10-K,2023-02-21,sec_companyfacts,1135346000.0,148288000.0,-313989000.0,-315086000.0,518366000.0,1946627000.0,541946000.0,385556000.0,26023000.0,-191723000.0,116823000.0,,,53500000.0,411579000.0,Energy Transition,live_sec_companyfacts,live_api,2026-05-28T16:37:49+00:00
BE,Bloom Energy Corporation,1664703,2023,10-K,2024-02-15,sec_companyfacts,1268782000.0,197794000.0,-306043000.0,-307937000.0,745178000.0,2413677000.0,470422000.0,846633000.0,0.0,-372531000.0,83739000.0,,,108300000.0,846633000.0,Energy Transition,live_sec_companyfacts,live_api,2026-05-28T16:37:49+00:00
BE,Bloom Energy Corporation,1664703,2024,10-K,2025-02-27,sec_companyfacts,1441394000.0,404648000.0,-26357000.0,-27203000.0,950971000.0,2657354000.0,636758000.0,1014407000.0,114385000.0,91998000.0,58852000.0,,,62600000.0,1128792000.0,Energy Transition,live_sec_companyfacts,live_api,2026-05-28T16:37:49+00:00
BE,Bloom Energy Corporation,1664703,2025,10-K,2026-02-09,sec_companyfacts,2001614000.0,587400000.0,-84404000.0,-87140000.0,2481580000.0,4396711000.0,623832000.0,2613726000.0,4153000.0,113949000.0,56759000.0,,,,2617879000.0,Energy Transition,live_sec_companyfacts,live_api,2026-05-28T16:37:49+00:00
CHPT,CHPT,1777393,2023,10-K,2023-04-03,sec_companyfacts,468094000.0,85933000.0,-347275000.0,-345108000.0,294562000.0,1079957000.0,284336000.0,294936000.0,,-267049000.0,18563000.0,,25050000.0,9434000.0,294936000.0,Energy Transition,live_sec_companyfacts,live_api,2026-05-28T16:37:49+00:00
CHPT,CHPT,1777393,2024,10-K,2024-04-01,sec_companyfacts,506639000.0,30118000.0,-457630000.0,-457609000.0,357810000.0,1103363000.0,330153000.0,283704000.0,,-328941000.0,19424000.0,,28486000.0,16273000.0,283704000.0,Energy Transition,live_sec_companyfacts,live_api,2026-05-28T16:37:49+00:00
CHPT,CHPT,1777393,2025,10-K,2025-03-28,sec_companyfacts,417083000.0,100681000.0,-272694000.0,-277066000.0,224971000.0,898175000.0,293746000.0,297092000.0,,-146947000.0,12073000.0,,29192000.0,24653000.0,297092000.0,Energy Transition,live_sec_companyfacts,live_api,2026-05-28T16:37:49+00:00
CHPT,CHPT,1777393,2026,10-K,2026-04-02,sec_companyfacts,411224000.0,125602000.0,-216149000.0,-220197000.0,141964000.0,792245000.0,383569000.0,228480000.0,32371000.0,-62835000.0,4165000.0,,27047000.0,23860000.0,260851000.0,Energy Transition,live_sec_companyfacts,live_api,2026-05-28T16:37:49+00:00
CSIQ,Canadian Solar Inc.,1375877,2022,10-K,2023-04-18,sec_companyfacts,,1263136000.0,356468000.0,298555000.0,1969503000.0,9037128000.0,5258768000.0,,1443816000.0,916631000.0,,,234559000.0,74266000.0,1443816000.0,Energy Transition,live_sec_companyfacts,live_api,2026-05-28T16:37:49+00:00
CSIQ,Canadian Solar Inc.,1375877,2023,10-K,2024-04-26,sec_companyfacts,,1279983000.0,408525000.0,363634000.0,2946432000.0,11895760000.0,5864391000.0,,1805198000.0,684615000.0,1116461000.0,,307040000.0,114099000.0,1805198000.0,Energy Transition,live_sec_companyfacts,live_api,2026-05-28T16:37:49+00:00
CSIQ,Canadian Solar Inc.,1375877,2024,10-K,2025-04-30,sec_companyfacts,,999319000.0,-82302000.0,-77862000.0,2264021000.0,13511550000.0,5418910000.0,,1873306000.0,-885324000.0,1112834000.0,,501443000.0,,1873306000.0,Energy Transition,live_sec_companyfacts,live_api,2026-05-28T16:37:49+00:00
CSIQ,Canadian Solar Inc.,1375877,2025,10-K,2026-04-10,sec_companyfacts,,1026226000.0,-140739000.0,-183763000.0,1940435000.0,15171729000.0,5850389000.0,,2389037000.0,-252741000.0,962254000.0,,555053000.0,,2389037000.0,Energy Transition,live_sec_companyfacts,live_api,2026-05-28T16:37:49+00:00
CWEN,CWEN,1567683,2022,10-K,2023-02-23,sec_companyfacts,1190000000.0,,1282000000.0,1060000000.0,996000000.0,12312000000.0,617000000.0,6491000000.0,322000000.0,787000000.0,112000000.0,,512000000.0,232000000.0,6813000000.0,Energy Transition,live_sec_companyfacts,live_api,2026-05-28T16:37:49+00:00
CWEN,CWEN,1567683,2023,10-K,2024-02-22,sec_companyfacts,1314000000.0,,-16000000.0,-14000000.0,1051000000.0,14701000000.0,906000000.0,7479000000.0,558000000.0,702000000.0,212000000.0,,526000000.0,337000000.0,8037000000.0,Energy Transition,live_sec_companyfacts,live_api,2026-05-28T16:37:49+00:00
CWEN,CWEN,1567683,2024,10-K,2025-02-25,sec_companyfacts,1371000000.0,,-33000000.0,-63000000.0,733000000.0,14329000000.0,718000000.0,6750000000.0,430000000.0,770000000.0,287000000.0,,627000000.0,,7180000000.0,Energy Transition,live_sec_companyfacts,live_api,2026-05-28T16:37:49+00:00
CWEN,CWEN,1567683,2025,10-K,2026-02-24,sec_companyfacts,1429000000.0,,-175000000.0,-231000000.0,818000000.0,16655000000.0,1018000000.0,7898000000.0,708000000.0,688000000.0,319000000.0,,682000000.0,387000000.0,8606000000.0,Energy Transition,live_sec_companyfacts,live_api,2026-05-28T16:37:49+00:00
ENPH,"Enphase Energy, Inc.",1463101,2022,10-K,2023-02-13,sec_companyfacts,2330853000.0,974595000.0,452048000.0,397362000.0,473244000.0,3084280000.0,638219000.0,1199465000.0,90892000.0,744817000.0,46443000.0,,58775000.0,9438000.0,1290357000.0,Energy Transition,live_sec_companyfacts,live_api,2026-05-28T16:37:49+00:00
ENPH,"Enphase Energy, Inc.",1463101,2023,10-K,2024-02-09,sec_companyfacts,2290786000.0,1058388000.0,513139000.0,438936000.0,288748000.0,3383012000.0,532449000.0,1293738000.0,0.0,696780000.0,110401000.0,,74708000.0,8839000.0,1293738000.0,Energy Transition,live_sec_companyfacts,live_api,2026-05-28T16:37:49+00:00
ENPH,"Enphase Energy, Inc.",1463101,2024,10-K,2025-02-10,sec_companyfacts,1330383000.0,629138000.0,120159000.0,102658000.0,464116000.0,3249676000.0,660091000.0,1201089000.0,101291000.0,513693000.0,33604000.0,,81389000.0,,1302380000.0,Energy Transition,live_sec_companyfacts,live_api,2026-05-28T16:37:49+00:00
ENPH,"Enphase Energy, Inc.",1463101,2025,10-K,2026-02-17,sec_companyfacts,1472985000.0,687004000.0,204814000.0,172133000.0,474318000.0,3509792000.0,1262150000.0,572194000.0,632183000.0,136540000.0,40639000.0,,80645000.0,,1204377000.0,Energy Transition,live_sec_companyfacts,live_api,2026-05-28T16:37:49+00:00
FLNC,FLNC,1868941,2022,10-K,2022-12-14,sec_companyfacts,1198603000.0,-62354000.0,-287820000.0,-268860000.0,429721000.0,1745654000.0,1109463000.0,,,-282385000.0,7934000.0,,7108000.0,2018000.0,,Energy Transition,live_sec_companyfacts,live_api,2026-05-28T16:37:49+00:00
FLNC,FLNC,1868941,2023,10-K,2023-11-29,sec_companyfacts,2217978000.0,140955000.0,-100269000.0,-104818000.0,462731000.0,1352149000.0,745663000.0,28024000.0,22539000.0,-111927000.0,2989000.0,,9835000.0,,50563000.0,Energy Transition,live_sec_companyfacts,live_api,2026-05-28T16:37:49+00:00
FLNC,FLNC,1868941,2024,10-K,2024-11-29,sec_companyfacts,2698562000.0,341080000.0,39573000.0,30367000.0,518706000.0,1902188000.0,1258835000.0,0.0,30360000.0,79685000.0,8115000.0,,11426000.0,,30360000.0,Energy Transition,live_sec_companyfacts,live_api,2026-05-28T16:37:49+00:00
FLNC,FLNC,1868941,2025,10-K,2025-11-25,sec_companyfacts,2262830000.0,295785000.0,-45072000.0,-67989000.0,714630000.0,2357000000.0,1370369000.0,,0.0,-145538000.0,14884000.0,,13348000.0,,0.0,Energy Transition,live_sec_companyfacts,live_api,2026-05-28T16:37:49+00:00
FSLR,"First Solar, Inc.",1274494,2022,10-K,2023-02-28,sec_companyfacts,2619319000.0,69858000.0,8598000.0,-44166000.0,1493462000.0,8251228000.0,1038048000.0,184349000.0,0.0,873369000.0,903605000.0,,,12225000.0,184349000.0,Energy Transition,live_sec_companyfacts,live_api,2026-05-28T16:37:49+00:00
FSLR,"First Solar, Inc.",1274494,2023,10-K,2024-02-27,sec_companyfacts,3318602000.0,1300679000.0,891290000.0,830777000.0,1965069000.0,10365132000.0,1306158000.0,464068000.0,,602260000.0,1386775000.0,,,12965000.0,464068000.0,Energy Transition,live_sec_companyfacts,live_api,2026-05-28T16:37:49+00:00
FSLR,"First Solar, Inc.",1274494,2024,10-K,2025-02-25,sec_companyfacts,4206289000.0,1857864000.0,1406338000.0,1292044000.0,1638223000.0,12124361000.0,2077442000.0,373354000.0,,1217999000.0,1526076000.0,,,,373354000.0,Energy Transition,live_sec_companyfacts,live_api,2026-05-28T16:37:49+00:00
FSLR,"First Solar, Inc.",1274494,2025,10-K,2026-02-24,sec_companyfacts,5219376000.0,2120339000.0,1580913000.0,1528229000.0,2814031000.0,13321310000.0,2254102000.0,282593000.0,,2057105000.0,869875000.0,,,,282593000.0,Energy Transition,live_sec_companyfacts,live_api,2026-05-28T16:37:49+00:00
HASI,HASI,1561894,2022,10-K,2023-02-21,sec_companyfacts,239737000.0,,49292000.0,41911000.0,175972000.0,4760148000.0,3095402000.0,,,230000.0,,,3993000.0,115559000.0,,Energy Transition,live_sec_companyfacts,live_api,2026-05-28T16:37:49+00:00
HASI,HASI,1561894,2023,10-K,2024-02-16,sec_companyfacts,319871000.0,,182378000.0,150757000.0,75082000.0,6552350000.0,4410725000.0,,,99689000.0,,,3127000.0,171008000.0,,Energy Transition,live_sec_companyfacts,live_api,2026-05-28T16:37:49+00:00
HASI,HASI,1561894,2024,10-K,2025-02-14,sec_companyfacts,383595000.0,,273826000.0,203628000.0,150157000.0,7080245000.0,4675170000.0,,,5852000.0,,,1003000.0,242364000.0,,Energy Transition,live_sec_companyfacts,live_api,2026-05-28T16:37:49+00:00
HASI,HASI,1561894,2025,10-K,2026-02-13,sec_companyfacts,400502000.0,,273483000.0,188236000.0,145223000.0,8187965000.0,5530096000.0,,,167317000.0,,,780000.0,292404000.0,,Energy Transition,live_sec_companyfacts,live_api,2026-05-28T16:37:49+00:00
NEE,"NextEra Energy, Inc.",753308,2022,10-K,2023-02-17,sec_companyfacts,,,3832000000.0,3246000000.0,3441000000.0,158935000000.0,26695000000.0,55256000000.0,6633000000.0,8262000000.0,,,4503000000.0,,61889000000.0,Energy Transition,live_sec_companyfacts,live_api,2026-05-28T16:37:49+00:00
NEE,"NextEra Energy, Inc.",753308,2023,10-K,2024-02-16,sec_companyfacts,,,7288000000.0,6282000000.0,3420000000.0,177489000000.0,27963000000.0,61405000000.0,6901000000.0,11301000000.0,,,5879000000.0,,68306000000.0,Energy Transition,live_sec_companyfacts,live_api,2026-05-28T16:37:49+00:00
NEE,"NextEra Energy, Inc.",753308,2024,10-K,2025-02-14,sec_companyfacts,,,6037000000.0,5698000000.0,1402000000.0,190144000000.0,25355000000.0,72385000000.0,8061000000.0,13260000000.0,,,5462000000.0,,80446000000.0,Energy Transition,live_sec_companyfacts,live_api,2026-05-28T16:37:49+00:00
NEE,"NextEra Energy, Inc.",753308,2025,10-K,2026-02-13,sec_companyfacts,,,4530000000.0,5332000000.0,3006000000.0,212721000000.0,22817000000.0,89556000000.0,3500000000.0,12485000000.0,,,6580000000.0,,93056000000.0,Energy Transition,live_sec_companyfacts,live_api,2026-05-28T16:37:49+00:00
NRG,"NRG Energy, Inc.",1013871,2022,10-K,2023-02-23,sec_companyfacts,31488000000.0,,1663000000.0,1221000000.0,430000000.0,29146000000.0,12982000000.0,,,360000000.0,367000000.0,,634000000.0,417000000.0,,Energy Transition,live_sec_companyfacts,live_api,2026-05-28T16:37:49+00:00
NRG,"NRG Energy, Inc.",1013871,2023,10-K,2024-02-28,sec_companyfacts,28256000000.0,,-213000000.0,-202000000.0,541000000.0,26038000000.0,9500000000.0,,,-221000000.0,598000000.0,,1127000000.0,667000000.0,,Energy Transition,live_sec_companyfacts,live_api,2026-05-28T16:37:49+00:00
NRG,"NRG Energy, Inc.",1013871,2024,10-K,2025-02-26,sec_companyfacts,27748000000.0,,1448000000.0,1125000000.0,966000000.0,24022000000.0,8813000000.0,,,2306000000.0,472000000.0,,1403000000.0,,,Energy Transition,live_sec_companyfacts,live_api,2026-05-28T16:37:49+00:00
NRG,"NRG Energy, Inc.",1013871,2025,10-K,2026-02-24,sec_companyfacts,30347000000.0,,1134000000.0,864000000.0,4708000000.0,29140000000.0,8029000000.0,,,1913000000.0,1147000000.0,,1406000000.0,,,Energy Transition,live_sec_companyfacts,live_api,2026-05-28T16:37:49+00:00
NXT,NXT,1852131,2023,10-K,2023-06-09,sec_companyfacts,1902137000.0,286973000.0,169083000.0,121333000.0,130008000.0,1419680000.0,507426000.0,147147000.0,,107669000.0,3183000.0,,4626000.0,,147147000.0,Energy Transition,live_sec_companyfacts,live_api,2026-05-28T16:37:49+00:00
NXT,NXT,1852131,2024,10-K,2024-05-28,sec_companyfacts,2499841000.0,813049000.0,607997000.0,496215000.0,474054000.0,2518782000.0,891486000.0,143967000.0,,428973000.0,6160000.0,,4363000.0,,143967000.0,Energy Transition,live_sec_companyfacts,live_api,2026-05-28T16:37:49+00:00
NXT,NXT,1852131,2025,10-K,2025-05-22,sec_companyfacts,2959197000.0,1008825000.0,648016000.0,517246000.0,766103000.0,3192516000.0,1033512000.0,0.0,0.0,655794000.0,33921000.0,,13407000.0,,0.0,Energy Transition,live_sec_companyfacts,live_api,2026-05-28T16:37:49+00:00
NXT,NXT,1852131,2026,10-K,2026-05-19,sec_companyfacts,3559390000.0,1160095000.0,713826000.0,585883000.0,1094976000.0,4073212000.0,1163862000.0,,,562911000.0,49277000.0,,30602000.0,,,Energy Transition,live_sec_companyfacts,live_api,2026-05-28T16:37:49+00:00
ORA,"Ormat Technologies, Inc.",1296445,2022,10-K,2023-02-24,sec_companyfacts,,268824000.0,152803000.0,77795000.0,95872000.0,4611579000.0,343910000.0,,,280974000.0,563476000.0,,198792000.0,87743000.0,,Energy Transition,live_sec_companyfacts,live_api,2026-05-28T16:37:49+00:00
ORA,"Ormat Technologies, Inc.",1296445,2023,10-K,2024-02-23,sec_companyfacts,,264018000.0,166585000.0,133137000.0,195808000.0,5208279000.0,537012000.0,,,309401000.0,618383000.0,,224797000.0,98881000.0,,Energy Transition,live_sec_companyfacts,live_api,2026-05-28T16:37:49+00:00
ORA,"Ormat Technologies, Inc.",1296445,2024,10-K,2025-02-27,sec_companyfacts,,272619000.0,172470000.0,131241000.0,94395000.0,5666224000.0,598078000.0,,,410919000.0,487678000.0,,262863000.0,,,Energy Transition,live_sec_companyfacts,live_api,2026-05-28T16:37:49+00:00
ORA,"Ormat Technologies, Inc.",1296445,2025,10-K,2026-02-26,sec_companyfacts,,272685000.0,169225000.0,126990000.0,147448000.0,6246508000.0,738388000.0,,,335101000.0,619776000.0,,292124000.0,,,Energy Transition,live_sec_companyfacts,live_api,2026-05-28T16:37:49+00:00
PLUG,Plug Power Inc.,1093691,2022,10-K,2023-03-01,sec_companyfacts,701440000.0,-194356000.0,-723169000.0,-724008000.0,1549344000.0,5764276000.0,635275000.0,,5142000.0,-828623000.0,436610000.0,,,39037000.0,5142000.0,Energy Transition,live_sec_companyfacts,live_api,2026-05-28T16:37:49+00:00
PLUG,Plug Power Inc.,1093691,2023,10-K,2024-02-29,sec_companyfacts,891340000.0,-507791000.0,-1376197000.0,-1368833000.0,1169144000.0,4902738000.0,964800000.0,,2716000.0,-1106570000.0,665208000.0,,,45201000.0,2716000.0,Energy Transition,live_sec_companyfacts,live_api,2026-05-28T16:37:49+00:00
PLUG,Plug Power Inc.,1093691,2024,10-K,2025-03-03,sec_companyfacts,628814000.0,-624887000.0,-2107591000.0,-2104905000.0,1040709000.0,3602846000.0,748489000.0,,200000.0,-728643000.0,287098000.0,,,46622000.0,200000.0,Energy Transition,live_sec_companyfacts,live_api,2026-05-28T16:37:49+00:00
PLUG,Plug Power Inc.,1093691,2025,10-K,2026-03-02,sec_companyfacts,709919000.0,-242040000.0,-1693312000.0,-1693668000.0,993984000.0,2594568000.0,610588000.0,,,-535835000.0,111164000.0,,,65127000.0,,Energy Transition,live_sec_companyfacts,live_api,2026-05-28T16:37:49+00:00
QS,QS,1811414,2022,10-K,2023-02-28,sec_companyfacts,,,-420618000.0,-411896000.0,235393000.0,1475406000.0,46809000.0,,,-218024000.0,158845000.0,,28280000.0,2399000.0,,Energy Transition,live_sec_companyfacts,live_api,2026-05-28T16:37:49+00:00
QS,QS,1811414,2023,10-K,2024-02-27,sec_companyfacts,,,-479030000.0,-445079000.0,142524000.0,1501978000.0,57095000.0,,,-240025000.0,84510000.0,,41958000.0,2377000.0,,Energy Transition,live_sec_companyfacts,live_api,2026-05-28T16:37:49+00:00
QS,QS,1811414,2024,10-K,2025-02-26,sec_companyfacts,,,-525207000.0,-477942000.0,140866000.0,1322395000.0,64884000.0,,,-274555000.0,62131000.0,,57781000.0,,,Energy Transition,live_sec_companyfacts,live_api,2026-05-28T16:37:49+00:00
QS,QS,1811414,2025,10-K,2026-02-25,sec_companyfacts,,,-433506000.0,-435050000.0,230524000.0,1308156000.0,61546000.0,,,-242473000.0,36277000.0,,65570000.0,,,Energy Transition,live_sec_companyfacts,live_api,2026-05-28T16:37:49+00:00
RUN,Sunrun Inc.,1469367,2022,10-K,2023-02-22,sec_companyfacts,2321422000.0,,-847354000.0,-849645000.0,953023000.0,19268805000.0,1155451000.0,,,-848793000.0,18203000.0,,451046000.0,,,Energy Transition,live_sec_companyfacts,live_api,2026-05-28T16:37:49+00:00
RUN,Sunrun Inc.,1469367,2023,10-K,2024-02-21,sec_companyfacts,2259813000.0,,-2695532000.0,-2682841000.0,987838000.0,20450237000.0,1488159000.0,,,-820740000.0,20960000.0,,531669000.0,,,Energy Transition,live_sec_companyfacts,live_api,2026-05-28T16:37:49+00:00
RUN,Sunrun Inc.,1469367,2024,10-K,2025-02-27,sec_companyfacts,2037719000.0,,-4382034000.0,-4355217000.0,947416000.0,19897884000.0,1334482000.0,,,-766153000.0,1572000.0,,620876000.0,,,Energy Transition,live_sec_companyfacts,live_api,2026-05-28T16:37:49+00:00
RUN,Sunrun Inc.,1469367,2025,10-K,2026-02-26,sec_companyfacts,2956997000.0,,-1176324000.0,-1009106000.0,1236988000.0,22610596000.0,1302515000.0,,,-421440000.0,,,725578000.0,,,Energy Transition,live_sec_companyfacts,live_api,2026-05-28T16:37:49+00:00
SEDG,"SolarEdge Technologies, Inc.",1419612,2022,10-K,2023-02-22,sec_companyfacts,3110279000.0,844648000.0,177155000.0,93779000.0,783112000.0,4265949000.0,889717000.0,,,31284000.0,169341000.0,,,,,Energy Transition,live_sec_companyfacts,live_api,2026-05-28T16:37:49+00:00
SEDG,"SolarEdge Technologies, Inc.",1419612,2023,10-K,2024-02-26,sec_companyfacts,2976528000.0,703823000.0,81099000.0,34329000.0,338468000.0,4587731000.0,893231000.0,,,-180113000.0,170523000.0,,57196000.0,1269000.0,,Energy Transition,live_sec_companyfacts,live_api,2026-05-28T16:37:49+00:00
SEDG,"SolarEdge Technologies, Inc.",1419612,2024,10-K,2025-02-25,sec_companyfacts,901456000.0,-877204000.0,-1708311000.0,-1806357000.0,409939000.0,2630195000.0,1041079000.0,,,-313319000.0,108163000.0,,59865000.0,1156000.0,,Energy Transition,live_sec_companyfacts,live_api,2026-05-28T16:37:49+00:00
SEDG,"SolarEdge Technologies, Inc.",1419612,2025,10-K,2026-02-25,sec_companyfacts,1184444000.0,196281000.0,-391106000.0,-405448000.0,539846000.0,2182194000.0,803495000.0,,,104261000.0,23467000.0,,30511000.0,,,Energy Transition,live_sec_companyfacts,live_api,2026-05-28T16:37:49+00:00
SHLS,SHLS,1831651,2022,10-K,2023-02-28,sec_companyfacts,326940000.0,131311000.0,152000000.0,143013000.0,8766000.0,594895000.0,52622000.0,237063000.0,2000000.0,39455000.0,3154000.0,,9073000.0,18538000.0,239063000.0,Energy Transition,live_sec_companyfacts,live_api,2026-05-28T16:37:49+00:00
SHLS,SHLS,1831651,2023,10-K,2024-02-28,sec_companyfacts,488939000.0,168304000.0,54935000.0,42661000.0,22707000.0,843993000.0,92630000.0,179445000.0,2000000.0,91955000.0,10578000.0,,8550000.0,24100000.0,181445000.0,Energy Transition,live_sec_companyfacts,live_api,2026-05-28T16:37:49+00:00
SHLS,SHLS,1831651,2024,10-K,2025-02-25,sec_companyfacts,399208000.0,142017000.0,37863000.0,24127000.0,23511000.0,793080000.0,80912000.0,141750000.0,0.0,80388000.0,8393000.0,,8591000.0,,141750000.0,Energy Transition,live_sec_companyfacts,live_api,2026-05-28T16:37:49+00:00
SHLS,SHLS,1831651,2025,10-K,2026-02-24,sec_companyfacts,475331000.0,166508000.0,48518000.0,33574000.0,7320000.0,904101000.0,127323000.0,,,17067000.0,33043000.0,,8599000.0,,,Energy Transition,live_sec_companyfacts,live_api,2026-05-28T16:37:49+00:00
STEM,STEM,1758766,2022,10-K,2023-02-17,sec_companyfacts,362980000.0,33092000.0,-139215000.0,-124054000.0,87903000.0,1421893000.0,266998000.0,,,-106030000.0,,,45434000.0,10468000.0,,Energy Transition,live_sec_companyfacts,live_api,2026-05-28T16:37:49+00:00
STEM,STEM,1758766,2023,10-K,2024-02-29,sec_companyfacts,461515000.0,3665000.0,-139980000.0,-140413000.0,106475000.0,1356977000.0,251080000.0,,,-207377000.0,,,46275000.0,14977000.0,,Energy Transition,live_sec_companyfacts,live_api,2026-05-28T16:37:49+00:00
STEM,STEM,1758766,2024,10-K,2025-03-05,sec_companyfacts,144584000.0,-11058000.0,-853682000.0,-854014000.0,58085000.0,437359000.0,128800000.0,,,-36650000.0,,,44988000.0,,,Energy Transition,live_sec_companyfacts,live_api,2026-05-28T16:37:49+00:00
STEM,STEM,1758766,2025,10-K,2026-03-05,sec_companyfacts,156266000.0,59956000.0,138297000.0,137761000.0,50701000.0,308887000.0,110565000.0,,,6861000.0,,,44947000.0,,,Energy Transition,live_sec_companyfacts,live_api,2026-05-28T16:37:49+00:00
TSLA,"Tesla, Inc.",1318605,2022,10-K,2023-01-31,sec_companyfacts,81462000000.0,20853000000.0,13719000000.0,12587000000.0,16253000000.0,82338000000.0,26709000000.0,,,14724000000.0,7158000000.0,,,191000000.0,,Energy Transition,live_sec_companyfacts,live_api,2026-05-28T16:37:49+00:00
TSLA,"Tesla, Inc.",1318605,2023,10-K,2024-01-29,sec_companyfacts,96773000000.0,17660000000.0,9973000000.0,14974000000.0,16398000000.0,106618000000.0,28748000000.0,,,13256000000.0,8898000000.0,,,156000000.0,,Energy Transition,live_sec_companyfacts,live_api,2026-05-28T16:37:49+00:00
TSLA,"Tesla, Inc.",1318605,2024,10-K,2025-01-30,sec_companyfacts,97690000000.0,17450000000.0,8990000000.0,7153000000.0,16139000000.0,122070000000.0,28821000000.0,,,14923000000.0,11339000000.0,,,,,Energy Transition,live_sec_companyfacts,live_api,2026-05-28T16:37:49+00:00
TSLA,"Tesla, Inc.",1318605,2025,10-K,2026-01-29,sec_companyfacts,94827000000.0,17094000000.0,5278000000.0,3855000000.0,16513000000.0,137806000000.0,31714000000.0,,,14747000000.0,8527000000.0,,,,,Energy Transition,live_sec_companyfacts,live_api,2026-05-28T16:37:49+00:00
ACHC,ACHC,1520697,2022,10-K,2023-02-28,sec_companyfacts,2610399000.0,,374143000.0,280033000.0,97649000.0,4987901000.0,388326000.0,1364541000.0,21250000.0,380569000.0,296149000.0,,117769000.0,,1385791000.0,Healthcare Services,live_sec_companyfacts,live_api,2026-05-28T16:37:50+00:00
ACHC,ACHC,1520697,2023,10-K,2024-02-28,sec_companyfacts,2928738000.0,,-25360000.0,-15661000.0,100073000.0,5358841000.0,885781000.0,1342548000.0,29219000.0,462340000.0,424133000.0,,132349000.0,,1371767000.0,Healthcare Services,live_sec_companyfacts,live_api,2026-05-28T16:37:50+00:00
ACHC,ACHC,1520697,2024,10-K,2025-02-27,sec_companyfacts,3153963000.0,,341879000.0,264484000.0,76305000.0,5956915000.0,577919000.0,1880093000.0,76816000.0,129693000.0,690385000.0,,149595000.0,,1956909000.0,Healthcare Services,live_sec_companyfacts,live_api,2026-05-28T16:37:50+00:00
ACHC,ACHC,1520697,2025,10-K,2026-02-27,sec_companyfacts,3312769000.0,,-1065941000.0,-1091923000.0,133242000.0,5527448000.0,525194000.0,2471529000.0,28438000.0,131898000.0,571807000.0,,189249000.0,,2499967000.0,Healthcare Services,live_sec_companyfacts,live_api,2026-05-28T16:37:50+00:00
AMN,AMN,1142750,2022,10-K,2023-02-22,sec_companyfacts,5243242000.0,1716684000.0,606703000.0,444050000.0,137872000.0,2888351000.0,857933000.0,,,653733000.0,75831000.0,,133007000.0,40398000.0,,Healthcare Services,live_sec_companyfacts,live_api,2026-05-28T16:37:50+00:00
AMN,AMN,1142750,2023,10-K,2024-02-22,sec_companyfacts,3789254000.0,1249581000.0,284289000.0,210679000.0,108273000.0,2924394000.0,656121000.0,,,372165000.0,103687000.0,,154914000.0,54140000.0,,Healthcare Services,live_sec_companyfacts,live_api,2026-05-28T16:37:50+00:00
AMN,AMN,1142750,2024,10-K,2025-02-21,sec_companyfacts,2983781000.0,919376000.0,-102673000.0,-146979000.0,89305000.0,2415727000.0,545785000.0,,,320418000.0,80891000.0,,167103000.0,,,Healthcare Services,live_sec_companyfacts,live_api,2026-05-28T16:37:50+00:00
AMN,AMN,1142750,2025,10-K,2026-02-20,sec_companyfacts,2730429000.0,774058000.0,-101063000.0,-95702000.0,67171000.0,2094107000.0,577614000.0,,,269457000.0,35629000.0,,147869000.0,,,Healthcare Services,live_sec_companyfacts,live_api,2026-05-28T16:37:50+00:00
CHE,CHE,19584,2022,10-K,2023-02-27,sec_companyfacts,1201564000.0,,329679000.0,249624000.0,74126000.0,1442012000.0,297205000.0,92500000.0,5000000.0,309886000.0,61868000.0,,59172000.0,4584000.0,97500000.0,Healthcare Services,live_sec_companyfacts,live_api,2026-05-28T16:37:50+00:00
CHE,CHE,19584,2023,10-K,2024-02-29,sec_companyfacts,1315065000.0,,350367000.0,272509000.0,263958000.0,1668095000.0,312050000.0,92500000.0,5000000.0,330299000.0,61238000.0,,60865000.0,3108000.0,97500000.0,Healthcare Services,live_sec_companyfacts,live_api,2026-05-28T16:37:50+00:00
CHE,CHE,19584,2024,10-K,2025-02-28,sec_companyfacts,1530978000.0,,399465000.0,301999000.0,178350000.0,1668575000.0,285695000.0,,,417497000.0,147178000.0,,63049000.0,1780000.0,,Healthcare Services,live_sec_companyfacts,live_api,2026-05-28T16:37:50+00:00
CHE,CHE,19584,2025,10-K,2026-02-27,sec_companyfacts,2529978000.0,,355778000.0,265238000.0,74515000.0,1538189000.0,287130000.0,,,388272000.0,63827000.0,,64841000.0,1750000.0,,Healthcare Services,live_sec_companyfacts,live_api,2026-05-28T16:37:50+00:00
CI,The Cigna Group,1739940,2022,10-K,2023-02-23,sec_companyfacts,180516000000.0,,8353000000.0,6746000000.0,5976000000.0,143932000000.0,41229000000.0,,,8656000000.0,,,2937000000.0,,,Healthcare Services,live_sec_companyfacts,live_api,2026-05-28T16:37:50+00:00
CI,The Cigna Group,1739940,2023,10-K,2024-02-29,sec_companyfacts,195265000000.0,,5513000000.0,5372000000.0,7870000000.0,152761000000.0,48716000000.0,,,11813000000.0,,,3035000000.0,,,Healthcare Services,live_sec_companyfacts,live_api,2026-05-28T16:37:50+00:00
CI,The Cigna Group,1739940,2024,10-K,2025-02-27,sec_companyfacts,247121000000.0,,5269000000.0,3778000000.0,7592000000.0,155881000000.0,57979000000.0,,,10363000000.0,,,2775000000.0,,,Healthcare Services,live_sec_companyfacts,live_api,2026-05-28T16:37:50+00:00
CI,The Cigna Group,1739940,2025,10-K,2026-02-26,sec_companyfacts,274900000000.0,,7781000000.0,6288000000.0,7736000000.0,157919000000.0,56342000000.0,,,9601000000.0,,,2775000000.0,,,Healthcare Services,live_sec_companyfacts,live_api,2026-05-28T16:37:50+00:00
CNC,Centene Corporation,1071739,2022,10-K,2023-02-21,sec_companyfacts,135479000000.0,,1962000000.0,1202000000.0,12330000000.0,76870000000.0,28464000000.0,17938000000.0,82000000.0,6261000000.0,1004000000.0,,1553000000.0,665000000.0,18020000000.0,Healthcare Services,live_sec_companyfacts,live_api,2026-05-28T16:37:50+00:00
CNC,Centene Corporation,1071739,2023,10-K,2024-02-20,sec_companyfacts,140095000000.0,17637000000.0,3598000000.0,2699000000.0,17452000000.0,84641000000.0,36716000000.0,17710000000.0,119000000.0,8053000000.0,799000000.0,,1293000000.0,725000000.0,17829000000.0,Healthcare Services,live_sec_companyfacts,live_api,2026-05-28T16:37:50+00:00
CNC,Centene Corporation,1071739,2024,10-K,2025-02-18,sec_companyfacts,145505000000.0,17069000000.0,4257000000.0,3294000000.0,14156000000.0,82445000000.0,34261000000.0,18423000000.0,110000000.0,154000000.0,644000000.0,,1241000000.0,,18533000000.0,Healthcare Services,live_sec_companyfacts,live_api,2026-05-28T16:37:50+00:00
CNC,Centene Corporation,1071739,2025,10-K,2026-02-17,sec_companyfacts,174581000000.0,14209000000.0,-6728000000.0,-6677000000.0,17957000000.0,76747000000.0,36696000000.0,17351000000.0,50000000.0,5088000000.0,767000000.0,,1275000000.0,,17401000000.0,Healthcare Services,live_sec_companyfacts,live_api,2026-05-28T16:37:50+00:00
CVS,CVS Health Corporation,64803,2022,10-K,2023-02-08,sec_companyfacts,322467000000.0,,5628000000.0,4165000000.0,13305000000.0,228275000000.0,69736000000.0,,,16177000000.0,2727000000.0,48193000000.0,4247000000.0,2287000000.0,,Healthcare Services,live_sec_companyfacts,live_api,2026-05-28T16:37:50+00:00
CVS,CVS Health Corporation,64803,2023,10-K,2024-02-07,sec_companyfacts,357776000000.0,,11173000000.0,8368000000.0,8525000000.0,249728000000.0,79189000000.0,,200000000.0,13426000000.0,3031000000.0,48992000000.0,4366000000.0,2658000000.0,200000000.0,Healthcare Services,live_sec_companyfacts,live_api,2026-05-28T16:37:50+00:00
CVS,CVS Health Corporation,64803,2024,10-K,2025-02-12,sec_companyfacts,372809000000.0,,6148000000.0,4586000000.0,8884000000.0,253215000000.0,84609000000.0,,2119000000.0,9107000000.0,2781000000.0,49661000000.0,4597000000.0,,2119000000.0,Healthcare Services,live_sec_companyfacts,live_api,2026-05-28T16:37:50+00:00
CVS,CVS Health Corporation,64803,2025,10-K,2026-02-10,sec_companyfacts,402067000000.0,,2136000000.0,1728000000.0,8712000000.0,253538000000.0,88692000000.0,,0.0,10639000000.0,2832000000.0,50402000000.0,4606000000.0,,0.0,Healthcare Services,live_sec_companyfacts,live_api,2026-05-28T16:37:50+00:00
DGX,Quest Diagnostics Incorporated,1022079,2022,10-K,2023-02-21,sec_companyfacts,9883000000.0,,1428000000.0,1015000000.0,315000000.0,12837000000.0,1551000000.0,3978000000.0,2000000.0,1718000000.0,404000000.0,,437000000.0,148000000.0,3980000000.0,Healthcare Services,live_sec_companyfacts,live_api,2026-05-28T16:37:50+00:00
DGX,Quest Diagnostics Incorporated,1022079,2023,10-K,2024-02-22,sec_companyfacts,9252000000.0,,1262000000.0,908000000.0,686000000.0,14022000000.0,1815000000.0,4410000000.0,303000000.0,1272000000.0,408000000.0,,439000000.0,163000000.0,4713000000.0,Healthcare Services,live_sec_companyfacts,live_api,2026-05-28T16:37:50+00:00
DGX,Quest Diagnostics Incorporated,1022079,2024,10-K,2025-02-20,sec_companyfacts,9872000000.0,,1346000000.0,921000000.0,549000000.0,16153000000.0,2169000000.0,5615000000.0,602000000.0,1334000000.0,425000000.0,,493000000.0,,6217000000.0,Healthcare Services,live_sec_companyfacts,live_api,2026-05-28T16:37:50+00:00
DGX,Quest Diagnostics Incorporated,1022079,2025,10-K,2026-02-26,sec_companyfacts,11035000000.0,,1556000000.0,1046000000.0,420000000.0,16225000000.0,2278000000.0,5167000000.0,504000000.0,1886000000.0,527000000.0,,570000000.0,,5671000000.0,Healthcare Services,live_sec_companyfacts,live_api,2026-05-28T16:37:50+00:00
DVA,DaVita Inc.,927066,2022,10-K,2023-02-22,sec_companyfacts,11609894000.0,,966278000.0,781643000.0,338989000.0,16928252000.0,2619747000.0,,,1564570000.0,603429000.0,,732602000.0,,,Healthcare Services,live_sec_companyfacts,live_api,2026-05-28T16:37:50+00:00
DVA,DaVita Inc.,927066,2023,10-K,2024-02-14,sec_companyfacts,12140147000.0,,1177094000.0,956978000.0,464634000.0,16893578000.0,2642214000.0,,,2059031000.0,567985000.0,,745443000.0,,,Healthcare Services,live_sec_companyfacts,live_api,2026-05-28T16:37:50+00:00
DVA,DaVita Inc.,927066,2024,10-K,2025-02-13,sec_companyfacts,12815550000.0,,1530393000.0,1250737000.0,879825000.0,17285268000.0,2973410000.0,,,2022038000.0,555443000.0,,723860000.0,,,Healthcare Services,live_sec_companyfacts,live_api,2026-05-28T16:37:50+00:00
DVA,DaVita Inc.,927066,2025,10-K,2026-02-11,sec_companyfacts,13643069000.0,,1346823000.0,1078716000.0,757747000.0,17480103000.0,3141634000.0,,,1886500000.0,575864000.0,,715348000.0,,,Healthcare Services,live_sec_companyfacts,live_api,2026-05-28T16:37:50+00:00
EHC,EHC,785161,2022,10-K,2023-02-27,sec_companyfacts,1137300000.0,,450800000.0,117500000.0,53400000.0,5636500000.0,575900000.0,,,705800000.0,564800000.0,,243600000.0,175700000.0,,Healthcare Services,live_sec_companyfacts,live_api,2026-05-28T16:37:50+00:00
EHC,EHC,785161,2023,10-K,2024-02-28,sec_companyfacts,4801200000.0,,607200000.0,463000000.0,104200000.0,6102400000.0,656400000.0,,,,583100000.0,,273900000.0,143500000.0,,Healthcare Services,live_sec_companyfacts,live_api,2026-05-28T16:37:50+00:00
EHC,EHC,785161,2024,10-K,2025-02-28,sec_companyfacts,5373200000.0,,749600000.0,596600000.0,123100000.0,6534700000.0,841000000.0,,,,642500000.0,,299600000.0,,,Healthcare Services,live_sec_companyfacts,live_api,2026-05-28T16:37:50+00:00
EHC,EHC,785161,2025,10-K,2026-02-26,sec_companyfacts,5935200000.0,,953000000.0,759100000.0,102900000.0,7089700000.0,836400000.0,,,,736400000.0,,327900000.0,,,Healthcare Services,live_sec_companyfacts,live_api,2026-05-28T16:37:50+00:00
ELV,"Elevance Health, Inc.",1156039,2022,10-K,2023-02-15,sec_companyfacts,156595000000.0,,7769000000.0,6019000000.0,7387000000.0,102772000000.0,39696000000.0,22349000000.0,1500000000.0,8399000000.0,1152000000.0,,,851000000.0,23849000000.0,Healthcare Services,live_sec_companyfacts,live_api,2026-05-28T16:37:50+00:00
ELV,"Elevance Health, Inc.",1156039,2023,10-K,2024-02-21,sec_companyfacts,171340000000.0,,7715000000.0,5991000000.0,6526000000.0,108928000000.0,41791000000.0,23246000000.0,1649000000.0,8061000000.0,1296000000.0,,,1030000000.0,24895000000.0,Healthcare Services,live_sec_companyfacts,live_api,2026-05-28T16:37:50+00:00
ELV,"Elevance Health, Inc.",1156039,2024,10-K,2025-02-20,sec_companyfacts,177011000000.0,,7904000000.0,5971000000.0,8288000000.0,116889000000.0,40581000000.0,29218000000.0,1649000000.0,5808000000.0,1256000000.0,,,,30867000000.0,Healthcare Services,live_sec_companyfacts,live_api,2026-05-28T16:37:50+00:00
ELV,"Elevance Health, Inc.",1156039,2025,10-K,2026-02-06,sec_companyfacts,199125000000.0,,6710000000.0,5661000000.0,9491000000.0,121494000000.0,41035000000.0,30797000000.0,1099000000.0,4290000000.0,1116000000.0,,,,31896000000.0,Healthcare Services,live_sec_companyfacts,live_api,2026-05-28T16:37:50+00:00
ENSG,ENSG,1125376,2022,10-K,2023-02-02,sec_companyfacts,3008711000.0,,289089000.0,224652000.0,316270000.0,3452022000.0,582072000.0,149269000.0,3883000.0,272513000.0,,,62355000.0,8931000.0,153152000.0,Healthcare Services,live_sec_companyfacts,live_api,2026-05-28T16:37:50+00:00
ENSG,ENSG,1125376,2023,10-K,2024-02-01,sec_companyfacts,3729355000.0,,272762000.0,209850000.0,509626000.0,4177541000.0,734747000.0,145497000.0,3950000.0,376666000.0,,,72387000.0,8087000.0,149447000.0,Healthcare Services,live_sec_companyfacts,live_api,2026-05-28T16:37:50+00:00
ENSG,ENSG,1125376,2024,10-K,2025-02-05,sec_companyfacts,4260485000.0,,386094000.0,298458000.0,464598000.0,4669356000.0,743428000.0,141585000.0,4086000.0,347186000.0,,,84138000.0,,145671000.0,Healthcare Services,live_sec_companyfacts,live_api,2026-05-28T16:37:50+00:00
ENSG,ENSG,1125376,2025,10-K,2026-02-04,sec_companyfacts,5032118000.0,,455622000.0,344264000.0,503881000.0,5462970000.0,894346000.0,137529000.0,4227000.0,564270000.0,,,104327000.0,,141756000.0,Healthcare Services,live_sec_companyfacts,live_api,2026-05-28T16:37:50+00:00
HCA,"HCA Healthcare, Inc.",860730,2022,10-K,2023-02-17,sec_companyfacts,60233000000.0,,8580000000.0,6834000000.0,908000000.0,52438000000.0,9902000000.0,37714000000.0,370000000.0,8522000000.0,4395000000.0,,2969000000.0,1741000000.0,38084000000.0,Healthcare Services,live_sec_companyfacts,live_api,2026-05-28T16:37:50+00:00
HCA,"HCA Healthcare, Inc.",860730,2023,10-K,2024-02-16,sec_companyfacts,64968000000.0,,7706000000.0,6091000000.0,935000000.0,56211000000.0,12655000000.0,37169000000.0,2424000000.0,9431000000.0,4744000000.0,,3077000000.0,1938000000.0,39593000000.0,Healthcare Services,live_sec_companyfacts,live_api,2026-05-28T16:37:50+00:00
HCA,"HCA Healthcare, Inc.",860730,2024,10-K,2025-02-14,sec_companyfacts,70603000000.0,,8523000000.0,6657000000.0,1933000000.0,59513000000.0,15177000000.0,38333000000.0,4698000000.0,10514000000.0,4875000000.0,,3312000000.0,2061000000.0,43031000000.0,Healthcare Services,live_sec_companyfacts,live_api,2026-05-28T16:37:50+00:00
HCA,"HCA Healthcare, Inc.",860730,2025,10-K,2026-02-10,sec_companyfacts,75600000000.0,,9832000000.0,7782000000.0,1040000000.0,60720000000.0,16350000000.0,41603000000.0,,12636000000.0,4944000000.0,,3523000000.0,2248000000.0,41603000000.0,Healthcare Services,live_sec_companyfacts,live_api,2026-05-28T16:37:50+00:00
HQY,HQY,1428336,2023,10-K,2023-03-30,sec_companyfacts,861748000.0,490091000.0,-38096000.0,-26143000.0,254266000.0,3088900000.0,131061000.0,907838000.0,17500000.0,150650000.0,3371000.0,,161201000.0,48424000.0,925338000.0,Healthcare Services,live_sec_companyfacts,live_api,2026-05-28T16:37:50+00:00
HQY,HQY,1428336,2024,10-K,2024-03-22,sec_companyfacts,262387000.0,163320000.0,75040000.0,26364000.0,403979000.0,3163790000.0,117091000.0,874972000.0,0.0,242826000.0,1694000.0,,153078000.0,55455000.0,874972000.0,Healthcare Services,live_sec_companyfacts,live_api,2026-05-28T16:37:50+00:00
HQY,HQY,1428336,2025,10-K,2025-03-18,sec_companyfacts,1199774000.0,777259000.0,116034000.0,96703000.0,295948000.0,3448550000.0,156323000.0,1056301000.0,0.0,339856000.0,2084000.0,,162451000.0,,1056301000.0,Healthcare Services,live_sec_companyfacts,live_api,2026-05-28T16:37:50+00:00
HQY,HQY,1428336,2026,10-K,2026-03-17,sec_companyfacts,1313429000.0,913116000.0,277432000.0,215201000.0,318927000.0,3380332000.0,156850000.0,957379000.0,0.0,457094000.0,1969000.0,,154657000.0,,957379000.0,Healthcare Services,live_sec_companyfacts,live_api,2026-05-28T16:37:50+00:00
HUM,Humana Inc.,49071,2022,10-K,2023-02-16,sec_companyfacts,92870000000.0,,3564000000.0,2802000000.0,5061000000.0,43055000000.0,17178000000.0,9034000000.0,,4587000000.0,1120000000.0,,,401000000.0,9034000000.0,Healthcare Services,live_sec_companyfacts,live_api,2026-05-28T16:37:50+00:00
HUM,Humana Inc.,49071,2023,10-K,2024-02-15,sec_companyfacts,106374000000.0,,3320000000.0,2484000000.0,4694000000.0,47065000000.0,18872000000.0,10213000000.0,,3981000000.0,1004000000.0,,779000000.0,493000000.0,10213000000.0,Healthcare Services,live_sec_companyfacts,live_api,2026-05-28T16:37:50+00:00
HUM,Humana Inc.,49071,2024,10-K,2025-02-20,sec_companyfacts,117761000000.0,,2562000000.0,1214000000.0,2221000000.0,46479000000.0,16939000000.0,11144000000.0,,2966000000.0,575000000.0,,839000000.0,,11144000000.0,Healthcare Services,live_sec_companyfacts,live_api,2026-05-28T16:37:50+00:00
HUM,Humana Inc.,49071,2025,10-K,2026-02-19,sec_companyfacts,129664000000.0,,1438000000.0,1203000000.0,4200000000.0,48909000000.0,16346000000.0,12369000000.0,,921000000.0,546000000.0,,698000000.0,,12369000000.0,Healthcare Services,live_sec_companyfacts,live_api,2026-05-28T16:37:50+00:00
LH,Labcorp Holdings Inc.,920148,2021,10-K,2023-02-28,sec_companyfacts,14876800000.0,4385100000.0,1773900000.0,1280600000.0,1472700000.0,20155100000.0,3078500000.0,5038800000.0,,1955900000.0,481900000.0,,633900000.0,180300000.0,5038800000.0,Healthcare Services,live_sec_companyfacts,live_api,2026-05-28T16:37:50+00:00
LH,Labcorp Holdings Inc.,920148,2023,10-K,2024-02-26,sec_companyfacts,12161600000.0,3364900000.0,725600000.0,419200000.0,1381400000.0,16725100000.0,3225200000.0,4054700000.0,,1327700000.0,453600000.0,,577300000.0,199600000.0,4054700000.0,Healthcare Services,live_sec_companyfacts,live_api,2026-05-28T16:37:50+00:00
LH,Labcorp Holdings Inc.,920148,2024,10-K,2025-02-25,sec_companyfacts,13008900000.0,3624400000.0,1086700000.0,747100000.0,1518700000.0,18379000000.0,3330200000.0,5331200000.0,,1585800000.0,489900000.0,,643500000.0,208300000.0,5331200000.0,Healthcare Services,live_sec_companyfacts,live_api,2026-05-28T16:37:50+00:00
LH,Labcorp Holdings Inc.,920148,2025,10-K,2026-02-24,sec_companyfacts,13951700000.0,4012500000.0,1384700000.0,877700000.0,532300000.0,18392700000.0,2823500000.0,5084600000.0,500100000.0,1640500000.0,434500000.0,,681100000.0,224100000.0,5584700000.0,Healthcare Services,live_sec_companyfacts,live_api,2026-05-28T16:37:50+00:00
MOH,"Molina Healthcare, Inc.",1179929,2022,10-K,2023-02-13,sec_companyfacts,31974000000.0,,1063000000.0,792000000.0,4048000000.0,12314000000.0,6855000000.0,2176000000.0,,773000000.0,91000000.0,,176000000.0,110000000.0,2176000000.0,Healthcare Services,live_sec_companyfacts,live_api,2026-05-28T16:37:50+00:00
MOH,"Molina Healthcare, Inc.",1179929,2023,10-K,2024-02-13,sec_companyfacts,34072000000.0,,1464000000.0,1091000000.0,4908000000.0,14892000000.0,8168000000.0,2180000000.0,,1662000000.0,84000000.0,,171000000.0,109000000.0,2180000000.0,Healthcare Services,live_sec_companyfacts,live_api,2026-05-28T16:37:50+00:00
MOH,"Molina Healthcare, Inc.",1179929,2024,10-K,2025-02-11,sec_companyfacts,40650000000.0,,1589000000.0,1179000000.0,4741000000.0,15630000000.0,7896000000.0,2923000000.0,,644000000.0,100000000.0,,186000000.0,,2923000000.0,Healthcare Services,live_sec_companyfacts,live_api,2026-05-28T16:37:50+00:00
MOH,"Molina Healthcare, Inc.",1179929,2025,10-K,2026-02-10,sec_companyfacts,45426000000.0,,589000000.0,472000000.0,4348000000.0,15564000000.0,7372000000.0,3766000000.0,,-535000000.0,101000000.0,,195000000.0,,3766000000.0,Healthcare Services,live_sec_companyfacts,live_api,2026-05-28T16:37:50+00:00
OPCH,OPCH,1014739,2022,10-K,2023-02-23,sec_companyfacts,3944735000.0,866918000.0,205768000.0,150556000.0,294186000.0,3112936000.0,565351000.0,1058204000.0,6000000.0,267547000.0,35358000.0,,60565000.0,53806000.0,1064204000.0,Healthcare Services,live_sec_companyfacts,live_api,2026-05-28T16:37:50+00:00
OPCH,OPCH,1014739,2023,10-K,2024-02-22,sec_companyfacts,4302324000.0,981223000.0,358742000.0,267090000.0,343849000.0,3217035000.0,618309000.0,1056650000.0,6000000.0,371295000.0,41866000.0,,59201000.0,51248000.0,1062650000.0,Healthcare Services,live_sec_companyfacts,live_api,2026-05-28T16:37:50+00:00
OPCH,OPCH,1014739,2024,10-K,2025-02-26,sec_companyfacts,4911591000.0,1012993000.0,283599000.0,211823000.0,412565000.0,3421743000.0,780146000.0,1104641000.0,6512000.0,323392000.0,35606000.0,,60909000.0,,1111153000.0,Healthcare Services,live_sec_companyfacts,live_api,2026-05-28T16:37:50+00:00
OPCH,OPCH,1014739,2025,10-K,2026-02-24,sec_companyfacts,5649519000.0,1087895000.0,282900000.0,207585000.0,232624000.0,3455769000.0,829348000.0,1154052000.0,6780000.0,258447000.0,41307000.0,,67538000.0,,1160832000.0,Healthcare Services,live_sec_companyfacts,live_api,2026-05-28T16:37:50+00:00
RDNT,RDNT,790526,2022,10-K,2023-03-01,sec_companyfacts,1430061000.0,,42969000.0,33608000.0,127834000.0,2433907000.0,466723000.0,839344000.0,12400000.0,146417000.0,,,105600000.0,,851744000.0,Healthcare Services,live_sec_companyfacts,live_api,2026-05-28T16:37:50+00:00
RDNT,RDNT,790526,2023,10-K,2024-02-29,sec_companyfacts,1616630000.0,,38810000.0,30337000.0,342570000.0,2690473000.0,437452000.0,812068000.0,17974000.0,220863000.0,,,116200000.0,,830042000.0,Healthcare Services,live_sec_companyfacts,live_api,2026-05-28T16:37:50+00:00
RDNT,RDNT,790526,2024,10-K,2025-03-03,sec_companyfacts,1829664000.0,,44862000.0,38836000.0,740020000.0,3286690000.0,479712000.0,991574000.0,24692000.0,233023000.0,,,125300000.0,,1016266000.0,Healthcare Services,live_sec_companyfacts,live_api,2026-05-28T16:37:50+00:00
RDNT,RDNT,790526,2025,10-K,2026-03-02,sec_companyfacts,2040210000.0,,31909000.0,17047000.0,767215000.0,3758563000.0,586763000.0,1064495000.0,25424000.0,298820000.0,,,136100000.0,,1089919000.0,Healthcare Services,live_sec_companyfacts,live_api,2026-05-28T16:37:50+00:00
SEM,SEM,1320414,2022,10-K,2023-02-23,sec_companyfacts,6333538000.0,,260579000.0,198026000.0,97906000.0,7665293000.0,1155151000.0,,,284825000.0,190372000.0,,205825000.0,169111000.0,,Healthcare Services,live_sec_companyfacts,live_api,2026-05-28T16:37:50+00:00
SEM,SEM,1320414,2023,10-K,2024-02-22,sec_companyfacts,6664058000.0,,382356000.0,299731000.0,84006000.0,7689631000.0,1248465000.0,,,582058000.0,229200000.0,,208742000.0,198639000.0,,Healthcare Services,live_sec_companyfacts,live_api,2026-05-28T16:37:50+00:00
SEM,SEM,1320414,2024,10-K,2025-02-20,sec_companyfacts,1312564000.0,,-14943000.0,3756000.0,59694000.0,5607951000.0,977651000.0,,,517864000.0,222177000.0,,203894000.0,,,Healthcare Services,live_sec_companyfacts,live_api,2026-05-28T16:37:50+00:00
SEM,SEM,1320414,2025,10-K,2026-02-19,sec_companyfacts,5452830000.0,,272749000.0,214533000.0,26523000.0,5851589000.0,984494000.0,,,346467000.0,229225000.0,,140303000.0,,,Healthcare Services,live_sec_companyfacts,live_api,2026-05-28T16:37:50+00:00
THC,Tenet Healthcare Corporation,70318,2022,10-K,2023-02-21,sec_companyfacts,19174000000.0,,1344000000.0,1001000000.0,858000000.0,27156000000.0,4476000000.0,,,1083000000.0,762000000.0,,841000000.0,890000000.0,,Healthcare Services,live_sec_companyfacts,live_api,2026-05-28T16:37:50+00:00
THC,Tenet Healthcare Corporation,70318,2023,10-K,2024-02-16,sec_companyfacts,20548000000.0,,1617000000.0,1311000000.0,1228000000.0,28312000000.0,4760000000.0,,,2374000000.0,751000000.0,,870000000.0,901000000.0,,Healthcare Services,live_sec_companyfacts,live_api,2026-05-28T16:37:50+00:00
THC,Tenet Healthcare Corporation,70318,2024,10-K,2025-02-18,sec_companyfacts,20665000000.0,,5248000000.0,4064000000.0,3019000000.0,28936000000.0,4310000000.0,,,2047000000.0,931000000.0,,818000000.0,,,Healthcare Services,live_sec_companyfacts,live_api,2026-05-28T16:37:50+00:00
THC,Tenet Healthcare Corporation,70318,2025,10-K,2026-02-17,sec_companyfacts,21310000000.0,,2800000000.0,2367000000.0,2883000000.0,29677000000.0,4463000000.0,,,3540000000.0,1010000000.0,,863000000.0,,,Healthcare Services,live_sec_companyfacts,live_api,2026-05-28T16:37:50+00:00
UHS,UHS,352915,2022,10-K,2023-02-27,sec_companyfacts,13399370000.0,,866260000.0,656982000.0,200837000.0,13494188000.0,1914419000.0,4726533000.0,81447000.0,996023000.0,734001000.0,,581861000.0,126889000.0,4807980000.0,Healthcare Services,live_sec_companyfacts,live_api,2026-05-28T16:37:50+00:00
UHS,UHS,352915,2023,10-K,2024-02-27,sec_companyfacts,14281976000.0,,940426000.0,719307000.0,214470000.0,13967602000.0,2013347000.0,4785783000.0,126686000.0,1267797000.0,743055000.0,,568041000.0,206674000.0,4912469000.0,Healthcare Services,live_sec_companyfacts,live_api,2026-05-28T16:37:50+00:00
UHS,UHS,352915,2024,10-K,2025-02-26,sec_companyfacts,15827935000.0,,1497936000.0,1163109000.0,224752000.0,14469749000.0,2210406000.0,4464482000.0,40059000.0,2067101000.0,943810000.0,,584831000.0,186109000.0,4504541000.0,Healthcare Services,live_sec_companyfacts,live_api,2026-05-28T16:37:50+00:00
UHS,UHS,352915,2025,10-K,2026-02-25,sec_companyfacts,17364829000.0,,1972141000.0,1511182000.0,271322000.0,15527593000.0,3239601000.0,4004393000.0,748158000.0,1864397000.0,1015152000.0,,618743000.0,156068000.0,4752551000.0,Healthcare Services,live_sec_companyfacts,live_api,2026-05-28T16:37:50+00:00
UNH,UnitedHealth Group Incorporated,731766,2022,10-K,2023-02-24,sec_companyfacts,324162000000.0,,26343000000.0,20639000000.0,23365000000.0,245705000000.0,89237000000.0,54513000000.0,,26206000000.0,2802000000.0,,3400000000.0,2092000000.0,54513000000.0,Healthcare Services,live_sec_companyfacts,live_api,2026-05-28T16:37:50+00:00
UNH,UnitedHealth Group Incorporated,731766,2023,10-K,2024-02-28,sec_companyfacts,371622000000.0,,29112000000.0,23144000000.0,25427000000.0,273720000000.0,99054000000.0,58263000000.0,,29068000000.0,3386000000.0,,3972000000.0,3246000000.0,58263000000.0,Healthcare Services,live_sec_companyfacts,live_api,2026-05-28T16:37:50+00:00
UNH,UnitedHealth Group Incorporated,731766,2024,10-K,2025-02-27,sec_companyfacts,400278000000.0,,20071000000.0,15242000000.0,25312000000.0,298278000000.0,103769000000.0,72359000000.0,,24204000000.0,3499000000.0,,4099000000.0,3906000000.0,72359000000.0,Healthcare Services,live_sec_companyfacts,live_api,2026-05-28T16:37:50+00:00
UNH,UnitedHealth Group Incorporated,731766,2025,10-K,2026-03-02,sec_companyfacts,447567000000.0,,14697000000.0,12807000000.0,24365000000.0,309581000000.0,114897000000.0,72320000000.0,,19697000000.0,3622000000.0,,4361000000.0,4002000000.0,72320000000.0,Healthcare Services,live_sec_companyfacts,live_api,2026-05-28T16:37:50+00:00
USPH,USPH,885978,2022,10-K,2023-02-28,sec_companyfacts,553144000.0,112024000.0,55571000.0,43407000.0,31594000.0,858154000.0,85489000.0,175831000.0,7863000.0,58537000.0,8248000.0,,14743000.0,,183694000.0,Healthcare Services,live_sec_companyfacts,live_api,2026-05-28T16:37:50+00:00
USPH,USPH,885978,2023,10-K,2024-02-29,sec_companyfacts,604802000.0,121509000.0,49376000.0,37220000.0,152825000.0,997238000.0,102185000.0,138991000.0,7691000.0,81978000.0,9294000.0,,15695000.0,,146682000.0,Healthcare Services,live_sec_companyfacts,live_api,2026-05-28T16:37:50+00:00
USPH,USPH,885978,2024,10-K,2025-03-03,sec_companyfacts,671345000.0,123921000.0,60209000.0,45600000.0,41362000.0,1167467000.0,116283000.0,142530000.0,10999000.0,74940000.0,9186000.0,,17853000.0,,153529000.0,Healthcare Services,live_sec_companyfacts,live_api,2026-05-28T16:37:50+00:00
USPH,USPH,885978,2025,10-K,2026-02-27,sec_companyfacts,780990000.0,149693000.0,77813000.0,58005000.0,35570000.0,1204010000.0,139040000.0,152594000.0,9865000.0,75058000.0,14071000.0,,21059000.0,,162459000.0,Healthcare Services,live_sec_companyfacts,live_api,2026-05-28T16:37:50+00:00
CARR,Carrier Global Corporation,1783180,2022,10-K,2023-02-07,sec_companyfacts,20421000000.0,,4292000000.0,3584000000.0,3527000000.0,26086000000.0,6032000000.0,,140000000.0,1743000000.0,353000000.0,,380000000.0,,140000000.0,Industrials,live_sec_companyfacts,live_api,2026-05-28T16:37:50+00:00
CARR,Carrier Global Corporation,1783180,2023,10-K,2024-02-06,sec_companyfacts,22098000000.0,,2084000000.0,1440000000.0,10017000000.0,32822000000.0,6891000000.0,,51000000.0,2607000000.0,469000000.0,,542000000.0,,51000000.0,Industrials,live_sec_companyfacts,live_api,2026-05-28T16:37:50+00:00
CARR,Carrier Global Corporation,1783180,2024,10-K,2025-02-11,sec_companyfacts,5148000000.0,,2274000000.0,5708000000.0,3972000000.0,37403000000.0,7892000000.0,,1252000000.0,563000000.0,519000000.0,,1232000000.0,,1252000000.0,Industrials,live_sec_companyfacts,live_api,2026-05-28T16:37:50+00:00
CARR,Carrier Global Corporation,1783180,2025,10-K,2026-02-05,sec_companyfacts,21747000000.0,,1798000000.0,1587000000.0,1557000000.0,37190000000.0,7114000000.0,11365000000.0,108000000.0,2513000000.0,392000000.0,,1274000000.0,,11473000000.0,Industrials,live_sec_companyfacts,live_api,2026-05-28T16:37:50+00:00
CAT,Caterpillar Inc.,18230,2022,10-K,2023-02-15,sec_companyfacts,59427000000.0,,7904000000.0,6704000000.0,7013000000.0,81943000000.0,31531000000.0,25714000000.0,5957000000.0,7766000000.0,1296000000.0,6560000000.0,2219000000.0,,31671000000.0,Industrials,live_sec_companyfacts,live_api,2026-05-28T16:37:50+00:00
CAT,Caterpillar Inc.,18230,2023,10-K,2024-02-16,sec_companyfacts,67060000000.0,,12966000000.0,10332000000.0,6985000000.0,87476000000.0,34728000000.0,24472000000.0,4643000000.0,12885000000.0,1597000000.0,6403000000.0,2144000000.0,,29115000000.0,Industrials,live_sec_companyfacts,live_api,2026-05-28T16:37:50+00:00
CAT,Caterpillar Inc.,18230,2024,10-K,2025-02-14,sec_companyfacts,64809000000.0,,13072000000.0,10788000000.0,6896000000.0,87764000000.0,32272000000.0,27351000000.0,4393000000.0,12035000000.0,1988000000.0,6941000000.0,2153000000.0,,31744000000.0,Industrials,live_sec_companyfacts,live_api,2026-05-28T16:37:50+00:00
CAT,Caterpillar Inc.,18230,2025,10-K,2026-02-13,sec_companyfacts,67589000000.0,,11151000000.0,8882000000.0,9986000000.0,98585000000.0,36558000000.0,30696000000.0,5514000000.0,11739000000.0,2821000000.0,7181000000.0,2262000000.0,,36210000000.0,Industrials,live_sec_companyfacts,live_api,2026-05-28T16:37:50+00:00
DE,Deere & Company,315189,2022,10-K,2022-12-15,sec_companyfacts,52577000000.0,,9508000000.0,7130000000.0,4941000000.0,90030000000.0,69673000000.0,,,4699000000.0,1134000000.0,,1895000000.0,1062000000.0,,Industrials,live_sec_companyfacts,live_api,2026-05-28T16:37:50+00:00
DE,Deere & Company,315189,2023,10-K,2023-12-15,sec_companyfacts,61251000000.0,,12958000000.0,10155000000.0,7620000000.0,104087000000.0,82201000000.0,,,8589000000.0,1498000000.0,,2004000000.0,2453000000.0,,Industrials,live_sec_companyfacts,live_api,2026-05-28T16:37:50+00:00
DE,Deere & Company,315189,2024,10-K,2024-12-12,sec_companyfacts,51716000000.0,,9039000000.0,7088000000.0,7633000000.0,107320000000.0,84395000000.0,,,9231000000.0,1640000000.0,,2118000000.0,3348000000.0,,Industrials,live_sec_companyfacts,live_api,2026-05-28T16:37:50+00:00
DE,Deere & Company,315189,2025,10-K,2025-12-18,sec_companyfacts,45684000000.0,,,4998000000.0,8533000000.0,105996000000.0,79989000000.0,,,7459000000.0,1360000000.0,,2229000000.0,3170000000.0,,Industrials,live_sec_companyfacts,live_api,2026-05-28T16:37:50+00:00
DOV,DOV,29905,2022,10-K,2023-02-10,sec_companyfacts,8508088000.0,3063556000.0,1287505000.0,1065376000.0,380868000.0,10896519000.0,2773274000.0,2942513000.0,836000.0,805724000.0,220962000.0,,307538000.0,116456000.0,2943349000.0,Industrials,live_sec_companyfacts,live_api,2026-05-28T16:37:50+00:00
DOV,DOV,29905,2023,10-K,2024-02-09,sec_companyfacts,8438134000.0,3084633000.0,1270006000.0,1056828000.0,398561000.0,11348513000.0,2413770000.0,2991759000.0,468282000.0,1336345000.0,192592000.0,,317463000.0,131305000.0,3460041000.0,Industrials,live_sec_companyfacts,live_api,2026-05-28T16:37:50+00:00
DOV,DOV,29905,2024,10-K,2025-02-14,sec_companyfacts,7745909000.0,2958621000.0,1757016000.0,2697126000.0,1844877000.0,12509160000.0,2196527000.0,2529346000.0,399411000.0,,167533000.0,,337842000.0,,2928757000.0,Industrials,live_sec_companyfacts,live_api,2026-05-28T16:37:50+00:00
DOV,DOV,29905,2025,10-K,2026-02-13,sec_companyfacts,8092571000.0,3218169000.0,1374252000.0,1093956000.0,1676808000.0,13422423000.0,2518489000.0,2621295000.0,706677000.0,,220263000.0,,379577000.0,,3327972000.0,Industrials,live_sec_companyfacts,live_api,2026-05-28T16:37:50+00:00
EMR,Emerson Electric Co.,32604,2022,10-K,2022-11-14,sec_companyfacts,5360000000.0,2317000000.0,4085000000.0,3230000000.0,1804000000.0,35672000000.0,7777000000.0,8259000000.0,516000000.0,2922000000.0,531000000.0,,1039000000.0,,8775000000.0,Industrials,live_sec_companyfacts,live_api,2026-05-28T16:37:50+00:00
EMR,Emerson Electric Co.,32604,2023,10-K,2023-11-13,sec_companyfacts,4090000000.0,2012000000.0,2726000000.0,13200000000.0,8051000000.0,42746000000.0,5032000000.0,7610000000.0,546000000.0,637000000.0,363000000.0,,1051000000.0,147000000.0,8156000000.0,Industrials,live_sec_companyfacts,live_api,2026-05-28T16:37:50+00:00
EMR,Emerson Electric Co.,32604,2024,10-K,2024-11-12,sec_companyfacts,4619000000.0,2371000000.0,2020000000.0,1955000000.0,3588000000.0,44246000000.0,5742000000.0,7155000000.0,532000000.0,3332000000.0,419000000.0,,1689000000.0,,7687000000.0,Industrials,live_sec_companyfacts,live_api,2026-05-28T16:37:50+00:00
EMR,Emerson Electric Co.,32604,2025,10-K,2025-11-10,sec_companyfacts,4855000000.0,2520000000.0,2934000000.0,2246000000.0,1544000000.0,41964000000.0,9797000000.0,8319000000.0,605000000.0,3098000000.0,431000000.0,,1518000000.0,,8924000000.0,Industrials,live_sec_companyfacts,live_api,2026-05-28T16:37:50+00:00
ETN,Eaton Corporation plc,1551182,2022,10-K,2023-02-23,sec_companyfacts,20752000000.0,,2911000000.0,2465000000.0,294000000.0,35014000000.0,6360000000.0,,324000000.0,2533000000.0,598000000.0,,954000000.0,,324000000.0,Industrials,live_sec_companyfacts,live_api,2026-05-28T16:37:50+00:00
ETN,Eaton Corporation plc,1551182,2023,10-K,2024-02-29,sec_companyfacts,23196000000.0,,3827000000.0,3223000000.0,488000000.0,38432000000.0,7747000000.0,,8000000.0,3624000000.0,757000000.0,,926000000.0,,8000000.0,Industrials,live_sec_companyfacts,live_api,2026-05-28T16:37:50+00:00
ETN,Eaton Corporation plc,1551182,2024,10-K,2025-02-27,sec_companyfacts,24878000000.0,,4566000000.0,3798000000.0,555000000.0,38381000000.0,7857000000.0,,0.0,4327000000.0,808000000.0,,921000000.0,,0.0,Industrials,live_sec_companyfacts,live_api,2026-05-28T16:37:50+00:00
ETN,Eaton Corporation plc,1551182,2025,10-K,2026-02-26,sec_companyfacts,27448000000.0,,4932000000.0,4090000000.0,622000000.0,41251000000.0,9370000000.0,,1000000.0,4472000000.0,919000000.0,,1006000000.0,,1000000.0,Industrials,live_sec_companyfacts,live_api,2026-05-28T16:37:50+00:00
FAST,FAST,815556,2022,10-K,2023-02-07,sec_companyfacts,6980600000.0,3215800000.0,1440000000.0,1086900000.0,230100000.0,4548600000.0,789800000.0,353200000.0,201800000.0,941000000.0,173800000.0,,,14300000.0,555000000.0,Industrials,live_sec_companyfacts,live_api,2026-05-28T16:37:50+00:00
FAST,FAST,815556,2023,10-K,2024-02-06,sec_companyfacts,7346700000.0,3354500000.0,1522000000.0,1155000000.0,221300000.0,4462900000.0,661300000.0,200000000.0,60000000.0,1432700000.0,172800000.0,,,10800000.0,260000000.0,Industrials,live_sec_companyfacts,live_api,2026-05-28T16:37:50+00:00
FAST,FAST,815556,2024,10-K,2025-02-06,sec_companyfacts,7546000000.0,3401900000.0,1508100000.0,1150600000.0,255800000.0,4698000000.0,687100000.0,125000000.0,75000000.0,1173300000.0,226500000.0,,175400000.0,,200000000.0,Industrials,live_sec_companyfacts,live_api,2026-05-28T16:37:50+00:00
FAST,FAST,815556,2025,10-K,2026-02-05,sec_companyfacts,8200500000.0,3691200000.0,1655000000.0,1258400000.0,276800000.0,5052900000.0,715600000.0,100000000.0,25000000.0,1295900000.0,245300000.0,,179200000.0,,125000000.0,Industrials,live_sec_companyfacts,live_api,2026-05-28T16:37:50+00:00
GE,GE Aerospace,40545,2022,10-K,2023-02-10,sec_companyfacts,21011000000.0,,1412000000.0,2238000000.0,17262000000.0,187788000000.0,56947000000.0,,,5916000000.0,1371000000.0,,,,,Industrials,live_sec_companyfacts,live_api,2026-05-28T16:37:50+00:00
GE,GE Aerospace,40545,2023,10-K,2024-02-02,sec_companyfacts,18514000000.0,,10191000000.0,1591000000.0,16967000000.0,163045000000.0,50876000000.0,,,5179000000.0,1595000000.0,,,,,Industrials,live_sec_companyfacts,live_api,2026-05-28T16:37:50+00:00
GE,GE Aerospace,40545,2024,10-K,2025-02-03,sec_companyfacts,9879000000.0,,7620000000.0,1891000000.0,13619000000.0,123140000000.0,34392000000.0,,,4710000000.0,1032000000.0,,,,,Industrials,live_sec_companyfacts,live_api,2026-05-28T16:37:50+00:00
GE,GE Aerospace,40545,2025,10-K,2026-01-29,sec_companyfacts,45855000000.0,,10000000000.0,8698000000.0,12392000000.0,130169000000.0,38980000000.0,,25000000.0,8537000000.0,1273000000.0,,,,25000000.0,Industrials,live_sec_companyfacts,live_api,2026-05-28T16:37:50+00:00
GWW,GWW,277135,2022,10-K,2023-02-21,sec_companyfacts,15228000000.0,5849000000.0,2146000000.0,1613000000.0,325000000.0,7588000000.0,2010000000.0,2284000000.0,35000000.0,1333000000.0,256000000.0,,217000000.0,,2319000000.0,Industrials,live_sec_companyfacts,live_api,2026-05-28T16:37:50+00:00
GWW,GWW,277135,2023,10-K,2024-02-22,sec_companyfacts,16478000000.0,6496000000.0,2500000000.0,1903000000.0,660000000.0,8147000000.0,1831000000.0,2266000000.0,34000000.0,2031000000.0,445000000.0,,214000000.0,,2300000000.0,Industrials,live_sec_companyfacts,live_api,2026-05-28T16:37:50+00:00
GWW,GWW,277135,2024,10-K,2025-02-20,sec_companyfacts,17168000000.0,6758000000.0,2584000000.0,1989000000.0,1036000000.0,8829000000.0,2305000000.0,2279000000.0,499000000.0,2111000000.0,541000000.0,,237000000.0,,2778000000.0,Industrials,live_sec_companyfacts,live_api,2026-05-28T16:37:50+00:00
GWW,GWW,277135,2025,10-K,2026-02-19,sec_companyfacts,17942000000.0,7009000000.0,2430000000.0,1808000000.0,585000000.0,8962000000.0,1940000000.0,2362000000.0,126000000.0,2015000000.0,684000000.0,,254000000.0,,2488000000.0,Industrials,live_sec_companyfacts,live_api,2026-05-28T16:37:50+00:00
HON,Honeywell International Inc.,773840,2022,10-K,2023-02-10,sec_companyfacts,35466000000.0,,6379000000.0,4967000000.0,9627000000.0,62275000000.0,19938000000.0,,2717000000.0,5274000000.0,766000000.0,,1204000000.0,,2717000000.0,Industrials,live_sec_companyfacts,live_api,2026-05-28T16:37:50+00:00
HON,Honeywell International Inc.,773840,2023,10-K,2024-02-16,sec_companyfacts,36662000000.0,,7159000000.0,5672000000.0,7925000000.0,61525000000.0,18539000000.0,,2085000000.0,5340000000.0,1039000000.0,,,,2085000000.0,Industrials,live_sec_companyfacts,live_api,2026-05-28T16:37:50+00:00
HON,Honeywell International Inc.,773840,2024,10-K,2025-02-14,sec_companyfacts,38498000000.0,,7213000000.0,5740000000.0,10567000000.0,75196000000.0,21256000000.0,,4273000000.0,6097000000.0,1164000000.0,,1334000000.0,,4273000000.0,Industrials,live_sec_companyfacts,live_api,2026-05-28T16:37:50+00:00
HON,Honeywell International Inc.,773840,2025,10-K,2026-02-17,sec_companyfacts,9758000000.0,3470000000.0,5476000000.0,4772000000.0,12487000000.0,73681000000.0,23414000000.0,,5893000000.0,6408000000.0,986000000.0,,1388000000.0,,5893000000.0,Industrials,live_sec_companyfacts,live_api,2026-05-28T16:37:50+00:00
HUBB,HUBB,48898,2022,10-K,2023-02-09,sec_companyfacts,4947900000.0,1471600000.0,657000000.0,551400000.0,440500000.0,5402600000.0,1088500000.0,1437900000.0,,,129300000.0,,148500000.0,,1437900000.0,Industrials,live_sec_companyfacts,live_api,2026-05-28T16:37:50+00:00
HUBB,HUBB,48898,2023,10-K,2024-02-08,sec_companyfacts,5372900000.0,1888100000.0,983300000.0,766000000.0,336100000.0,6914000000.0,1323400000.0,2023200000.0,15000000.0,,165700000.0,,149700000.0,,2038200000.0,Industrials,live_sec_companyfacts,live_api,2026-05-28T16:37:50+00:00
HUBB,HUBB,48898,2024,10-K,2025-02-13,sec_companyfacts,5628500000.0,1904100000.0,1005300000.0,783500000.0,329100000.0,6679100000.0,1274200000.0,1442700000.0,15000000.0,,180400000.0,,212100000.0,,1457700000.0,Industrials,live_sec_companyfacts,live_api,2026-05-28T16:37:50+00:00
HUBB,HUBB,48898,2025,10-K,2026-02-12,sec_companyfacts,1492700000.0,525100000.0,1119100000.0,225200000.0,482500000.0,8228800000.0,1508700000.0,2036300000.0,,1029800000.0,155100000.0,,206100000.0,,2036300000.0,Industrials,live_sec_companyfacts,live_api,2026-05-28T16:37:50+00:00
IR,Ingersoll Rand Inc.,1699150,2022,10-K,2023-02-21,sec_companyfacts,5916300000.0,2325600000.0,817300000.0,608500000.0,1613000000.0,14765900000.0,1674000000.0,,4500000.0,,94600000.0,,432800000.0,103200000.0,4500000.0,Industrials,live_sec_companyfacts,live_api,2026-05-28T16:37:50+00:00
IR,Ingersoll Rand Inc.,1699150,2023,10-K,2024-02-23,sec_companyfacts,6876100000.0,2882200000.0,1164300000.0,785100000.0,1595500000.0,15563500000.0,1827300000.0,,1000000.0,,105400000.0,,459100000.0,156700000.0,1000000.0,Industrials,live_sec_companyfacts,live_api,2026-05-28T16:37:50+00:00
IR,Ingersoll Rand Inc.,1699150,2024,10-K,2025-02-19,sec_companyfacts,7235000000.0,3170000000.0,1300100000.0,846300000.0,1541200000.0,18009800000.0,1818900000.0,,1700000.0,,149100000.0,,482000000.0,,1700000.0,Industrials,live_sec_companyfacts,live_api,2026-05-28T16:37:50+00:00
IR,Ingersoll Rand Inc.,1699150,2025,10-K,2026-02-17,sec_companyfacts,7650900000.0,3336300000.0,1144600000.0,588800000.0,1248800000.0,18297200000.0,2066300000.0,,0.0,1355700000.0,135600000.0,,505800000.0,,0.0,Industrials,live_sec_companyfacts,live_api,2026-05-28T16:37:50+00:00
ITW,Illinois Tool Works Inc.,49826,2022,10-K,2023-02-10,sec_companyfacts,15932000000.0,,3790000000.0,3034000000.0,708000000.0,15422000000.0,4460000000.0,6173000000.0,535000000.0,2348000000.0,412000000.0,,,203000000.0,6708000000.0,Industrials,live_sec_companyfacts,live_api,2026-05-28T16:37:50+00:00
ITW,Illinois Tool Works Inc.,49826,2023,10-K,2024-02-09,sec_companyfacts,16107000000.0,,4040000000.0,2957000000.0,1065000000.0,15518000000.0,4675000000.0,6339000000.0,1361000000.0,3539000000.0,455000000.0,,,266000000.0,7700000000.0,Industrials,live_sec_companyfacts,live_api,2026-05-28T16:37:50+00:00
ITW,Illinois Tool Works Inc.,49826,2024,10-K,2025-02-14,sec_companyfacts,15898000000.0,,4264000000.0,3488000000.0,948000000.0,15067000000.0,4308000000.0,6308000000.0,777000000.0,3281000000.0,437000000.0,,,,7085000000.0,Industrials,live_sec_companyfacts,live_api,2026-05-28T16:37:50+00:00
ITW,Illinois Tool Works Inc.,49826,2025,10-K,2026-02-13,sec_companyfacts,16044000000.0,,4216000000.0,3066000000.0,851000000.0,16148000000.0,5126000000.0,6683000000.0,999000000.0,3126000000.0,419000000.0,,,,7682000000.0,Industrials,live_sec_companyfacts,live_api,2026-05-28T16:37:50+00:00
JCI,JCI,833444,2022,10-K,2022-11-15,sec_companyfacts,25299000000.0,8343000000.0,1710000000.0,1723000000.0,2031000000.0,42158000000.0,11239000000.0,,669000000.0,,592000000.0,,830000000.0,225000000.0,669000000.0,Industrials,live_sec_companyfacts,live_api,2026-05-28T16:37:51+00:00
JCI,JCI,833444,2023,10-K,2023-12-14,sec_companyfacts,26793000000.0,8971000000.0,1710000000.0,2033000000.0,835000000.0,42242000000.0,11084000000.0,,385000000.0,,539000000.0,,848000000.0,,385000000.0,Industrials,live_sec_companyfacts,live_api,2026-05-28T16:37:51+00:00
JCI,JCI,833444,2024,10-K,2024-11-19,sec_companyfacts,22952000000.0,8077000000.0,1522000000.0,1900000000.0,606000000.0,42695000000.0,11955000000.0,,953000000.0,,494000000.0,,816000000.0,,953000000.0,Industrials,live_sec_companyfacts,live_api,2026-05-28T16:37:51+00:00
JCI,JCI,833444,2025,10-K,2025-11-14,sec_companyfacts,23596000000.0,8592000000.0,1969000000.0,3513000000.0,379000000.0,37939000000.0,10941000000.0,,723000000.0,,434000000.0,,865000000.0,,723000000.0,Industrials,live_sec_companyfacts,live_api,2026-05-28T16:37:51+00:00
MMM,3M Company,66740,2022,10-K,2023-02-08,sec_companyfacts,34229000000.0,,6539000000.0,5791000000.0,,46455000000.0,9523000000.0,14001000000.0,1938000000.0,5591000000.0,1749000000.0,,1831000000.0,462000000.0,15939000000.0,Industrials,live_sec_companyfacts,live_api,2026-05-28T16:37:51+00:00
MMM,3M Company,66740,2023,10-K,2024-02-07,sec_companyfacts,32681000000.0,,-9688000000.0,-6979000000.0,5933000000.0,50580000000.0,15297000000.0,13088000000.0,1152000000.0,6680000000.0,1615000000.0,,1987000000.0,942000000.0,14240000000.0,Industrials,live_sec_companyfacts,live_api,2026-05-28T16:37:51+00:00
MMM,3M Company,66740,2024,10-K,2025-02-05,sec_companyfacts,24575000000.0,,4819000000.0,4188000000.0,5600000000.0,39868000000.0,11256000000.0,11125000000.0,1919000000.0,1819000000.0,1181000000.0,,1363000000.0,,13044000000.0,Industrials,live_sec_companyfacts,live_api,2026-05-28T16:37:51+00:00
MMM,3M Company,66740,2025,10-K,2026-02-03,sec_companyfacts,24948000000.0,,4213000000.0,3262000000.0,5235000000.0,37733000000.0,9595000000.0,10932000000.0,1670000000.0,2306000000.0,910000000.0,,1308000000.0,,12602000000.0,Industrials,live_sec_companyfacts,live_api,2026-05-28T16:37:51+00:00
PH,Parker-Hannifin Corporation,76334,2022,10-K,2022-08-24,sec_companyfacts,15861608000.0,,1614226000.0,1316186000.0,6647876000.0,25943943000.0,5859318000.0,9755825000.0,1724310000.0,2441730000.0,230044000.0,,,255252000.0,11480135000.0,Industrials,live_sec_companyfacts,live_api,2026-05-28T16:37:51+00:00
PH,Parker-Hannifin Corporation,76334,2023,10-K,2023-08-24,sec_companyfacts,19065194000.0,,2679664000.0,2083536000.0,475182000.0,29964472000.0,7735370000.0,8796284000.0,3763175000.0,2979930000.0,380747000.0,,,573894000.0,12559459000.0,Industrials,live_sec_companyfacts,live_api,2026-05-28T16:37:51+00:00
PH,Parker-Hannifin Corporation,76334,2024,10-K,2024-08-22,sec_companyfacts,19929606000.0,,3594603000.0,2844936000.0,422027000.0,29297842000.0,7313309000.0,,,3384329000.0,400112000.0,,,,,Industrials,live_sec_companyfacts,live_api,2026-05-28T16:37:51+00:00
PH,Parker-Hannifin Corporation,76334,2025,10-K,2025-08-22,sec_companyfacts,19850000000.0,,4107000000.0,3532000000.0,467000000.0,29494000000.0,5819000000.0,,,3776000000.0,435000000.0,,,,,Industrials,live_sec_companyfacts,live_api,2026-05-28T16:37:51+00:00
PNR,PNR,77360,2022,10-K,2023-02-21,sec_companyfacts,4121800000.0,1364600000.0,550600000.0,480900000.0,108900000.0,6447500000.0,1063100000.0,2317300000.0,,363300000.0,85200000.0,,,,2317300000.0,Industrials,live_sec_companyfacts,live_api,2026-05-28T16:37:51+00:00
PNR,PNR,77360,2023,10-K,2024-02-20,sec_companyfacts,4104500000.0,1519200000.0,618900000.0,622700000.0,170300000.0,6563300000.0,949600000.0,1988300000.0,,619200000.0,76000000.0,,,,1988300000.0,Industrials,live_sec_companyfacts,live_api,2026-05-28T16:37:51+00:00
PNR,PNR,77360,2024,10-K,2025-02-25,sec_companyfacts,4082800000.0,1598800000.0,718900000.0,625400000.0,118700000.0,6446500000.0,895100000.0,1638700000.0,,766700000.0,74400000.0,,,,1638700000.0,Industrials,live_sec_companyfacts,live_api,2026-05-28T16:37:51+00:00
PNR,PNR,77360,2025,10-K,2026-02-24,sec_companyfacts,4176000000.0,1690300000.0,756500000.0,653800000.0,101600000.0,6868800000.0,959300000.0,1638600000.0,,814800000.0,68800000.0,,,,1638600000.0,Industrials,live_sec_companyfacts,live_api,2026-05-28T16:37:51+00:00
ROK,ROK,1024478,2022,10-K,2022-11-08,sec_companyfacts,7760400000.0,3102000000.0,1073600000.0,919100000.0,507900000.0,10758700000.0,3572200000.0,,609100000.0,823100000.0,141100000.0,,238900000.0,123200000.0,609100000.0,Industrials,live_sec_companyfacts,live_api,2026-05-28T16:37:51+00:00
ROK,ROK,1024478,2023,10-K,2023-11-08,sec_companyfacts,9058000000.0,3717000000.0,1608500000.0,1278000000.0,1080400000.0,11304000000.0,3365300000.0,,8600000.0,1374600000.0,160500000.0,,250400000.0,135300000.0,8600000.0,Industrials,live_sec_companyfacts,live_api,2026-05-28T16:37:51+00:00
ROK,ROK,1024478,2024,10-K,2024-11-12,sec_companyfacts,8264200000.0,3193400000.0,1099100000.0,947300000.0,471000000.0,11232100000.0,3603900000.0,,307400000.0,863800000.0,224700000.0,,317400000.0,,307400000.0,Industrials,live_sec_companyfacts,live_api,2026-05-28T16:37:51+00:00
ROK,ROK,1024478,2025,10-K,2025-11-12,sec_companyfacts,8342000000.0,4016000000.0,917000000.0,749000000.0,468000000.0,11219000000.0,3445000000.0,2614000000.0,2000000.0,1544000000.0,186000000.0,,325000000.0,,2616000000.0,Industrials,live_sec_companyfacts,live_api,2026-05-28T16:37:51+00:00
TEX,TEX,97216,2022,10-K,2023-02-10,sec_companyfacts,4417700000.0,871200000.0,366600000.0,300000000.0,304100000.0,3118100000.0,998600000.0,,,261200000.0,109600000.0,,47200000.0,49100000.0,,Industrials,live_sec_companyfacts,live_api,2026-05-28T16:37:51+00:00
TEX,TEX,97216,2023,10-K,2024-02-09,sec_companyfacts,5151500000.0,1176600000.0,579700000.0,518000000.0,370700000.0,3615500000.0,1119200000.0,,,459300000.0,127200000.0,,56400000.0,63300000.0,,Industrials,live_sec_companyfacts,live_api,2026-05-28T16:37:51+00:00
TEX,TEX,97216,2024,10-K,2025-02-07,sec_companyfacts,5127000000.0,1068000000.0,408000000.0,335000000.0,388000000.0,5730000000.0,1073000000.0,,,326000000.0,137000000.0,,82000000.0,89000000.0,,Industrials,live_sec_companyfacts,live_api,2026-05-28T16:37:51+00:00
TEX,TEX,97216,2025,10-K,2026-02-13,sec_companyfacts,5421000000.0,1051000000.0,292000000.0,221000000.0,772000000.0,6139000000.0,1187000000.0,,,440000000.0,118000000.0,,157000000.0,177000000.0,,Industrials,live_sec_companyfacts,live_api,2026-05-28T16:37:51+00:00
TT,Trane Technologies plc,1466258,2022,10-K,2023-02-10,sec_companyfacts,15991700000.0,,2172100000.0,1774700000.0,1220500000.0,18081600000.0,5686800000.0,3788300000.0,,1504000000.0,291800000.0,,,223500000.0,3788300000.0,Industrials,live_sec_companyfacts,live_api,2026-05-28T16:37:51+00:00
TT,Trane Technologies plc,1466258,2023,10-K,2024-02-08,sec_companyfacts,17677600000.0,,2567300000.0,2041700000.0,1095300000.0,19391900000.0,6053500000.0,3977900000.0,,2389600000.0,300700000.0,,,234500000.0,3977900000.0,Industrials,live_sec_companyfacts,live_api,2026-05-28T16:37:51+00:00
TT,Trane Technologies plc,1466258,2024,10-K,2025-02-06,sec_companyfacts,19838200000.0,,3241800000.0,2589500000.0,1590100000.0,20146700000.0,6068900000.0,4318100000.0,,3145600000.0,370600000.0,,,238400000.0,4318100000.0,Industrials,live_sec_companyfacts,live_api,2026-05-28T16:37:51+00:00
TT,Trane Technologies plc,1466258,2025,10-K,2026-02-05,sec_companyfacts,21321900000.0,,3678600000.0,2935700000.0,1763300000.0,21420700000.0,6286700000.0,3922100000.0,,3194500000.0,383000000.0,,,226700000.0,3922100000.0,Industrials,live_sec_companyfacts,live_api,2026-05-28T16:37:51+00:00
URI,URI,1067701,2022,10-K,2023-01-25,sec_companyfacts,2501000000.0,1488000000.0,2802000000.0,639000000.0,106000000.0,24183000000.0,2445000000.0,,,4433000000.0,3690000000.0,,364000000.0,,,Industrials,live_sec_companyfacts,live_api,2026-05-28T16:37:51+00:00
URI,URI,1067701,2023,10-K,2024-01-24,sec_companyfacts,3395000000.0,1562000000.0,3211000000.0,679000000.0,363000000.0,25589000000.0,3637000000.0,,,4704000000.0,3864000000.0,,431000000.0,,,Industrials,live_sec_companyfacts,live_api,2026-05-28T16:37:51+00:00
URI,URI,1067701,2024,10-K,2025-01-29,sec_companyfacts,3588000000.0,1638000000.0,3388000000.0,689000000.0,457000000.0,28163000000.0,3323000000.0,,,4546000000.0,4130000000.0,,437000000.0,,,Industrials,live_sec_companyfacts,live_api,2026-05-28T16:37:51+00:00
URI,URI,1067701,2025,10-K,2026-01-28,sec_companyfacts,3695000000.0,1590000000.0,3338000000.0,653000000.0,459000000.0,29866000000.0,3819000000.0,,,5190000000.0,,,438000000.0,,,Industrials,live_sec_companyfacts,live_api,2026-05-28T16:37:51+00:00
WAB,WAB,943452,2022,10-K,2023-02-15,sec_companyfacts,8362000000.0,2540000000.0,854000000.0,641000000.0,541000000.0,18516000000.0,3467000000.0,3751000000.0,251000000.0,1038000000.0,149000000.0,,479000000.0,,4002000000.0,Industrials,live_sec_companyfacts,live_api,2026-05-28T16:37:51+00:00
WAB,WAB,943452,2023,10-K,2024-02-14,sec_companyfacts,9677000000.0,2944000000.0,1092000000.0,825000000.0,620000000.0,18988000000.0,4056000000.0,3288000000.0,781000000.0,1201000000.0,186000000.0,,531000000.0,,4069000000.0,Industrials,live_sec_companyfacts,live_api,2026-05-28T16:37:51+00:00
WAB,WAB,943452,2024,10-K,2025-02-12,sec_companyfacts,10387000000.0,3366000000.0,1410000000.0,1067000000.0,715000000.0,18702000000.0,3792000000.0,3480000000.0,500000000.0,1834000000.0,207000000.0,,503000000.0,,3980000000.0,Industrials,live_sec_companyfacts,live_api,2026-05-28T16:37:51+00:00
WAB,WAB,943452,2025,10-K,2026-02-13,sec_companyfacts,11167000000.0,3806000000.0,1592000000.0,1183000000.0,789000000.0,22069000000.0,5150000000.0,4291000000.0,1250000000.0,1759000000.0,260000000.0,,501000000.0,,5541000000.0,Industrials,live_sec_companyfacts,live_api,2026-05-28T16:37:51+00:00
WSO,WSO,105016,2022,10-K,2023-02-24,sec_companyfacts,7274344000.0,2030289000.0,829413000.0,703696000.0,147505000.0,3488214000.0,906522000.0,,,571964000.0,35652000.0,,26974000.0,,,Industrials,live_sec_companyfacts,live_api,2026-05-28T16:37:51+00:00
WSO,WSO,105016,2023,10-K,2024-02-23,sec_companyfacts,7283767000.0,1992140000.0,789890000.0,634139000.0,210112000.0,3729182000.0,712012000.0,,,561954000.0,35478000.0,,30767000.0,,,Industrials,live_sec_companyfacts,live_api,2026-05-28T16:37:51+00:00
WSO,WSO,105016,2024,10-K,2025-02-28,sec_companyfacts,7618317000.0,2044713000.0,802644000.0,635740000.0,526271000.0,4479523000.0,983901000.0,,,773102000.0,30090000.0,,35391000.0,,,Industrials,live_sec_companyfacts,live_api,2026-05-28T16:37:51+00:00
WSO,WSO,105016,2025,10-K,2026-02-27,sec_companyfacts,7239290000.0,2030464000.0,737676000.0,587588000.0,433283000.0,4414805000.0,717742000.0,,,569613000.0,34550000.0,,38407000.0,,,Industrials,live_sec_companyfacts,live_api,2026-05-28T16:37:51+00:00
XYL,XYL,1524472,2022,10-K,2023-02-24,sec_companyfacts,5522000000.0,2084000000.0,622000000.0,355000000.0,944000000.0,7952000000.0,1590000000.0,1880000000.0,0.0,596000000.0,208000000.0,,236000000.0,50000000.0,1880000000.0,Industrials,live_sec_companyfacts,live_api,2026-05-28T16:37:51+00:00
XYL,XYL,1524472,2023,10-K,2024-02-28,sec_companyfacts,7364000000.0,2717000000.0,652000000.0,609000000.0,1019000000.0,16112000000.0,2205000000.0,2268000000.0,16000000.0,837000000.0,271000000.0,,436000000.0,49000000.0,2284000000.0,Industrials,live_sec_companyfacts,live_api,2026-05-28T16:37:51+00:00
XYL,XYL,1524472,2024,10-K,2025-03-03,sec_companyfacts,8562000000.0,3212000000.0,1009000000.0,890000000.0,1121000000.0,16493000000.0,2336000000.0,1978000000.0,38000000.0,1263000000.0,321000000.0,,562000000.0,,2016000000.0,Industrials,live_sec_companyfacts,live_api,2026-05-28T16:37:51+00:00
XYL,XYL,1524472,2025,10-K,2026-02-25,sec_companyfacts,9035000000.0,3475000000.0,1223000000.0,950000000.0,1479000000.0,17634000000.0,2856000000.0,1408000000.0,534000000.0,1241000000.0,331000000.0,,575000000.0,,1942000000.0,Industrials,live_sec_companyfacts,live_api,2026-05-28T16:37:51+00:00
AEP,"American Electric Power Company, Inc.",4904,2022,10-K,2023-02-23,sec_companyfacts,19639500000.0,,2309600000.0,2305600000.0,556500000.0,93469400000.0,14567400000.0,33626200000.0,1996400000.0,5288000000.0,,,,1396100000.0,35622600000.0,Infrastructure / Utilities-Like Assets,live_sec_companyfacts,live_api,2026-05-28T16:37:51+00:00
AEP,"American Electric Power Company, Inc.",4904,2023,10-K,2024-02-26,sec_companyfacts,18982300000.0,,2265800000.0,2212600000.0,379000000.0,96684000000.0,11583600000.0,37652700000.0,2490500000.0,5012200000.0,,,,1806900000.0,40143200000.0,Infrastructure / Utilities-Like Assets,live_sec_companyfacts,live_api,2026-05-28T16:37:51+00:00
AEP,"American Electric Power Company, Inc.",4904,2024,10-K,2025-02-13,sec_companyfacts,19969700000.0,,2935200000.0,2975800000.0,246000000.0,103078000000.0,13009300000.0,39307800000.0,3335000000.0,6804300000.0,,,3148600000.0,,42642800000.0,Infrastructure / Utilities-Like Assets,live_sec_companyfacts,live_api,2026-05-28T16:37:51+00:00
AEP,"American Electric Power Company, Inc.",4904,2025,10-K,2026-02-12,sec_companyfacts,21702000000.0,,3825000000.0,3696000000.0,268000000.0,114460000000.0,13314000000.0,44128000000.0,3194000000.0,6944000000.0,3453000000.0,,3325000000.0,,47322000000.0,Infrastructure / Utilities-Like Assets,live_sec_companyfacts,live_api,2026-05-28T16:37:51+00:00
ATO,ATO,731802,2022,10-K,2022-11-14,sec_companyfacts,4201662000.0,,851908000.0,774398000.0,51554000.0,22192989000.0,3602600000.0,,184967000.0,977584000.0,2444420000.0,,535655000.0,102811000.0,184967000.0,Infrastructure / Utilities-Like Assets,live_sec_companyfacts,live_api,2026-05-28T16:37:51+00:00
ATO,ATO,731802,2023,10-K,2023-11-14,sec_companyfacts,4275357000.0,,999641000.0,885862000.0,19248000.0,22516968000.0,1352592000.0,,241933000.0,3459743000.0,2805973000.0,,604327000.0,137281000.0,241933000.0,Infrastructure / Utilities-Like Assets,live_sec_companyfacts,live_api,2026-05-28T16:37:51+00:00
ATO,ATO,731802,2024,10-K,2024-11-18,sec_companyfacts,4165187000.0,,1235776000.0,1042895000.0,308856000.0,25194465000.0,1205875000.0,,0.0,1733746000.0,2937124000.0,,669972000.0,,0.0,Infrastructure / Utilities-Like Assets,live_sec_companyfacts,live_api,2026-05-28T16:37:51+00:00
ATO,ATO,731802,2025,10-K,2025-11-14,sec_companyfacts,4702755000.0,,1478034000.0,1198754000.0,203803000.0,28249522000.0,1362615000.0,,,2049456000.0,3561399000.0,,734745000.0,,,Infrastructure / Utilities-Like Assets,live_sec_companyfacts,live_api,2026-05-28T16:37:51+00:00
AWK,"American Water Works Company, Inc.",1410636,2022,10-K,2023-02-15,sec_companyfacts,3763000000.0,,1008000000.0,147000000.0,117000000.0,27787000000.0,2811000000.0,,1175000000.0,1108000000.0,2297000000.0,,649000000.0,,1175000000.0,Infrastructure / Utilities-Like Assets,live_sec_companyfacts,live_api,2026-05-28T16:37:51+00:00
AWK,"American Water Works Company, Inc.",1410636,2023,10-K,2024-02-14,sec_companyfacts,4217000000.0,,1196000000.0,171000000.0,364000000.0,30298000000.0,2151000000.0,,179000000.0,1874000000.0,2575000000.0,,704000000.0,,179000000.0,Infrastructure / Utilities-Like Assets,live_sec_companyfacts,live_api,2026-05-28T16:37:51+00:00
AWK,"American Water Works Company, Inc.",1410636,2024,10-K,2025-02-19,sec_companyfacts,4653000000.0,,1359000000.0,239000000.0,140000000.0,32830000000.0,3150000000.0,,879000000.0,2045000000.0,2856000000.0,,788000000.0,,879000000.0,Infrastructure / Utilities-Like Assets,live_sec_companyfacts,live_api,2026-05-28T16:37:51+00:00
AWK,"American Water Works Company, Inc.",1410636,2025,10-K,2026-02-18,sec_companyfacts,5121000000.0,,1422000000.0,1111000000.0,139000000.0,35442000000.0,4747000000.0,,1588000000.0,2059000000.0,3126000000.0,,894000000.0,,1588000000.0,Infrastructure / Utilities-Like Assets,live_sec_companyfacts,live_api,2026-05-28T16:37:51+00:00
CMS,CMS,811156,2022,10-K,2023-02-09,sec_companyfacts,8320000000.0,,902000000.0,813000000.0,182000000.0,31353000000.0,2985000000.0,13122000000.0,1090000000.0,855000000.0,2374000000.0,,1126000000.0,519000000.0,14212000000.0,Infrastructure / Utilities-Like Assets,live_sec_companyfacts,live_api,2026-05-28T16:37:51+00:00
CMS,CMS,811156,2023,10-K,2024-02-08,sec_companyfacts,7261000000.0,,954000000.0,808000000.0,248000000.0,33517000000.0,2895000000.0,14508000000.0,975000000.0,2309000000.0,,,1180000000.0,643000000.0,15483000000.0,Infrastructure / Utilities-Like Assets,live_sec_companyfacts,live_api,2026-05-28T16:37:51+00:00
CMS,CMS,811156,2024,10-K,2025-02-11,sec_companyfacts,7320000000.0,,1123000000.0,947000000.0,178000000.0,35920000000.0,3521000000.0,15194000000.0,1192000000.0,2370000000.0,,,1240000000.0,,16386000000.0,Infrastructure / Utilities-Like Assets,live_sec_companyfacts,live_api,2026-05-28T16:37:51+00:00
CMS,CMS,811156,2025,10-K,2026-02-10,sec_companyfacts,8305000000.0,,1248000000.0,1002000000.0,615000000.0,39941000000.0,3548000000.0,17807000000.0,950000000.0,2235000000.0,,,1306000000.0,,18757000000.0,Infrastructure / Utilities-Like Assets,live_sec_companyfacts,live_api,2026-05-28T16:37:51+00:00
CNP,"CenterPoint Energy, Inc.",1130310,2022,10-K,2023-02-17,sec_companyfacts,9327000000.0,,1417000000.0,1057000000.0,91000000.0,38546000000.0,5113000000.0,14836000000.0,511000000.0,1810000000.0,4419000000.0,,1288000000.0,,15347000000.0,Infrastructure / Utilities-Like Assets,live_sec_companyfacts,live_api,2026-05-28T16:37:51+00:00
CNP,"CenterPoint Energy, Inc.",1130310,2023,10-K,2024-02-20,sec_companyfacts,8612000000.0,,1087000000.0,917000000.0,109000000.0,39715000000.0,3864000000.0,17559000000.0,4000000.0,3877000000.0,4401000000.0,,1401000000.0,,17563000000.0,Infrastructure / Utilities-Like Assets,live_sec_companyfacts,live_api,2026-05-28T16:37:51+00:00
CNP,"CenterPoint Energy, Inc.",1130310,2024,10-K,2025-02-20,sec_companyfacts,8552000000.0,,1214000000.0,1019000000.0,30000000.0,43768000000.0,4045000000.0,20397000000.0,500000000.0,2139000000.0,4513000000.0,,1439000000.0,,20897000000.0,Infrastructure / Utilities-Like Assets,live_sec_companyfacts,live_api,2026-05-28T16:37:51+00:00
CNP,"CenterPoint Energy, Inc.",1130310,2025,10-K,2026-02-19,sec_companyfacts,9337000000.0,,1247000000.0,1052000000.0,49000000.0,46534000000.0,6260000000.0,20566000000.0,500000000.0,2486000000.0,4870000000.0,,1530000000.0,,21066000000.0,Infrastructure / Utilities-Like Assets,live_sec_companyfacts,live_api,2026-05-28T16:37:51+00:00
D,D,715957,2022,10-K,2023-02-21,sec_companyfacts,17725000000.0,,1053000000.0,994000000.0,341000000.0,104243000000.0,13450000000.0,,3423000000.0,3700000000.0,,,2830000000.0,,3423000000.0,Infrastructure / Utilities-Like Assets,live_sec_companyfacts,live_api,2026-05-28T16:37:51+00:00
D,D,715957,2023,10-K,2024-02-23,sec_companyfacts,13487000000.0,,2732000000.0,273000000.0,301000000.0,109032000000.0,24476000000.0,,3956000000.0,6572000000.0,,,2580000000.0,,3956000000.0,Infrastructure / Utilities-Like Assets,live_sec_companyfacts,live_api,2026-05-28T16:37:51+00:00
D,D,715957,2024,10-K,2025-02-27,sec_companyfacts,14182000000.0,,2182000000.0,92000000.0,365000000.0,102415000000.0,9289000000.0,,2500000000.0,5018000000.0,,,2345000000.0,,2500000000.0,Infrastructure / Utilities-Like Assets,live_sec_companyfacts,live_api,2026-05-28T16:37:51+00:00
D,D,715957,2025,10-K,2026-02-23,sec_companyfacts,16523000000.0,,3611000000.0,512000000.0,343000000.0,115857000000.0,10444000000.0,,2457000000.0,5361000000.0,,,2387000000.0,,2457000000.0,Infrastructure / Utilities-Like Assets,live_sec_companyfacts,live_api,2026-05-28T16:37:51+00:00
DTE,DTE,936340,2022,10-K,2023-02-23,sec_companyfacts,,,1112000000.0,1083000000.0,43000000.0,42683000000.0,5173000000.0,,1162000000.0,1977000000.0,,,1468000000.0,675000000.0,1162000000.0,Infrastructure / Utilities-Like Assets,live_sec_companyfacts,live_api,2026-05-28T16:37:51+00:00
DTE,DTE,936340,2023,10-K,2024-02-08,sec_companyfacts,,,1566000000.0,1397000000.0,51000000.0,44755000000.0,5883000000.0,,1283000000.0,3220000000.0,,,1606000000.0,791000000.0,1283000000.0,Infrastructure / Utilities-Like Assets,live_sec_companyfacts,live_api,2026-05-28T16:37:51+00:00
DTE,DTE,936340,2024,10-K,2025-02-13,sec_companyfacts,,,1370000000.0,1404000000.0,88000000.0,48846000000.0,5106000000.0,,1067000000.0,3643000000.0,,,1732000000.0,951000000.0,1067000000.0,Infrastructure / Utilities-Like Assets,live_sec_companyfacts,live_api,2026-05-28T16:37:51+00:00
DTE,DTE,936340,2025,10-K,2026-02-17,sec_companyfacts,,,1550000000.0,1462000000.0,250000000.0,54066000000.0,5409000000.0,,882000000.0,3409000000.0,,,1841000000.0,1056000000.0,882000000.0,Infrastructure / Utilities-Like Assets,live_sec_companyfacts,live_api,2026-05-28T16:37:51+00:00
DUK,Duke Energy Corporation,1326160,2022,10-K,2023-02-27,sec_companyfacts,,,4078000000.0,-658000000.0,603000000.0,178086000000.0,18873000000.0,67061000000.0,4154000000.0,5927000000.0,11367000000.0,,5843000000.0,2439000000.0,71215000000.0,Infrastructure / Utilities-Like Assets,live_sec_companyfacts,live_api,2026-05-28T16:37:51+00:00
DUK,Duke Energy Corporation,1326160,2023,10-K,2024-02-23,sec_companyfacts,,,4767000000.0,996000000.0,357000000.0,176893000000.0,17283000000.0,72452000000.0,2800000000.0,9878000000.0,12604000000.0,,6084000000.0,3014000000.0,75252000000.0,Infrastructure / Utilities-Like Assets,live_sec_companyfacts,live_api,2026-05-28T16:37:51+00:00
DUK,Duke Energy Corporation,1326160,2024,10-K,2025-02-27,sec_companyfacts,,,5194000000.0,4614000000.0,421000000.0,186343000000.0,19357000000.0,76340000000.0,4349000000.0,12328000000.0,12280000000.0,,6419000000.0,3384000000.0,80689000000.0,Infrastructure / Utilities-Like Assets,live_sec_companyfacts,live_api,2026-05-28T16:37:51+00:00
DUK,Duke Energy Corporation,1326160,2025,10-K,2026-02-26,sec_companyfacts,,,5712000000.0,5071000000.0,363000000.0,195736000000.0,21047000000.0,80108000000.0,7104000000.0,12330000000.0,14024000000.0,,7704000000.0,3634000000.0,87212000000.0,Infrastructure / Utilities-Like Assets,live_sec_companyfacts,live_api,2026-05-28T16:37:51+00:00
ED,ED,1047862,2022,10-K,2023-02-16,sec_companyfacts,15455000000.0,,2098000000.0,1600000000.0,1530000000.0,69065000000.0,11336000000.0,22439000000.0,1002000000.0,3935000000.0,4465000000.0,,2056000000.0,852000000.0,23441000000.0,Infrastructure / Utilities-Like Assets,live_sec_companyfacts,live_api,2026-05-28T16:37:51+00:00
ED,ED,1047862,2023,10-K,2024-02-15,sec_companyfacts,14476000000.0,,3003000000.0,2516000000.0,1195000000.0,66331000000.0,6462000000.0,21989000000.0,251000000.0,2156000000.0,,,2031000000.0,1023000000.0,22240000000.0,Infrastructure / Utilities-Like Assets,live_sec_companyfacts,live_api,2026-05-28T16:37:51+00:00
ED,ED,1047862,2024,10-K,2025-02-20,sec_companyfacts,15469000000.0,,2138000000.0,1820000000.0,1333000000.0,70562000000.0,6433000000.0,24710000000.0,0.0,3614000000.0,,,2155000000.0,1187000000.0,24710000000.0,Infrastructure / Utilities-Like Assets,live_sec_companyfacts,live_api,2026-05-28T16:37:51+00:00
ED,ED,1047862,2025,10-K,2026-02-19,sec_companyfacts,17049000000.0,,2597000000.0,2023000000.0,1630000000.0,74603000000.0,6614000000.0,25551000000.0,250000000.0,4800000000.0,,,2321000000.0,1233000000.0,25801000000.0,Infrastructure / Utilities-Like Assets,live_sec_companyfacts,live_api,2026-05-28T16:37:51+00:00
ES,ES,72741,2022,10-K,2023-02-15,sec_companyfacts,12289336000.0,,2198154000.0,1412394000.0,521752000.0,53230900000.0,6799283000.0,19723994000.0,1320129000.0,2401293000.0,3441852000.0,,1643100000.0,678274000.0,21044123000.0,Infrastructure / Utilities-Like Assets,live_sec_companyfacts,live_api,2026-05-28T16:37:51+00:00
ES,ES,72741,2023,10-K,2024-02-14,sec_companyfacts,11910705000.0,,2399335000.0,-434721000.0,166418000.0,55612245000.0,6341397000.0,23588616000.0,824847000.0,1646161000.0,4336849000.0,,815700000.0,855441000.0,24413463000.0,Infrastructure / Utilities-Like Assets,live_sec_companyfacts,live_api,2026-05-28T16:37:51+00:00
ES,ES,72741,2024,10-K,2025-02-14,sec_companyfacts,11900809000.0,,2408709000.0,819172000.0,127308000.0,59594529000.0,6720957000.0,25701627000.0,1003150000.0,2159737000.0,4480529000.0,,1776400000.0,,26704777000.0,Infrastructure / Utilities-Like Assets,live_sec_companyfacts,live_api,2026-05-28T16:37:51+00:00
ES,ES,72741,2025,10-K,2026-02-17,sec_companyfacts,13547244000.0,,2988589000.0,1699891000.0,246245000.0,63786711000.0,7808512000.0,26872433000.0,1392948000.0,4113572000.0,4158669000.0,,2404500000.0,,28265381000.0,Infrastructure / Utilities-Like Assets,live_sec_companyfacts,live_api,2026-05-28T16:37:51+00:00
ETR,Entergy Corporation,65984,2022,10-K,2023-02-24,sec_companyfacts,13764237000.0,,1058160000.0,1097138000.0,224164000.0,58595191000.0,6369447000.0,23623512000.0,2309037000.0,2585490000.0,106193000.0,,,912237000.0,25932549000.0,Infrastructure / Utilities-Like Assets,live_sec_companyfacts,live_api,2026-05-28T16:37:51+00:00
ETR,Entergy Corporation,65984,2023,10-K,2024-02-23,sec_companyfacts,12147412000.0,,1671775000.0,2362310000.0,132548000.0,59703396000.0,6396492000.0,23008839000.0,2099057000.0,4294328000.0,35094000.0,,2051677000.0,1006406000.0,25107896000.0,Infrastructure / Utilities-Like Assets,live_sec_companyfacts,live_api,2026-05-28T16:37:51+00:00
ETR,Entergy Corporation,65984,2024,10-K,2025-02-18,sec_companyfacts,11879653000.0,,1442211000.0,1061184000.0,859703000.0,64790032000.0,6111037000.0,26613505000.0,1378090000.0,4488510000.0,4838339000.0,,2233248000.0,,27991595000.0,Infrastructure / Utilities-Like Assets,live_sec_companyfacts,live_api,2026-05-28T16:37:51+00:00
ETR,Entergy Corporation,65984,2025,10-K,2026-02-19,sec_companyfacts,12946686000.0,,2271280000.0,1773328000.0,1928916000.0,71890730000.0,7822968000.0,27902021000.0,2375140000.0,5150651000.0,7684922000.0,,2305568000.0,,30277161000.0,Infrastructure / Utilities-Like Assets,live_sec_companyfacts,live_api,2026-05-28T16:37:51+00:00
EVRG,EVRG,1711269,2022,10-K,2023-02-24,sec_companyfacts,5589200000.0,,1267200000.0,765000000.0,25200000.0,29489900000.0,3493800000.0,9905700000.0,439100000.0,1801900000.0,2166500000.0,,929400000.0,404000000.0,10344800000.0,Infrastructure / Utilities-Like Assets,live_sec_companyfacts,live_api,2026-05-28T16:37:51+00:00
EVRG,EVRG,1711269,2023,10-K,2024-02-29,sec_companyfacts,5345100000.0,,1282400000.0,743600000.0,27700000.0,30976100000.0,3512600000.0,11053300000.0,800000000.0,1980200000.0,2334000000.0,,1076500000.0,525800000.0,11853300000.0,Infrastructure / Utilities-Like Assets,live_sec_companyfacts,live_api,2026-05-28T16:37:51+00:00
EVRG,EVRG,1711269,2024,10-K,2025-02-27,sec_companyfacts,5704400000.0,,1468000000.0,885800000.0,29900000.0,32282100000.0,3662400000.0,11809200000.0,651700000.0,1983700000.0,2336600000.0,,1114000000.0,563100000.0,12460900000.0,Infrastructure / Utilities-Like Assets,live_sec_companyfacts,live_api,2026-05-28T16:37:51+00:00
EVRG,EVRG,1711269,2025,10-K,2026-02-19,sec_companyfacts,5705100000.0,,1532900000.0,867900000.0,27000000.0,33948500000.0,3695900000.0,13039200000.0,367000000.0,2045200000.0,2796900000.0,,1162900000.0,616300000.0,13406200000.0,Infrastructure / Utilities-Like Assets,live_sec_companyfacts,live_api,2026-05-28T16:37:51+00:00
EXC,Exelon Corporation,1109357,2022,10-K,2023-02-14,sec_companyfacts,19078000000.0,,2403000000.0,2171000000.0,1090000000.0,95349000000.0,10611000000.0,35272000000.0,1802000000.0,4870000000.0,7147000000.0,,3325000000.0,,37074000000.0,Infrastructure / Utilities-Like Assets,live_sec_companyfacts,live_api,2026-05-28T16:37:51+00:00
EXC,Exelon Corporation,1109357,2023,10-K,2024-02-21,sec_companyfacts,21727000000.0,,2702000000.0,2328000000.0,1101000000.0,101546000000.0,9591000000.0,,1403000000.0,4703000000.0,7408000000.0,,,,1403000000.0,Infrastructure / Utilities-Like Assets,live_sec_companyfacts,live_api,2026-05-28T16:37:51+00:00
EXC,Exelon Corporation,1109357,2024,10-K,2025-02-12,sec_companyfacts,23028000000.0,,2667000000.0,2460000000.0,939000000.0,107784000000.0,9611000000.0,,1453000000.0,5569000000.0,7097000000.0,,,,1453000000.0,Infrastructure / Utilities-Like Assets,live_sec_companyfacts,live_api,2026-05-28T16:37:51+00:00
EXC,Exelon Corporation,1109357,2025,10-K,2026-02-12,sec_companyfacts,24258000000.0,,3291000000.0,2768000000.0,1201000000.0,116570000000.0,10331000000.0,,1665000000.0,6254000000.0,8529000000.0,,,,1665000000.0,Infrastructure / Utilities-Like Assets,live_sec_companyfacts,live_api,2026-05-28T16:37:51+00:00
FE,FE,1031296,2022,10-K,2023-02-13,sec_companyfacts,12459000000.0,,1439000000.0,439000000.0,206000000.0,46108000000.0,3958000000.0,,351000000.0,2683000000.0,2756000000.0,,1317000000.0,1039000000.0,351000000.0,Infrastructure / Utilities-Like Assets,live_sec_companyfacts,live_api,2026-05-28T16:37:51+00:00
FE,FE,1031296,2023,10-K,2024-02-13,sec_companyfacts,12870000000.0,,1464000000.0,1176000000.0,179000000.0,48767000000.0,5386000000.0,,1250000000.0,1387000000.0,3356000000.0,,,1124000000.0,1250000000.0,Infrastructure / Utilities-Like Assets,live_sec_companyfacts,live_api,2026-05-28T16:37:51+00:00
FE,FE,1031296,2024,10-K,2025-02-27,sec_companyfacts,13472000000.0,,1504000000.0,1127000000.0,154000000.0,52044000000.0,4997000000.0,,977000000.0,2891000000.0,4030000000.0,,,,977000000.0,Infrastructure / Utilities-Like Assets,live_sec_companyfacts,live_api,2026-05-28T16:37:51+00:00
FE,FE,1031296,2025,10-K,2026-02-18,sec_companyfacts,15090000000.0,,1559000000.0,1271000000.0,99000000.0,55904000000.0,5271000000.0,,723000000.0,3700000000.0,4705000000.0,,,,723000000.0,Infrastructure / Utilities-Like Assets,live_sec_companyfacts,live_api,2026-05-28T16:37:51+00:00
LNT,LNT,352541,2022,10-K,2023-02-24,sec_companyfacts,4205000000.0,,708000000.0,686000000.0,20000000.0,20163000000.0,2363000000.0,7668000000.0,408000000.0,486000000.0,1484000000.0,,671000000.0,325000000.0,8076000000.0,Infrastructure / Utilities-Like Assets,live_sec_companyfacts,live_api,2026-05-28T16:37:51+00:00
LNT,LNT,352541,2023,10-K,2024-02-16,sec_companyfacts,4027000000.0,,707000000.0,703000000.0,62000000.0,21237000000.0,2304000000.0,8225000000.0,809000000.0,867000000.0,,,676000000.0,394000000.0,9034000000.0,Infrastructure / Utilities-Like Assets,live_sec_companyfacts,live_api,2026-05-28T16:37:51+00:00
LNT,LNT,352541,2024,10-K,2025-02-21,sec_companyfacts,3981000000.0,,576000000.0,690000000.0,81000000.0,22714000000.0,2715000000.0,8677000000.0,1171000000.0,1167000000.0,,,772000000.0,449000000.0,9848000000.0,Infrastructure / Utilities-Like Assets,live_sec_companyfacts,live_api,2026-05-28T16:37:51+00:00
LNT,LNT,352541,2025,10-K,2026-02-20,sec_companyfacts,4362000000.0,,661000000.0,810000000.0,556000000.0,24991000000.0,2123000000.0,10954000000.0,1074000000.0,1169000000.0,,,846000000.0,512000000.0,12028000000.0,Infrastructure / Utilities-Like Assets,live_sec_companyfacts,live_api,2026-05-28T16:37:51+00:00
NI,NI,1111711,2022,10-K,2023-02-22,sec_companyfacts,5738600000.0,,1265800000.0,791800000.0,75400000.0,26736600000.0,4660500000.0,,1761900000.0,1409400000.0,2203100000.0,,820800000.0,361600000.0,1761900000.0,Infrastructure / Utilities-Like Assets,live_sec_companyfacts,live_api,2026-05-28T16:37:51+00:00
NI,NI,1111711,2023,10-K,2024-02-21,sec_companyfacts,5347800000.0,,1295500000.0,674400000.0,2281100000.0,31077200000.0,5265100000.0,,3048600000.0,1935100000.0,2645800000.0,,908200000.0,489600000.0,3048600000.0,Infrastructure / Utilities-Like Assets,live_sec_companyfacts,live_api,2026-05-28T16:37:51+00:00
NI,NI,1111711,2024,10-K,2025-02-12,sec_companyfacts,5282900000.0,,1455500000.0,844700000.0,198600000.0,31788100000.0,4113400000.0,,1281200000.0,1781500000.0,2614000000.0,,1043200000.0,,1281200000.0,Infrastructure / Utilities-Like Assets,live_sec_companyfacts,live_api,2026-05-28T16:37:51+00:00
NI,NI,1111711,2025,10-K,2026-02-11,sec_companyfacts,6522800000.0,,1835300000.0,1012600000.0,135700000.0,35858700000.0,3457400000.0,,19700000.0,2362300000.0,2782300000.0,,1167600000.0,,19700000.0,Infrastructure / Utilities-Like Assets,live_sec_companyfacts,live_api,2026-05-28T16:37:51+00:00
PEG,Public Service Enterprise Group Incorporated,788784,2022,10-K,2023-02-22,sec_companyfacts,9800000000.0,,1002000000.0,1031000000.0,511000000.0,48718000000.0,6680000000.0,16495000000.0,1575000000.0,1503000000.0,2888000000.0,,,628000000.0,18070000000.0,Infrastructure / Utilities-Like Assets,live_sec_companyfacts,live_api,2026-05-28T16:37:51+00:00
PEG,Public Service Enterprise Group Incorporated,788784,2023,10-K,2024-02-26,sec_companyfacts,11237000000.0,,3081000000.0,2563000000.0,99000000.0,50741000000.0,5057000000.0,17784000000.0,1500000000.0,3806000000.0,3325000000.0,,,748000000.0,19284000000.0,Infrastructure / Utilities-Like Assets,live_sec_companyfacts,live_api,2026-05-28T16:37:51+00:00
PEG,Public Service Enterprise Group Incorporated,788784,2024,10-K,2025-02-25,sec_companyfacts,10290000000.0,,1825000000.0,1772000000.0,154000000.0,54640000000.0,6505000000.0,18964000000.0,2150000000.0,2133000000.0,3380000000.0,,,882000000.0,21114000000.0,Infrastructure / Utilities-Like Assets,live_sec_companyfacts,live_api,2026-05-28T16:37:51+00:00
PEG,Public Service Enterprise Group Incorporated,788784,2025,10-K,2026-02-26,sec_companyfacts,12168000000.0,,2374000000.0,2111000000.0,156000000.0,57576000000.0,5740000000.0,21670000000.0,875000000.0,3298000000.0,3272000000.0,,,1005000000.0,22545000000.0,Infrastructure / Utilities-Like Assets,live_sec_companyfacts,live_api,2026-05-28T16:37:51+00:00
PPL,PPL,922224,2018,10-K,2019-02-14,sec_companyfacts,7779000000.0,,2285000000.0,415000000.0,643000000.0,43396000000.0,4563000000.0,20069000000.0,530000000.0,2821000000.0,3238000000.0,,,963000000.0,20599000000.0,Infrastructure / Utilities-Like Assets,live_sec_companyfacts,live_api,2026-05-28T16:37:51+00:00
PPL,PPL,922224,2019,10-K,2021-02-18,sec_companyfacts,7556000000.0,,1971000000.0,1469000000.0,727000000.0,48116000000.0,5977000000.0,21553000000.0,1574000000.0,2746000000.0,3249000000.0,,,1001000000.0,23127000000.0,Infrastructure / Utilities-Like Assets,live_sec_companyfacts,live_api,2026-05-28T16:37:51+00:00
PPL,PPL,922224,2021,10-K,2025-02-13,sec_companyfacts,8444000000.0,,1116000000.0,888000000.0,339000000.0,41069000000.0,3333000000.0,15952000000.0,551000000.0,2340000000.0,2805000000.0,,,738000000.0,16503000000.0,Infrastructure / Utilities-Like Assets,live_sec_companyfacts,live_api,2026-05-28T16:37:51+00:00
PPL,PPL,922224,2025,10-K,2026-02-20,sec_companyfacts,9170000000.0,,1472000000.0,1181000000.0,1086000000.0,45244000000.0,4546000000.0,17990000000.0,904000000.0,2629000000.0,4030000000.0,,,808000000.0,18894000000.0,Infrastructure / Utilities-Like Assets,live_sec_companyfacts,live_api,2026-05-28T16:37:51+00:00
SO,The Southern Company,92122,2022,10-K,2023-02-16,sec_companyfacts,29279000000.0,,4223000000.0,3428000000.0,2037000000.0,134891000000.0,15724000000.0,,2609000000.0,6302000000.0,7923000000.0,,,,2609000000.0,Infrastructure / Utilities-Like Assets,live_sec_companyfacts,live_api,2026-05-28T16:37:51+00:00
SO,The Southern Company,92122,2023,10-K,2024-02-15,sec_companyfacts,25253000000.0,,4345000000.0,3849000000.0,921000000.0,139331000000.0,13467000000.0,,2314000000.0,7553000000.0,9095000000.0,,,,2314000000.0,Infrastructure / Utilities-Like Assets,live_sec_companyfacts,live_api,2026-05-28T16:37:51+00:00
SO,The Southern Company,92122,2024,10-K,2025-02-20,sec_companyfacts,26724000000.0,,5229000000.0,4260000000.0,1101000000.0,145180000000.0,15993000000.0,,1338000000.0,9788000000.0,8955000000.0,,,,1338000000.0,Infrastructure / Utilities-Like Assets,live_sec_companyfacts,live_api,2026-05-28T16:37:51+00:00
SO,The Southern Company,92122,2025,10-K,2026-02-19,sec_companyfacts,29553000000.0,,4999000000.0,4171000000.0,1640000000.0,155720000000.0,16888000000.0,,722000000.0,9802000000.0,12737000000.0,,,,722000000.0,Infrastructure / Utilities-Like Assets,live_sec_companyfacts,live_api,2026-05-28T16:37:51+00:00
SRE,Sempra,1032208,2022,10-K,2023-02-28,sec_companyfacts,13722000000.0,,2009000000.0,2285000000.0,370000000.0,78574000000.0,9899000000.0,,3352000000.0,1142000000.0,5357000000.0,,2019000000.0,1054000000.0,3352000000.0,Infrastructure / Utilities-Like Assets,live_sec_companyfacts,live_api,2026-05-28T16:37:51+00:00
SRE,Sempra,1032208,2023,10-K,2024-02-27,sec_companyfacts,14848000000.0,,3260000000.0,3618000000.0,389000000.0,87181000000.0,10090000000.0,,2342000000.0,6218000000.0,8397000000.0,,2227000000.0,1309000000.0,2342000000.0,Infrastructure / Utilities-Like Assets,live_sec_companyfacts,live_api,2026-05-28T16:37:51+00:00
SRE,Sempra,1032208,2024,10-K,2025-02-25,sec_companyfacts,11818000000.0,,2713000000.0,3500000000.0,1589000000.0,96155000000.0,9676000000.0,,2016000000.0,4907000000.0,8215000000.0,,2437000000.0,,2016000000.0,Infrastructure / Utilities-Like Assets,live_sec_companyfacts,live_api,2026-05-28T16:37:51+00:00
SRE,Sempra,1032208,2025,10-K,2026-02-26,sec_companyfacts,12418000000.0,,1789000000.0,2072000000.0,29000000.0,110878000000.0,21894000000.0,,4166000000.0,4565000000.0,10612000000.0,,2563000000.0,,4166000000.0,Infrastructure / Utilities-Like Assets,live_sec_companyfacts,live_api,2026-05-28T16:37:51+00:00
WEC,"WEC Energy Group, Inc.",783325,2022,10-K,2023-02-23,sec_companyfacts,9597400000.0,,1732600000.0,1409700000.0,182200000.0,41872100000.0,4611000000.0,14655700000.0,808500000.0,2060700000.0,2696900000.0,,1122600000.0,515100000.0,15464200000.0,Infrastructure / Utilities-Like Assets,live_sec_companyfacts,live_api,2026-05-28T16:37:51+00:00
WEC,"WEC Energy Group, Inc.",783325,2023,10-K,2024-02-22,sec_companyfacts,8893000000.0,,1536300000.0,1331700000.0,165200000.0,43939700000.0,5114800000.0,15366900000.0,1264200000.0,3018400000.0,,,1264200000.0,726900000.0,16631100000.0,Infrastructure / Utilities-Like Assets,live_sec_companyfacts,live_api,2026-05-28T16:37:51+00:00
WEC,"WEC Energy Group, Inc.",783325,2024,10-K,2025-02-21,sec_companyfacts,8599900000.0,,1746300000.0,1524300000.0,42200000.0,47363200000.0,4841900000.0,17178100000.0,1729000000.0,3211800000.0,,,1354500000.0,,18907100000.0,Infrastructure / Utilities-Like Assets,live_sec_companyfacts,live_api,2026-05-28T16:37:51+00:00
WEC,"WEC Energy Group, Inc.",783325,2025,10-K,2026-02-20,sec_companyfacts,9800100000.0,,1673500000.0,1555500000.0,70900000.0,51518300000.0,5593400000.0,18498100000.0,1519400000.0,3379400000.0,,,1478500000.0,,20017500000.0,Infrastructure / Utilities-Like Assets,live_sec_companyfacts,live_api,2026-05-28T16:37:51+00:00
WTRG,WTRG,78128,2022,10-K,2023-03-01,sec_companyfacts,2288032000.0,,661187000.0,465237000.0,11398000.0,15719107000.0,1021869000.0,6371057000.0,199356000.0,600306000.0,,,321177000.0,238116000.0,6570413000.0,Infrastructure / Utilities-Like Assets,live_sec_companyfacts,live_api,2026-05-28T16:37:51+00:00
WTRG,WTRG,78128,2023,10-K,2024-02-29,sec_companyfacts,2053824000.0,,431781000.0,498226000.0,4612000.0,16841459000.0,797927000.0,6826085000.0,67415000.0,933587000.0,,,343695000.0,283362000.0,6893500000.0,Infrastructure / Utilities-Like Assets,live_sec_companyfacts,live_api,2026-05-28T16:37:51+00:00
WTRG,WTRG,78128,2024,10-K,2025-02-27,sec_companyfacts,2086113000.0,,573478000.0,595314000.0,9156000.0,18026554000.0,974668000.0,7368381000.0,142807000.0,770343000.0,,,369552000.0,302467000.0,7511188000.0,Infrastructure / Utilities-Like Assets,live_sec_companyfacts,live_api,2026-05-28T16:37:51+00:00
WTRG,WTRG,78128,2025,10-K,2026-02-26,sec_companyfacts,2474615000.0,,619814000.0,616369000.0,34778000.0,19464845000.0,764483000.0,8110167000.0,21822000.0,1010459000.0,,,417471000.0,329081000.0,8131989000.0,Infrastructure / Utilities-Like Assets,live_sec_companyfacts,live_api,2026-05-28T16:37:51+00:00
XEL,Xcel Energy Inc.,72903,2022,10-K,2023-02-23,sec_companyfacts,,,1601000000.0,1736000000.0,111000000.0,61188000000.0,6078000000.0,,813000000.0,3932000000.0,4638000000.0,,,953000000.0,813000000.0,Infrastructure / Utilities-Like Assets,live_sec_companyfacts,live_api,2026-05-28T16:37:52+00:00
XEL,Xcel Energy Inc.,72903,2023,10-K,2024-02-21,sec_companyfacts,,,1625000000.0,1771000000.0,129000000.0,64079000000.0,5652000000.0,,785000000.0,5327000000.0,5854000000.0,,,1055000000.0,785000000.0,Infrastructure / Utilities-Like Assets,live_sec_companyfacts,live_api,2026-05-28T16:37:52+00:00
XEL,Xcel Energy Inc.,72903,2024,10-K,2025-02-27,sec_companyfacts,,,1534000000.0,1936000000.0,179000000.0,70035000000.0,6459000000.0,,695000000.0,4641000000.0,7364000000.0,,,1255000000.0,695000000.0,Infrastructure / Utilities-Like Assets,live_sec_companyfacts,live_api,2026-05-28T16:37:52+00:00
XEL,Xcel Energy Inc.,72903,2025,10-K,2026-02-25,sec_companyfacts,,,1773000000.0,2018000000.0,274000000.0,81371000000.0,7089000000.0,,1550000000.0,4083000000.0,10908000000.0,,,1468000000.0,1550000000.0,Infrastructure / Utilities-Like Assets,live_sec_companyfacts,live_api,2026-05-28T16:37:52+00:00
AFRM,"Affirm Holdings, Inc.",1820953,2022,10-K,2022-08-29,sec_companyfacts,559207000.0,,-724831000.0,-707417000.0,1550807000.0,6973792000.0,4355537000.0,,,-162194000.0,86290000.0,,52722000.0,,,Payments / Financial Services,live_sec_companyfacts,live_api,2026-05-28T16:37:52+00:00
AFRM,"Affirm Holdings, Inc.",1820953,2023,10-K,2023-08-25,sec_companyfacts,626938000.0,,-989245000.0,-985345000.0,1259944000.0,8155615000.0,5621432000.0,,,12181000.0,120775000.0,,134634000.0,,,Payments / Financial Services,live_sec_companyfacts,live_api,2026-05-28T16:37:52+00:00
AFRM,"Affirm Holdings, Inc.",1820953,2024,10-K,2024-08-28,sec_companyfacts,826008000.0,,-515527000.0,-517757000.0,1295399000.0,9519619000.0,6787630000.0,,,450138000.0,159296000.0,,169044000.0,,,Payments / Financial Services,live_sec_companyfacts,live_api,2026-05-28T16:37:52+00:00
AFRM,"Affirm Holdings, Inc.",1820953,2025,10-K,2025-08-28,sec_companyfacts,1113966000.0,,61464000.0,52186000.0,1756423000.0,11154929000.0,8085919000.0,,,793909000.0,192189000.0,,225076000.0,,,Payments / Financial Services,live_sec_companyfacts,live_api,2026-05-28T16:37:52+00:00
AXP,American Express Company,4962,2022,10-K,2023-02-10,sec_companyfacts,34219000000.0,,9585000000.0,7514000000.0,33914000000.0,228354000000.0,203643000000.0,,1348000000.0,21079000000.0,1855000000.0,,,2763000000.0,1348000000.0,Payments / Financial Services,live_sec_companyfacts,live_api,2026-05-28T16:37:52+00:00
AXP,American Express Company,4962,2023,10-K,2024-02-09,sec_companyfacts,37218000000.0,,10513000000.0,8374000000.0,46596000000.0,261108000000.0,233051000000.0,,1293000000.0,18559000000.0,1563000000.0,,,6849000000.0,1293000000.0,Payments / Financial Services,live_sec_companyfacts,live_api,2026-05-28T16:37:52+00:00
AXP,American Express Company,4962,2024,10-K,2025-02-07,sec_companyfacts,38825000000.0,,12895000000.0,10129000000.0,40640000000.0,271461000000.0,241197000000.0,,1374000000.0,14050000000.0,1911000000.0,,,,1374000000.0,Payments / Financial Services,live_sec_companyfacts,live_api,2026-05-28T16:37:52+00:00
AXP,American Express Company,4962,2025,10-K,2026-02-06,sec_companyfacts,41304000000.0,,13795000000.0,10833000000.0,47792000000.0,300052000000.0,266578000000.0,,1371000000.0,18428000000.0,2425000000.0,,,,1371000000.0,Payments / Financial Services,live_sec_companyfacts,live_api,2026-05-28T16:37:52+00:00
BAC,BAC,70858,2022,10-K,2023-02-22,sec_companyfacts,94950000000.0,,30969000000.0,27528000000.0,230203000000.0,3051375000000.0,2778178000000.0,,,-6327000000.0,,58953000000.0,1978000000.0,20103000000.0,,Payments / Financial Services,live_sec_companyfacts,live_api,2026-05-28T16:37:52+00:00
BAC,BAC,70858,2023,10-K,2024-02-20,sec_companyfacts,98581000000.0,,28342000000.0,26515000000.0,333073000000.0,3180151000000.0,2888505000000.0,,,44982000000.0,,56365000000.0,2057000000.0,73331000000.0,,Payments / Financial Services,live_sec_companyfacts,live_api,2026-05-28T16:37:52+00:00
BAC,BAC,70858,2024,10-K,2025-02-25,sec_companyfacts,101887000000.0,,29254000000.0,27132000000.0,290114000000.0,3261519000000.0,2965960000000.0,,,-8805000000.0,,45336000000.0,2189000000.0,,,Payments / Financial Services,live_sec_companyfacts,live_api,2026-05-28T16:37:52+00:00
BAC,BAC,70858,2025,10-K,2026-02-25,sec_companyfacts,113097000000.0,,37695000000.0,30509000000.0,231845000000.0,3411738000000.0,3108495000000.0,,,12613000000.0,,26084000000.0,2314000000.0,,,Payments / Financial Services,live_sec_companyfacts,live_api,2026-05-28T16:37:52+00:00
C,C,831001,2022,10-K,2023-02-27,sec_companyfacts,75338000000.0,,18807000000.0,14934000000.0,342025000000.0,2416676000000.0,2214838000000.0,,47096000000.0,25069000000.0,5632000000.0,,,25740000000.0,47096000000.0,Payments / Financial Services,live_sec_companyfacts,live_api,2026-05-28T16:37:52+00:00
C,C,831001,2023,10-K,2024-02-23,sec_companyfacts,78462000000.0,,12910000000.0,9381000000.0,260932000000.0,2411834000000.0,2205583000000.0,,37457000000.0,-73416000000.0,6583000000.0,,,78358000000.0,37457000000.0,Payments / Financial Services,live_sec_companyfacts,live_api,2026-05-28T16:37:52+00:00
C,C,831001,2024,10-K,2025-02-21,sec_companyfacts,81139000000.0,,17046000000.0,12833000000.0,276532000000.0,2352945000000.0,2143579000000.0,,48505000000.0,-19669000000.0,6500000000.0,,,,48505000000.0,Payments / Financial Services,live_sec_companyfacts,live_api,2026-05-28T16:37:52+00:00
C,C,831001,2025,10-K,2026-02-20,sec_companyfacts,85225000000.0,,19828000000.0,14452000000.0,349579000000.0,2657202000000.0,2443380000000.0,,51878000000.0,-67632000000.0,6520000000.0,,,,51878000000.0,Payments / Financial Services,live_sec_companyfacts,live_api,2026-05-28T16:37:52+00:00
COF,Capital One Financial Corporation,927628,2022,10-K,2023-02-24,sec_companyfacts,5417000000.0,,9240000000.0,7360000000.0,31256000000.0,455249000000.0,402667000000.0,,883000000.0,13809000000.0,934000000.0,,3210000000.0,4123000000.0,883000000.0,Payments / Financial Services,live_sec_companyfacts,live_api,2026-05-28T16:37:52+00:00
COF,Capital One Financial Corporation,927628,2023,10-K,2024-02-23,sec_companyfacts,5645000000.0,,6045000000.0,4887000000.0,43755000000.0,478464000000.0,420375000000.0,,538000000.0,20575000000.0,961000000.0,,3226000000.0,12697000000.0,538000000.0,Payments / Financial Services,live_sec_companyfacts,live_api,2026-05-28T16:37:52+00:00
COF,Capital One Financial Corporation,927628,2024,10-K,2025-02-20,sec_companyfacts,5915000000.0,,5910000000.0,4750000000.0,43671000000.0,490144000000.0,429360000000.0,,562000000.0,18159000000.0,1204000000.0,,3237000000.0,,562000000.0,Payments / Financial Services,live_sec_companyfacts,live_api,2026-05-28T16:37:52+00:00
COF,Capital One Financial Corporation,927628,2025,10-K,2026-02-19,sec_companyfacts,8062000000.0,,2281000000.0,2453000000.0,62093000000.0,669009000000.0,555393000000.0,,1087000000.0,27718000000.0,1578000000.0,,5260000000.0,,1087000000.0,Payments / Financial Services,live_sec_companyfacts,live_api,2026-05-28T16:37:52+00:00
COIN,"Coinbase Global, Inc.",1679788,2022,10-K,2023-02-21,sec_companyfacts,3194208000.0,,-3064582000.0,-2624949000.0,9429646000.0,89724873000.0,80815293000.0,3393448000.0,20519000.0,-1585419000.0,2933000.0,,154069000.0,88901000.0,3413967000.0,Payments / Financial Services,live_sec_companyfacts,live_api,2026-05-28T16:37:52+00:00
COIN,"Coinbase Global, Inc.",1679788,2023,10-K,2024-02-15,sec_companyfacts,3108383000.0,,-76845000.0,94871000.0,9555429000.0,206982953000.0,197714131000.0,2979957000.0,0.0,922951000.0,,,139642000.0,82766000.0,2979957000.0,Payments / Financial Services,live_sec_companyfacts,live_api,2026-05-28T16:37:52+00:00
COIN,"Coinbase Global, Inc.",1679788,2024,10-K,2025-02-13,sec_companyfacts,6564028000.0,,2942644000.0,2579066000.0,14610442000.0,22541951000.0,7941320000.0,4234081000.0,,2556844000.0,,,127518000.0,,4234081000.0,Payments / Financial Services,live_sec_companyfacts,live_api,2026-05-28T16:37:52+00:00
COIN,"Coinbase Global, Inc.",1679788,2025,10-K,2026-02-12,sec_companyfacts,7181325000.0,,1522065000.0,1260327000.0,16893420000.0,29671832000.0,8701282000.0,5937034000.0,1269585000.0,2426383000.0,,,188428000.0,,7206619000.0,Payments / Financial Services,live_sec_companyfacts,live_api,2026-05-28T16:37:52+00:00
FICO,FICO,814547,2022,10-K,2022-11-09,sec_companyfacts,1377270000.0,,471309000.0,373541000.0,133202000.0,1442034000.0,331459000.0,1823669000.0,,509450000.0,6029000.0,,15200000.0,68967000.0,1823669000.0,Payments / Financial Services,live_sec_companyfacts,live_api,2026-05-28T16:37:52+00:00
FICO,FICO,814547,2023,10-K,2023-11-08,sec_companyfacts,1513557000.0,,553624000.0,429375000.0,136778000.0,1575281000.0,367688000.0,1811658000.0,,468915000.0,4237000.0,,10100000.0,95546000.0,1811658000.0,Payments / Financial Services,live_sec_companyfacts,live_api,2026-05-28T16:37:52+00:00
FICO,FICO,814547,2024,10-K,2024-11-06,sec_companyfacts,1717526000.0,,642025000.0,512811000.0,150667000.0,1717884000.0,380285000.0,2194021000.0,,632964000.0,8884000.0,,9400000.0,105638000.0,2194021000.0,Payments / Financial Services,live_sec_companyfacts,live_api,2026-05-28T16:37:52+00:00
FICO,FICO,814547,2025,10-K,2025-11-07,sec_companyfacts,1990869000.0,,802595000.0,651946000.0,134136000.0,1868133000.0,849215000.0,2656150000.0,399541000.0,778807000.0,8922000.0,,10700000.0,,3055691000.0,Payments / Financial Services,live_sec_companyfacts,live_api,2026-05-28T16:37:52+00:00
FIS,"Fidelity National Information Services, Inc.",1136893,2022,10-K,2023-02-27,sec_companyfacts,14528000000.0,5708000000.0,-16331000000.0,-16708000000.0,4813000000.0,63278000000.0,16224000000.0,14207000000.0,2133000000.0,3939000000.0,1453000000.0,,3846000000.0,300000000.0,16340000000.0,Payments / Financial Services,live_sec_companyfacts,live_api,2026-05-28T16:37:52+00:00
FIS,"Fidelity National Information Services, Inc.",1136893,2023,10-K,2024-02-26,sec_companyfacts,2510000000.0,975000000.0,331000000.0,253000000.0,4414000000.0,55105000000.0,18318000000.0,12970000000.0,1348000000.0,4335000000.0,833000000.0,,2675000000.0,713000000.0,14318000000.0,Payments / Financial Services,live_sec_companyfacts,live_api,2026-05-28T16:37:52+00:00
FIS,"Fidelity National Information Services, Inc.",1136893,2024,10-K,2025-02-13,sec_companyfacts,2599000000.0,977000000.0,494000000.0,282000000.0,1946000000.0,33784000000.0,6094000000.0,9686000000.0,968000000.0,,97000000.0,,1737000000.0,,10654000000.0,Payments / Financial Services,live_sec_companyfacts,live_api,2026-05-28T16:37:52+00:00
FIS,"Fidelity National Information Services, Inc.",1136893,2025,10-K,2026-02-24,sec_companyfacts,2812000000.0,1076000000.0,529000000.0,512000000.0,599000000.0,33488000000.0,7616000000.0,9069000000.0,1284000000.0,,154000000.0,,1883000000.0,,10353000000.0,Payments / Financial Services,live_sec_companyfacts,live_api,2026-05-28T16:37:52+00:00
FOUR,FOUR,1794669,2022,10-K,2023-03-01,sec_companyfacts,1993600000.0,,86900000.0,86700000.0,776500000.0,2554000000.0,268300000.0,1741900000.0,,275400000.0,8000000.0,,96500000.0,32500000.0,1741900000.0,Payments / Financial Services,live_sec_companyfacts,live_api,2026-05-28T16:37:52+00:00
FOUR,FOUR,1794669,2023,10-K,2024-02-29,sec_companyfacts,2564800000.0,,119500000.0,122900000.0,455000000.0,3387800000.0,704400000.0,1750200000.0,,388300000.0,13700000.0,,153800000.0,32100000.0,1750200000.0,Payments / Financial Services,live_sec_companyfacts,live_api,2026-05-28T16:37:52+00:00
FOUR,FOUR,1794669,2024,10-K,2025-02-19,sec_companyfacts,3330600000.0,,-1600000.0,294500000.0,1438600000.0,5041400000.0,1379800000.0,2154100000.0,686900000.0,500300000.0,7100000.0,,199500000.0,,2841000000.0,Payments / Financial Services,live_sec_companyfacts,live_api,2026-05-28T16:37:52+00:00
FOUR,FOUR,1794669,2025,10-K,2026-02-27,sec_companyfacts,4180000000.0,,195000000.0,147000000.0,1185000000.0,8713000000.0,1314000000.0,4536000000.0,10000000.0,634000000.0,10000000.0,,290000000.0,,4546000000.0,Payments / Financial Services,live_sec_companyfacts,live_api,2026-05-28T16:37:52+00:00
GPN,Global Payments Inc.,1123360,2022,10-K,2023-02-17,sec_companyfacts,8975515000.0,,640151000.0,143313000.0,2215606000.0,44809014000.0,6898691000.0,,,2244040000.0,615652000.0,,1662455000.0,,,Payments / Financial Services,live_sec_companyfacts,live_api,2026-05-28T16:37:52+00:00
GPN,Global Payments Inc.,1123360,2023,10-K,2024-02-14,sec_companyfacts,9654419000.0,,1716386000.0,1028823000.0,2256875000.0,50570186000.0,8125729000.0,,,2248741000.0,658142000.0,,1776692000.0,,,Payments / Financial Services,live_sec_companyfacts,live_api,2026-05-28T16:37:52+00:00
GPN,Global Payments Inc.,1123360,2024,10-K,2025-02-14,sec_companyfacts,10105894000.0,,2333605000.0,1644153000.0,2735975000.0,46890255000.0,6252714000.0,,,3532683000.0,674917000.0,,1862331000.0,,,Payments / Financial Services,live_sec_companyfacts,live_api,2026-05-28T16:37:52+00:00
GPN,Global Payments Inc.,1123360,2025,10-K,2026-02-20,sec_companyfacts,7705878000.0,,1754624000.0,1456047000.0,9116414000.0,53338484000.0,7456844000.0,,,2656592000.0,617769000.0,,1229208000.0,,,Payments / Financial Services,live_sec_companyfacts,live_api,2026-05-28T16:37:52+00:00
GS,GS,886982,2022,10-K,2023-02-24,sec_companyfacts,,,13486000000.0,11261000000.0,241825000000.0,1441799000000.0,1324610000000.0,,,8708000000.0,3748000000.0,,2455000000.0,21346000000.0,,Payments / Financial Services,live_sec_companyfacts,live_api,2026-05-28T16:37:52+00:00
GS,GS,886982,2023,10-K,2024-02-23,sec_companyfacts,,,10739000000.0,8516000000.0,241577000000.0,1641594000000.0,1524689000000.0,,75945000000.0,-12587000000.0,2316000000.0,,4856000000.0,62164000000.0,75945000000.0,Payments / Financial Services,live_sec_companyfacts,live_api,2026-05-28T16:37:52+00:00
GS,GS,886982,2024,10-K,2025-02-27,sec_companyfacts,,,18397000000.0,14276000000.0,182092000000.0,1675972000000.0,1553976000000.0,,69709000000.0,-13212000000.0,2091000000.0,,2392000000.0,73341000000.0,69709000000.0,Payments / Financial Services,live_sec_companyfacts,live_api,2026-05-28T16:37:52+00:00
GS,GS,886982,2025,10-K,2026-02-25,sec_companyfacts,,,21852000000.0,17176000000.0,164259000000.0,1809320000000.0,1684348000000.0,,,-45154000000.0,2064000000.0,,2182000000.0,66814000000.0,,Payments / Financial Services,live_sec_companyfacts,live_api,2026-05-28T16:37:52+00:00
HOOD,"Robinhood Markets, Inc.",1783879,2022,10-K,2023-02-27,sec_companyfacts,1358000000.0,,-1027000000.0,-1028000000.0,6339000000.0,23337000000.0,16253000000.0,,,-852000000.0,28000000.0,,61000000.0,,,Payments / Financial Services,live_sec_companyfacts,live_api,2026-05-28T16:37:52+00:00
HOOD,"Robinhood Markets, Inc.",1783879,2023,10-K,2024-02-27,sec_companyfacts,1865000000.0,,-533000000.0,-541000000.0,9346000000.0,32332000000.0,25545000000.0,,,1181000000.0,,,71000000.0,,,Payments / Financial Services,live_sec_companyfacts,live_api,2026-05-28T16:37:52+00:00
HOOD,"Robinhood Markets, Inc.",1783879,2024,10-K,2025-02-18,sec_companyfacts,2951000000.0,,1064000000.0,1411000000.0,8695000000.0,26187000000.0,18104000000.0,,,-157000000.0,,,77000000.0,,,Payments / Financial Services,live_sec_companyfacts,live_api,2026-05-28T16:37:52+00:00
HOOD,"Robinhood Markets, Inc.",1783879,2025,10-K,2026-02-18,sec_companyfacts,4473000000.0,,2108000000.0,1883000000.0,9893000000.0,38137000000.0,28771000000.0,,,1638000000.0,,,86000000.0,,,Payments / Financial Services,live_sec_companyfacts,live_api,2026-05-28T16:37:52+00:00
JPM,JPM,19617,2022,10-K,2023-02-21,sec_companyfacts,128695000000.0,,46166000000.0,37676000000.0,567234000000.0,3665743000000.0,3373411000000.0,,44027000000.0,107119000000.0,,,,26097000000.0,44027000000.0,Payments / Financial Services,live_sec_companyfacts,live_api,2026-05-28T16:37:52+00:00
JPM,JPM,19617,2023,10-K,2024-02-16,sec_companyfacts,158104000000.0,,61612000000.0,49552000000.0,624151000000.0,3875393000000.0,3547515000000.0,,44712000000.0,12974000000.0,,,,81321000000.0,44712000000.0,Payments / Financial Services,live_sec_companyfacts,live_api,2026-05-28T16:37:52+00:00
JPM,JPM,19617,2024,10-K,2025-02-14,sec_companyfacts,177556000000.0,,75081000000.0,58471000000.0,469317000000.0,4002814000000.0,3658056000000.0,,52893000000.0,-42012000000.0,,,,,52893000000.0,Payments / Financial Services,live_sec_companyfacts,live_api,2026-05-28T16:37:52+00:00
JPM,JPM,19617,2025,10-K,2026-02-13,sec_companyfacts,182447000000.0,,72595000000.0,57048000000.0,343338000000.0,4424900000000.0,4062462000000.0,,64776000000.0,-147782000000.0,,,,,64776000000.0,Payments / Financial Services,live_sec_companyfacts,live_api,2026-05-28T16:37:52+00:00
MA,Mastercard Incorporated,1141391,2022,10-K,2023-02-14,sec_companyfacts,22237000000.0,,12264000000.0,9930000000.0,9196000000.0,38724000000.0,14171000000.0,13749000000.0,274000000.0,11195000000.0,442000000.0,,750000000.0,471000000.0,14023000000.0,Payments / Financial Services,live_sec_companyfacts,live_api,2026-05-28T16:37:52+00:00
MA,Mastercard Incorporated,1141391,2023,10-K,2024-02-13,sec_companyfacts,25098000000.0,,14008000000.0,11195000000.0,10465000000.0,42448000000.0,16264000000.0,14344000000.0,1337000000.0,11980000000.0,371000000.0,,799000000.0,575000000.0,15681000000.0,Payments / Financial Services,live_sec_companyfacts,live_api,2026-05-28T16:37:52+00:00
MA,Mastercard Incorporated,1141391,2024,10-K,2025-02-12,sec_companyfacts,28167000000.0,,15254000000.0,12874000000.0,10808000000.0,48081000000.0,19220000000.0,17476000000.0,750000000.0,14780000000.0,474000000.0,,897000000.0,,18226000000.0,Payments / Financial Services,live_sec_companyfacts,live_api,2026-05-28T16:37:52+00:00
MA,Mastercard Incorporated,1141391,2025,10-K,2026-02-11,sec_companyfacts,32791000000.0,,18578000000.0,14968000000.0,13248000000.0,54157000000.0,22762000000.0,18251000000.0,749000000.0,17648000000.0,489000000.0,,1143000000.0,,19000000000.0,Payments / Financial Services,live_sec_companyfacts,live_api,2026-05-28T16:37:52+00:00
MQ,"Marqeta, Inc.",1522540,2022,10-K,2023-02-28,sec_companyfacts,748206000.0,320001000.0,-184882000.0,-184780000.0,1191646000.0,1770346000.0,282879000.0,,,-12966000.0,2319000.0,,3853000.0,,,Payments / Financial Services,live_sec_companyfacts,live_api,2026-05-28T16:37:52+00:00
MQ,"Marqeta, Inc.",1522540,2023,10-K,2024-02-28,sec_companyfacts,676171000.0,329514000.0,-230575000.0,-222962000.0,989472000.0,1589691000.0,336579000.0,,,21104000.0,762000.0,,10741000.0,,,Payments / Financial Services,live_sec_companyfacts,live_api,2026-05-28T16:37:52+00:00
MQ,"Marqeta, Inc.",1522540,2024,10-K,2025-02-26,sec_companyfacts,506995000.0,351849000.0,28080000.0,27287000.0,931516000.0,1463204000.0,370985000.0,,,58170000.0,2418000.0,,17460000.0,,,Payments / Financial Services,live_sec_companyfacts,live_api,2026-05-28T16:37:52+00:00
MQ,"Marqeta, Inc.",1522540,2025,10-K,2026-02-24,sec_companyfacts,624884000.0,437272000.0,-13329000.0,-13925000.0,1017931000.0,1525033000.0,749057000.0,,,162623000.0,1835000.0,,27163000.0,,,Payments / Financial Services,live_sec_companyfacts,live_api,2026-05-28T16:37:52+00:00
MS,MS,895421,2022,10-K,2023-02-24,sec_companyfacts,,,14089000000.0,11179000000.0,128127000000.0,1180231000000.0,1079000000000.0,,,-6397000000.0,,,3998000000.0,12268000000.0,,Payments / Financial Services,live_sec_companyfacts,live_api,2026-05-28T16:37:52+00:00
MS,MS,895421,2023,10-K,2024-02-22,sec_companyfacts,,,11813000000.0,9230000000.0,89232000000.0,1193693000000.0,1093711000000.0,,,-33536000000.0,,,4256000000.0,42051000000.0,,Payments / Financial Services,live_sec_companyfacts,live_api,2026-05-28T16:37:52+00:00
MS,MS,895421,2024,10-K,2025-02-21,sec_companyfacts,,,17596000000.0,13529000000.0,105386000000.0,1215071000000.0,1109643000000.0,,,1362000000.0,,,5161000000.0,,,Payments / Financial Services,live_sec_companyfacts,live_api,2026-05-28T16:37:52+00:00
MS,MS,895421,2025,10-K,2026-02-19,sec_companyfacts,,,21954000000.0,17025000000.0,111695000000.0,1420270000000.0,1307618000000.0,,,-17889000000.0,,,4658000000.0,,,Payments / Financial Services,live_sec_companyfacts,live_api,2026-05-28T16:37:52+00:00
PAYO,PAYO,1845815,2022,10-K,2023-02-28,sec_companyfacts,572331000.0,,1618000.0,-11970000.0,6386720000.0,6594651000.0,5977512000.0,16138000.0,,83960000.0,10504000.0,,20858000.0,,16138000.0,Payments / Financial Services,live_sec_companyfacts,live_api,2026-05-28T16:37:52+00:00
PAYO,PAYO,1845815,2023,10-K,2024-02-28,sec_companyfacts,590827000.0,,132536000.0,93333000.0,7018367000.0,7283119000.0,6541975000.0,18411000.0,,159489000.0,8459000.0,,27814000.0,,18411000.0,Payments / Financial Services,live_sec_companyfacts,live_api,2026-05-28T16:37:52+00:00
PAYO,PAYO,1845815,2024,10-K,2025-02-27,sec_companyfacts,710294000.0,,139471000.0,121163000.0,5658210000.0,7930380000.0,7131076000.0,,,176925000.0,8189000.0,,47296000.0,,,Payments / Financial Services,live_sec_companyfacts,live_api,2026-05-28T16:37:52+00:00
PAYO,PAYO,1845815,2025,10-K,2026-02-26,sec_companyfacts,813413000.0,,115588000.0,73192000.0,6416707000.0,8956589000.0,8083720000.0,,,233489000.0,26874000.0,,65625000.0,,,Payments / Financial Services,live_sec_companyfacts,live_api,2026-05-28T16:37:52+00:00
PYPL,"PayPal Holdings, Inc.",1633917,2022,10-K,2023-02-10,sec_companyfacts,27518000000.0,,3366000000.0,2419000000.0,19156000000.0,78717000000.0,45101000000.0,10417000000.0,,5813000000.0,706000000.0,,1317000000.0,304000000.0,10417000000.0,Payments / Financial Services,live_sec_companyfacts,live_api,2026-05-28T16:37:52+00:00
PYPL,"PayPal Holdings, Inc.",1633917,2023,10-K,2024-02-08,sec_companyfacts,29771000000.0,,5028000000.0,4246000000.0,21834000000.0,82166000000.0,48466000000.0,9676000000.0,,4843000000.0,623000000.0,,1072000000.0,347000000.0,9676000000.0,Payments / Financial Services,live_sec_companyfacts,live_api,2026-05-28T16:37:52+00:00
PYPL,"PayPal Holdings, Inc.",1633917,2024,10-K,2025-02-04,sec_companyfacts,31797000000.0,,5325000000.0,4147000000.0,22390000000.0,81611000000.0,48376000000.0,9879000000.0,,7450000000.0,683000000.0,,1032000000.0,,9879000000.0,Payments / Financial Services,live_sec_companyfacts,live_api,2026-05-28T16:37:52+00:00
PYPL,"PayPal Holdings, Inc.",1633917,2025,10-K,2026-02-03,sec_companyfacts,33172000000.0,,6065000000.0,5233000000.0,24018000000.0,80173000000.0,46443000000.0,9987000000.0,,6416000000.0,852000000.0,,963000000.0,,9987000000.0,Payments / Financial Services,live_sec_companyfacts,live_api,2026-05-28T16:37:52+00:00
SOFI,"SoFi Technologies, Inc.",1818874,2022,10-K,2023-03-01,sec_companyfacts,377096000.0,,-318721000.0,-320407000.0,1846302000.0,19007675000.0,13479199000.0,,,-7255858000.0,93201000.0,,151360000.0,189275000.0,,Payments / Financial Services,live_sec_companyfacts,live_api,2026-05-28T16:37:52+00:00
SOFI,"SoFi Technologies, Inc.",1818874,2023,10-K,2024-02-27,sec_companyfacts,421454000.0,,-301158000.0,-300742000.0,3615578000.0,30074858000.0,24519872000.0,,,-7227139000.0,111409000.0,,201416000.0,789327000.0,,Payments / Financial Services,live_sec_companyfacts,live_api,2026-05-28T16:37:52+00:00
SOFI,"SoFi Technologies, Inc.",1818874,2024,10-K,2025-02-24,sec_companyfacts,503123000.0,,233345000.0,498665000.0,2709360000.0,36250951000.0,29725817000.0,,,-1119807000.0,154265000.0,,203498000.0,,,Payments / Financial Services,live_sec_companyfacts,live_api,2026-05-28T16:37:52+00:00
SOFI,"SoFi Technologies, Inc.",1818874,2025,10-K,2026-02-17,sec_companyfacts,619353000.0,,525857000.0,481320000.0,5356773000.0,50660478000.0,40170983000.0,,,-3742458000.0,242444000.0,,234151000.0,,,Payments / Financial Services,live_sec_companyfacts,live_api,2026-05-28T16:37:52+00:00
TOST,TOST,1650164,2022,10-K,2023-03-01,sec_companyfacts,2731000000.0,511000000.0,-277000000.0,-275000000.0,635000000.0,1761000000.0,496000000.0,,,-156000000.0,16000000.0,,24000000.0,,,Payments / Financial Services,live_sec_companyfacts,live_api,2026-05-28T16:37:52+00:00
TOST,TOST,1650164,2023,10-K,2024-02-27,sec_companyfacts,3865000000.0,834000000.0,-244000000.0,-246000000.0,747000000.0,1958000000.0,663000000.0,,,135000000.0,42000000.0,,32000000.0,,,Payments / Financial Services,live_sec_companyfacts,live_api,2026-05-28T16:37:52+00:00
TOST,TOST,1650164,2024,10-K,2025-02-26,sec_companyfacts,4960000000.0,1190000000.0,22000000.0,19000000.0,1085000000.0,2408000000.0,811000000.0,,,360000000.0,54000000.0,,46000000.0,,,Payments / Financial Services,live_sec_companyfacts,live_api,2026-05-28T16:37:52+00:00
TOST,TOST,1650164,2025,10-K,2026-02-18,sec_companyfacts,6153000000.0,1593000000.0,346000000.0,342000000.0,1583000000.0,3145000000.0,969000000.0,,,661000000.0,53000000.0,,64000000.0,,,Payments / Financial Services,live_sec_companyfacts,live_api,2026-05-28T16:37:52+00:00
UPST,"Upstart Holdings, Inc.",1647639,2022,10-K,2023-02-16,sec_companyfacts,907272000.0,,-113863000.0,-108665000.0,532467000.0,1936054000.0,1263619000.0,,,-674681000.0,8825000.0,,13513000.0,10843000.0,,Payments / Financial Services,live_sec_companyfacts,live_api,2026-05-28T16:37:52+00:00
UPST,"Upstart Holdings, Inc.",1647639,2023,10-K,2024-02-15,sec_companyfacts,513562000.0,,-256525000.0,-240132000.0,467787000.0,2017100000.0,1381795000.0,,,-160493000.0,1527000.0,,24903000.0,34894000.0,,Payments / Financial Services,live_sec_companyfacts,live_api,2026-05-28T16:37:52+00:00
UPST,"Upstart Holdings, Inc.",1647639,2024,10-K,2025-02-14,sec_companyfacts,636528000.0,,-172856000.0,-128581000.0,976263000.0,2366958000.0,1733740000.0,,,186331000.0,837000.0,,20549000.0,,,Payments / Financial Services,live_sec_companyfacts,live_api,2026-05-28T16:37:52+00:00
UPST,"Upstart Holdings, Inc.",1647639,2025,10-K,2026-02-10,sec_companyfacts,1043857000.0,,42631000.0,53601000.0,1057012000.0,2974805000.0,2175990000.0,,,-147725000.0,347000.0,,24835000.0,,,Payments / Financial Services,live_sec_companyfacts,live_api,2026-05-28T16:37:52+00:00
V,Visa Inc.,1403161,2022,10-K,2022-11-16,sec_companyfacts,29310000000.0,,18136000000.0,14957000000.0,20377000000.0,85501000000.0,20853000000.0,20200000000.0,2250000000.0,18849000000.0,970000000.0,19545000000.0,861000000.0,,22450000000.0,Payments / Financial Services,live_sec_companyfacts,live_api,2026-05-28T16:37:52+00:00
V,Visa Inc.,1403161,2023,10-K,2023-11-15,sec_companyfacts,32653000000.0,,21037000000.0,17273000000.0,21990000000.0,90499000000.0,23098000000.0,20463000000.0,0.0,20755000000.0,1059000000.0,20452000000.0,943000000.0,,20463000000.0,Payments / Financial Services,live_sec_companyfacts,live_api,2026-05-28T16:37:52+00:00
V,Visa Inc.,1403161,2024,10-K,2024-11-13,sec_companyfacts,35926000000.0,,23916000000.0,19743000000.0,19763000000.0,94511000000.0,26517000000.0,20836000000.0,0.0,19950000000.0,1257000000.0,,1034000000.0,,20836000000.0,Payments / Financial Services,live_sec_companyfacts,live_api,2026-05-28T16:37:52+00:00
V,Visa Inc.,1403161,2025,10-K,2025-11-06,sec_companyfacts,40000000000.0,,24194000000.0,20058000000.0,24987000000.0,99627000000.0,35048000000.0,19602000000.0,5569000000.0,23059000000.0,1482000000.0,,1220000000.0,,25171000000.0,Payments / Financial Services,live_sec_companyfacts,live_api,2026-05-28T16:37:52+00:00
WFC,WFC,72971,2022,10-K,2023-02-21,sec_companyfacts,,,14969000000.0,12882000000.0,159157000000.0,1881016000000.0,1699141000000.0,,51145000000.0,27048000000.0,,,1200000000.0,9074000000.0,51145000000.0,Payments / Financial Services,live_sec_companyfacts,live_api,2026-05-28T16:37:52+00:00
WFC,WFC,72971,2023,10-K,2024-02-20,sec_companyfacts,,,21636000000.0,19029000000.0,236052000000.0,1932468000000.0,1745025000000.0,,89559000000.0,40358000000.0,,,1300000000.0,32743000000.0,89559000000.0,Payments / Financial Services,live_sec_companyfacts,live_api,2026-05-28T16:37:52+00:00
WFC,WFC,72971,2024,10-K,2025-02-25,sec_companyfacts,,,23364000000.0,19722000000.0,201902000000.0,1929845000000.0,1748779000000.0,,108806000000.0,3035000000.0,,,1400000000.0,,108806000000.0,Payments / Financial Services,live_sec_companyfacts,live_api,2026-05-28T16:37:52+00:00
WFC,WFC,72971,2025,10-K,2026-02-24,sec_companyfacts,,,25199000000.0,21338000000.0,172593000000.0,2148631000000.0,1965593000000.0,,18323000000.0,-19001000000.0,,,1700000000.0,,18323000000.0,Payments / Financial Services,live_sec_companyfacts,live_api,2026-05-28T16:37:52+00:00
XYZ,"Block, Inc.",1512673,2022,10-K,2023-02-23,sec_companyfacts,17531587000.0,5991892000.0,-565317000.0,-553005000.0,8435906000.0,31364340000.0,8434516000.0,4109829000.0,,175903000.0,170815000.0,,340523000.0,,4109829000.0,Payments / Financial Services,live_sec_companyfacts,live_api,2026-05-28T16:37:52+00:00
XYZ,"Block, Inc.",1512673,2023,10-K,2024-02-22,sec_companyfacts,21915623000.0,7504886000.0,-29143000.0,-21124000.0,9009087000.0,34069893000.0,9921629000.0,,,100961000.0,151151000.0,,408560000.0,,,Payments / Financial Services,live_sec_companyfacts,live_api,2026-05-28T16:37:52+00:00
XYZ,"Block, Inc.",1512673,2024,10-K,2025-02-24,sec_companyfacts,24121053000.0,8889036000.0,1357154000.0,2866497000.0,13230512000.0,36777595000.0,8546798000.0,,,1707350000.0,153947000.0,,376127000.0,,,Payments / Financial Services,live_sec_companyfacts,live_api,2026-05-28T16:37:52+00:00
XYZ,"Block, Inc.",1512673,2025,10-K,2026-02-26,sec_companyfacts,24193683000.0,10359929000.0,1689911000.0,1304210000.0,12481276000.0,39549887000.0,10384460000.0,,,2579714000.0,155038000.0,,369529000.0,,,Payments / Financial Services,live_sec_companyfacts,live_api,2026-05-28T16:37:52+00:00
AMH,AMH,1562401,2022,10-K,2023-02-24,sec_companyfacts,,,,310025000.0,217960000.0,12175059000.0,5000401000.0,,,665518000.0,,,426531000.0,134871000.0,,Real Estate / REITs,live_sec_companyfacts,live_api,2026-05-28T16:37:52+00:00
AMH,AMH,1562401,2023,10-K,2024-02-23,sec_companyfacts,,,,432142000.0,221861000.0,12688190000.0,5035307000.0,,,738689000.0,,,456550000.0,140198000.0,,Real Estate / REITs,live_sec_companyfacts,live_api,2026-05-28T16:37:52+00:00
AMH,AMH,1562401,2024,10-K,2025-02-21,sec_companyfacts,,,,468142000.0,350216000.0,13381151000.0,5532521000.0,,,811535000.0,,,477010000.0,165351000.0,,Real Estate / REITs,live_sec_companyfacts,live_api,2026-05-28T16:37:52+00:00
AMH,AMH,1562401,2025,10-K,2026-02-20,sec_companyfacts,,,,513392000.0,230690000.0,13242120000.0,5532614000.0,,,864327000.0,,,504341000.0,185198000.0,,Real Estate / REITs,live_sec_companyfacts,live_api,2026-05-28T16:37:52+00:00
ARE,ARE,1035443,2022,10-K,2023-01-30,sec_companyfacts,,,,670701000.0,857975000.0,35523399000.0,12840152000.0,,,1294321000.0,,,1002146000.0,94203000.0,,Real Estate / REITs,live_sec_companyfacts,live_api,2026-05-28T16:37:52+00:00
ARE,ARE,1035443,2023,10-K,2024-01-29,sec_companyfacts,,,,280994000.0,660771000.0,36771402000.0,14148409000.0,,,1630550000.0,,,1093473000.0,74204000.0,,Real Estate / REITs,live_sec_companyfacts,live_api,2026-05-28T16:37:52+00:00
ARE,ARE,1035443,2024,10-K,2025-01-27,sec_companyfacts,,,,510733000.0,559847000.0,37527449000.0,15128988000.0,,,1504524000.0,,,1202380000.0,185838000.0,,Real Estate / REITs,live_sec_companyfacts,live_api,2026-05-28T16:37:52+00:00
ARE,ARE,1035443,2025,10-K,2026-01-26,sec_companyfacts,,,,-1216726000.0,553755000.0,34081835000.0,14925399000.0,,,1414046000.0,,,1350478000.0,226698000.0,,Real Estate / REITs,live_sec_companyfacts,live_api,2026-05-28T16:37:52+00:00
AVB,AVB,915912,2022,10-K,2023-02-24,sec_companyfacts,6333000.0,,1151084000.0,1136438000.0,734245000.0,20457764000.0,9201526000.0,,,1421932000.0,,,,230074000.0,,Real Estate / REITs,live_sec_companyfacts,live_api,2026-05-28T16:37:52+00:00
AVB,AVB,915912,2023,10-K,2024-02-23,sec_companyfacts,7722000.0,,938591000.0,928438000.0,530960000.0,20678214000.0,8893423000.0,,,1560029000.0,,,,205992000.0,,Real Estate / REITs,live_sec_companyfacts,live_api,2026-05-28T16:37:52+00:00
AVB,AVB,915912,2024,10-K,2025-02-27,sec_companyfacts,7081000.0,,1082620000.0,1082175000.0,267076000.0,21000737000.0,9059645000.0,,,1607878000.0,,,,226589000.0,,Real Estate / REITs,live_sec_companyfacts,live_api,2026-05-28T16:37:52+00:00
AVB,AVB,915912,2025,10-K,2026-02-27,sec_companyfacts,7042000.0,,1055464000.0,1056599000.0,353083000.0,22192137000.0,10357820000.0,,,1671105000.0,,,,259181000.0,,Real Estate / REITs,live_sec_companyfacts,live_api,2026-05-28T16:37:52+00:00
BXP,BXP,1037540,2022,10-K,2023-02-27,sec_companyfacts,3108581000.0,1929527000.0,,1020584000.0,736812000.0,24207669000.0,15837237000.0,,,1282399000.0,,,749775000.0,437139000.0,,Real Estate / REITs,live_sec_companyfacts,live_api,2026-05-28T16:37:52+00:00
BXP,BXP,1037540,2023,10-K,2024-02-27,sec_companyfacts,3273569000.0,1998776000.0,,291424000.0,1612567000.0,26026149000.0,17833785000.0,,,1301520000.0,,,830813000.0,579572000.0,,Real Estate / REITs,live_sec_companyfacts,live_api,2026-05-28T16:37:52+00:00
BXP,BXP,1037540,2024,10-K,2025-02-27,sec_companyfacts,3407719000.0,2041045000.0,,84188000.0,1335196000.0,26084980000.0,18137324000.0,,,1234501000.0,,,887191000.0,645117000.0,,Real Estate / REITs,live_sec_companyfacts,live_api,2026-05-28T16:37:52+00:00
BXP,BXP,1037540,2025,10-K,2026-02-27,sec_companyfacts,3482279000.0,2058649000.0,,383995000.0,1557266000.0,26166164000.0,18473924000.0,,,1245157000.0,,,912088000.0,653138000.0,,Real Estate / REITs,live_sec_companyfacts,live_api,2026-05-28T16:37:52+00:00
COLD,COLD,1455863,2022,10-K,2023-02-27,sec_companyfacts,2870336000.0,,-38310000.0,-19474000.0,53063000.0,8104561000.0,4316683000.0,,,299996000.0,308365000.0,,331446000.0,,,Real Estate / REITs,live_sec_companyfacts,live_api,2026-05-28T16:37:52+00:00
COLD,COLD,1455863,2023,10-K,2024-02-29,sec_companyfacts,2621244000.0,,-328089000.0,-336269000.0,60392000.0,7869252000.0,4234665000.0,,,366155000.0,264467000.0,,353743000.0,,,Real Estate / REITs,live_sec_companyfacts,live_api,2026-05-28T16:37:52+00:00
COLD,COLD,1455863,2024,10-K,2025-02-27,sec_companyfacts,2604740000.0,,-103177000.0,-94749000.0,47652000.0,7735954000.0,4428949000.0,,,411877000.0,309458000.0,,360817000.0,,,Real Estate / REITs,live_sec_companyfacts,live_api,2026-05-28T16:37:52+00:00
COLD,COLD,1455863,2025,10-K,2026-02-26,sec_companyfacts,2540906000.0,,-135733000.0,-115282000.0,136863000.0,8121598000.0,5199585000.0,,,359641000.0,576845000.0,,367362000.0,,,Real Estate / REITs,live_sec_companyfacts,live_api,2026-05-28T16:37:52+00:00
CPT,CPT,906345,2022,10-K,2023-02-23,sec_companyfacts,5188000.0,,,661508000.0,17438000.0,9327935000.0,4271014000.0,,,744712000.0,,,577020000.0,113424000.0,,Real Estate / REITs,live_sec_companyfacts,live_api,2026-05-28T16:37:52+00:00
CPT,CPT,906345,2023,10-K,2024-02-22,sec_companyfacts,3451000.0,,,410553000.0,268047000.0,9383737000.0,4331966000.0,,,794950000.0,,,574813000.0,133395000.0,,Real Estate / REITs,live_sec_companyfacts,live_api,2026-05-28T16:37:52+00:00
CPT,CPT,906345,2024,10-K,2025-02-20,sec_companyfacts,7137000.0,,,170840000.0,32209000.0,8852144000.0,4104955000.0,,,774877000.0,,,582014000.0,129815000.0,,Real Estate / REITs,live_sec_companyfacts,live_api,2026-05-28T16:37:52+00:00
CPT,CPT,906345,2025,10-K,2026-02-12,sec_companyfacts,12967000.0,,,394898000.0,37242000.0,9042989000.0,4604736000.0,,,826621000.0,,,611025000.0,138239000.0,,Real Estate / REITs,live_sec_companyfacts,live_api,2026-05-28T16:37:52+00:00
CUBE,CUBE,1298675,2022,10-K,2023-02-24,sec_companyfacts,1009624000.0,,,292472000.0,8925000.0,6325830000.0,3428030000.0,,,591466000.0,,,310610000.0,,,Real Estate / REITs,live_sec_companyfacts,live_api,2026-05-28T16:37:52+00:00
CUBE,CUBE,1298675,2023,10-K,2024-02-29,sec_companyfacts,1050334000.0,,,412435000.0,8217000.0,6225020000.0,3344212000.0,,,611136000.0,,,201238000.0,,,Real Estate / REITs,live_sec_companyfacts,live_api,2026-05-28T16:37:52+00:00
CUBE,CUBE,1298675,2024,10-K,2025-02-28,sec_companyfacts,1066231000.0,,,391885000.0,77663000.0,6394181000.0,3440313000.0,,,631074000.0,,,205703000.0,,,Real Estate / REITs,live_sec_companyfacts,live_api,2026-05-28T16:37:52+00:00
CUBE,CUBE,1298675,2025,10-K,2026-02-27,sec_companyfacts,1123110000.0,,,331317000.0,10233000.0,6643193000.0,3861117000.0,,,608512000.0,,,258151000.0,,,Real Estate / REITs,live_sec_companyfacts,live_api,2026-05-28T16:37:52+00:00
EQR,EQR,906107,2022,10-K,2023-02-16,sec_companyfacts,,,1116046000.0,806995000.0,53869000.0,20218262000.0,8517310000.0,,,1454756000.0,,,,,,Real Estate / REITs,live_sec_companyfacts,live_api,2026-05-28T16:37:52+00:00
EQR,EQR,906107,2023,10-K,2024-02-15,sec_companyfacts,,,1160585000.0,868488000.0,50743000.0,20034564000.0,8456188000.0,,,1532798000.0,,,,,,Real Estate / REITs,live_sec_companyfacts,live_api,2026-05-28T16:37:52+00:00
EQR,EQR,906107,2024,10-K,2025-02-13,sec_companyfacts,,,,1070975000.0,62302000.0,20834176000.0,9249829000.0,,,1573607000.0,,,,,,Real Estate / REITs,live_sec_companyfacts,live_api,2026-05-28T16:37:52+00:00
EQR,EQR,906107,2025,10-K,2026-02-13,sec_companyfacts,,,,1151949000.0,55904000.0,20746023000.0,9336889000.0,,,1648763000.0,,,,,,Real Estate / REITs,live_sec_companyfacts,live_api,2026-05-28T16:37:52+00:00
ESS,ESS,920522,2022,10-K,2023-02-23,sec_companyfacts,11139000.0,,595229000.0,432985000.0,42681000.0,12372905000.0,6450639000.0,,,975649000.0,,,539319000.0,204798000.0,,Real Estate / REITs,live_sec_companyfacts,live_api,2026-05-28T16:37:52+00:00
ESS,ESS,920522,2023,10-K,2024-02-23,sec_companyfacts,11131000.0,,584342000.0,430708000.0,400334000.0,12361427000.0,6735244000.0,,,980064000.0,,,548438000.0,212905000.0,,Real Estate / REITs,live_sec_companyfacts,live_api,2026-05-28T16:37:52+00:00
ESS,ESS,920522,2024,10-K,2025-02-21,sec_companyfacts,10265000.0,1244659000.0,703095000.0,811306000.0,75846000.0,12927359000.0,7176120000.0,,,1068305000.0,,,580220000.0,,,Real Estate / REITs,live_sec_companyfacts,live_api,2026-05-28T16:37:52+00:00
ESS,ESS,920522,2025,10-K,2026-02-20,sec_companyfacts,9381000.0,1318978000.0,899316000.0,702773000.0,85586000.0,13159009000.0,7422114000.0,,,1074423000.0,,,607542000.0,,,Real Estate / REITs,live_sec_companyfacts,live_api,2026-05-28T16:37:52+00:00
EXR,EXR,1289490,2022,10-K,2023-02-28,sec_companyfacts,83904000.0,,900653000.0,921156000.0,97735000.0,12167458000.0,8089184000.0,,,1238139000.0,,,,,,Real Estate / REITs,live_sec_companyfacts,live_api,2026-05-28T16:37:52+00:00
EXR,EXR,1289490,2023,10-K,2024-02-29,sec_companyfacts,101986000.0,,1170141000.0,850453000.0,105083000.0,27456262000.0,12042313000.0,,,1402474000.0,135577000.0,,506053000.0,419035000.0,,Real Estate / REITs,live_sec_companyfacts,live_api,2026-05-28T16:37:52+00:00
EXR,EXR,1289490,2024,10-K,2025-02-28,sec_companyfacts,120855000.0,,1323360000.0,900232000.0,143303000.0,28847926000.0,13988564000.0,,,1887430000.0,479059000.0,,783023000.0,,,Real Estate / REITs,live_sec_companyfacts,live_api,2026-05-28T16:37:52+00:00
EXR,EXR,1289490,2025,10-K,2026-02-20,sec_companyfacts,129476000.0,,1412691000.0,1022538000.0,143180000.0,29264046000.0,14940010000.0,,,1850193000.0,561723000.0,,715177000.0,,,Real Estate / REITs,live_sec_companyfacts,live_api,2026-05-28T16:37:52+00:00
FR,FR,921825,2022,10-K,2023-02-16,sec_companyfacts,539929000.0,,,381612000.0,145118000.0,4954322000.0,2424023000.0,,,410943000.0,,,147420000.0,,,Real Estate / REITs,live_sec_companyfacts,live_api,2026-05-28T16:37:52+00:00
FR,FR,921825,2023,10-K,2024-02-14,sec_companyfacts,614027000.0,,,285837000.0,43844000.0,5175765000.0,2540660000.0,,,304815000.0,,,162951000.0,,,Real Estate / REITs,live_sec_companyfacts,live_api,2026-05-28T16:37:52+00:00
FR,FR,921825,2024,10-K,2025-02-14,sec_companyfacts,669641000.0,,,295988000.0,51682000.0,5261426000.0,2515398000.0,,,352488000.0,,,171939000.0,,,Real Estate / REITs,live_sec_companyfacts,live_api,2026-05-28T16:37:52+00:00
FR,FR,921825,2025,10-K,2026-02-11,sec_companyfacts,727076000.0,,,264079000.0,78032000.0,5688081000.0,2929151000.0,,,461263000.0,,,185316000.0,,,Real Estate / REITs,live_sec_companyfacts,live_api,2026-05-28T16:37:52+00:00
INVH,INVH,1687229,2022,10-K,2023-02-22,sec_companyfacts,2238121000.0,,,384799000.0,453927000.0,18536708000.0,8213077000.0,,,1023587000.0,,,,304092000.0,,Real Estate / REITs,live_sec_companyfacts,live_api,2026-05-28T16:37:53+00:00
INVH,INVH,1687229,2023,10-K,2024-02-21,sec_companyfacts,2432278000.0,,,521028000.0,897484000.0,19220967000.0,9030532000.0,,,1107088000.0,,,,333457000.0,,Real Estate / REITs,live_sec_companyfacts,live_api,2026-05-28T16:37:53+00:00
INVH,INVH,1687229,2024,10-K,2025-02-27,sec_companyfacts,2618942000.0,,,455365000.0,419693000.0,18700951000.0,8908442000.0,,,1081805000.0,,,,,,Real Estate / REITs,live_sec_companyfacts,live_api,2026-05-28T16:37:53+00:00
INVH,INVH,1687229,2025,10-K,2026-02-19,sec_companyfacts,2729296000.0,,,589909000.0,354865000.0,18680290000.0,9112398000.0,,,1206230000.0,,,,,,Real Estate / REITs,live_sec_companyfacts,live_api,2026-05-28T16:37:53+00:00
KIM,KIM,879101,2022,10-K,2023-02-24,sec_companyfacts,1727684000.0,,565464000.0,114534000.0,149829000.0,17826122000.0,8086280000.0,,,861114000.0,,,505000000.0,226823000.0,,Real Estate / REITs,live_sec_companyfacts,live_api,2026-05-28T16:37:53+00:00
KIM,KIM,879101,2023,10-K,2024-02-26,sec_companyfacts,1783400000.0,,638777000.0,665949000.0,783757000.0,18274022000.0,8548287000.0,,,1071607000.0,,,507265000.0,250201000.0,,Real Estate / REITs,live_sec_companyfacts,live_api,2026-05-28T16:37:53+00:00
KIM,KIM,879101,2024,10-K,2025-02-21,sec_companyfacts,2037014000.0,,629088000.0,419439000.0,689731000.0,20309896000.0,9464107000.0,,,1005621000.0,,,603685000.0,307806000.0,,Real Estate / REITs,live_sec_companyfacts,live_api,2026-05-28T16:37:53+00:00
KIM,KIM,879101,2025,10-K,2026-02-20,sec_companyfacts,2140116000.0,,770823000.0,592810000.0,212794000.0,19688250000.0,9120372000.0,,,1120015000.0,18400000.0,,627090000.0,330196000.0,,Real Estate / REITs,live_sec_companyfacts,live_api,2026-05-28T16:37:53+00:00
MAA,MAA,912595,2022,10-K,2023-02-14,sec_companyfacts,2019866000.0,,,654776000.0,61071000.0,11241165000.0,5030746000.0,,,1058479000.0,,,542998000.0,154747000.0,,Real Estate / REITs,live_sec_companyfacts,live_api,2026-05-28T16:37:53+00:00
MAA,MAA,912595,2023,10-K,2024-02-09,sec_companyfacts,2148468000.0,,,567831000.0,55091000.0,11484503000.0,5185381000.0,,,1137187000.0,,,565063000.0,149234000.0,,Real Estate / REITs,live_sec_companyfacts,live_api,2026-05-28T16:37:53+00:00
MAA,MAA,912595,2024,10-K,2025-02-07,sec_companyfacts,2191015000.0,,,541576000.0,56761000.0,11812369000.0,5664705000.0,,,1098292000.0,,,585616000.0,168544000.0,,Real Estate / REITs,live_sec_companyfacts,live_api,2026-05-28T16:37:53+00:00
MAA,MAA,912595,2025,10-K,2026-02-06,sec_companyfacts,2209126000.0,,,456566000.0,73975000.0,11975383000.0,6135738000.0,,,1078175000.0,,,622295000.0,185257000.0,,Real Estate / REITs,live_sec_companyfacts,live_api,2026-05-28T16:37:53+00:00
NNN,NNN,751364,2022,10-K,2023-02-09,sec_companyfacts,773053000.0,,482537000.0,334621000.0,6778000.0,8146045000.0,4022543000.0,,,578355000.0,,,223834000.0,148065000.0,,Real Estate / REITs,live_sec_companyfacts,live_api,2026-05-28T16:37:53+00:00
NNN,NNN,751364,2023,10-K,2024-02-08,sec_companyfacts,828111000.0,,555104000.0,392340000.0,5155000.0,8661968000.0,4504511000.0,,,612410000.0,,,238625000.0,163898000.0,,Real Estate / REITs,live_sec_companyfacts,live_api,2026-05-28T16:37:53+00:00
NNN,NNN,751364,2024,10-K,2025-02-11,sec_companyfacts,869266000.0,,577872000.0,396835000.0,9062000.0,8872728000.0,4510453000.0,,,635504000.0,,,249681000.0,184017000.0,,Real Estate / REITs,live_sec_companyfacts,live_api,2026-05-28T16:37:53+00:00
NNN,NNN,751364,2025,10-K,2026-02-11,sec_companyfacts,926213000.0,,589486000.0,389777000.0,5822000.0,9379355000.0,4971053000.0,,,667131000.0,,,268439000.0,203955000.0,,Real Estate / REITs,live_sec_companyfacts,live_api,2026-05-28T16:37:53+00:00
O,O,726728,2022,10-K,2023-02-22,sec_companyfacts,3343681000.0,,917599000.0,872416000.0,226881000.0,49673092000.0,20829803000.0,,,2563856000.0,,34159509000.0,1670389000.0,465223000.0,,Real Estate / REITs,live_sec_companyfacts,live_api,2026-05-28T16:37:53+00:00
O,O,726728,2023,10-K,2024-02-21,sec_companyfacts,4078993000.0,,928935000.0,876914000.0,292175000.0,57779357000.0,24672388000.0,,,2958769000.0,,39629709000.0,1895177000.0,730423000.0,,Real Estate / REITs,live_sec_companyfacts,live_api,2026-05-28T16:37:53+00:00
O,O,726728,2024,10-K,2025-02-25,sec_companyfacts,5271142000.0,,933942000.0,867341000.0,495506000.0,68835039000.0,29783353000.0,,,3573276000.0,,47451068000.0,2395644000.0,,,Real Estate / REITs,live_sec_companyfacts,live_api,2026-05-28T16:37:53+00:00
O,O,726728,2025,10-K,2026-02-25,sec_companyfacts,5749377000.0,,1155129000.0,1069783000.0,520756000.0,72795612000.0,32671644000.0,,,3994754000.0,,49861660000.0,2524200000.0,,,Real Estate / REITs,live_sec_companyfacts,live_api,2026-05-28T16:37:53+00:00
PLD,PLD,1045609,2022,10-K,2023-02-14,sec_companyfacts,1751592000.0,,3690810000.0,620066000.0,278483000.0,87897448000.0,30034355000.0,,,4126430000.0,,,1812777000.0,309037000.0,,Real Estate / REITs,live_sec_companyfacts,live_api,2026-05-28T16:37:53+00:00
PLD,PLD,1045609,2023,10-K,2024-02-13,sec_companyfacts,1889247000.0,,3464183000.0,675884000.0,530388000.0,93020840000.0,35197120000.0,,,5373058000.0,,,2484891000.0,641332000.0,,Real Estate / REITs,live_sec_companyfacts,live_api,2026-05-28T16:37:53+00:00
PLD,PLD,1045609,2024,10-K,2025-02-14,sec_companyfacts,2200646000.0,,4114878000.0,1342176000.0,1318591000.0,95328909000.0,36712139000.0,,,4912209000.0,,,2580519000.0,863932000.0,,Real Estate / REITs,live_sec_companyfacts,live_api,2026-05-28T16:37:53+00:00
PLD,PLD,1045609,2025,10-K,2026-02-13,sec_companyfacts,2252712000.0,,3769316000.0,1482215000.0,1145647000.0,98724256000.0,40970248000.0,,,5008434000.0,,,2626028000.0,1002344000.0,,Real Estate / REITs,live_sec_companyfacts,live_api,2026-05-28T16:37:53+00:00
PSA,PSA,1393311,2022,10-K,2023-02-21,sec_companyfacts,4182163000.0,,,4366274000.0,805157000.0,17552307000.0,7385506000.0,,,3117141000.0,,,888146000.0,136319000.0,,Real Estate / REITs,live_sec_companyfacts,live_api,2026-05-28T16:37:53+00:00
PSA,PSA,1393311,2023,10-K,2024-02-20,sec_companyfacts,4517690000.0,,2170941000.0,2160120000.0,400375000.0,19809216000.0,9702270000.0,,,3246648000.0,,,970056000.0,201132000.0,,Real Estate / REITs,live_sec_companyfacts,live_api,2026-05-28T16:37:53+00:00
PSA,PSA,1393311,2024,10-K,2025-02-24,sec_companyfacts,4695616000.0,,2089079000.0,2084410000.0,447416000.0,19754934000.0,9941282000.0,,,3128255000.0,,,1129766000.0,287401000.0,,Real Estate / REITs,live_sec_companyfacts,live_api,2026-05-28T16:37:53+00:00
PSA,PSA,1393311,2025,10-K,2026-02-12,sec_companyfacts,4824113000.0,,1789804000.0,1797032000.0,318095000.0,20208604000.0,10866770000.0,,,3186449000.0,,,1151840000.0,304495000.0,,Real Estate / REITs,live_sec_companyfacts,live_api,2026-05-28T16:37:53+00:00
REG,REG,910606,2022,10-K,2023-02-17,sec_companyfacts,1224022000.0,,,488035000.0,68776000.0,10860220000.0,4682181000.0,,,655815000.0,,,319697000.0,146186000.0,,Real Estate / REITs,live_sec_companyfacts,live_api,2026-05-28T16:37:53+00:00
REG,REG,910606,2023,10-K,2024-02-16,sec_companyfacts,1322466000.0,,,370867000.0,91354000.0,12426913000.0,5234978000.0,,,719591000.0,,,352282000.0,154249000.0,,Real Estate / REITs,live_sec_companyfacts,live_api,2026-05-28T16:37:53+00:00
REG,REG,910606,2024,10-K,2025-02-14,sec_companyfacts,1453904000.0,,1047368000.0,409840000.0,61884000.0,12391961000.0,5491654000.0,,,790198000.0,,,394714000.0,,,Real Estate / REITs,live_sec_companyfacts,live_api,2026-05-28T16:37:53+00:00
REG,REG,910606,2025,10-K,2026-02-13,sec_companyfacts,1553524000.0,,1123441000.0,540951000.0,120661000.0,13001283000.0,5819677000.0,,,827692000.0,,,405044000.0,,,Real Estate / REITs,live_sec_companyfacts,live_api,2026-05-28T16:37:53+00:00
REXR,REXR,1571283,2022,10-K,2023-02-13,sec_companyfacts,616000.0,,,177157000.0,36786000.0,9259283000.0,2335941000.0,,,327695000.0,,,196794000.0,48496000.0,,Real Estate / REITs,live_sec_companyfacts,live_api,2026-05-28T16:37:53+00:00
REXR,REXR,1571283,2023,10-K,2024-02-12,sec_companyfacts,682000.0,,,249591000.0,33444000.0,10929829000.0,2785924000.0,,,427548000.0,,,244510000.0,61400000.0,,Real Estate / REITs,live_sec_companyfacts,live_api,2026-05-28T16:37:53+00:00
REXR,REXR,1571283,2024,10-K,2025-02-10,sec_companyfacts,611000.0,,,285926000.0,55971000.0,12648218000.0,3922239000.0,,,478917000.0,,,275247000.0,98596000.0,,Real Estate / REITs,live_sec_companyfacts,live_api,2026-05-28T16:37:53+00:00
REXR,REXR,1571283,2025,10-K,2026-02-11,sec_companyfacts,589000.0,,,219763000.0,165778000.0,12612713000.0,3774694000.0,,,542085000.0,,,315919000.0,,,Real Estate / REITs,live_sec_companyfacts,live_api,2026-05-28T16:37:53+00:00
SPG,SPG,1063761,2022,10-K,2023-02-23,sec_companyfacts,1399898000.0,,684205000.0,772748000.0,621628000.0,33011274000.0,29187383000.0,,,3766604000.0,650024000.0,,1227371000.0,761253000.0,,Real Estate / REITs,live_sec_companyfacts,live_api,2026-05-28T16:37:53+00:00
SPG,SPG,1063761,2023,10-K,2024-02-22,sec_companyfacts,1527438000.0,,792139000.0,859496000.0,1168991000.0,34283495000.0,30595897000.0,,,3930793000.0,793283000.0,,1262107000.0,854648000.0,,Real Estate / REITs,live_sec_companyfacts,live_api,2026-05-28T16:37:53+00:00
SPG,SPG,1063761,2024,10-K,2025-02-21,sec_companyfacts,1582232000.0,,835746000.0,771760000.0,1400345000.0,32405691000.0,28806239000.0,,,3814655000.0,755584000.0,,1265340000.0,905797000.0,,Real Estate / REITs,live_sec_companyfacts,live_api,2026-05-28T16:37:53+00:00
SPG,SPG,1063761,2025,10-K,2026-02-25,sec_companyfacts,1791462000.0,,890669000.0,3539882000.0,823147000.0,40606466000.0,33901073000.0,,,4136551000.0,934346000.0,,1426423000.0,974835000.0,,Real Estate / REITs,live_sec_companyfacts,live_api,2026-05-28T16:37:53+00:00
STAG,STAG,1479094,2022,10-K,2023-02-15,sec_companyfacts,657345000.0,,,182234000.0,25884000.0,6184988000.0,2726807000.0,,,387931000.0,,,275040000.0,78018000.0,,Real Estate / REITs,live_sec_companyfacts,live_api,2026-05-28T16:37:53+00:00
STAG,STAG,1479094,2023,10-K,2024-02-13,sec_companyfacts,707835000.0,,,197201000.0,20741000.0,6283458000.0,2837647000.0,,,391092000.0,,,278447000.0,94575000.0,,Real Estate / REITs,live_sec_companyfacts,live_api,2026-05-28T16:37:53+00:00
STAG,STAG,1479094,2024,10-K,2025-02-12,sec_companyfacts,767384000.0,,,193266000.0,36284000.0,6833335000.0,3304227000.0,,,460292000.0,,,293077000.0,113169000.0,,Real Estate / REITs,live_sec_companyfacts,live_api,2026-05-28T16:37:53+00:00
STAG,STAG,1479094,2025,10-K,2026-02-11,sec_companyfacts,845184000.0,,,279270000.0,14910000.0,7208069000.0,3537040000.0,,,463388000.0,,,301797000.0,,,Real Estate / REITs,live_sec_companyfacts,live_api,2026-05-28T16:37:53+00:00
VICI,VICI,1705696,2022,10-K,2023-02-23,sec_companyfacts,2600697000.0,,1139143000.0,1136267000.0,208933000.0,37575826000.0,15285713000.0,,,1943396000.0,,,,539953000.0,,Real Estate / REITs,live_sec_companyfacts,live_api,2026-05-28T16:37:53+00:00
VICI,VICI,1705696,2023,10-K,2024-02-22,sec_companyfacts,3611988000.0,,2548481000.0,2554622000.0,522574000.0,44059841000.0,18402067000.0,,,2181009000.0,,,,818056000.0,,Real Estate / REITs,live_sec_companyfacts,live_api,2026-05-28T16:37:53+00:00
VICI,VICI,1705696,2024,10-K,2025-02-20,sec_companyfacts,3849205000.0,,2730946000.0,2721242000.0,524615000.0,45368940000.0,18417139000.0,,,2381498000.0,,,,,,Real Estate / REITs,live_sec_companyfacts,live_api,2026-05-28T16:37:53+00:00
VICI,VICI,1705696,2025,10-K,2026-02-25,sec_companyfacts,4006116000.0,,2820979000.0,2818544000.0,563479000.0,46724168000.0,18501581000.0,,,2509991000.0,,,,,,Real Estate / REITs,live_sec_companyfacts,live_api,2026-05-28T16:37:53+00:00
WELL,WELL,766704,2022,10-K,2023-02-21,sec_companyfacts,5860615000.0,,,160568000.0,722292000.0,37893233000.0,16499237000.0,,,1328708000.0,,,1310368000.0,,,Real Estate / REITs,live_sec_companyfacts,live_api,2026-05-28T16:37:53+00:00
WELL,WELL,766704,2023,10-K,2024-02-15,sec_companyfacts,4753804000.0,,,358139000.0,2076083000.0,44012166000.0,17640439000.0,,,1601861000.0,,,1401101000.0,,,Real Estate / REITs,live_sec_companyfacts,live_api,2026-05-28T16:37:53+00:00
WELL,WELL,766704,2024,10-K,2025-02-12,sec_companyfacts,6027149000.0,,,972857000.0,3711457000.0,51044308000.0,18471722000.0,,,2256421000.0,,,1632093000.0,,,Real Estate / REITs,live_sec_companyfacts,live_api,2026-05-28T16:37:53+00:00
WELL,WELL,766704,2025,10-K,2026-02-12,sec_companyfacts,8452996000.0,,,961837000.0,5209539000.0,67303047000.0,24100108000.0,,,2881677000.0,,,2084868000.0,,,Real Estate / REITs,live_sec_companyfacts,live_api,2026-05-28T16:37:53+00:00
ADBE,Adobe Inc.,796343,2022,10-K,2023-01-17,sec_companyfacts,17606000000.0,15441000000.0,6008000000.0,4756000000.0,4236000000.0,27165000000.0,8128000000.0,,,7838000000.0,442000000.0,,856000000.0,112000000.0,,Software / SaaS,live_sec_companyfacts,live_api,2026-05-28T16:37:53+00:00
ADBE,Adobe Inc.,796343,2023,10-K,2024-01-17,sec_companyfacts,19409000000.0,17055000000.0,6799000000.0,5428000000.0,7141000000.0,29779000000.0,8251000000.0,,,7302000000.0,360000000.0,,872000000.0,113000000.0,,Software / SaaS,live_sec_companyfacts,live_api,2026-05-28T16:37:53+00:00
ADBE,Adobe Inc.,796343,2024,10-K,2025-01-13,sec_companyfacts,21505000000.0,19147000000.0,6931000000.0,5560000000.0,7613000000.0,30230000000.0,10521000000.0,,,8056000000.0,183000000.0,,857000000.0,,,Software / SaaS,live_sec_companyfacts,live_api,2026-05-28T16:37:53+00:00
ADBE,Adobe Inc.,796343,2025,10-K,2026-01-15,sec_companyfacts,23769000000.0,21218000000.0,8734000000.0,7130000000.0,5431000000.0,29496000000.0,10200000000.0,,0.0,10031000000.0,179000000.0,,818000000.0,,0.0,Software / SaaS,live_sec_companyfacts,live_api,2026-05-28T16:37:53+00:00
ADSK,ADSK,769397,2023,10-K,2023-03-14,sec_companyfacts,5005000000.0,4525000000.0,946000000.0,823000000.0,1947000000.0,9438000000.0,4000000000.0,,,2071000000.0,40000000.0,3325000000.0,150000000.0,,,Software / SaaS,live_sec_companyfacts,live_api,2026-05-28T16:37:53+00:00
ADSK,ADSK,769397,2024,10-K,2024-06-10,sec_companyfacts,5497000000.0,4986000000.0,1136000000.0,906000000.0,1892000000.0,9912000000.0,4351000000.0,,,1313000000.0,31000000.0,3802000000.0,139000000.0,,,Software / SaaS,live_sec_companyfacts,live_api,2026-05-28T16:37:53+00:00
ADSK,ADSK,769397,2025,10-K,2025-03-06,sec_companyfacts,6131000000.0,5553000000.0,1384000000.0,1112000000.0,1599000000.0,10833000000.0,5151000000.0,,,1607000000.0,40000000.0,4239000000.0,180000000.0,71000000.0,,Software / SaaS,live_sec_companyfacts,live_api,2026-05-28T16:37:53+00:00
ADSK,ADSK,769397,2026,10-K,2026-03-03,sec_companyfacts,7206000000.0,6556000000.0,1603000000.0,1124000000.0,2249000000.0,12467000000.0,5808000000.0,,,2452000000.0,43000000.0,4709000000.0,195000000.0,80000000.0,,Software / SaaS,live_sec_companyfacts,live_api,2026-05-28T16:37:53+00:00
APP,APP,1751008,2022,10-K,2023-02-28,sec_companyfacts,2817058000.0,,-205177000.0,-192947000.0,1080484000.0,5847846000.0,578958000.0,3178412000.0,33310000.0,412773000.0,662000.0,,547084000.0,,3211722000.0,Software / SaaS,live_sec_companyfacts,live_api,2026-05-28T16:37:53+00:00
APP,APP,1751008,2023,10-K,2024-02-26,sec_companyfacts,3283087000.0,,380570000.0,356711000.0,502152000.0,5359187000.0,944122000.0,2905906000.0,215000000.0,1061510000.0,4246000.0,,489008000.0,,3120906000.0,Software / SaaS,live_sec_companyfacts,live_api,2026-05-28T16:37:53+00:00
APP,APP,1751008,2024,10-K,2025-02-27,sec_companyfacts,4709248000.0,,1576005000.0,1579776000.0,741411000.0,5869259000.0,1057472000.0,3508983000.0,0.0,2099011000.0,4776000.0,,448680000.0,,3508983000.0,Software / SaaS,live_sec_companyfacts,live_api,2026-05-28T16:37:53+00:00
APP,APP,1751008,2025,10-K,2026-02-19,sec_companyfacts,5480717000.0,,3952910000.0,3333751000.0,2487096000.0,7259610000.0,1333788000.0,3512987000.0,,3971094000.0,,,194778000.0,,3512987000.0,Software / SaaS,live_sec_companyfacts,live_api,2026-05-28T16:37:53+00:00
ASAN,ASAN,1477720,2023,10-K,2023-03-24,sec_companyfacts,547212000.0,490653000.0,-402893000.0,-407768000.0,526563000.0,954963000.0,332316000.0,,,-160058000.0,5351000.0,,12700000.0,2000000.0,,Software / SaaS,live_sec_companyfacts,live_api,2026-05-28T16:37:53+00:00
ASAN,ASAN,1477720,2024,10-K,2024-03-14,sec_companyfacts,652504000.0,587980000.0,-253325000.0,-257030000.0,236663000.0,961960000.0,367213000.0,,,-17931000.0,7721000.0,,14300000.0,3952000.0,,Software / SaaS,live_sec_companyfacts,live_api,2026-05-28T16:37:53+00:00
ASAN,ASAN,1477720,2025,10-K,2025-03-18,sec_companyfacts,723876000.0,646683000.0,-250771000.0,-255536000.0,184864000.0,891415000.0,415817000.0,,,14925000.0,5569000.0,,17500000.0,,,Software / SaaS,live_sec_companyfacts,live_api,2026-05-28T16:37:53+00:00
ASAN,ASAN,1477720,2026,10-K,2026-03-13,sec_companyfacts,790806000.0,704047000.0,-184167000.0,-189024000.0,200253000.0,844088000.0,501020000.0,,40823000.0,90361000.0,3792000.0,,22000000.0,,40823000.0,Software / SaaS,live_sec_companyfacts,live_api,2026-05-28T16:37:53+00:00
BILL,BILL,1786352,2022,10-K,2022-08-22,sec_companyfacts,641959000.0,496955000.0,-330679000.0,-326361000.0,3542715000.0,9256026000.0,3408657000.0,,,-18093000.0,5377000.0,,45630000.0,9419000.0,,Software / SaaS,live_sec_companyfacts,live_api,2026-05-28T16:37:53+00:00
BILL,BILL,1786352,2023,10-K,2023-08-29,sec_companyfacts,1058468000.0,864491000.0,-222917000.0,-223725000.0,4224840000.0,9636018000.0,3753436000.0,,,187768000.0,7589000.0,,48496000.0,15203000.0,,Software / SaaS,live_sec_companyfacts,live_api,2026-05-28T16:37:53+00:00
BILL,BILL,1786352,2024,10-K,2024-08-23,sec_companyfacts,1290172000.0,1055556000.0,-26319000.0,-28878000.0,3351398000.0,9178813000.0,4063024000.0,,,278771000.0,976000.0,,49072000.0,,,Software / SaaS,live_sec_companyfacts,live_api,2026-05-28T16:37:53+00:00
BILL,BILL,1786352,2025,10-K,2025-08-28,sec_companyfacts,1462570000.0,1190467000.0,30410000.0,23799000.0,3550884000.0,10063982000.0,4588660000.0,,,350644000.0,4335000.0,,32637000.0,,,Software / SaaS,live_sec_companyfacts,live_api,2026-05-28T16:37:53+00:00
CRM,"Salesforce, Inc.",1108524,2022,10-K,2022-03-11,sec_companyfacts,26492000000.0,19466000000.0,1532000000.0,1444000000.0,5464000000.0,95209000000.0,21788000000.0,10592000000.0,4000000.0,6000000000.0,717000000.0,,3298000000.0,,10596000000.0,Software / SaaS,live_sec_companyfacts,live_api,2026-05-28T16:37:53+00:00
CRM,"Salesforce, Inc.",1108524,2023,10-K,2023-03-08,sec_companyfacts,31352000000.0,22992000000.0,660000000.0,208000000.0,7016000000.0,98849000000.0,25891000000.0,9419000000.0,1182000000.0,7111000000.0,798000000.0,,3786000000.0,,10601000000.0,Software / SaaS,live_sec_companyfacts,live_api,2026-05-28T16:37:53+00:00
CRM,"Salesforce, Inc.",1108524,2024,10-K,2024-03-06,sec_companyfacts,34857000000.0,26316000000.0,4950000000.0,4136000000.0,8472000000.0,99823000000.0,26631000000.0,8427000000.0,999000000.0,10234000000.0,736000000.0,,3959000000.0,,9426000000.0,Software / SaaS,live_sec_companyfacts,live_api,2026-05-28T16:37:53+00:00
CRM,"Salesforce, Inc.",1108524,2025,10-K,2026-03-02,sec_companyfacts,41525000000.0,32255000000.0,9520000000.0,7457000000.0,7327000000.0,112305000000.0,37118000000.0,10439000000.0,4000000000.0,14996000000.0,594000000.0,,3631000000.0,,14439000000.0,Software / SaaS,live_sec_companyfacts,live_api,2026-05-28T16:37:53+00:00
DDOG,"Datadog, Inc.",1561550,2022,10-K,2023-02-24,sec_companyfacts,1675100000.0,1328357000.0,-38070000.0,-50160000.0,338985000.0,3004852000.0,759748000.0,,,418407000.0,35261000.0,,34629000.0,16535000.0,,Software / SaaS,live_sec_companyfacts,live_api,2026-05-28T16:37:53+00:00
DDOG,"Datadog, Inc.",1561550,2023,10-K,2024-02-23,sec_companyfacts,2128359000.0,1718451000.0,60235000.0,48568000.0,330339000.0,3936072000.0,1003052000.0,,,659954000.0,27586000.0,,44465000.0,6302000.0,,Software / SaaS,live_sec_companyfacts,live_api,2026-05-28T16:37:53+00:00
DDOG,"Datadog, Inc.",1561550,2024,10-K,2025-02-20,sec_companyfacts,2684275000.0,2168744000.0,203940000.0,183746000.0,1246983000.0,5785339000.0,1862713000.0,,,870603000.0,34719000.0,,54933000.0,,,Software / SaaS,live_sec_companyfacts,live_api,2026-05-28T16:37:53+00:00
DDOG,"Datadog, Inc.",1561550,2025,10-K,2026-02-18,sec_companyfacts,3427158000.0,2740201000.0,127021000.0,107741000.0,401305000.0,6643844000.0,1591401000.0,,,1050135000.0,49578000.0,,55756000.0,,,Software / SaaS,live_sec_companyfacts,live_api,2026-05-28T16:37:53+00:00
DOCU,DOCU,1261333,2023,10-K,2023-03-27,sec_companyfacts,2515915000.0,1979827000.0,-89881000.0,-97454000.0,723201000.0,3012720000.0,2208322000.0,,,506759000.0,77654000.0,,86255000.0,6389000.0,,Software / SaaS,live_sec_companyfacts,live_api,2026-05-28T16:37:53+00:00
DOCU,DOCU,1261333,2024,10-K,2024-03-21,sec_companyfacts,2761882000.0,2189261000.0,93679000.0,73980000.0,801499000.0,2971290000.0,1660621000.0,,,979526000.0,92391000.0,,95062000.0,6844000.0,,Software / SaaS,live_sec_companyfacts,live_api,2026-05-28T16:37:53+00:00
DOCU,DOCU,1261333,2025,10-K,2025-03-18,sec_companyfacts,2976739000.0,2355080000.0,247941000.0,1067885000.0,659554000.0,4012705000.0,1831910000.0,,,1017272000.0,96988000.0,,107804000.0,,,Software / SaaS,live_sec_companyfacts,live_api,2026-05-28T16:37:53+00:00
DOCU,DOCU,1261333,2026,10-K,2026-03-18,sec_companyfacts,3219500000.0,2556438000.0,347328000.0,309085000.0,618150000.0,4229550000.0,2039408000.0,,,1165007000.0,106445000.0,,116081000.0,,,Software / SaaS,live_sec_companyfacts,live_api,2026-05-28T16:37:53+00:00
ESTC,ESTC,1707753,2022,10-K,2022-06-21,sec_companyfacts,862374000.0,630180000.0,-197789000.0,-203848000.0,860949000.0,1642931000.0,593330000.0,,,5672000.0,2485000.0,,,20716000.0,,Software / SaaS,live_sec_companyfacts,live_api,2026-05-28T16:37:53+00:00
ESTC,ESTC,1707753,2023,10-K,2023-06-16,sec_companyfacts,1068989000.0,772363000.0,-216877000.0,-236161000.0,646640000.0,1743482000.0,716619000.0,,,35662000.0,2684000.0,,,25159000.0,,Software / SaaS,live_sec_companyfacts,live_api,2026-05-28T16:37:53+00:00
ESTC,ESTC,1707753,2024,10-K,2024-06-14,sec_companyfacts,1267321000.0,937242000.0,-122756000.0,61720000.0,543089000.0,2242566000.0,871091000.0,,,148762000.0,3450000.0,,,26132000.0,,Software / SaaS,live_sec_companyfacts,live_api,2026-05-28T16:37:53+00:00
ESTC,ESTC,1707753,2025,10-K,2025-06-10,sec_companyfacts,1483296000.0,1103423000.0,-31569000.0,-108114000.0,731214000.0,2592853000.0,1008256000.0,,,266168000.0,4345000.0,,,25307000.0,,Software / SaaS,live_sec_companyfacts,live_api,2026-05-28T16:37:53+00:00
GTLB,GTLB,1653482,2023,10-K,2023-03-30,sec_companyfacts,424336000.0,372656000.0,-175330000.0,-180696000.0,297902000.0,1169200000.0,306296000.0,,,-77408000.0,6070000.0,,3231000.0,,,Software / SaaS,live_sec_companyfacts,live_api,2026-05-28T16:37:53+00:00
GTLB,GTLB,1653482,2024,10-K,2024-03-26,sec_companyfacts,579906000.0,520198000.0,-160152000.0,-428033000.0,287996000.0,1317861000.0,662073000.0,,,35040000.0,1598000.0,,4368000.0,,,Software / SaaS,live_sec_companyfacts,live_api,2026-05-28T16:37:53+00:00
GTLB,GTLB,1653482,2025,10-K,2025-03-21,sec_companyfacts,759249000.0,674109000.0,-85793000.0,-9119000.0,227649000.0,1399263000.0,545031000.0,,,-63971000.0,3765000.0,,2860000.0,,,Software / SaaS,live_sec_companyfacts,live_api,2026-05-28T16:37:53+00:00
GTLB,GTLB,1653482,2026,10-K,2026-03-17,sec_companyfacts,955224000.0,834481000.0,-48065000.0,-58564000.0,229576000.0,1722747000.0,652143000.0,,,232856000.0,10827000.0,,3280000.0,,,Software / SaaS,live_sec_companyfacts,live_api,2026-05-28T16:37:53+00:00
HUBS,"HubSpot, Inc.",1404655,2022,10-K,2023-02-16,sec_companyfacts,1730969000.0,1416710000.0,-104692000.0,-112749000.0,334175000.0,2544738000.0,761653000.0,,,273174000.0,37426000.0,,27800000.0,3762000.0,,Software / SaaS,live_sec_companyfacts,live_api,2026-05-28T16:37:53+00:00
HUBS,"HubSpot, Inc.",1404655,2023,10-K,2024-02-14,sec_companyfacts,2170230000.0,1824741000.0,-157702000.0,-176295000.0,392040000.0,3071392000.0,956247000.0,,,350971000.0,33718000.0,,29000000.0,3801000.0,,Software / SaaS,live_sec_companyfacts,live_api,2026-05-28T16:37:53+00:00
HUBS,"HubSpot, Inc.",1404655,2024,10-K,2025-02-12,sec_companyfacts,2627543000.0,2234278000.0,28677000.0,4628000.0,516720000.0,3795833000.0,1573399000.0,,,598599000.0,37939000.0,,29700000.0,,,Software / SaaS,live_sec_companyfacts,live_api,2026-05-28T16:37:53+00:00
HUBS,"HubSpot, Inc.",1404655,2025,10-K,2026-02-11,sec_companyfacts,3131266000.0,2622779000.0,69463000.0,45911000.0,884945000.0,3854151000.0,1467471000.0,,,760717000.0,53165000.0,,34500000.0,,,Software / SaaS,live_sec_companyfacts,live_api,2026-05-28T16:37:53+00:00
INTU,Intuit Inc.,896878,2022,10-K,2022-09-02,sec_companyfacts,12726000000.0,,2542000000.0,2066000000.0,2997000000.0,27734000000.0,3630000000.0,6415000000.0,499000000.0,3889000000.0,157000000.0,,,,6914000000.0,Software / SaaS,live_sec_companyfacts,live_api,2026-05-28T16:37:53+00:00
INTU,Intuit Inc.,896878,2023,10-K,2023-09-01,sec_companyfacts,14368000000.0,,2989000000.0,2384000000.0,2852000000.0,27780000000.0,3790000000.0,6120000000.0,0.0,5046000000.0,210000000.0,,,,6120000000.0,Software / SaaS,live_sec_companyfacts,live_api,2026-05-28T16:37:53+00:00
INTU,Intuit Inc.,896878,2024,10-K,2024-09-04,sec_companyfacts,16285000000.0,,3550000000.0,2963000000.0,7099000000.0,32132000000.0,7491000000.0,5539000000.0,499000000.0,4884000000.0,191000000.0,,,,6038000000.0,Software / SaaS,live_sec_companyfacts,live_api,2026-05-28T16:37:53+00:00
INTU,Intuit Inc.,896878,2025,10-K,2025-09-03,sec_companyfacts,18831000000.0,,4834000000.0,3869000000.0,9481000000.0,36958000000.0,10370000000.0,5973000000.0,0.0,6207000000.0,84000000.0,,,,5973000000.0,Software / SaaS,live_sec_companyfacts,live_api,2026-05-28T16:37:53+00:00
MDB,"MongoDB, Inc.",1441816,2023,10-K,2023-03-17,sec_companyfacts,1284040000.0,934736000.0,-333254000.0,-345398000.0,456339000.0,2588893000.0,588512000.0,,,-12970000.0,7244000.0,,16110000.0,9797000.0,,Software / SaaS,live_sec_companyfacts,live_api,2026-05-28T16:37:53+00:00
MDB,"MongoDB, Inc.",1441816,2024,10-K,2024-03-15,sec_companyfacts,1683011000.0,1258526000.0,-163516000.0,-176600000.0,803643000.0,2869642000.0,564220000.0,,,121477000.0,6074000.0,,18939000.0,9387000.0,,Software / SaaS,live_sec_companyfacts,live_api,2026-05-28T16:37:53+00:00
MDB,"MongoDB, Inc.",1441816,2025,10-K,2025-03-21,sec_companyfacts,2006443000.0,1471147000.0,-131599000.0,-129072000.0,492753000.0,3430293000.0,561987000.0,,,150191000.0,29550000.0,,11751000.0,8092000.0,,Software / SaaS,live_sec_companyfacts,live_api,2026-05-28T16:37:53+00:00
MDB,"MongoDB, Inc.",1441816,2026,10-K,2026-03-11,sec_companyfacts,2463797000.0,1767739000.0,-55691000.0,-71151000.0,1086625000.0,3758848000.0,669496000.0,,,505148000.0,4960000.0,,22394000.0,3128000.0,,Software / SaaS,live_sec_companyfacts,live_api,2026-05-28T16:37:53+00:00
MSFT,Microsoft Corporation,789019,2022,10-K,2022-07-28,sec_companyfacts,198270000000.0,135620000000.0,83716000000.0,72738000000.0,13931000000.0,364840000000.0,95082000000.0,47032000000.0,2749000000.0,89035000000.0,23886000000.0,86939000000.0,,2063000000.0,49781000000.0,Software / SaaS,live_sec_companyfacts,live_api,2026-05-28T16:37:53+00:00
MSFT,Microsoft Corporation,789019,2023,10-K,2023-07-27,sec_companyfacts,211915000000.0,146052000000.0,89311000000.0,72361000000.0,34704000000.0,411976000000.0,104149000000.0,41990000000.0,5247000000.0,87582000000.0,28107000000.0,93718000000.0,,1968000000.0,47237000000.0,Software / SaaS,live_sec_companyfacts,live_api,2026-05-28T16:37:53+00:00
MSFT,Microsoft Corporation,789019,2024,10-K,2024-07-30,sec_companyfacts,245122000000.0,171008000000.0,107787000000.0,88136000000.0,18315000000.0,512163000000.0,125286000000.0,42688000000.0,2249000000.0,118548000000.0,44477000000.0,100923000000.0,,2935000000.0,44937000000.0,Software / SaaS,live_sec_companyfacts,live_api,2026-05-28T16:37:53+00:00
MSFT,Microsoft Corporation,789019,2025,10-K,2025-07-30,sec_companyfacts,281724000000.0,193893000000.0,123627000000.0,101832000000.0,30242000000.0,619003000000.0,141218000000.0,40152000000.0,2999000000.0,136162000000.0,64551000000.0,109095000000.0,,,43151000000.0,Software / SaaS,live_sec_companyfacts,live_api,2026-05-28T16:37:53+00:00
NET,"Cloudflare, Inc.",1477333,2022,10-K,2023-02-24,sec_companyfacts,975241000.0,742631000.0,-190733000.0,-193381000.0,215204000.0,2587908000.0,397870000.0,,,123595000.0,143606000.0,,102335000.0,4984000.0,,Software / SaaS,live_sec_companyfacts,live_api,2026-05-28T16:37:53+00:00
NET,"Cloudflare, Inc.",1477333,2023,10-K,2024-02-21,sec_companyfacts,1296745000.0,989740000.0,-177862000.0,-183949000.0,91224000.0,2759767000.0,567084000.0,,,254406000.0,114396000.0,,135820000.0,5872000.0,,Software / SaaS,live_sec_companyfacts,live_api,2026-05-28T16:37:53+00:00
NET,"Cloudflare, Inc.",1477333,2024,10-K,2025-02-20,sec_companyfacts,1669626000.0,1290924000.0,-70871000.0,-78800000.0,154214000.0,3301162000.0,793654000.0,,,380429000.0,185037000.0,,127722000.0,,,Software / SaaS,live_sec_companyfacts,live_api,2026-05-28T16:37:53+00:00
NET,"Cloudflare, Inc.",1477333,2025,10-K,2026-02-26,sec_companyfacts,2167937000.0,1615412000.0,-92706000.0,-102267000.0,954357000.0,6036256000.0,2350563000.0,,,603114000.0,315617000.0,,189742000.0,,,Software / SaaS,live_sec_companyfacts,live_api,2026-05-28T16:37:53+00:00
NOW,"ServiceNow, Inc.",1373715,2022,10-K,2023-01-31,sec_companyfacts,7245000000.0,5672000000.0,399000000.0,325000000.0,1475000000.0,13299000000.0,6005000000.0,,0.0,2723000000.0,550000000.0,,433000000.0,27000000.0,0.0,Software / SaaS,live_sec_companyfacts,live_api,2026-05-28T16:37:53+00:00
NOW,"ServiceNow, Inc.",1373715,2023,10-K,2024-01-25,sec_companyfacts,8971000000.0,7050000000.0,1008000000.0,1731000000.0,1904000000.0,17387000000.0,7365000000.0,,,3398000000.0,694000000.0,,562000000.0,,,Software / SaaS,live_sec_companyfacts,live_api,2026-05-28T16:37:53+00:00
NOW,"ServiceNow, Inc.",1373715,2024,10-K,2025-01-30,sec_companyfacts,10984000000.0,8697000000.0,1738000000.0,1425000000.0,2310000000.0,20383000000.0,8358000000.0,,,4267000000.0,852000000.0,,564000000.0,,,Software / SaaS,live_sec_companyfacts,live_api,2026-05-28T16:37:53+00:00
NOW,"ServiceNow, Inc.",1373715,2025,10-K,2026-01-29,sec_companyfacts,13278000000.0,10295000000.0,2261000000.0,1748000000.0,3732000000.0,26038000000.0,10443000000.0,,,5444000000.0,868000000.0,,738000000.0,,,Software / SaaS,live_sec_companyfacts,live_api,2026-05-28T16:37:53+00:00
OKTA,OKTA,1660134,2023,10-K,2023-03-03,sec_companyfacts,1858000000.0,1312000000.0,-801000000.0,-815000000.0,271000000.0,9307000000.0,1465000000.0,,,86000000.0,12000000.0,,,11000000.0,,Software / SaaS,live_sec_companyfacts,live_api,2026-05-28T16:37:53+00:00
OKTA,OKTA,1660134,2024,10-K,2024-03-01,sec_companyfacts,2263000000.0,1682000000.0,-337000000.0,-355000000.0,342000000.0,8989000000.0,1782000000.0,,,512000000.0,8000000.0,,,8000000.0,,Software / SaaS,live_sec_companyfacts,live_api,2026-05-28T16:37:53+00:00
OKTA,OKTA,1660134,2025,10-K,2025-03-05,sec_companyfacts,2610000000.0,1992000000.0,46000000.0,28000000.0,415000000.0,9437000000.0,2523000000.0,,,750000000.0,8000000.0,,,,,Software / SaaS,live_sec_companyfacts,live_api,2026-05-28T16:37:53+00:00
OKTA,OKTA,1660134,2026,10-K,2026-03-05,sec_companyfacts,2919000000.0,2258000000.0,255000000.0,235000000.0,864000000.0,9710000000.0,2554000000.0,,,884000000.0,9000000.0,,,,,Software / SaaS,live_sec_companyfacts,live_api,2026-05-28T16:37:53+00:00
PATH,PATH,1734722,2023,10-K,2023-03-24,sec_companyfacts,1058581000.0,878530000.0,-317561000.0,-328352000.0,1402119000.0,2735206000.0,626452000.0,,,-9981000.0,23815000.0,,18723000.0,,,Software / SaaS,live_sec_companyfacts,live_api,2026-05-28T16:37:53+00:00
PATH,PATH,1734722,2024,10-K,2024-03-27,sec_companyfacts,1308072000.0,1112148000.0,-75815000.0,-89883000.0,1062116000.0,2954758000.0,711691000.0,,,299082000.0,7342000.0,,22597000.0,,,Software / SaaS,live_sec_companyfacts,live_api,2026-05-28T16:37:53+00:00
PATH,PATH,1734722,2025,10-K,2025-03-24,sec_companyfacts,1429664000.0,1182722000.0,-78100000.0,-73694000.0,879634000.0,2865270000.0,798920000.0,,,320565000.0,14923000.0,,17232000.0,,,Software / SaaS,live_sec_companyfacts,live_api,2026-05-28T16:37:53+00:00
PATH,PATH,1734722,2026,10-K,2026-03-25,sec_companyfacts,1610572000.0,1339588000.0,100628000.0,282330000.0,871595000.0,3179200000.0,905423000.0,,,371208000.0,19048000.0,,16969000.0,,,Software / SaaS,live_sec_companyfacts,live_api,2026-05-28T16:37:53+00:00
PCOR,PCOR,1611052,2022,10-K,2023-03-01,sec_companyfacts,720203000.0,571787000.0,-286465000.0,-286931000.0,296712000.0,1740410000.0,531638000.0,,,12608000.0,15782000.0,,63039000.0,2135000.0,,Software / SaaS,live_sec_companyfacts,live_api,2026-05-28T16:37:53+00:00
PCOR,PCOR,1611052,2023,10-K,2024-02-26,sec_companyfacts,950010000.0,775548000.0,-188421000.0,-189694000.0,357790000.0,1893568000.0,642430000.0,,,92015000.0,6800000.0,,71633000.0,1957000.0,,Software / SaaS,live_sec_companyfacts,live_api,2026-05-28T16:37:53+00:00
PCOR,PCOR,1611052,2024,10-K,2025-02-26,sec_companyfacts,1151708000.0,946096000.0,-104181000.0,-105956000.0,437722000.0,2101371000.0,728032000.0,,,196172000.0,19143000.0,,89753000.0,,,Software / SaaS,live_sec_companyfacts,live_api,2026-05-28T16:37:53+00:00
PCOR,PCOR,1611052,2025,10-K,2026-02-24,sec_companyfacts,1322509000.0,1051677000.0,-93981000.0,-100783000.0,480684000.0,2239065000.0,884557000.0,,,300270000.0,18100000.0,,110576000.0,,,Software / SaaS,live_sec_companyfacts,live_api,2026-05-28T16:37:53+00:00
SNOW,Snowflake Inc.,1640147,2023,10-K,2023-03-29,sec_companyfacts,2065659000.0,1348119000.0,-815993000.0,-797526000.0,956731000.0,7722322000.0,1993517000.0,,,545639000.0,25128000.0,,63535000.0,,,Software / SaaS,live_sec_companyfacts,live_api,2026-05-28T16:37:53+00:00
SNOW,Snowflake Inc.,1640147,2024,10-K,2024-03-26,sec_companyfacts,2806489000.0,1907931000.0,-849223000.0,-837990000.0,1780977000.0,8223383000.0,2731230000.0,,,848122000.0,35086000.0,,119903000.0,,,Software / SaaS,live_sec_companyfacts,live_api,2026-05-28T16:37:53+00:00
SNOW,Snowflake Inc.,1640147,2025,10-K,2025-03-21,sec_companyfacts,3626396000.0,2411723000.0,-1285099000.0,-1289212000.0,2698678000.0,9033938000.0,3301183000.0,,,959764000.0,46279000.0,,182508000.0,,,Software / SaaS,live_sec_companyfacts,live_api,2026-05-28T16:37:53+00:00
SNOW,Snowflake Inc.,1640147,2026,10-K,2026-03-20,sec_companyfacts,4683946000.0,3146141000.0,-1311910000.0,-1329035000.0,2864303000.0,9132495000.0,4421691000.0,,,1221942000.0,101628000.0,,220443000.0,,,Software / SaaS,live_sec_companyfacts,live_api,2026-05-28T16:37:53+00:00
TEAM,Atlassian Corporation,1650372,2023,10-K,2023-08-18,sec_companyfacts,3534647000.0,2900882000.0,-311136000.0,-486761000.0,2103915000.0,4106779000.0,2027590000.0,962093000.0,37500000.0,868111000.0,25652000.0,,60923000.0,30147000.0,999593000.0,Software / SaaS,live_sec_companyfacts,live_api,2026-05-28T16:37:53+00:00
TEAM,Atlassian Corporation,1650372,2024,10-K,2024-08-16,sec_companyfacts,4358603000.0,3555108000.0,-85407000.0,-300519000.0,2178122000.0,5212133000.0,2610126000.0,985911000.0,0.0,1448159000.0,32577000.0,,78738000.0,,985911000.0,Software / SaaS,live_sec_companyfacts,live_api,2026-05-28T16:37:53+00:00
TEAM,Atlassian Corporation,1650372,2025,10-K,2025-08-15,sec_companyfacts,5215304000.0,4320453000.0,-98895000.0,-256687000.0,2513762000.0,6041970000.0,3180859000.0,987684000.0,,1460393000.0,44850000.0,,92375000.0,,987684000.0,Software / SaaS,live_sec_companyfacts,live_api,2026-05-28T16:37:53+00:00
TWLO,TWLO,1447669,2022,10-K,2023-02-27,sec_companyfacts,3826321000.0,1813577000.0,-1243632000.0,-1256145000.0,656078000.0,12564304000.0,808158000.0,,,-254368000.0,,,279127000.0,,,Software / SaaS,live_sec_companyfacts,live_api,2026-05-28T16:37:53+00:00
TWLO,TWLO,1447669,2023,10-K,2024-02-27,sec_companyfacts,4153945000.0,2043930000.0,-996729000.0,-1015441000.0,655931000.0,11609707000.0,738297000.0,,,414752000.0,,,284413000.0,,,Software / SaaS,live_sec_companyfacts,live_api,2026-05-28T16:37:53+00:00
TWLO,TWLO,1447669,2024,10-K,2025-02-26,sec_companyfacts,4458036000.0,2278212000.0,-88613000.0,-109403000.0,431437000.0,9865472000.0,820220000.0,,,716241000.0,,,205984000.0,,,Software / SaaS,live_sec_companyfacts,live_api,2026-05-28T16:37:53+00:00
TWLO,TWLO,1447669,2025,10-K,2026-02-24,sec_companyfacts,5067220000.0,2478734000.0,55094000.0,33834000.0,682534000.0,9770890000.0,887008000.0,,,1003244000.0,,,195444000.0,,,Software / SaaS,live_sec_companyfacts,live_api,2026-05-28T16:37:53+00:00
WDAY,WDAY,1327811,2023,10-K,2023-02-27,sec_companyfacts,6215818000.0,,-259950000.0,-366749000.0,1895240000.0,13486238000.0,4628166000.0,2975934000.0,0.0,1657195000.0,,,,102353000.0,2975934000.0,Software / SaaS,live_sec_companyfacts,live_api,2026-05-28T16:37:53+00:00
WDAY,WDAY,1327811,2024,10-K,2024-03-08,sec_companyfacts,7259000000.0,,356000000.0,1381000000.0,2024000000.0,16452000000.0,5055000000.0,2980000000.0,,2149000000.0,,,,114000000.0,2980000000.0,Software / SaaS,live_sec_companyfacts,live_api,2026-05-28T16:37:53+00:00
WDAY,WDAY,1327811,2025,10-K,2025-03-11,sec_companyfacts,8446000000.0,,638000000.0,526000000.0,1554000000.0,17977000000.0,5548000000.0,2984000000.0,,2461000000.0,269000000.0,,,,2984000000.0,Software / SaaS,live_sec_companyfacts,live_api,2026-05-28T16:37:53+00:00
WDAY,WDAY,1327811,2026,10-K,2026-03-06,sec_companyfacts,9552000000.0,,1009000000.0,693000000.0,1509000000.0,18074000000.0,6378000000.0,2987000000.0,,2939000000.0,162000000.0,,,,2987000000.0,Software / SaaS,live_sec_companyfacts,live_api,2026-05-28T16:37:53+00:00
ZS,"Zscaler, Inc.",1713683,2022,10-K,2022-09-15,sec_companyfacts,1090946000.0,848664000.0,-383630000.0,-390278000.0,1013210000.0,2832665000.0,1134447000.0,,,321912000.0,69296000.0,,,56579000.0,,Software / SaaS,live_sec_companyfacts,live_api,2026-05-28T16:37:53+00:00
ZS,"Zscaler, Inc.",1713683,2023,10-K,2023-09-14,sec_companyfacts,1616952000.0,1254120000.0,-182564000.0,-202335000.0,1262206000.0,3608317000.0,1535868000.0,,,462343000.0,97197000.0,,,6541000.0,,Software / SaaS,live_sec_companyfacts,live_api,2026-05-28T16:37:53+00:00
ZS,"Zscaler, Inc.",1713683,2024,10-K,2024-09-12,sec_companyfacts,2167771000.0,1690642000.0,-29229000.0,-57706000.0,1423080000.0,4704968000.0,3112887000.0,,,779846000.0,144588000.0,,,,,Software / SaaS,live_sec_companyfacts,live_api,2026-05-28T16:37:53+00:00
ZS,"Zscaler, Inc.",1713683,2025,10-K,2025-09-11,sec_companyfacts,2673115000.0,2054937000.0,-18291000.0,-41478000.0,2389023000.0,6419888000.0,2429611000.0,,,972453000.0,164252000.0,,,,,Software / SaaS,live_sec_companyfacts,live_api,2026-05-28T16:37:53+00:00
ABNB,ABNB,1559720,2022,10-K,2023-02-17,sec_companyfacts,8399000000.0,,1989000000.0,1893000000.0,12103000000.0,16038000000.0,7978000000.0,1987000000.0,,3430000000.0,25000000.0,,42600000.0,,1987000000.0,Travel / Leisure / Consumer Platforms,live_sec_companyfacts,live_api,2026-05-28T16:37:53+00:00
ABNB,ABNB,1559720,2023,10-K,2024-02-16,sec_companyfacts,9917000000.0,,2102000000.0,4792000000.0,12667000000.0,20645000000.0,9950000000.0,1991000000.0,,3884000000.0,,,,,1991000000.0,Travel / Leisure / Consumer Platforms,live_sec_companyfacts,live_api,2026-05-28T16:37:53+00:00
ABNB,ABNB,1559720,2024,10-K,2025-02-13,sec_companyfacts,11102000000.0,,3331000000.0,2648000000.0,12760000000.0,20959000000.0,10161000000.0,1995000000.0,,4518000000.0,,,,,1995000000.0,Travel / Leisure / Consumer Platforms,live_sec_companyfacts,live_api,2026-05-28T16:37:53+00:00
ABNB,ABNB,1559720,2025,10-K,2026-02-12,sec_companyfacts,12241000000.0,,3137000000.0,2511000000.0,13486000000.0,22208000000.0,13649000000.0,0.0,1999000000.0,4646000000.0,,,,,1999000000.0,Travel / Leisure / Consumer Platforms,live_sec_companyfacts,live_api,2026-05-28T16:37:53+00:00
CCL,Carnival Corporation,815097,2022,10-K,2023-01-27,sec_companyfacts,12168000000.0,,-4379000000.0,-6093000000.0,6037000000.0,51703000000.0,10605000000.0,31953000000.0,2393000000.0,-1670000000.0,4940000000.0,,2275000000.0,1609000000.0,34346000000.0,Travel / Leisure / Consumer Platforms,live_sec_companyfacts,live_api,2026-05-28T16:37:53+00:00
CCL,Carnival Corporation,815097,2023,10-K,2024-01-26,sec_companyfacts,21593000000.0,,1956000000.0,-74000000.0,2436000000.0,49120000000.0,11481000000.0,28483000000.0,2089000000.0,4281000000.0,3284000000.0,,2370000000.0,2066000000.0,30572000000.0,Travel / Leisure / Consumer Platforms,live_sec_companyfacts,live_api,2026-05-28T16:37:53+00:00
CCL,Carnival Corporation,815097,2024,10-K,2025-01-27,sec_companyfacts,25021000000.0,,3574000000.0,1916000000.0,1231000000.0,49057000000.0,11617000000.0,25936000000.0,1538000000.0,5923000000.0,4626000000.0,,2557000000.0,,27474000000.0,Travel / Leisure / Consumer Platforms,live_sec_companyfacts,live_api,2026-05-28T16:37:53+00:00
CCL,Carnival Corporation,815097,2025,10-K,2026-01-27,sec_companyfacts,26622000000.0,,2772000000.0,2760000000.0,1958000000.0,51687000000.0,13092000000.0,24037000000.0,2603000000.0,6218000000.0,3611000000.0,,2790000000.0,,26640000000.0,Travel / Leisure / Consumer Platforms,live_sec_companyfacts,live_api,2026-05-28T16:37:53+00:00
CHWY,CHWY,1766502,2022,10-K,2023-03-22,sec_companyfacts,10098939000.0,2830905000.0,51878000.0,49232000.0,330441000.0,2515076000.0,1769349000.0,,,349572000.0,,,83307000.0,2574000.0,,Travel / Leisure / Consumer Platforms,live_sec_companyfacts,live_api,2026-05-28T16:37:53+00:00
CHWY,CHWY,1766502,2023,10-K,2024-03-20,sec_companyfacts,11147720000.0,3161518000.0,48230000.0,39580000.0,602232000.0,3186851000.0,2110877000.0,,,486211000.0,143282000.0,,109693000.0,3582000.0,,Travel / Leisure / Consumer Platforms,live_sec_companyfacts,live_api,2026-05-28T16:37:53+00:00
CHWY,CHWY,1766502,2024,10-K,2025-03-26,sec_companyfacts,11861335000.0,3467704000.0,151693000.0,392738000.0,595765000.0,3014527000.0,2206723000.0,,,596325000.0,143831000.0,,114557000.0,5519000.0,,Travel / Leisure / Consumer Platforms,live_sec_companyfacts,live_api,2026-05-28T16:37:53+00:00
CHWY,CHWY,1766502,2025,10-K,2026-03-25,sec_companyfacts,12601500000.0,3753900000.0,263300000.0,222800000.0,860100000.0,3366400000.0,2301600000.0,,,691600000.0,129200000.0,,129300000.0,,,Travel / Leisure / Consumer Platforms,live_sec_companyfacts,live_api,2026-05-28T16:37:53+00:00
CZR,CZR,1590895,2022,10-K,2023-02-22,sec_companyfacts,10821000000.0,,-565000000.0,-910000000.0,1038000000.0,33527000000.0,2668000000.0,12659000000.0,108000000.0,,952000000.0,,1205000000.0,2303000000.0,12767000000.0,Travel / Leisure / Consumer Platforms,live_sec_companyfacts,live_api,2026-05-28T16:37:53+00:00
CZR,CZR,1590895,2023,10-K,2024-02-20,sec_companyfacts,11528000000.0,,-60000000.0,828000000.0,1005000000.0,33366000000.0,2690000000.0,12224000000.0,65000000.0,,1264000000.0,,1261000000.0,2394000000.0,12289000000.0,Travel / Leisure / Consumer Platforms,live_sec_companyfacts,live_api,2026-05-28T16:37:53+00:00
CZR,CZR,1590895,2024,10-K,2025-02-25,sec_companyfacts,11245000000.0,,-124000000.0,-211000000.0,866000000.0,32590000000.0,2272000000.0,12033000000.0,109000000.0,,1296000000.0,,1324000000.0,2438000000.0,12142000000.0,Travel / Leisure / Consumer Platforms,live_sec_companyfacts,live_api,2026-05-28T16:37:53+00:00
CZR,CZR,1590895,2025,10-K,2026-02-17,sec_companyfacts,11486000000.0,,-448000000.0,-437000000.0,887000000.0,31639000000.0,2253000000.0,11670000000.0,114000000.0,1302000000.0,805000000.0,,1417000000.0,2329000000.0,11784000000.0,Travel / Leisure / Consumer Platforms,live_sec_companyfacts,live_api,2026-05-28T16:37:53+00:00
DASH,DASH,1792789,2022,10-K,2023-02-27,sec_companyfacts,6583000000.0,,-1399000000.0,-1368000000.0,2188000000.0,9789000000.0,2544000000.0,,,367000000.0,176000000.0,,369000000.0,2000000.0,,Travel / Leisure / Consumer Platforms,live_sec_companyfacts,live_api,2026-05-28T16:37:53+00:00
DASH,DASH,1792789,2023,10-K,2024-02-20,sec_companyfacts,8635000000.0,,-534000000.0,-565000000.0,2772000000.0,10839000000.0,3410000000.0,,,1673000000.0,123000000.0,,509000000.0,,,Travel / Leisure / Consumer Platforms,live_sec_companyfacts,live_api,2026-05-28T16:37:53+00:00
DASH,DASH,1792789,2024,10-K,2025-02-14,sec_companyfacts,10722000000.0,,156000000.0,117000000.0,4221000000.0,12845000000.0,4438000000.0,,,2132000000.0,104000000.0,,561000000.0,,,Travel / Leisure / Consumer Platforms,live_sec_companyfacts,live_api,2026-05-28T16:37:53+00:00
DASH,DASH,1792789,2025,10-K,2026-02-18,sec_companyfacts,13717000000.0,,939000000.0,932000000.0,4681000000.0,19659000000.0,6147000000.0,,,2431000000.0,257000000.0,,747000000.0,,,Travel / Leisure / Consumer Platforms,live_sec_companyfacts,live_api,2026-05-28T16:37:53+00:00
DKNG,DKNG,1883685,2022,10-K,2023-02-17,sec_companyfacts,,,-1511756000.0,-1377987000.0,1778825000.0,4040152000.0,1246457000.0,,,-625519000.0,32402000.0,,,,,Travel / Leisure / Consumer Platforms,live_sec_companyfacts,live_api,2026-05-28T16:37:53+00:00
DKNG,DKNG,1883685,2023,10-K,2024-02-16,sec_companyfacts,,,-789225000.0,-802142000.0,1623493000.0,3944866000.0,1549620000.0,,,-1751000.0,20902000.0,,,2679000.0,,Travel / Leisure / Consumer Platforms,live_sec_companyfacts,live_api,2026-05-28T16:37:53+00:00
DKNG,DKNG,1883685,2024,10-K,2025-02-14,sec_companyfacts,4767699000.0,,-608999000.0,-507285000.0,1330193000.0,4283725000.0,1654991000.0,,,417767000.0,10176000.0,,,,,Travel / Leisure / Consumer Platforms,live_sec_companyfacts,live_api,2026-05-28T16:37:53+00:00
DKNG,DKNG,1883685,2025,10-K,2026-02-13,sec_companyfacts,6054525000.0,,-15817000.0,3710000.0,1604595000.0,4530784000.0,1755471000.0,,,662855000.0,15352000.0,,,,,Travel / Leisure / Consumer Platforms,live_sec_companyfacts,live_api,2026-05-28T16:37:53+00:00
EBAY,EBAY,1065088,2022,10-K,2023-02-23,sec_companyfacts,9795000000.0,7115000000.0,-1601000000.0,-1269000000.0,2272000000.0,20850000000.0,4271000000.0,7721000000.0,1150000000.0,2254000000.0,449000000.0,,442000000.0,235000000.0,8871000000.0,Travel / Leisure / Consumer Platforms,live_sec_companyfacts,live_api,2026-05-28T16:37:53+00:00
EBAY,EBAY,1065088,2023,10-K,2024-02-28,sec_companyfacts,10112000000.0,7279000000.0,3707000000.0,2767000000.0,2493000000.0,21620000000.0,4520000000.0,6973000000.0,750000000.0,2426000000.0,456000000.0,,403000000.0,263000000.0,7723000000.0,Travel / Leisure / Consumer Platforms,live_sec_companyfacts,live_api,2026-05-28T16:37:53+00:00
EBAY,EBAY,1065088,2024,10-K,2025-02-27,sec_companyfacts,10283000000.0,7403000000.0,2278000000.0,1975000000.0,3286000000.0,19365000000.0,6098000000.0,,1225000000.0,2414000000.0,458000000.0,,324000000.0,,1225000000.0,Travel / Leisure / Consumer Platforms,live_sec_companyfacts,live_api,2026-05-28T16:37:53+00:00
EBAY,EBAY,1065088,2025,10-K,2026-02-19,sec_companyfacts,11100000000.0,7931000000.0,2307000000.0,2031000000.0,3055000000.0,17610000000.0,4637000000.0,,750000000.0,1959000000.0,525000000.0,,407000000.0,,750000000.0,Travel / Leisure / Consumer Platforms,live_sec_companyfacts,live_api,2026-05-28T16:37:53+00:00
ETSY,ETSY,1370637,2022,10-K,2023-02-23,sec_companyfacts,2566111000.0,1821519000.0,-661978000.0,-694288000.0,926619000.0,2634961000.0,631755000.0,,,683612000.0,10237000.0,,96702000.0,14168000.0,,Travel / Leisure / Consumer Platforms,live_sec_companyfacts,live_api,2026-05-28T16:37:53+00:00
ETSY,ETSY,1370637,2023,10-K,2024-02-22,sec_companyfacts,2748377000.0,1919702000.0,292820000.0,307568000.0,914323000.0,2685400000.0,710781000.0,,,705513000.0,12938000.0,,91323000.0,14042000.0,,Travel / Leisure / Consumer Platforms,live_sec_companyfacts,live_api,2026-05-28T16:37:53+00:00
ETSY,ETSY,1370637,2024,10-K,2025-02-19,sec_companyfacts,2808332000.0,2033778000.0,410775000.0,303281000.0,811178000.0,2417782000.0,665113000.0,,,752469000.0,14208000.0,,108074000.0,,,Travel / Leisure / Consumer Platforms,live_sec_companyfacts,live_api,2026-05-28T16:37:53+00:00
ETSY,ETSY,1370637,2025,10-K,2026-02-19,sec_companyfacts,2883501000.0,2065701000.0,246665000.0,162982000.0,1404360000.0,2827254000.0,1363619000.0,,649008000.0,693414000.0,15386000.0,,101845000.0,,649008000.0,Travel / Leisure / Consumer Platforms,live_sec_companyfacts,live_api,2026-05-28T16:37:53+00:00
EXPE,EXPE,1324424,2022,10-K,2023-02-10,sec_companyfacts,11667000000.0,,538000000.0,343000000.0,5851000000.0,21561000000.0,10778000000.0,6240000000.0,0.0,3440000000.0,662000000.0,,792000000.0,277000000.0,6240000000.0,Travel / Leisure / Consumer Platforms,live_sec_companyfacts,live_api,2026-05-28T16:37:53+00:00
EXPE,EXPE,1324424,2023,10-K,2024-02-09,sec_companyfacts,12839000000.0,,1018000000.0,688000000.0,5661000000.0,21642000000.0,11783000000.0,6253000000.0,,2690000000.0,846000000.0,,807000000.0,245000000.0,6253000000.0,Travel / Leisure / Consumer Platforms,live_sec_companyfacts,live_api,2026-05-28T16:37:53+00:00
EXPE,EXPE,1324424,2024,10-K,2025-02-07,sec_companyfacts,13691000000.0,,1542000000.0,1224000000.0,5574000000.0,22388000000.0,13611000000.0,5223000000.0,1043000000.0,3085000000.0,756000000.0,,838000000.0,,6266000000.0,Travel / Leisure / Consumer Platforms,live_sec_companyfacts,live_api,2026-05-28T16:37:53+00:00
EXPE,EXPE,1324424,2025,10-K,2026-02-13,sec_companyfacts,14733000000.0,,1591000000.0,1301000000.0,6976000000.0,24452000000.0,16657000000.0,4469000000.0,1692000000.0,3880000000.0,770000000.0,,887000000.0,,6161000000.0,Travel / Leisure / Consumer Platforms,live_sec_companyfacts,live_api,2026-05-28T16:37:53+00:00
LVS,LVS,1300514,2022,10-K,2023-02-03,sec_companyfacts,1117000000.0,,-1387000000.0,-274000000.0,6436000000.0,22039000000.0,3902000000.0,,,,651000000.0,,1036000000.0,702000000.0,,Travel / Leisure / Consumer Platforms,live_sec_companyfacts,live_api,2026-05-28T16:37:53+00:00
LVS,LVS,1300514,2023,10-K,2024-02-07,sec_companyfacts,2915000000.0,,1775000000.0,469000000.0,5229000000.0,21778000000.0,4422000000.0,,,,1017000000.0,,1208000000.0,818000000.0,,Travel / Leisure / Consumer Platforms,live_sec_companyfacts,live_api,2026-05-28T16:37:53+00:00
LVS,LVS,1300514,2024,10-K,2025-02-07,sec_companyfacts,2896000000.0,,1960000000.0,392000000.0,3650000000.0,20666000000.0,5801000000.0,,,,1567000000.0,,1308000000.0,727000000.0,,Travel / Leisure / Consumer Platforms,live_sec_companyfacts,live_api,2026-05-28T16:37:53+00:00
LVS,LVS,1300514,2025,10-K,2026-02-06,sec_companyfacts,3649000000.0,,2213000000.0,448000000.0,3966000000.0,21920000000.0,4222000000.0,,,3023000000.0,1168000000.0,,1464000000.0,746000000.0,,Travel / Leisure / Consumer Platforms,live_sec_companyfacts,live_api,2026-05-28T16:37:53+00:00
LYFT,LYFT,1759509,2022,10-K,2023-02-27,sec_companyfacts,3811993000.0,,-1578639000.0,-1584511000.0,391822000.0,4556431000.0,3132563000.0,803207000.0,36287000.0,-237285000.0,,,154798000.0,19735000.0,839494000.0,Travel / Leisure / Consumer Platforms,live_sec_companyfacts,live_api,2026-05-28T16:37:53+00:00
LYFT,LYFT,1759509,2023,10-K,2024-02-20,sec_companyfacts,4116216000.0,,-331704000.0,-340320000.0,771786000.0,4564467000.0,2961561000.0,839362000.0,25798000.0,-98244000.0,,,116513000.0,26223000.0,865160000.0,Travel / Leisure / Consumer Platforms,live_sec_companyfacts,live_api,2026-05-28T16:37:53+00:00
LYFT,LYFT,1759509,2024,10-K,2025-02-14,sec_companyfacts,5365534000.0,,25350000.0,22784000.0,946040000.0,5435069000.0,3880742000.0,565968000.0,38904000.0,849737000.0,,,148892000.0,,604872000.0,Travel / Leisure / Consumer Platforms,live_sec_companyfacts,live_api,2026-05-28T16:37:53+00:00
LYFT,LYFT,1759509,2025,10-K,2026-02-11,sec_companyfacts,5895475000.0,,-53247000.0,2844008000.0,1837370000.0,9030053000.0,4525821000.0,1002404000.0,50607000.0,1168438000.0,,,135227000.0,,1053011000.0,Travel / Leisure / Consumer Platforms,live_sec_companyfacts,live_api,2026-05-28T16:37:53+00:00
MGM,MGM,789570,2022,10-K,2023-02-24,sec_companyfacts,13127485000.0,,903799000.0,206731000.0,6036388000.0,45692206000.0,4515892000.0,7432817000.0,1286473000.0,1756462000.0,765067000.0,,3482050000.0,594954000.0,8719290000.0,Travel / Leisure / Consumer Platforms,live_sec_companyfacts,live_api,2026-05-28T16:37:53+00:00
MGM,MGM,789570,2023,10-K,2024-02-23,sec_companyfacts,16164249000.0,,1472763000.0,1314924000.0,3014896000.0,42368548000.0,3126068000.0,6343810000.0,0.0,2690777000.0,931813000.0,,814128000.0,460293000.0,6343810000.0,Travel / Leisure / Consumer Platforms,live_sec_companyfacts,live_api,2026-05-28T16:37:53+00:00
MGM,MGM,789570,2024,10-K,2025-02-18,sec_companyfacts,17240545000.0,,1117065000.0,1064608000.0,2503064000.0,42231627000.0,3351683000.0,6362098000.0,,2362495000.0,1150589000.0,,831097000.0,,6362098000.0,Travel / Leisure / Consumer Platforms,live_sec_companyfacts,live_api,2026-05-28T16:37:53+00:00
MGM,MGM,789570,2025,10-K,2026-02-11,sec_companyfacts,17537683000.0,,280779000.0,520872000.0,2150364000.0,41373786000.0,3512107000.0,6230141000.0,,2529378000.0,1068927000.0,,1017794000.0,,6230141000.0,Travel / Leisure / Consumer Platforms,live_sec_companyfacts,live_api,2026-05-28T16:37:53+00:00
MTCH,MTCH,891103,2022,10-K,2023-02-24,sec_companyfacts,3188843000.0,,377491000.0,359919000.0,572516000.0,4182764000.0,556354000.0,3835726000.0,0.0,,49125000.0,,,145547000.0,3835726000.0,Travel / Leisure / Consumer Platforms,live_sec_companyfacts,live_api,2026-05-28T16:37:53+00:00
MTCH,MTCH,891103,2023,10-K,2024-02-23,sec_companyfacts,3364504000.0,,776781000.0,651472000.0,862440000.0,4507886000.0,531768000.0,3842242000.0,,896791000.0,67412000.0,,,159887000.0,3842242000.0,Travel / Leisure / Consumer Platforms,live_sec_companyfacts,live_api,2026-05-28T16:37:53+00:00
MTCH,MTCH,891103,2024,10-K,2025-02-27,sec_companyfacts,3479373000.0,,704056000.0,551313000.0,965993000.0,4465771000.0,549461000.0,3848983000.0,,932719000.0,50578000.0,,,,3848983000.0,Travel / Leisure / Consumer Platforms,live_sec_companyfacts,live_api,2026-05-28T16:37:53+00:00
MTCH,MTCH,891103,2025,10-K,2026-02-26,sec_companyfacts,3487197000.0,,746003000.0,613461000.0,1027838000.0,4460811000.0,1006545000.0,3549099000.0,423854000.0,1080380000.0,56765000.0,,,,3972953000.0,Travel / Leisure / Consumer Platforms,live_sec_companyfacts,live_api,2026-05-28T16:37:53+00:00
NCLH,NCLH,1513761,2022,10-K,2023-02-28,sec_companyfacts,,,-2276703000.0,-2269909000.0,946987000.0,18557694000.0,5054851000.0,,,210020000.0,1783857000.0,,749326000.0,800000000.0,,Travel / Leisure / Consumer Platforms,live_sec_companyfacts,live_api,2026-05-28T16:37:54+00:00
NCLH,NCLH,1513761,2023,10-K,2024-02-28,sec_companyfacts,,,163176000.0,166178000.0,402415000.0,19492990000.0,6038701000.0,,,2005714000.0,2750362000.0,,808568000.0,727500000.0,,Travel / Leisure / Consumer Platforms,live_sec_companyfacts,live_api,2026-05-28T16:37:54+00:00
NCLH,NCLH,1513761,2024,10-K,2025-02-27,sec_companyfacts,,,772907000.0,910257000.0,190765000.0,19969811000.0,5780865000.0,,,2049823000.0,1210952000.0,,890242000.0,,,Travel / Leisure / Consumer Platforms,live_sec_companyfacts,live_api,2026-05-28T16:37:54+00:00
NCLH,NCLH,1513761,2025,10-K,2026-03-02,sec_companyfacts,,,428721000.0,423246000.0,209893000.0,22541401000.0,5452577000.0,,,2089746000.0,3259606000.0,,1078755000.0,,,Travel / Leisure / Consumer Platforms,live_sec_companyfacts,live_api,2026-05-28T16:37:54+00:00
NFLX,NFLX,1065280,2022,10-K,2023-01-26,sec_companyfacts,31615550000.0,,5263929000.0,4491924000.0,5170582000.0,48594768000.0,7930974000.0,14353076000.0,0.0,2026257000.0,407729000.0,,336682000.0,706212000.0,14353076000.0,Travel / Leisure / Consumer Platforms,live_sec_companyfacts,live_api,2026-05-28T16:37:54+00:00
NFLX,NFLX,1065280,2023,10-K,2024-01-26,sec_companyfacts,33723297000.0,,6205405000.0,5407990000.0,7118515000.0,48731992000.0,8860655000.0,14143417000.0,399844000.0,7274301000.0,348552000.0,,356947000.0,699826000.0,14543261000.0,Travel / Leisure / Consumer Platforms,live_sec_companyfacts,live_api,2026-05-28T16:37:54+00:00
NFLX,NFLX,1065280,2024,10-K,2025-01-27,sec_companyfacts,39000966000.0,,9965657000.0,8711631000.0,7807337000.0,53630374000.0,10755400000.0,13798351000.0,1784453000.0,7361364000.0,439538000.0,,328914000.0,,15582804000.0,Travel / Leisure / Consumer Platforms,live_sec_companyfacts,live_api,2026-05-28T16:37:54+00:00
NFLX,NFLX,1065280,2025,10-K,2026-01-23,sec_companyfacts,45183036000.0,,12722552000.0,10981201000.0,9039194000.0,55596993000.0,10980930000.0,13463971000.0,998865000.0,10149273000.0,688220000.0,,333389000.0,,14462836000.0,Travel / Leisure / Consumer Platforms,live_sec_companyfacts,live_api,2026-05-28T16:37:54+00:00
PENN,PENN,921738,2022,10-K,2023-02-23,sec_companyfacts,6401700000.0,,175300000.0,221700000.0,1644200000.0,17502100000.0,1158700000.0,2721300000.0,56200000.0,878200000.0,263400000.0,,567500000.0,760100000.0,2777500000.0,Travel / Leisure / Consumer Platforms,live_sec_companyfacts,live_api,2026-05-28T16:37:54+00:00
PENN,PENN,921738,2023,10-K,2024-02-22,sec_companyfacts,6362900000.0,,-499600000.0,-491400000.0,1094500000.0,16064200000.0,1490000000.0,2718000000.0,47600000.0,455900000.0,,,435100000.0,469600000.0,2765600000.0,Travel / Leisure / Consumer Platforms,live_sec_companyfacts,live_api,2026-05-28T16:37:54+00:00
PENN,PENN,921738,2024,10-K,2025-02-27,sec_companyfacts,,,-341300000.0,-313300000.0,723800000.0,15261700000.0,1415100000.0,2732500000.0,38200000.0,359300000.0,,,433600000.0,487100000.0,2770700000.0,Travel / Leisure / Consumer Platforms,live_sec_companyfacts,live_api,2026-05-28T16:37:54+00:00
PENN,PENN,921738,2025,10-K,2026-02-26,sec_companyfacts,,,-820700000.0,-845300000.0,714800000.0,14268500000.0,1475500000.0,2848900000.0,38200000.0,508200000.0,,,446900000.0,,2887100000.0,Travel / Leisure / Consumer Platforms,live_sec_companyfacts,live_api,2026-05-28T16:37:54+00:00
PINS,PINS,1506293,2022,10-K,2023-02-06,sec_companyfacts,2802574000.0,,-85944000.0,-96047000.0,1617660000.0,3862730000.0,380531000.0,,,469202000.0,28984000.0,,46489000.0,,,Travel / Leisure / Consumer Platforms,live_sec_companyfacts,live_api,2026-05-28T16:37:54+00:00
PINS,PINS,1506293,2023,10-K,2024-02-08,sec_companyfacts,3055071000.0,,-16440000.0,-35610000.0,1368532000.0,3594405000.0,317090000.0,,,612961000.0,8063000.0,,21509000.0,,,Travel / Leisure / Consumer Platforms,live_sec_companyfacts,live_api,2026-05-28T16:37:54+00:00
PINS,PINS,1506293,2024,10-K,2025-02-06,sec_companyfacts,3646166000.0,,287605000.0,1862106000.0,1141221000.0,5342660000.0,398133000.0,,,964594000.0,24606000.0,,21266000.0,,,Travel / Leisure / Consumer Platforms,live_sec_companyfacts,live_api,2026-05-28T16:37:54+00:00
PINS,PINS,1506293,2025,10-K,2026-02-12,sec_companyfacts,4221767000.0,,445890000.0,416855000.0,975362000.0,5492132000.0,465473000.0,,,1284264000.0,32375000.0,,25151000.0,,,Travel / Leisure / Consumer Platforms,live_sec_companyfacts,live_api,2026-05-28T16:37:54+00:00
RCL,Royal Caribbean Cruises Ltd.,884887,2022,10-K,2023-02-23,sec_companyfacts,8840540000.0,,-763976000.0,-2155962000.0,1935005000.0,33776361000.0,8573464000.0,,,481857000.0,2710063000.0,,1406689000.0,1364162000.0,,Travel / Leisure / Consumer Platforms,live_sec_companyfacts,live_api,2026-05-28T16:37:54+00:00
RCL,Royal Caribbean Cruises Ltd.,884887,2023,10-K,2024-02-21,sec_companyfacts,13900000000.0,,2878000000.0,1704000000.0,497000000.0,35131000000.0,9401000000.0,,,4477000000.0,3897000000.0,,1455000000.0,1402000000.0,,Travel / Leisure / Consumer Platforms,live_sec_companyfacts,live_api,2026-05-28T16:37:54+00:00
RCL,Royal Caribbean Cruises Ltd.,884887,2024,10-K,2025-02-14,sec_companyfacts,16484000000.0,,4106000000.0,2896000000.0,388000000.0,37070000000.0,9817000000.0,,,5265000000.0,3268000000.0,,1600000000.0,,,Travel / Leisure / Consumer Platforms,live_sec_companyfacts,live_api,2026-05-28T16:37:54+00:00
RCL,Royal Caribbean Cruises Ltd.,884887,2025,10-K,2026-02-11,sec_companyfacts,17935000000.0,,4373000000.0,4291000000.0,825000000.0,41619000000.0,12055000000.0,,,6465000000.0,5229000000.0,,1718000000.0,,,Travel / Leisure / Consumer Platforms,live_sec_companyfacts,live_api,2026-05-28T16:37:54+00:00
ROKU,ROKU,1428439,2022,10-K,2023-02-16,sec_companyfacts,3126534000.0,1441122000.0,-492283000.0,-498005000.0,1961956000.0,4412601000.0,1083273000.0,0.0,79985000.0,11795000.0,161696000.0,,48651000.0,,79985000.0,Travel / Leisure / Consumer Platforms,live_sec_companyfacts,live_api,2026-05-28T16:37:54+00:00
ROKU,ROKU,1428439,2023,10-K,2024-02-16,sec_companyfacts,3484619000.0,1522615000.0,-699430000.0,-709561000.0,2066604000.0,4261792000.0,1275527000.0,,0.0,255856000.0,82619000.0,,70447000.0,,0.0,Travel / Leisure / Consumer Platforms,live_sec_companyfacts,live_api,2026-05-28T16:37:54+00:00
ROKU,ROKU,1428439,2024,10-K,2025-02-14,sec_companyfacts,4112898000.0,1805645000.0,-119958000.0,-129386000.0,2160639000.0,4303933000.0,1232502000.0,,,218045000.0,5061000.0,,62714000.0,,,Travel / Leisure / Consumer Platforms,live_sec_companyfacts,live_api,2026-05-28T16:37:54+00:00
ROKU,ROKU,1428439,2025,10-K,2026-02-13,sec_companyfacts,4737251000.0,2074424000.0,93898000.0,88361000.0,1587068000.0,4433483000.0,1237535000.0,,,483718000.0,5280000.0,,68904000.0,,,Travel / Leisure / Consumer Platforms,live_sec_companyfacts,live_api,2026-05-28T16:37:54+00:00
SEAT,SEAT,1856031,2022,10-K,2023-03-07,sec_companyfacts,511094000.0,,69189000.0,28662000.0,252290000.0,1151431000.0,378015000.0,,,14375000.0,3558000.0,,7732000.0,,,Travel / Leisure / Consumer Platforms,live_sec_companyfacts,live_api,2026-05-28T16:37:54+00:00
SEAT,SEAT,1856031,2023,10-K,2024-03-08,sec_companyfacts,597388000.0,,70942000.0,69420000.0,132434000.0,1550099000.0,487763000.0,,,147320000.0,895000.0,,17178000.0,,,Travel / Leisure / Consumer Platforms,live_sec_companyfacts,live_api,2026-05-28T16:37:54+00:00
SEAT,SEAT,1856031,2024,10-K,2025-03-12,sec_companyfacts,647891000.0,,22719000.0,13427000.0,244648000.0,1636096000.0,425785000.0,,,53922000.0,4227000.0,,44238000.0,,,Travel / Leisure / Consumer Platforms,live_sec_companyfacts,live_api,2026-05-28T16:37:54+00:00
SEAT,SEAT,1856031,2025,10-K,2026-03-12,sec_companyfacts,450509000.0,,-652105000.0,-721490000.0,103306000.0,636866000.0,303278000.0,,,-91599000.0,2164000.0,,49392000.0,,,Travel / Leisure / Consumer Platforms,live_sec_companyfacts,live_api,2026-05-28T16:37:54+00:00
SNAP,SNAP,1564408,2022,10-K,2023-02-01,sec_companyfacts,4601847000.0,,-1400697000.0,-1429653000.0,1423776000.0,8029538000.0,1215599000.0,,,184614000.0,129306000.0,,202173000.0,21459000.0,,Travel / Leisure / Consumer Platforms,live_sec_companyfacts,live_api,2026-05-28T16:37:54+00:00
SNAP,SNAP,1564408,2023,10-K,2024-02-07,sec_companyfacts,4606115000.0,,-1294423000.0,-1322485000.0,1782462000.0,7967758000.0,1134118000.0,,,246521000.0,211727000.0,,168441000.0,22024000.0,,Travel / Leisure / Consumer Platforms,live_sec_companyfacts,live_api,2026-05-28T16:37:54+00:00
SNAP,SNAP,1564408,2024,10-K,2025-02-05,sec_companyfacts,5361398000.0,,-672226000.0,-697856000.0,1050234000.0,7936348000.0,1243548000.0,,,413480000.0,194826000.0,,158074000.0,,,Travel / Leisure / Consumer Platforms,live_sec_companyfacts,live_api,2026-05-28T16:37:54+00:00
SNAP,SNAP,1564408,2025,10-K,2026-02-05,sec_companyfacts,5931447000.0,,-451136000.0,-460489000.0,1031397000.0,7677802000.0,1286868000.0,3489860000.0,46969000.0,656170000.0,218981000.0,,163633000.0,,3536829000.0,Travel / Leisure / Consumer Platforms,live_sec_companyfacts,live_api,2026-05-28T16:37:54+00:00
TRIP,TRIP,1526520,2022,10-K,2023-02-17,sec_companyfacts,1492000000.0,,67000000.0,20000000.0,1021000000.0,2569000000.0,533000000.0,836000000.0,,400000000.0,56000000.0,,97000000.0,44000000.0,836000000.0,Travel / Leisure / Consumer Platforms,live_sec_companyfacts,live_api,2026-05-28T16:37:54+00:00
TRIP,TRIP,1526520,2023,10-K,2024-02-16,sec_companyfacts,1788000000.0,,125000000.0,10000000.0,1067000000.0,2537000000.0,572000000.0,839000000.0,,235000000.0,63000000.0,,87000000.0,44000000.0,839000000.0,Travel / Leisure / Consumer Platforms,live_sec_companyfacts,live_api,2026-05-28T16:37:54+00:00
TRIP,TRIP,1526520,2024,10-K,2025-02-20,sec_companyfacts,1835000000.0,,87000000.0,5000000.0,1064000000.0,2561000000.0,628000000.0,831000000.0,5000000.0,144000000.0,74000000.0,,85000000.0,,836000000.0,Travel / Leisure / Consumer Platforms,live_sec_companyfacts,live_api,2026-05-28T16:37:54+00:00
TRIP,TRIP,1526520,2025,10-K,2026-02-13,sec_companyfacts,1891000000.0,,45000000.0,40000000.0,1035000000.0,2625000000.0,998000000.0,819000000.0,353000000.0,245000000.0,82000000.0,,92000000.0,,1172000000.0,Travel / Leisure / Consumer Platforms,live_sec_companyfacts,live_api,2026-05-28T16:37:54+00:00
UBER,UBER,1543151,2022,10-K,2023-02-21,sec_companyfacts,31877000000.0,,-1832000000.0,-9138000000.0,6677000000.0,32109000000.0,8853000000.0,9265000000.0,27000000.0,642000000.0,252000000.0,,947000000.0,565000000.0,9292000000.0,Travel / Leisure / Consumer Platforms,live_sec_companyfacts,live_api,2026-05-28T16:37:54+00:00
UBER,UBER,1543151,2023,10-K,2024-02-15,sec_companyfacts,37281000000.0,,1110000000.0,2156000000.0,7004000000.0,38699000000.0,9454000000.0,9459000000.0,25000000.0,3585000000.0,223000000.0,,823000000.0,633000000.0,9484000000.0,Travel / Leisure / Consumer Platforms,live_sec_companyfacts,live_api,2026-05-28T16:37:54+00:00
UBER,UBER,1543151,2024,10-K,2025-02-14,sec_companyfacts,43978000000.0,,2799000000.0,9845000000.0,8610000000.0,51244000000.0,11476000000.0,8347000000.0,1150000000.0,7137000000.0,242000000.0,,711000000.0,,9497000000.0,Travel / Leisure / Consumer Platforms,live_sec_companyfacts,live_api,2026-05-28T16:37:54+00:00
UBER,UBER,1543151,2025,10-K,2026-02-13,sec_companyfacts,52017000000.0,,5565000000.0,10093000000.0,9647000000.0,61802000000.0,12320000000.0,10521000000.0,0.0,10099000000.0,336000000.0,,719000000.0,,10521000000.0,Travel / Leisure / Consumer Platforms,live_sec_companyfacts,live_api,2026-05-28T16:37:54+00:00
WYNN,WYNN,1174922,2022,10-K,2023-02-27,sec_companyfacts,,,-700036000.0,-709368000.0,3782990000.0,13415100000.0,1811423000.0,11569316000.0,547543000.0,-71272000.0,300127000.0,,692318000.0,650885000.0,12116859000.0,Travel / Leisure / Consumer Platforms,live_sec_companyfacts,live_api,2026-05-28T16:37:54+00:00
WYNN,WYNN,1174922,2023,10-K,2024-02-23,sec_companyfacts,,,285383000.0,782217000.0,2969412000.0,13996223000.0,2200454000.0,11028744000.0,709593000.0,1247879000.0,442793000.0,,687270000.0,751509000.0,11738337000.0,Travel / Leisure / Consumer Platforms,live_sec_companyfacts,live_api,2026-05-28T16:37:54+00:00
WYNN,WYNN,1174922,2024,10-K,2025-02-13,sec_companyfacts,,,643398000.0,639716000.0,2521793000.0,12977963000.0,1539534000.0,10500484000.0,41250000.0,1426203000.0,419929000.0,,658895000.0,,10541734000.0,Travel / Leisure / Consumer Platforms,live_sec_companyfacts,live_api,2026-05-28T16:37:54+00:00
WYNN,WYNN,1174922,2025,10-K,2026-03-02,sec_companyfacts,,,514140000.0,409135000.0,1560095000.0,13108117000.0,1643178000.0,10537402000.0,9410000.0,1352653000.0,660433000.0,,620633000.0,,10546812000.0,Travel / Leisure / Consumer Platforms,live_sec_companyfacts,live_api,2026-05-28T16:37:54+00:00
