ticker,company_name,cik,filing_type,filing_date,accession_number,section_label,chunk_id,text,source_type,source_url
ADP,"Automatic Data Processing, Inc.",8670,10-K,2025-02-15,0008670-25-000001,Business,ADP-10K-Business-1,"Automatic Data Processing, Inc. (ADP) Business. Recurring service contracts, retention, payroll volumes, compliance workflows and operating efficiency are central diligence themes. revenue drivers include recurring customer relationships, volume growth, pricing, cross-sell activity and sector demand. Management describes the operating model, customer channels, segment mix and the competitive position of the business. The company notes that public filing information should be reviewed together with financial statements, footnotes and market data before any further diligence conclusion is formed. The business model has recurring or repeatable demand drivers, durable customer relationships and identifiable platform qualities.",sample_fallback,
ADP,"Automatic Data Processing, Inc.",8670,10-K,2025-02-15,0008670-25-000001,Risk Factors,ADP-10K-Risk_Factors-1,"Automatic Data Processing, Inc. (ADP) Risk Factors. Recurring service contracts, retention, payroll volumes, compliance workflows and operating efficiency are central diligence themes. risk factors include customer concentration, competition, regulatory change, cyber disruption, reimbursement pressure, labor availability, macro demand, supplier dependence and execution risk. These risks could pressure margins or growth if they intensify. The company notes that public filing information should be reviewed together with financial statements, footnotes and market data before any further diligence conclusion is formed.",sample_fallback,
ADP,"Automatic Data Processing, Inc.",8670,10-K,2025-02-15,0008670-25-000001,MD&A,ADP-10K-MD&A-1,"Automatic Data Processing, Inc. (ADP) MD&A. Recurring service contracts, retention, payroll volumes, compliance workflows and operating efficiency are central diligence themes. management discussion and analysis describes revenue growth, margin movement, cost inflation, productivity initiatives, operating leverage and demand trends. Margin pressure can come from wages, input costs, implementation spend or mix shift. The company notes that public filing information should be reviewed together with financial statements, footnotes and market data before any further diligence conclusion is formed.",sample_fallback,
ADP,"Automatic Data Processing, Inc.",8670,10-K,2025-02-15,0008670-25-000001,Liquidity and Capital Resources,ADP-10K-Liquidity_and_Capital_Resources-1,"Automatic Data Processing, Inc. (ADP) Liquidity and Capital Resources. Recurring service contracts, retention, payroll volumes, compliance workflows and operating efficiency are central diligence themes. liquidity discussion covers operating cash flows, free cash flow, revolver availability, working capital, capital allocation and investment needs. Management states that cash flows and borrowing capacity are expected to support near-term obligations. The company notes that public filing information should be reviewed together with financial statements, footnotes and market data before any further diligence conclusion is formed.",sample_fallback,
ADP,"Automatic Data Processing, Inc.",8670,10-K,2025-02-15,0008670-25-000001,Debt / Contractual Obligations,ADP-10K-Debt__Contractual_Obligations-1,"Automatic Data Processing, Inc. (ADP) Debt / Contractual Obligations. Recurring service contracts, retention, payroll volumes, compliance workflows and operating efficiency are central diligence themes. debt obligations include senior notes, credit facilities, leases and contractual commitments. Interest expense, maturity schedules and covenant compliance are monitored as part of financing risk. The company notes that public filing information should be reviewed together with financial statements, footnotes and market data before any further diligence conclusion is formed.",sample_fallback,
ADP,"Automatic Data Processing, Inc.",8670,10-K,2025-02-15,0008670-25-000001,Segment Information,ADP-10K-Segment_Information-1,"Automatic Data Processing, Inc. (ADP) Segment Information. Recurring service contracts, retention, payroll volumes, compliance workflows and operating efficiency are central diligence themes. segment information discusses business lines, geographic exposure, service categories, recurring revenue contribution and operating profit by segment where disclosed. The company notes that public filing information should be reviewed together with financial statements, footnotes and market data before any further diligence conclusion is formed.",sample_fallback,
ADP,"Automatic Data Processing, Inc.",8670,10-K,2025-02-15,0008670-25-000001,Legal / Regulatory Matters,ADP-10K-Legal__Regulatory_Matters-1,"Automatic Data Processing, Inc. (ADP) Legal / Regulatory Matters. Recurring service contracts, retention, payroll volumes, compliance workflows and operating efficiency are central diligence themes. legal and regulatory matters include litigation, investigations, data privacy, healthcare regulation, financial regulation, environmental requirements and compliance obligations. The company notes that public filing information should be reviewed together with financial statements, footnotes and market data before any further diligence conclusion is formed.",sample_fallback,
CTAS,Cintas Corporation,723254,10-K,2025-02-15,000723254-25-000001,Business,CTAS-10K-Business-1,"Cintas Corporation (CTAS) Business. Recurring service contracts, retention, payroll volumes, compliance workflows and operating efficiency are central diligence themes. revenue drivers include recurring customer relationships, volume growth, pricing, cross-sell activity and sector demand. Management describes the operating model, customer channels, segment mix and the competitive position of the business. The company notes that public filing information should be reviewed together with financial statements, footnotes and market data before any further diligence conclusion is formed. The business model has recurring or repeatable demand drivers, durable customer relationships and identifiable platform qualities.",sample_fallback,
CTAS,Cintas Corporation,723254,10-K,2025-02-15,000723254-25-000001,Risk Factors,CTAS-10K-Risk_Factors-1,"Cintas Corporation (CTAS) Risk Factors. Recurring service contracts, retention, payroll volumes, compliance workflows and operating efficiency are central diligence themes. risk factors include customer concentration, competition, regulatory change, cyber disruption, reimbursement pressure, labor availability, macro demand, supplier dependence and execution risk. These risks could pressure margins or growth if they intensify. The company notes that public filing information should be reviewed together with financial statements, footnotes and market data before any further diligence conclusion is formed.",sample_fallback,
CTAS,Cintas Corporation,723254,10-K,2025-02-15,000723254-25-000001,MD&A,CTAS-10K-MD&A-1,"Cintas Corporation (CTAS) MD&A. Recurring service contracts, retention, payroll volumes, compliance workflows and operating efficiency are central diligence themes. management discussion and analysis describes revenue growth, margin movement, cost inflation, productivity initiatives, operating leverage and demand trends. Margin pressure can come from wages, input costs, implementation spend or mix shift. The company notes that public filing information should be reviewed together with financial statements, footnotes and market data before any further diligence conclusion is formed.",sample_fallback,
CTAS,Cintas Corporation,723254,10-K,2025-02-15,000723254-25-000001,Liquidity and Capital Resources,CTAS-10K-Liquidity_and_Capital_Resources-1,"Cintas Corporation (CTAS) Liquidity and Capital Resources. Recurring service contracts, retention, payroll volumes, compliance workflows and operating efficiency are central diligence themes. liquidity discussion covers operating cash flows, free cash flow, revolver availability, working capital, capital allocation and investment needs. Management states that cash flows and borrowing capacity are expected to support near-term obligations. The company notes that public filing information should be reviewed together with financial statements, footnotes and market data before any further diligence conclusion is formed.",sample_fallback,
CTAS,Cintas Corporation,723254,10-K,2025-02-15,000723254-25-000001,Debt / Contractual Obligations,CTAS-10K-Debt__Contractual_Obligations-1,"Cintas Corporation (CTAS) Debt / Contractual Obligations. Recurring service contracts, retention, payroll volumes, compliance workflows and operating efficiency are central diligence themes. debt obligations include senior notes, credit facilities, leases and contractual commitments. Interest expense, maturity schedules and covenant compliance are monitored as part of financing risk. The company notes that public filing information should be reviewed together with financial statements, footnotes and market data before any further diligence conclusion is formed.",sample_fallback,
CTAS,Cintas Corporation,723254,10-K,2025-02-15,000723254-25-000001,Segment Information,CTAS-10K-Segment_Information-1,"Cintas Corporation (CTAS) Segment Information. Recurring service contracts, retention, payroll volumes, compliance workflows and operating efficiency are central diligence themes. segment information discusses business lines, geographic exposure, service categories, recurring revenue contribution and operating profit by segment where disclosed. The company notes that public filing information should be reviewed together with financial statements, footnotes and market data before any further diligence conclusion is formed.",sample_fallback,
CTAS,Cintas Corporation,723254,10-K,2025-02-15,000723254-25-000001,Legal / Regulatory Matters,CTAS-10K-Legal__Regulatory_Matters-1,"Cintas Corporation (CTAS) Legal / Regulatory Matters. Recurring service contracts, retention, payroll volumes, compliance workflows and operating efficiency are central diligence themes. legal and regulatory matters include litigation, investigations, data privacy, healthcare regulation, financial regulation, environmental requirements and compliance obligations. The company notes that public filing information should be reviewed together with financial statements, footnotes and market data before any further diligence conclusion is formed.",sample_fallback,
PAYX,"Paychex, Inc.",723531,10-K,2025-02-15,000723531-25-000001,Business,PAYX-10K-Business-1,"Paychex, Inc. (PAYX) Business. Recurring service contracts, retention, payroll volumes, compliance workflows and operating efficiency are central diligence themes. revenue drivers include recurring customer relationships, volume growth, pricing, cross-sell activity and sector demand. Management describes the operating model, customer channels, segment mix and the competitive position of the business. The company notes that public filing information should be reviewed together with financial statements, footnotes and market data before any further diligence conclusion is formed.",sample_fallback,
PAYX,"Paychex, Inc.",723531,10-K,2025-02-15,000723531-25-000001,Risk Factors,PAYX-10K-Risk_Factors-1,"Paychex, Inc. (PAYX) Risk Factors. Recurring service contracts, retention, payroll volumes, compliance workflows and operating efficiency are central diligence themes. risk factors include customer concentration, competition, regulatory change, cyber disruption, reimbursement pressure, labor availability, macro demand, supplier dependence and execution risk. These risks could pressure margins or growth if they intensify. The company notes that public filing information should be reviewed together with financial statements, footnotes and market data before any further diligence conclusion is formed.",sample_fallback,
PAYX,"Paychex, Inc.",723531,10-K,2025-02-15,000723531-25-000001,MD&A,PAYX-10K-MD&A-1,"Paychex, Inc. (PAYX) MD&A. Recurring service contracts, retention, payroll volumes, compliance workflows and operating efficiency are central diligence themes. management discussion and analysis describes revenue growth, margin movement, cost inflation, productivity initiatives, operating leverage and demand trends. Margin pressure can come from wages, input costs, implementation spend or mix shift. The company notes that public filing information should be reviewed together with financial statements, footnotes and market data before any further diligence conclusion is formed.",sample_fallback,
PAYX,"Paychex, Inc.",723531,10-K,2025-02-15,000723531-25-000001,Liquidity and Capital Resources,PAYX-10K-Liquidity_and_Capital_Resources-1,"Paychex, Inc. (PAYX) Liquidity and Capital Resources. Recurring service contracts, retention, payroll volumes, compliance workflows and operating efficiency are central diligence themes. liquidity discussion covers operating cash flows, free cash flow, revolver availability, working capital, capital allocation and investment needs. Management states that cash flows and borrowing capacity are expected to support near-term obligations. The company notes that public filing information should be reviewed together with financial statements, footnotes and market data before any further diligence conclusion is formed.",sample_fallback,
PAYX,"Paychex, Inc.",723531,10-K,2025-02-15,000723531-25-000001,Debt / Contractual Obligations,PAYX-10K-Debt__Contractual_Obligations-1,"Paychex, Inc. (PAYX) Debt / Contractual Obligations. Recurring service contracts, retention, payroll volumes, compliance workflows and operating efficiency are central diligence themes. debt obligations include senior notes, credit facilities, leases and contractual commitments. Interest expense, maturity schedules and covenant compliance are monitored as part of financing risk. The company notes that public filing information should be reviewed together with financial statements, footnotes and market data before any further diligence conclusion is formed.",sample_fallback,
PAYX,"Paychex, Inc.",723531,10-K,2025-02-15,000723531-25-000001,Segment Information,PAYX-10K-Segment_Information-1,"Paychex, Inc. (PAYX) Segment Information. Recurring service contracts, retention, payroll volumes, compliance workflows and operating efficiency are central diligence themes. segment information discusses business lines, geographic exposure, service categories, recurring revenue contribution and operating profit by segment where disclosed. The company notes that public filing information should be reviewed together with financial statements, footnotes and market data before any further diligence conclusion is formed.",sample_fallback,
PAYX,"Paychex, Inc.",723531,10-K,2025-02-15,000723531-25-000001,Legal / Regulatory Matters,PAYX-10K-Legal__Regulatory_Matters-1,"Paychex, Inc. (PAYX) Legal / Regulatory Matters. Recurring service contracts, retention, payroll volumes, compliance workflows and operating efficiency are central diligence themes. legal and regulatory matters include litigation, investigations, data privacy, healthcare regulation, financial regulation, environmental requirements and compliance obligations. The company notes that public filing information should be reviewed together with financial statements, footnotes and market data before any further diligence conclusion is formed.",sample_fallback,
BKNG,Booking Holdings Inc.,1075531,10-K,2025-02-15,0001075531-25-000001,Business,BKNG-10K-Business-1,"Booking Holdings Inc. (BKNG) Business. Unit growth, traffic, pricing, loyalty, labor costs and travel or restaurant demand are central diligence themes. revenue drivers include recurring customer relationships, volume growth, pricing, cross-sell activity and sector demand. Management describes the operating model, customer channels, segment mix and the competitive position of the business. The company notes that public filing information should be reviewed together with financial statements, footnotes and market data before any further diligence conclusion is formed. The business model has recurring or repeatable demand drivers, durable customer relationships and identifiable platform qualities.",sample_fallback,
BKNG,Booking Holdings Inc.,1075531,10-K,2025-02-15,0001075531-25-000001,Risk Factors,BKNG-10K-Risk_Factors-1,"Booking Holdings Inc. (BKNG) Risk Factors. Unit growth, traffic, pricing, loyalty, labor costs and travel or restaurant demand are central diligence themes. risk factors include customer concentration, competition, regulatory change, cyber disruption, reimbursement pressure, labor availability, macro demand, supplier dependence and execution risk. These risks could pressure margins or growth if they intensify. The company notes that public filing information should be reviewed together with financial statements, footnotes and market data before any further diligence conclusion is formed.",sample_fallback,
BKNG,Booking Holdings Inc.,1075531,10-K,2025-02-15,0001075531-25-000001,MD&A,BKNG-10K-MD&A-1,"Booking Holdings Inc. (BKNG) MD&A. Unit growth, traffic, pricing, loyalty, labor costs and travel or restaurant demand are central diligence themes. management discussion and analysis describes revenue growth, margin movement, cost inflation, productivity initiatives, operating leverage and demand trends. Margin pressure can come from wages, input costs, implementation spend or mix shift. The company notes that public filing information should be reviewed together with financial statements, footnotes and market data before any further diligence conclusion is formed.",sample_fallback,
BKNG,Booking Holdings Inc.,1075531,10-K,2025-02-15,0001075531-25-000001,Liquidity and Capital Resources,BKNG-10K-Liquidity_and_Capital_Resources-1,"Booking Holdings Inc. (BKNG) Liquidity and Capital Resources. Unit growth, traffic, pricing, loyalty, labor costs and travel or restaurant demand are central diligence themes. liquidity discussion covers operating cash flows, free cash flow, revolver availability, working capital, capital allocation and investment needs. Management states that cash flows and borrowing capacity are expected to support near-term obligations. The company notes that public filing information should be reviewed together with financial statements, footnotes and market data before any further diligence conclusion is formed.",sample_fallback,
BKNG,Booking Holdings Inc.,1075531,10-K,2025-02-15,0001075531-25-000001,Debt / Contractual Obligations,BKNG-10K-Debt__Contractual_Obligations-1,"Booking Holdings Inc. (BKNG) Debt / Contractual Obligations. Unit growth, traffic, pricing, loyalty, labor costs and travel or restaurant demand are central diligence themes. debt obligations include senior notes, credit facilities, leases and contractual commitments. Interest expense, maturity schedules and covenant compliance are monitored as part of financing risk. The company notes that public filing information should be reviewed together with financial statements, footnotes and market data before any further diligence conclusion is formed.",sample_fallback,
BKNG,Booking Holdings Inc.,1075531,10-K,2025-02-15,0001075531-25-000001,Segment Information,BKNG-10K-Segment_Information-1,"Booking Holdings Inc. (BKNG) Segment Information. Unit growth, traffic, pricing, loyalty, labor costs and travel or restaurant demand are central diligence themes. segment information discusses business lines, geographic exposure, service categories, recurring revenue contribution and operating profit by segment where disclosed. The company notes that public filing information should be reviewed together with financial statements, footnotes and market data before any further diligence conclusion is formed.",sample_fallback,
BKNG,Booking Holdings Inc.,1075531,10-K,2025-02-15,0001075531-25-000001,Legal / Regulatory Matters,BKNG-10K-Legal__Regulatory_Matters-1,"Booking Holdings Inc. (BKNG) Legal / Regulatory Matters. Unit growth, traffic, pricing, loyalty, labor costs and travel or restaurant demand are central diligence themes. legal and regulatory matters include litigation, investigations, data privacy, healthcare regulation, financial regulation, environmental requirements and compliance obligations. The company notes that public filing information should be reviewed together with financial statements, footnotes and market data before any further diligence conclusion is formed.",sample_fallback,
HLT,Hilton Worldwide Holdings Inc.,1585689,10-K,2025-02-15,0001585689-25-000001,Business,HLT-10K-Business-1,"Hilton Worldwide Holdings Inc. (HLT) Business. Unit growth, traffic, pricing, loyalty, labor costs and travel or restaurant demand are central diligence themes. revenue drivers include recurring customer relationships, volume growth, pricing, cross-sell activity and sector demand. Management describes the operating model, customer channels, segment mix and the competitive position of the business. The company notes that public filing information should be reviewed together with financial statements, footnotes and market data before any further diligence conclusion is formed.",sample_fallback,
HLT,Hilton Worldwide Holdings Inc.,1585689,10-K,2025-02-15,0001585689-25-000001,Risk Factors,HLT-10K-Risk_Factors-1,"Hilton Worldwide Holdings Inc. (HLT) Risk Factors. Unit growth, traffic, pricing, loyalty, labor costs and travel or restaurant demand are central diligence themes. risk factors include customer concentration, competition, regulatory change, cyber disruption, reimbursement pressure, labor availability, macro demand, supplier dependence and execution risk. These risks could pressure margins or growth if they intensify. The company notes that public filing information should be reviewed together with financial statements, footnotes and market data before any further diligence conclusion is formed.",sample_fallback,
HLT,Hilton Worldwide Holdings Inc.,1585689,10-K,2025-02-15,0001585689-25-000001,MD&A,HLT-10K-MD&A-1,"Hilton Worldwide Holdings Inc. (HLT) MD&A. Unit growth, traffic, pricing, loyalty, labor costs and travel or restaurant demand are central diligence themes. management discussion and analysis describes revenue growth, margin movement, cost inflation, productivity initiatives, operating leverage and demand trends. Margin pressure can come from wages, input costs, implementation spend or mix shift. The company notes that public filing information should be reviewed together with financial statements, footnotes and market data before any further diligence conclusion is formed.",sample_fallback,
HLT,Hilton Worldwide Holdings Inc.,1585689,10-K,2025-02-15,0001585689-25-000001,Liquidity and Capital Resources,HLT-10K-Liquidity_and_Capital_Resources-1,"Hilton Worldwide Holdings Inc. (HLT) Liquidity and Capital Resources. Unit growth, traffic, pricing, loyalty, labor costs and travel or restaurant demand are central diligence themes. liquidity discussion covers operating cash flows, free cash flow, revolver availability, working capital, capital allocation and investment needs. Management states that cash flows and borrowing capacity are expected to support near-term obligations. The company notes that public filing information should be reviewed together with financial statements, footnotes and market data before any further diligence conclusion is formed.",sample_fallback,
HLT,Hilton Worldwide Holdings Inc.,1585689,10-K,2025-02-15,0001585689-25-000001,Debt / Contractual Obligations,HLT-10K-Debt__Contractual_Obligations-1,"Hilton Worldwide Holdings Inc. (HLT) Debt / Contractual Obligations. Unit growth, traffic, pricing, loyalty, labor costs and travel or restaurant demand are central diligence themes. debt obligations include senior notes, credit facilities, leases and contractual commitments. Interest expense, maturity schedules and covenant compliance are monitored as part of financing risk. The company notes that public filing information should be reviewed together with financial statements, footnotes and market data before any further diligence conclusion is formed.",sample_fallback,
HLT,Hilton Worldwide Holdings Inc.,1585689,10-K,2025-02-15,0001585689-25-000001,Segment Information,HLT-10K-Segment_Information-1,"Hilton Worldwide Holdings Inc. (HLT) Segment Information. Unit growth, traffic, pricing, loyalty, labor costs and travel or restaurant demand are central diligence themes. segment information discusses business lines, geographic exposure, service categories, recurring revenue contribution and operating profit by segment where disclosed. The company notes that public filing information should be reviewed together with financial statements, footnotes and market data before any further diligence conclusion is formed.",sample_fallback,
HLT,Hilton Worldwide Holdings Inc.,1585689,10-K,2025-02-15,0001585689-25-000001,Legal / Regulatory Matters,HLT-10K-Legal__Regulatory_Matters-1,"Hilton Worldwide Holdings Inc. (HLT) Legal / Regulatory Matters. Unit growth, traffic, pricing, loyalty, labor costs and travel or restaurant demand are central diligence themes. legal and regulatory matters include litigation, investigations, data privacy, healthcare regulation, financial regulation, environmental requirements and compliance obligations. The company notes that public filing information should be reviewed together with financial statements, footnotes and market data before any further diligence conclusion is formed.",sample_fallback,
MAR,"Marriott International, Inc.",1048286,10-K,2025-02-15,0001048286-25-000001,Business,MAR-10K-Business-1,"Marriott International, Inc. (MAR) Business. Unit growth, traffic, pricing, loyalty, labor costs and travel or restaurant demand are central diligence themes. revenue drivers include recurring customer relationships, volume growth, pricing, cross-sell activity and sector demand. Management describes the operating model, customer channels, segment mix and the competitive position of the business. The company notes that public filing information should be reviewed together with financial statements, footnotes and market data before any further diligence conclusion is formed.",sample_fallback,
MAR,"Marriott International, Inc.",1048286,10-K,2025-02-15,0001048286-25-000001,Risk Factors,MAR-10K-Risk_Factors-1,"Marriott International, Inc. (MAR) Risk Factors. Unit growth, traffic, pricing, loyalty, labor costs and travel or restaurant demand are central diligence themes. risk factors include customer concentration, competition, regulatory change, cyber disruption, reimbursement pressure, labor availability, macro demand, supplier dependence and execution risk. These risks could pressure margins or growth if they intensify. The company notes that public filing information should be reviewed together with financial statements, footnotes and market data before any further diligence conclusion is formed.",sample_fallback,
MAR,"Marriott International, Inc.",1048286,10-K,2025-02-15,0001048286-25-000001,MD&A,MAR-10K-MD&A-1,"Marriott International, Inc. (MAR) MD&A. Unit growth, traffic, pricing, loyalty, labor costs and travel or restaurant demand are central diligence themes. management discussion and analysis describes revenue growth, margin movement, cost inflation, productivity initiatives, operating leverage and demand trends. Margin pressure can come from wages, input costs, implementation spend or mix shift. The company notes that public filing information should be reviewed together with financial statements, footnotes and market data before any further diligence conclusion is formed.",sample_fallback,
MAR,"Marriott International, Inc.",1048286,10-K,2025-02-15,0001048286-25-000001,Liquidity and Capital Resources,MAR-10K-Liquidity_and_Capital_Resources-1,"Marriott International, Inc. (MAR) Liquidity and Capital Resources. Unit growth, traffic, pricing, loyalty, labor costs and travel or restaurant demand are central diligence themes. liquidity discussion covers operating cash flows, free cash flow, revolver availability, working capital, capital allocation and investment needs. Management states that cash flows and borrowing capacity are expected to support near-term obligations. The company notes that public filing information should be reviewed together with financial statements, footnotes and market data before any further diligence conclusion is formed.",sample_fallback,
MAR,"Marriott International, Inc.",1048286,10-K,2025-02-15,0001048286-25-000001,Debt / Contractual Obligations,MAR-10K-Debt__Contractual_Obligations-1,"Marriott International, Inc. (MAR) Debt / Contractual Obligations. Unit growth, traffic, pricing, loyalty, labor costs and travel or restaurant demand are central diligence themes. debt obligations include senior notes, credit facilities, leases and contractual commitments. Interest expense, maturity schedules and covenant compliance are monitored as part of financing risk. The company notes that public filing information should be reviewed together with financial statements, footnotes and market data before any further diligence conclusion is formed.",sample_fallback,
MAR,"Marriott International, Inc.",1048286,10-K,2025-02-15,0001048286-25-000001,Segment Information,MAR-10K-Segment_Information-1,"Marriott International, Inc. (MAR) Segment Information. Unit growth, traffic, pricing, loyalty, labor costs and travel or restaurant demand are central diligence themes. segment information discusses business lines, geographic exposure, service categories, recurring revenue contribution and operating profit by segment where disclosed. The company notes that public filing information should be reviewed together with financial statements, footnotes and market data before any further diligence conclusion is formed.",sample_fallback,
MAR,"Marriott International, Inc.",1048286,10-K,2025-02-15,0001048286-25-000001,Legal / Regulatory Matters,MAR-10K-Legal__Regulatory_Matters-1,"Marriott International, Inc. (MAR) Legal / Regulatory Matters. Unit growth, traffic, pricing, loyalty, labor costs and travel or restaurant demand are central diligence themes. legal and regulatory matters include litigation, investigations, data privacy, healthcare regulation, financial regulation, environmental requirements and compliance obligations. The company notes that public filing information should be reviewed together with financial statements, footnotes and market data before any further diligence conclusion is formed.",sample_fallback,
MCD,McDonald's Corporation,63908,10-K,2025-02-15,00063908-25-000001,Business,MCD-10K-Business-1,"McDonald's Corporation (MCD) Business. Unit growth, traffic, pricing, loyalty, labor costs and travel or restaurant demand are central diligence themes. revenue drivers include recurring customer relationships, volume growth, pricing, cross-sell activity and sector demand. Management describes the operating model, customer channels, segment mix and the competitive position of the business. The company notes that public filing information should be reviewed together with financial statements, footnotes and market data before any further diligence conclusion is formed.",sample_fallback,
MCD,McDonald's Corporation,63908,10-K,2025-02-15,00063908-25-000001,Risk Factors,MCD-10K-Risk_Factors-1,"McDonald's Corporation (MCD) Risk Factors. Unit growth, traffic, pricing, loyalty, labor costs and travel or restaurant demand are central diligence themes. risk factors include customer concentration, competition, regulatory change, cyber disruption, reimbursement pressure, labor availability, macro demand, supplier dependence and execution risk. These risks could pressure margins or growth if they intensify. The company notes that public filing information should be reviewed together with financial statements, footnotes and market data before any further diligence conclusion is formed.",sample_fallback,
MCD,McDonald's Corporation,63908,10-K,2025-02-15,00063908-25-000001,MD&A,MCD-10K-MD&A-1,"McDonald's Corporation (MCD) MD&A. Unit growth, traffic, pricing, loyalty, labor costs and travel or restaurant demand are central diligence themes. management discussion and analysis describes revenue growth, margin movement, cost inflation, productivity initiatives, operating leverage and demand trends. Margin pressure can come from wages, input costs, implementation spend or mix shift. The company notes that public filing information should be reviewed together with financial statements, footnotes and market data before any further diligence conclusion is formed.",sample_fallback,
MCD,McDonald's Corporation,63908,10-K,2025-02-15,00063908-25-000001,Liquidity and Capital Resources,MCD-10K-Liquidity_and_Capital_Resources-1,"McDonald's Corporation (MCD) Liquidity and Capital Resources. Unit growth, traffic, pricing, loyalty, labor costs and travel or restaurant demand are central diligence themes. liquidity discussion covers operating cash flows, free cash flow, revolver availability, working capital, capital allocation and investment needs. Management states that cash flows and borrowing capacity are expected to support near-term obligations. The company notes that public filing information should be reviewed together with financial statements, footnotes and market data before any further diligence conclusion is formed.",sample_fallback,
MCD,McDonald's Corporation,63908,10-K,2025-02-15,00063908-25-000001,Debt / Contractual Obligations,MCD-10K-Debt__Contractual_Obligations-1,"McDonald's Corporation (MCD) Debt / Contractual Obligations. Unit growth, traffic, pricing, loyalty, labor costs and travel or restaurant demand are central diligence themes. debt obligations include senior notes, credit facilities, leases and contractual commitments. Interest expense, maturity schedules and covenant compliance are monitored as part of financing risk. The company notes that public filing information should be reviewed together with financial statements, footnotes and market data before any further diligence conclusion is formed.",sample_fallback,
MCD,McDonald's Corporation,63908,10-K,2025-02-15,00063908-25-000001,Segment Information,MCD-10K-Segment_Information-1,"McDonald's Corporation (MCD) Segment Information. Unit growth, traffic, pricing, loyalty, labor costs and travel or restaurant demand are central diligence themes. segment information discusses business lines, geographic exposure, service categories, recurring revenue contribution and operating profit by segment where disclosed. The company notes that public filing information should be reviewed together with financial statements, footnotes and market data before any further diligence conclusion is formed.",sample_fallback,
MCD,McDonald's Corporation,63908,10-K,2025-02-15,00063908-25-000001,Legal / Regulatory Matters,MCD-10K-Legal__Regulatory_Matters-1,"McDonald's Corporation (MCD) Legal / Regulatory Matters. Unit growth, traffic, pricing, loyalty, labor costs and travel or restaurant demand are central diligence themes. legal and regulatory matters include litigation, investigations, data privacy, healthcare regulation, financial regulation, environmental requirements and compliance obligations. The company notes that public filing information should be reviewed together with financial statements, footnotes and market data before any further diligence conclusion is formed.",sample_fallback,
SBUX,Starbucks Corporation,829224,10-K,2025-02-15,000829224-25-000001,Business,SBUX-10K-Business-1,"Starbucks Corporation (SBUX) Business. Unit growth, traffic, pricing, loyalty, labor costs and travel or restaurant demand are central diligence themes. revenue drivers include recurring customer relationships, volume growth, pricing, cross-sell activity and sector demand. Management describes the operating model, customer channels, segment mix and the competitive position of the business. The company notes that public filing information should be reviewed together with financial statements, footnotes and market data before any further diligence conclusion is formed.",sample_fallback,
SBUX,Starbucks Corporation,829224,10-K,2025-02-15,000829224-25-000001,Risk Factors,SBUX-10K-Risk_Factors-1,"Starbucks Corporation (SBUX) Risk Factors. Unit growth, traffic, pricing, loyalty, labor costs and travel or restaurant demand are central diligence themes. risk factors include customer concentration, competition, regulatory change, cyber disruption, reimbursement pressure, labor availability, macro demand, supplier dependence and execution risk. These risks could pressure margins or growth if they intensify. The company notes that public filing information should be reviewed together with financial statements, footnotes and market data before any further diligence conclusion is formed.",sample_fallback,
SBUX,Starbucks Corporation,829224,10-K,2025-02-15,000829224-25-000001,MD&A,SBUX-10K-MD&A-1,"Starbucks Corporation (SBUX) MD&A. Unit growth, traffic, pricing, loyalty, labor costs and travel or restaurant demand are central diligence themes. management discussion and analysis describes revenue growth, margin movement, cost inflation, productivity initiatives, operating leverage and demand trends. Margin pressure can come from wages, input costs, implementation spend or mix shift. The company notes that public filing information should be reviewed together with financial statements, footnotes and market data before any further diligence conclusion is formed.",sample_fallback,
SBUX,Starbucks Corporation,829224,10-K,2025-02-15,000829224-25-000001,Liquidity and Capital Resources,SBUX-10K-Liquidity_and_Capital_Resources-1,"Starbucks Corporation (SBUX) Liquidity and Capital Resources. Unit growth, traffic, pricing, loyalty, labor costs and travel or restaurant demand are central diligence themes. liquidity discussion covers operating cash flows, free cash flow, revolver availability, working capital, capital allocation and investment needs. Management states that cash flows and borrowing capacity are expected to support near-term obligations. The company notes that public filing information should be reviewed together with financial statements, footnotes and market data before any further diligence conclusion is formed.",sample_fallback,
SBUX,Starbucks Corporation,829224,10-K,2025-02-15,000829224-25-000001,Debt / Contractual Obligations,SBUX-10K-Debt__Contractual_Obligations-1,"Starbucks Corporation (SBUX) Debt / Contractual Obligations. Unit growth, traffic, pricing, loyalty, labor costs and travel or restaurant demand are central diligence themes. debt obligations include senior notes, credit facilities, leases and contractual commitments. Interest expense, maturity schedules and covenant compliance are monitored as part of financing risk. The company notes that public filing information should be reviewed together with financial statements, footnotes and market data before any further diligence conclusion is formed.",sample_fallback,
SBUX,Starbucks Corporation,829224,10-K,2025-02-15,000829224-25-000001,Segment Information,SBUX-10K-Segment_Information-1,"Starbucks Corporation (SBUX) Segment Information. Unit growth, traffic, pricing, loyalty, labor costs and travel or restaurant demand are central diligence themes. segment information discusses business lines, geographic exposure, service categories, recurring revenue contribution and operating profit by segment where disclosed. The company notes that public filing information should be reviewed together with financial statements, footnotes and market data before any further diligence conclusion is formed.",sample_fallback,
SBUX,Starbucks Corporation,829224,10-K,2025-02-15,000829224-25-000001,Legal / Regulatory Matters,SBUX-10K-Legal__Regulatory_Matters-1,"Starbucks Corporation (SBUX) Legal / Regulatory Matters. Unit growth, traffic, pricing, loyalty, labor costs and travel or restaurant demand are central diligence themes. legal and regulatory matters include litigation, investigations, data privacy, healthcare regulation, financial regulation, environmental requirements and compliance obligations. The company notes that public filing information should be reviewed together with financial statements, footnotes and market data before any further diligence conclusion is formed.",sample_fallback,
AMT,American Tower Corporation,1053507,10-K,2025-02-15,0001053507-25-000001,Business,AMT-10K-Business-1,"American Tower Corporation (AMT) Business. Leasing activity, utilization, network investment, churn, tenant quality and capital intensity are central diligence themes. revenue drivers include recurring customer relationships, volume growth, pricing, cross-sell activity and sector demand. Management describes the operating model, customer channels, segment mix and the competitive position of the business. The company notes that public filing information should be reviewed together with financial statements, footnotes and market data before any further diligence conclusion is formed.",sample_fallback,
AMT,American Tower Corporation,1053507,10-K,2025-02-15,0001053507-25-000001,Risk Factors,AMT-10K-Risk_Factors-1,"American Tower Corporation (AMT) Risk Factors. Leasing activity, utilization, network investment, churn, tenant quality and capital intensity are central diligence themes. risk factors include customer concentration, competition, regulatory change, cyber disruption, reimbursement pressure, labor availability, macro demand, supplier dependence and execution risk. These risks could pressure margins or growth if they intensify. The company notes that public filing information should be reviewed together with financial statements, footnotes and market data before any further diligence conclusion is formed.",sample_fallback,
AMT,American Tower Corporation,1053507,10-K,2025-02-15,0001053507-25-000001,MD&A,AMT-10K-MD&A-1,"American Tower Corporation (AMT) MD&A. Leasing activity, utilization, network investment, churn, tenant quality and capital intensity are central diligence themes. management discussion and analysis describes revenue growth, margin movement, cost inflation, productivity initiatives, operating leverage and demand trends. Margin pressure can come from wages, input costs, implementation spend or mix shift. The company notes that public filing information should be reviewed together with financial statements, footnotes and market data before any further diligence conclusion is formed.",sample_fallback,
AMT,American Tower Corporation,1053507,10-K,2025-02-15,0001053507-25-000001,Liquidity and Capital Resources,AMT-10K-Liquidity_and_Capital_Resources-1,"American Tower Corporation (AMT) Liquidity and Capital Resources. Leasing activity, utilization, network investment, churn, tenant quality and capital intensity are central diligence themes. liquidity discussion covers operating cash flows, free cash flow, revolver availability, working capital, capital allocation and investment needs. Management states that cash flows and borrowing capacity are expected to support near-term obligations. The company notes that public filing information should be reviewed together with financial statements, footnotes and market data before any further diligence conclusion is formed. Capital expenditures and debt maturities are material diligence topics because infrastructure assets require continuing investment.",sample_fallback,
AMT,American Tower Corporation,1053507,10-K,2025-02-15,0001053507-25-000001,Debt / Contractual Obligations,AMT-10K-Debt__Contractual_Obligations-1,"American Tower Corporation (AMT) Debt / Contractual Obligations. Leasing activity, utilization, network investment, churn, tenant quality and capital intensity are central diligence themes. debt obligations include senior notes, credit facilities, leases and contractual commitments. Interest expense, maturity schedules and covenant compliance are monitored as part of financing risk. The company notes that public filing information should be reviewed together with financial statements, footnotes and market data before any further diligence conclusion is formed.",sample_fallback,
AMT,American Tower Corporation,1053507,10-K,2025-02-15,0001053507-25-000001,Segment Information,AMT-10K-Segment_Information-1,"American Tower Corporation (AMT) Segment Information. Leasing activity, utilization, network investment, churn, tenant quality and capital intensity are central diligence themes. segment information discusses business lines, geographic exposure, service categories, recurring revenue contribution and operating profit by segment where disclosed. The company notes that public filing information should be reviewed together with financial statements, footnotes and market data before any further diligence conclusion is formed.",sample_fallback,
AMT,American Tower Corporation,1053507,10-K,2025-02-15,0001053507-25-000001,Legal / Regulatory Matters,AMT-10K-Legal__Regulatory_Matters-1,"American Tower Corporation (AMT) Legal / Regulatory Matters. Leasing activity, utilization, network investment, churn, tenant quality and capital intensity are central diligence themes. legal and regulatory matters include litigation, investigations, data privacy, healthcare regulation, financial regulation, environmental requirements and compliance obligations. The company notes that public filing information should be reviewed together with financial statements, footnotes and market data before any further diligence conclusion is formed.",sample_fallback,
DLR,"Digital Realty Trust, Inc.",1297996,10-K,2025-02-15,0001297996-25-000001,Business,DLR-10K-Business-1,"Digital Realty Trust, Inc. (DLR) Business. Leasing activity, utilization, network investment, churn, tenant quality and capital intensity are central diligence themes. revenue drivers include recurring customer relationships, volume growth, pricing, cross-sell activity and sector demand. Management describes the operating model, customer channels, segment mix and the competitive position of the business. The company notes that public filing information should be reviewed together with financial statements, footnotes and market data before any further diligence conclusion is formed.",sample_fallback,
DLR,"Digital Realty Trust, Inc.",1297996,10-K,2025-02-15,0001297996-25-000001,Risk Factors,DLR-10K-Risk_Factors-1,"Digital Realty Trust, Inc. (DLR) Risk Factors. Leasing activity, utilization, network investment, churn, tenant quality and capital intensity are central diligence themes. risk factors include customer concentration, competition, regulatory change, cyber disruption, reimbursement pressure, labor availability, macro demand, supplier dependence and execution risk. These risks could pressure margins or growth if they intensify. The company notes that public filing information should be reviewed together with financial statements, footnotes and market data before any further diligence conclusion is formed. The filing highlights elevated leverage, margin pressure, liquidity sensitivity or regulatory exposure that may require enhanced diligence.",sample_fallback,
DLR,"Digital Realty Trust, Inc.",1297996,10-K,2025-02-15,0001297996-25-000001,MD&A,DLR-10K-MD&A-1,"Digital Realty Trust, Inc. (DLR) MD&A. Leasing activity, utilization, network investment, churn, tenant quality and capital intensity are central diligence themes. management discussion and analysis describes revenue growth, margin movement, cost inflation, productivity initiatives, operating leverage and demand trends. Margin pressure can come from wages, input costs, implementation spend or mix shift. The company notes that public filing information should be reviewed together with financial statements, footnotes and market data before any further diligence conclusion is formed.",sample_fallback,
DLR,"Digital Realty Trust, Inc.",1297996,10-K,2025-02-15,0001297996-25-000001,Liquidity and Capital Resources,DLR-10K-Liquidity_and_Capital_Resources-1,"Digital Realty Trust, Inc. (DLR) Liquidity and Capital Resources. Leasing activity, utilization, network investment, churn, tenant quality and capital intensity are central diligence themes. liquidity discussion covers operating cash flows, free cash flow, revolver availability, working capital, capital allocation and investment needs. Management states that cash flows and borrowing capacity are expected to support near-term obligations. The company notes that public filing information should be reviewed together with financial statements, footnotes and market data before any further diligence conclusion is formed. Capital expenditures and debt maturities are material diligence topics because infrastructure assets require continuing investment.",sample_fallback,
DLR,"Digital Realty Trust, Inc.",1297996,10-K,2025-02-15,0001297996-25-000001,Debt / Contractual Obligations,DLR-10K-Debt__Contractual_Obligations-1,"Digital Realty Trust, Inc. (DLR) Debt / Contractual Obligations. Leasing activity, utilization, network investment, churn, tenant quality and capital intensity are central diligence themes. debt obligations include senior notes, credit facilities, leases and contractual commitments. Interest expense, maturity schedules and covenant compliance are monitored as part of financing risk. The company notes that public filing information should be reviewed together with financial statements, footnotes and market data before any further diligence conclusion is formed.",sample_fallback,
DLR,"Digital Realty Trust, Inc.",1297996,10-K,2025-02-15,0001297996-25-000001,Segment Information,DLR-10K-Segment_Information-1,"Digital Realty Trust, Inc. (DLR) Segment Information. Leasing activity, utilization, network investment, churn, tenant quality and capital intensity are central diligence themes. segment information discusses business lines, geographic exposure, service categories, recurring revenue contribution and operating profit by segment where disclosed. The company notes that public filing information should be reviewed together with financial statements, footnotes and market data before any further diligence conclusion is formed.",sample_fallback,
DLR,"Digital Realty Trust, Inc.",1297996,10-K,2025-02-15,0001297996-25-000001,Legal / Regulatory Matters,DLR-10K-Legal__Regulatory_Matters-1,"Digital Realty Trust, Inc. (DLR) Legal / Regulatory Matters. Leasing activity, utilization, network investment, churn, tenant quality and capital intensity are central diligence themes. legal and regulatory matters include litigation, investigations, data privacy, healthcare regulation, financial regulation, environmental requirements and compliance obligations. The company notes that public filing information should be reviewed together with financial statements, footnotes and market data before any further diligence conclusion is formed.",sample_fallback,
EQIX,"Equinix, Inc.",1101239,10-K,2025-02-15,0001101239-25-000001,Business,EQIX-10K-Business-1,"Equinix, Inc. (EQIX) Business. Leasing activity, utilization, network investment, churn, tenant quality and capital intensity are central diligence themes. revenue drivers include recurring customer relationships, volume growth, pricing, cross-sell activity and sector demand. Management describes the operating model, customer channels, segment mix and the competitive position of the business. The company notes that public filing information should be reviewed together with financial statements, footnotes and market data before any further diligence conclusion is formed. The business model has recurring or repeatable demand drivers, durable customer relationships and identifiable platform qualities.",sample_fallback,
EQIX,"Equinix, Inc.",1101239,10-K,2025-02-15,0001101239-25-000001,Risk Factors,EQIX-10K-Risk_Factors-1,"Equinix, Inc. (EQIX) Risk Factors. Leasing activity, utilization, network investment, churn, tenant quality and capital intensity are central diligence themes. risk factors include customer concentration, competition, regulatory change, cyber disruption, reimbursement pressure, labor availability, macro demand, supplier dependence and execution risk. These risks could pressure margins or growth if they intensify. The company notes that public filing information should be reviewed together with financial statements, footnotes and market data before any further diligence conclusion is formed.",sample_fallback,
EQIX,"Equinix, Inc.",1101239,10-K,2025-02-15,0001101239-25-000001,MD&A,EQIX-10K-MD&A-1,"Equinix, Inc. (EQIX) MD&A. Leasing activity, utilization, network investment, churn, tenant quality and capital intensity are central diligence themes. management discussion and analysis describes revenue growth, margin movement, cost inflation, productivity initiatives, operating leverage and demand trends. Margin pressure can come from wages, input costs, implementation spend or mix shift. The company notes that public filing information should be reviewed together with financial statements, footnotes and market data before any further diligence conclusion is formed.",sample_fallback,
EQIX,"Equinix, Inc.",1101239,10-K,2025-02-15,0001101239-25-000001,Liquidity and Capital Resources,EQIX-10K-Liquidity_and_Capital_Resources-1,"Equinix, Inc. (EQIX) Liquidity and Capital Resources. Leasing activity, utilization, network investment, churn, tenant quality and capital intensity are central diligence themes. liquidity discussion covers operating cash flows, free cash flow, revolver availability, working capital, capital allocation and investment needs. Management states that cash flows and borrowing capacity are expected to support near-term obligations. The company notes that public filing information should be reviewed together with financial statements, footnotes and market data before any further diligence conclusion is formed.",sample_fallback,
EQIX,"Equinix, Inc.",1101239,10-K,2025-02-15,0001101239-25-000001,Debt / Contractual Obligations,EQIX-10K-Debt__Contractual_Obligations-1,"Equinix, Inc. (EQIX) Debt / Contractual Obligations. Leasing activity, utilization, network investment, churn, tenant quality and capital intensity are central diligence themes. debt obligations include senior notes, credit facilities, leases and contractual commitments. Interest expense, maturity schedules and covenant compliance are monitored as part of financing risk. The company notes that public filing information should be reviewed together with financial statements, footnotes and market data before any further diligence conclusion is formed.",sample_fallback,
EQIX,"Equinix, Inc.",1101239,10-K,2025-02-15,0001101239-25-000001,Segment Information,EQIX-10K-Segment_Information-1,"Equinix, Inc. (EQIX) Segment Information. Leasing activity, utilization, network investment, churn, tenant quality and capital intensity are central diligence themes. segment information discusses business lines, geographic exposure, service categories, recurring revenue contribution and operating profit by segment where disclosed. The company notes that public filing information should be reviewed together with financial statements, footnotes and market data before any further diligence conclusion is formed.",sample_fallback,
EQIX,"Equinix, Inc.",1101239,10-K,2025-02-15,0001101239-25-000001,Legal / Regulatory Matters,EQIX-10K-Legal__Regulatory_Matters-1,"Equinix, Inc. (EQIX) Legal / Regulatory Matters. Leasing activity, utilization, network investment, churn, tenant quality and capital intensity are central diligence themes. legal and regulatory matters include litigation, investigations, data privacy, healthcare regulation, financial regulation, environmental requirements and compliance obligations. The company notes that public filing information should be reviewed together with financial statements, footnotes and market data before any further diligence conclusion is formed.",sample_fallback,
TMUS,"T-Mobile US, Inc.",1283699,10-K,2025-02-15,0001283699-25-000001,Business,TMUS-10K-Business-1,"T-Mobile US, Inc. (TMUS) Business. Leasing activity, utilization, network investment, churn, tenant quality and capital intensity are central diligence themes. revenue drivers include recurring customer relationships, volume growth, pricing, cross-sell activity and sector demand. Management describes the operating model, customer channels, segment mix and the competitive position of the business. The company notes that public filing information should be reviewed together with financial statements, footnotes and market data before any further diligence conclusion is formed.",sample_fallback,
TMUS,"T-Mobile US, Inc.",1283699,10-K,2025-02-15,0001283699-25-000001,Risk Factors,TMUS-10K-Risk_Factors-1,"T-Mobile US, Inc. (TMUS) Risk Factors. Leasing activity, utilization, network investment, churn, tenant quality and capital intensity are central diligence themes. risk factors include customer concentration, competition, regulatory change, cyber disruption, reimbursement pressure, labor availability, macro demand, supplier dependence and execution risk. These risks could pressure margins or growth if they intensify. The company notes that public filing information should be reviewed together with financial statements, footnotes and market data before any further diligence conclusion is formed.",sample_fallback,
TMUS,"T-Mobile US, Inc.",1283699,10-K,2025-02-15,0001283699-25-000001,MD&A,TMUS-10K-MD&A-1,"T-Mobile US, Inc. (TMUS) MD&A. Leasing activity, utilization, network investment, churn, tenant quality and capital intensity are central diligence themes. management discussion and analysis describes revenue growth, margin movement, cost inflation, productivity initiatives, operating leverage and demand trends. Margin pressure can come from wages, input costs, implementation spend or mix shift. The company notes that public filing information should be reviewed together with financial statements, footnotes and market data before any further diligence conclusion is formed.",sample_fallback,
TMUS,"T-Mobile US, Inc.",1283699,10-K,2025-02-15,0001283699-25-000001,Liquidity and Capital Resources,TMUS-10K-Liquidity_and_Capital_Resources-1,"T-Mobile US, Inc. (TMUS) Liquidity and Capital Resources. Leasing activity, utilization, network investment, churn, tenant quality and capital intensity are central diligence themes. liquidity discussion covers operating cash flows, free cash flow, revolver availability, working capital, capital allocation and investment needs. Management states that cash flows and borrowing capacity are expected to support near-term obligations. The company notes that public filing information should be reviewed together with financial statements, footnotes and market data before any further diligence conclusion is formed.",sample_fallback,
TMUS,"T-Mobile US, Inc.",1283699,10-K,2025-02-15,0001283699-25-000001,Debt / Contractual Obligations,TMUS-10K-Debt__Contractual_Obligations-1,"T-Mobile US, Inc. (TMUS) Debt / Contractual Obligations. Leasing activity, utilization, network investment, churn, tenant quality and capital intensity are central diligence themes. debt obligations include senior notes, credit facilities, leases and contractual commitments. Interest expense, maturity schedules and covenant compliance are monitored as part of financing risk. The company notes that public filing information should be reviewed together with financial statements, footnotes and market data before any further diligence conclusion is formed.",sample_fallback,
TMUS,"T-Mobile US, Inc.",1283699,10-K,2025-02-15,0001283699-25-000001,Segment Information,TMUS-10K-Segment_Information-1,"T-Mobile US, Inc. (TMUS) Segment Information. Leasing activity, utilization, network investment, churn, tenant quality and capital intensity are central diligence themes. segment information discusses business lines, geographic exposure, service categories, recurring revenue contribution and operating profit by segment where disclosed. The company notes that public filing information should be reviewed together with financial statements, footnotes and market data before any further diligence conclusion is formed.",sample_fallback,
TMUS,"T-Mobile US, Inc.",1283699,10-K,2025-02-15,0001283699-25-000001,Legal / Regulatory Matters,TMUS-10K-Legal__Regulatory_Matters-1,"T-Mobile US, Inc. (TMUS) Legal / Regulatory Matters. Leasing activity, utilization, network investment, churn, tenant quality and capital intensity are central diligence themes. legal and regulatory matters include litigation, investigations, data privacy, healthcare regulation, financial regulation, environmental requirements and compliance obligations. The company notes that public filing information should be reviewed together with financial statements, footnotes and market data before any further diligence conclusion is formed.",sample_fallback,
VZ,Verizon Communications Inc.,732712,10-K,2025-02-15,000732712-25-000001,Business,VZ-10K-Business-1,"Verizon Communications Inc. (VZ) Business. Leasing activity, utilization, network investment, churn, tenant quality and capital intensity are central diligence themes. revenue drivers include recurring customer relationships, volume growth, pricing, cross-sell activity and sector demand. Management describes the operating model, customer channels, segment mix and the competitive position of the business. The company notes that public filing information should be reviewed together with financial statements, footnotes and market data before any further diligence conclusion is formed.",sample_fallback,
VZ,Verizon Communications Inc.,732712,10-K,2025-02-15,000732712-25-000001,Risk Factors,VZ-10K-Risk_Factors-1,"Verizon Communications Inc. (VZ) Risk Factors. Leasing activity, utilization, network investment, churn, tenant quality and capital intensity are central diligence themes. risk factors include customer concentration, competition, regulatory change, cyber disruption, reimbursement pressure, labor availability, macro demand, supplier dependence and execution risk. These risks could pressure margins or growth if they intensify. The company notes that public filing information should be reviewed together with financial statements, footnotes and market data before any further diligence conclusion is formed. The filing highlights elevated leverage, margin pressure, liquidity sensitivity or regulatory exposure that may require enhanced diligence.",sample_fallback,
VZ,Verizon Communications Inc.,732712,10-K,2025-02-15,000732712-25-000001,MD&A,VZ-10K-MD&A-1,"Verizon Communications Inc. (VZ) MD&A. Leasing activity, utilization, network investment, churn, tenant quality and capital intensity are central diligence themes. management discussion and analysis describes revenue growth, margin movement, cost inflation, productivity initiatives, operating leverage and demand trends. Margin pressure can come from wages, input costs, implementation spend or mix shift. The company notes that public filing information should be reviewed together with financial statements, footnotes and market data before any further diligence conclusion is formed.",sample_fallback,
VZ,Verizon Communications Inc.,732712,10-K,2025-02-15,000732712-25-000001,Liquidity and Capital Resources,VZ-10K-Liquidity_and_Capital_Resources-1,"Verizon Communications Inc. (VZ) Liquidity and Capital Resources. Leasing activity, utilization, network investment, churn, tenant quality and capital intensity are central diligence themes. liquidity discussion covers operating cash flows, free cash flow, revolver availability, working capital, capital allocation and investment needs. Management states that cash flows and borrowing capacity are expected to support near-term obligations. The company notes that public filing information should be reviewed together with financial statements, footnotes and market data before any further diligence conclusion is formed. Capital expenditures and debt maturities are material diligence topics because infrastructure assets require continuing investment.",sample_fallback,
VZ,Verizon Communications Inc.,732712,10-K,2025-02-15,000732712-25-000001,Debt / Contractual Obligations,VZ-10K-Debt__Contractual_Obligations-1,"Verizon Communications Inc. (VZ) Debt / Contractual Obligations. Leasing activity, utilization, network investment, churn, tenant quality and capital intensity are central diligence themes. debt obligations include senior notes, credit facilities, leases and contractual commitments. Interest expense, maturity schedules and covenant compliance are monitored as part of financing risk. The company notes that public filing information should be reviewed together with financial statements, footnotes and market data before any further diligence conclusion is formed.",sample_fallback,
VZ,Verizon Communications Inc.,732712,10-K,2025-02-15,000732712-25-000001,Segment Information,VZ-10K-Segment_Information-1,"Verizon Communications Inc. (VZ) Segment Information. Leasing activity, utilization, network investment, churn, tenant quality and capital intensity are central diligence themes. segment information discusses business lines, geographic exposure, service categories, recurring revenue contribution and operating profit by segment where disclosed. The company notes that public filing information should be reviewed together with financial statements, footnotes and market data before any further diligence conclusion is formed.",sample_fallback,
VZ,Verizon Communications Inc.,732712,10-K,2025-02-15,000732712-25-000001,Legal / Regulatory Matters,VZ-10K-Legal__Regulatory_Matters-1,"Verizon Communications Inc. (VZ) Legal / Regulatory Matters. Leasing activity, utilization, network investment, churn, tenant quality and capital intensity are central diligence themes. legal and regulatory matters include litigation, investigations, data privacy, healthcare regulation, financial regulation, environmental requirements and compliance obligations. The company notes that public filing information should be reviewed together with financial statements, footnotes and market data before any further diligence conclusion is formed.",sample_fallback,
AES,The AES Corporation,874761,10-K,2025-02-15,000874761-25-000001,Business,AES-10K-Business-1,"The AES Corporation (AES) Business. Project demand, manufacturing scale, commodity exposure, incentives, grid investment and capital intensity are central diligence themes. revenue drivers include recurring customer relationships, volume growth, pricing, cross-sell activity and sector demand. Management describes the operating model, customer channels, segment mix and the competitive position of the business. The company notes that public filing information should be reviewed together with financial statements, footnotes and market data before any further diligence conclusion is formed.",sample_fallback,
AES,The AES Corporation,874761,10-K,2025-02-15,000874761-25-000001,Risk Factors,AES-10K-Risk_Factors-1,"The AES Corporation (AES) Risk Factors. Project demand, manufacturing scale, commodity exposure, incentives, grid investment and capital intensity are central diligence themes. risk factors include customer concentration, competition, regulatory change, cyber disruption, reimbursement pressure, labor availability, macro demand, supplier dependence and execution risk. These risks could pressure margins or growth if they intensify. The company notes that public filing information should be reviewed together with financial statements, footnotes and market data before any further diligence conclusion is formed. The filing highlights elevated leverage, margin pressure, liquidity sensitivity or regulatory exposure that may require enhanced diligence.",sample_fallback,
AES,The AES Corporation,874761,10-K,2025-02-15,000874761-25-000001,MD&A,AES-10K-MD&A-1,"The AES Corporation (AES) MD&A. Project demand, manufacturing scale, commodity exposure, incentives, grid investment and capital intensity are central diligence themes. management discussion and analysis describes revenue growth, margin movement, cost inflation, productivity initiatives, operating leverage and demand trends. Margin pressure can come from wages, input costs, implementation spend or mix shift. The company notes that public filing information should be reviewed together with financial statements, footnotes and market data before any further diligence conclusion is formed.",sample_fallback,
AES,The AES Corporation,874761,10-K,2025-02-15,000874761-25-000001,Liquidity and Capital Resources,AES-10K-Liquidity_and_Capital_Resources-1,"The AES Corporation (AES) Liquidity and Capital Resources. Project demand, manufacturing scale, commodity exposure, incentives, grid investment and capital intensity are central diligence themes. liquidity discussion covers operating cash flows, free cash flow, revolver availability, working capital, capital allocation and investment needs. Management states that cash flows and borrowing capacity are expected to support near-term obligations. The company notes that public filing information should be reviewed together with financial statements, footnotes and market data before any further diligence conclusion is formed. Capital expenditures and debt maturities are material diligence topics because infrastructure assets require continuing investment.",sample_fallback,
AES,The AES Corporation,874761,10-K,2025-02-15,000874761-25-000001,Debt / Contractual Obligations,AES-10K-Debt__Contractual_Obligations-1,"The AES Corporation (AES) Debt / Contractual Obligations. Project demand, manufacturing scale, commodity exposure, incentives, grid investment and capital intensity are central diligence themes. debt obligations include senior notes, credit facilities, leases and contractual commitments. Interest expense, maturity schedules and covenant compliance are monitored as part of financing risk. The company notes that public filing information should be reviewed together with financial statements, footnotes and market data before any further diligence conclusion is formed.",sample_fallback,
AES,The AES Corporation,874761,10-K,2025-02-15,000874761-25-000001,Segment Information,AES-10K-Segment_Information-1,"The AES Corporation (AES) Segment Information. Project demand, manufacturing scale, commodity exposure, incentives, grid investment and capital intensity are central diligence themes. segment information discusses business lines, geographic exposure, service categories, recurring revenue contribution and operating profit by segment where disclosed. The company notes that public filing information should be reviewed together with financial statements, footnotes and market data before any further diligence conclusion is formed.",sample_fallback,
AES,The AES Corporation,874761,10-K,2025-02-15,000874761-25-000001,Legal / Regulatory Matters,AES-10K-Legal__Regulatory_Matters-1,"The AES Corporation (AES) Legal / Regulatory Matters. Project demand, manufacturing scale, commodity exposure, incentives, grid investment and capital intensity are central diligence themes. legal and regulatory matters include litigation, investigations, data privacy, healthcare regulation, financial regulation, environmental requirements and compliance obligations. The company notes that public filing information should be reviewed together with financial statements, footnotes and market data before any further diligence conclusion is formed.",sample_fallback,
ALB,Albemarle Corporation,915913,10-K,2025-02-15,000915913-25-000001,Business,ALB-10K-Business-1,"Albemarle Corporation (ALB) Business. Project demand, manufacturing scale, commodity exposure, incentives, grid investment and capital intensity are central diligence themes. revenue drivers include recurring customer relationships, volume growth, pricing, cross-sell activity and sector demand. Management describes the operating model, customer channels, segment mix and the competitive position of the business. The company notes that public filing information should be reviewed together with financial statements, footnotes and market data before any further diligence conclusion is formed.",sample_fallback,
ALB,Albemarle Corporation,915913,10-K,2025-02-15,000915913-25-000001,Risk Factors,ALB-10K-Risk_Factors-1,"Albemarle Corporation (ALB) Risk Factors. Project demand, manufacturing scale, commodity exposure, incentives, grid investment and capital intensity are central diligence themes. risk factors include customer concentration, competition, regulatory change, cyber disruption, reimbursement pressure, labor availability, macro demand, supplier dependence and execution risk. These risks could pressure margins or growth if they intensify. The company notes that public filing information should be reviewed together with financial statements, footnotes and market data before any further diligence conclusion is formed. The filing highlights elevated leverage, margin pressure, liquidity sensitivity or regulatory exposure that may require enhanced diligence.",sample_fallback,
ALB,Albemarle Corporation,915913,10-K,2025-02-15,000915913-25-000001,MD&A,ALB-10K-MD&A-1,"Albemarle Corporation (ALB) MD&A. Project demand, manufacturing scale, commodity exposure, incentives, grid investment and capital intensity are central diligence themes. management discussion and analysis describes revenue growth, margin movement, cost inflation, productivity initiatives, operating leverage and demand trends. Margin pressure can come from wages, input costs, implementation spend or mix shift. The company notes that public filing information should be reviewed together with financial statements, footnotes and market data before any further diligence conclusion is formed.",sample_fallback,
ALB,Albemarle Corporation,915913,10-K,2025-02-15,000915913-25-000001,Liquidity and Capital Resources,ALB-10K-Liquidity_and_Capital_Resources-1,"Albemarle Corporation (ALB) Liquidity and Capital Resources. Project demand, manufacturing scale, commodity exposure, incentives, grid investment and capital intensity are central diligence themes. liquidity discussion covers operating cash flows, free cash flow, revolver availability, working capital, capital allocation and investment needs. Management states that cash flows and borrowing capacity are expected to support near-term obligations. The company notes that public filing information should be reviewed together with financial statements, footnotes and market data before any further diligence conclusion is formed.",sample_fallback,
ALB,Albemarle Corporation,915913,10-K,2025-02-15,000915913-25-000001,Debt / Contractual Obligations,ALB-10K-Debt__Contractual_Obligations-1,"Albemarle Corporation (ALB) Debt / Contractual Obligations. Project demand, manufacturing scale, commodity exposure, incentives, grid investment and capital intensity are central diligence themes. debt obligations include senior notes, credit facilities, leases and contractual commitments. Interest expense, maturity schedules and covenant compliance are monitored as part of financing risk. The company notes that public filing information should be reviewed together with financial statements, footnotes and market data before any further diligence conclusion is formed.",sample_fallback,
ALB,Albemarle Corporation,915913,10-K,2025-02-15,000915913-25-000001,Segment Information,ALB-10K-Segment_Information-1,"Albemarle Corporation (ALB) Segment Information. Project demand, manufacturing scale, commodity exposure, incentives, grid investment and capital intensity are central diligence themes. segment information discusses business lines, geographic exposure, service categories, recurring revenue contribution and operating profit by segment where disclosed. The company notes that public filing information should be reviewed together with financial statements, footnotes and market data before any further diligence conclusion is formed.",sample_fallback,
ALB,Albemarle Corporation,915913,10-K,2025-02-15,000915913-25-000001,Legal / Regulatory Matters,ALB-10K-Legal__Regulatory_Matters-1,"Albemarle Corporation (ALB) Legal / Regulatory Matters. Project demand, manufacturing scale, commodity exposure, incentives, grid investment and capital intensity are central diligence themes. legal and regulatory matters include litigation, investigations, data privacy, healthcare regulation, financial regulation, environmental requirements and compliance obligations. The company notes that public filing information should be reviewed together with financial statements, footnotes and market data before any further diligence conclusion is formed.",sample_fallback,
FSLR,"First Solar, Inc.",1274494,10-K,2025-02-15,0001274494-25-000001,Business,FSLR-10K-Business-1,"First Solar, Inc. (FSLR) Business. Project demand, manufacturing scale, commodity exposure, incentives, grid investment and capital intensity are central diligence themes. revenue drivers include recurring customer relationships, volume growth, pricing, cross-sell activity and sector demand. Management describes the operating model, customer channels, segment mix and the competitive position of the business. The company notes that public filing information should be reviewed together with financial statements, footnotes and market data before any further diligence conclusion is formed. The business model has recurring or repeatable demand drivers, durable customer relationships and identifiable platform qualities.",sample_fallback,
FSLR,"First Solar, Inc.",1274494,10-K,2025-02-15,0001274494-25-000001,Risk Factors,FSLR-10K-Risk_Factors-1,"First Solar, Inc. (FSLR) Risk Factors. Project demand, manufacturing scale, commodity exposure, incentives, grid investment and capital intensity are central diligence themes. risk factors include customer concentration, competition, regulatory change, cyber disruption, reimbursement pressure, labor availability, macro demand, supplier dependence and execution risk. These risks could pressure margins or growth if they intensify. The company notes that public filing information should be reviewed together with financial statements, footnotes and market data before any further diligence conclusion is formed.",sample_fallback,
FSLR,"First Solar, Inc.",1274494,10-K,2025-02-15,0001274494-25-000001,MD&A,FSLR-10K-MD&A-1,"First Solar, Inc. (FSLR) MD&A. Project demand, manufacturing scale, commodity exposure, incentives, grid investment and capital intensity are central diligence themes. management discussion and analysis describes revenue growth, margin movement, cost inflation, productivity initiatives, operating leverage and demand trends. Margin pressure can come from wages, input costs, implementation spend or mix shift. The company notes that public filing information should be reviewed together with financial statements, footnotes and market data before any further diligence conclusion is formed.",sample_fallback,
FSLR,"First Solar, Inc.",1274494,10-K,2025-02-15,0001274494-25-000001,Liquidity and Capital Resources,FSLR-10K-Liquidity_and_Capital_Resources-1,"First Solar, Inc. (FSLR) Liquidity and Capital Resources. Project demand, manufacturing scale, commodity exposure, incentives, grid investment and capital intensity are central diligence themes. liquidity discussion covers operating cash flows, free cash flow, revolver availability, working capital, capital allocation and investment needs. Management states that cash flows and borrowing capacity are expected to support near-term obligations. The company notes that public filing information should be reviewed together with financial statements, footnotes and market data before any further diligence conclusion is formed.",sample_fallback,
FSLR,"First Solar, Inc.",1274494,10-K,2025-02-15,0001274494-25-000001,Debt / Contractual Obligations,FSLR-10K-Debt__Contractual_Obligations-1,"First Solar, Inc. (FSLR) Debt / Contractual Obligations. Project demand, manufacturing scale, commodity exposure, incentives, grid investment and capital intensity are central diligence themes. debt obligations include senior notes, credit facilities, leases and contractual commitments. Interest expense, maturity schedules and covenant compliance are monitored as part of financing risk. The company notes that public filing information should be reviewed together with financial statements, footnotes and market data before any further diligence conclusion is formed.",sample_fallback,
FSLR,"First Solar, Inc.",1274494,10-K,2025-02-15,0001274494-25-000001,Segment Information,FSLR-10K-Segment_Information-1,"First Solar, Inc. (FSLR) Segment Information. Project demand, manufacturing scale, commodity exposure, incentives, grid investment and capital intensity are central diligence themes. segment information discusses business lines, geographic exposure, service categories, recurring revenue contribution and operating profit by segment where disclosed. The company notes that public filing information should be reviewed together with financial statements, footnotes and market data before any further diligence conclusion is formed.",sample_fallback,
FSLR,"First Solar, Inc.",1274494,10-K,2025-02-15,0001274494-25-000001,Legal / Regulatory Matters,FSLR-10K-Legal__Regulatory_Matters-1,"First Solar, Inc. (FSLR) Legal / Regulatory Matters. Project demand, manufacturing scale, commodity exposure, incentives, grid investment and capital intensity are central diligence themes. legal and regulatory matters include litigation, investigations, data privacy, healthcare regulation, financial regulation, environmental requirements and compliance obligations. The company notes that public filing information should be reviewed together with financial statements, footnotes and market data before any further diligence conclusion is formed.",sample_fallback,
NEE,"NextEra Energy, Inc.",753308,10-K,2025-02-15,000753308-25-000001,Business,NEE-10K-Business-1,"NextEra Energy, Inc. (NEE) Business. Project demand, manufacturing scale, commodity exposure, incentives, grid investment and capital intensity are central diligence themes. revenue drivers include recurring customer relationships, volume growth, pricing, cross-sell activity and sector demand. Management describes the operating model, customer channels, segment mix and the competitive position of the business. The company notes that public filing information should be reviewed together with financial statements, footnotes and market data before any further diligence conclusion is formed.",sample_fallback,
NEE,"NextEra Energy, Inc.",753308,10-K,2025-02-15,000753308-25-000001,Risk Factors,NEE-10K-Risk_Factors-1,"NextEra Energy, Inc. (NEE) Risk Factors. Project demand, manufacturing scale, commodity exposure, incentives, grid investment and capital intensity are central diligence themes. risk factors include customer concentration, competition, regulatory change, cyber disruption, reimbursement pressure, labor availability, macro demand, supplier dependence and execution risk. These risks could pressure margins or growth if they intensify. The company notes that public filing information should be reviewed together with financial statements, footnotes and market data before any further diligence conclusion is formed.",sample_fallback,
NEE,"NextEra Energy, Inc.",753308,10-K,2025-02-15,000753308-25-000001,MD&A,NEE-10K-MD&A-1,"NextEra Energy, Inc. (NEE) MD&A. Project demand, manufacturing scale, commodity exposure, incentives, grid investment and capital intensity are central diligence themes. management discussion and analysis describes revenue growth, margin movement, cost inflation, productivity initiatives, operating leverage and demand trends. Margin pressure can come from wages, input costs, implementation spend or mix shift. The company notes that public filing information should be reviewed together with financial statements, footnotes and market data before any further diligence conclusion is formed.",sample_fallback,
NEE,"NextEra Energy, Inc.",753308,10-K,2025-02-15,000753308-25-000001,Liquidity and Capital Resources,NEE-10K-Liquidity_and_Capital_Resources-1,"NextEra Energy, Inc. (NEE) Liquidity and Capital Resources. Project demand, manufacturing scale, commodity exposure, incentives, grid investment and capital intensity are central diligence themes. liquidity discussion covers operating cash flows, free cash flow, revolver availability, working capital, capital allocation and investment needs. Management states that cash flows and borrowing capacity are expected to support near-term obligations. The company notes that public filing information should be reviewed together with financial statements, footnotes and market data before any further diligence conclusion is formed.",sample_fallback,
NEE,"NextEra Energy, Inc.",753308,10-K,2025-02-15,000753308-25-000001,Debt / Contractual Obligations,NEE-10K-Debt__Contractual_Obligations-1,"NextEra Energy, Inc. (NEE) Debt / Contractual Obligations. Project demand, manufacturing scale, commodity exposure, incentives, grid investment and capital intensity are central diligence themes. debt obligations include senior notes, credit facilities, leases and contractual commitments. Interest expense, maturity schedules and covenant compliance are monitored as part of financing risk. The company notes that public filing information should be reviewed together with financial statements, footnotes and market data before any further diligence conclusion is formed.",sample_fallback,
NEE,"NextEra Energy, Inc.",753308,10-K,2025-02-15,000753308-25-000001,Segment Information,NEE-10K-Segment_Information-1,"NextEra Energy, Inc. (NEE) Segment Information. Project demand, manufacturing scale, commodity exposure, incentives, grid investment and capital intensity are central diligence themes. segment information discusses business lines, geographic exposure, service categories, recurring revenue contribution and operating profit by segment where disclosed. The company notes that public filing information should be reviewed together with financial statements, footnotes and market data before any further diligence conclusion is formed.",sample_fallback,
NEE,"NextEra Energy, Inc.",753308,10-K,2025-02-15,000753308-25-000001,Legal / Regulatory Matters,NEE-10K-Legal__Regulatory_Matters-1,"NextEra Energy, Inc. (NEE) Legal / Regulatory Matters. Project demand, manufacturing scale, commodity exposure, incentives, grid investment and capital intensity are central diligence themes. legal and regulatory matters include litigation, investigations, data privacy, healthcare regulation, financial regulation, environmental requirements and compliance obligations. The company notes that public filing information should be reviewed together with financial statements, footnotes and market data before any further diligence conclusion is formed.",sample_fallback,
TSLA,"Tesla, Inc.",1318605,10-K,2025-02-15,0001318605-25-000001,Business,TSLA-10K-Business-1,"Tesla, Inc. (TSLA) Business. Project demand, manufacturing scale, commodity exposure, incentives, grid investment and capital intensity are central diligence themes. revenue drivers include recurring customer relationships, volume growth, pricing, cross-sell activity and sector demand. Management describes the operating model, customer channels, segment mix and the competitive position of the business. The company notes that public filing information should be reviewed together with financial statements, footnotes and market data before any further diligence conclusion is formed.",sample_fallback,
TSLA,"Tesla, Inc.",1318605,10-K,2025-02-15,0001318605-25-000001,Risk Factors,TSLA-10K-Risk_Factors-1,"Tesla, Inc. (TSLA) Risk Factors. Project demand, manufacturing scale, commodity exposure, incentives, grid investment and capital intensity are central diligence themes. risk factors include customer concentration, competition, regulatory change, cyber disruption, reimbursement pressure, labor availability, macro demand, supplier dependence and execution risk. These risks could pressure margins or growth if they intensify. The company notes that public filing information should be reviewed together with financial statements, footnotes and market data before any further diligence conclusion is formed.",sample_fallback,
TSLA,"Tesla, Inc.",1318605,10-K,2025-02-15,0001318605-25-000001,MD&A,TSLA-10K-MD&A-1,"Tesla, Inc. (TSLA) MD&A. Project demand, manufacturing scale, commodity exposure, incentives, grid investment and capital intensity are central diligence themes. management discussion and analysis describes revenue growth, margin movement, cost inflation, productivity initiatives, operating leverage and demand trends. Margin pressure can come from wages, input costs, implementation spend or mix shift. The company notes that public filing information should be reviewed together with financial statements, footnotes and market data before any further diligence conclusion is formed.",sample_fallback,
TSLA,"Tesla, Inc.",1318605,10-K,2025-02-15,0001318605-25-000001,Liquidity and Capital Resources,TSLA-10K-Liquidity_and_Capital_Resources-1,"Tesla, Inc. (TSLA) Liquidity and Capital Resources. Project demand, manufacturing scale, commodity exposure, incentives, grid investment and capital intensity are central diligence themes. liquidity discussion covers operating cash flows, free cash flow, revolver availability, working capital, capital allocation and investment needs. Management states that cash flows and borrowing capacity are expected to support near-term obligations. The company notes that public filing information should be reviewed together with financial statements, footnotes and market data before any further diligence conclusion is formed.",sample_fallback,
TSLA,"Tesla, Inc.",1318605,10-K,2025-02-15,0001318605-25-000001,Debt / Contractual Obligations,TSLA-10K-Debt__Contractual_Obligations-1,"Tesla, Inc. (TSLA) Debt / Contractual Obligations. Project demand, manufacturing scale, commodity exposure, incentives, grid investment and capital intensity are central diligence themes. debt obligations include senior notes, credit facilities, leases and contractual commitments. Interest expense, maturity schedules and covenant compliance are monitored as part of financing risk. The company notes that public filing information should be reviewed together with financial statements, footnotes and market data before any further diligence conclusion is formed.",sample_fallback,
TSLA,"Tesla, Inc.",1318605,10-K,2025-02-15,0001318605-25-000001,Segment Information,TSLA-10K-Segment_Information-1,"Tesla, Inc. (TSLA) Segment Information. Project demand, manufacturing scale, commodity exposure, incentives, grid investment and capital intensity are central diligence themes. segment information discusses business lines, geographic exposure, service categories, recurring revenue contribution and operating profit by segment where disclosed. The company notes that public filing information should be reviewed together with financial statements, footnotes and market data before any further diligence conclusion is formed.",sample_fallback,
TSLA,"Tesla, Inc.",1318605,10-K,2025-02-15,0001318605-25-000001,Legal / Regulatory Matters,TSLA-10K-Legal__Regulatory_Matters-1,"Tesla, Inc. (TSLA) Legal / Regulatory Matters. Project demand, manufacturing scale, commodity exposure, incentives, grid investment and capital intensity are central diligence themes. legal and regulatory matters include litigation, investigations, data privacy, healthcare regulation, financial regulation, environmental requirements and compliance obligations. The company notes that public filing information should be reviewed together with financial statements, footnotes and market data before any further diligence conclusion is formed.",sample_fallback,
CVS,CVS Health Corporation,64803,10-K,2025-02-15,00064803-25-000001,Business,CVS-10K-Business-1,"CVS Health Corporation (CVS) Business. Patient volume, reimbursement, payer mix, provider networks and regulatory compliance are central diligence themes. revenue drivers include recurring customer relationships, volume growth, pricing, cross-sell activity and sector demand. Management describes the operating model, customer channels, segment mix and the competitive position of the business. The company notes that public filing information should be reviewed together with financial statements, footnotes and market data before any further diligence conclusion is formed.",sample_fallback,
CVS,CVS Health Corporation,64803,10-K,2025-02-15,00064803-25-000001,Risk Factors,CVS-10K-Risk_Factors-1,"CVS Health Corporation (CVS) Risk Factors. Patient volume, reimbursement, payer mix, provider networks and regulatory compliance are central diligence themes. risk factors include customer concentration, competition, regulatory change, cyber disruption, reimbursement pressure, labor availability, macro demand, supplier dependence and execution risk. These risks could pressure margins or growth if they intensify. The company notes that public filing information should be reviewed together with financial statements, footnotes and market data before any further diligence conclusion is formed.",sample_fallback,
CVS,CVS Health Corporation,64803,10-K,2025-02-15,00064803-25-000001,MD&A,CVS-10K-MD&A-1,"CVS Health Corporation (CVS) MD&A. Patient volume, reimbursement, payer mix, provider networks and regulatory compliance are central diligence themes. management discussion and analysis describes revenue growth, margin movement, cost inflation, productivity initiatives, operating leverage and demand trends. Margin pressure can come from wages, input costs, implementation spend or mix shift. The company notes that public filing information should be reviewed together with financial statements, footnotes and market data before any further diligence conclusion is formed.",sample_fallback,
CVS,CVS Health Corporation,64803,10-K,2025-02-15,00064803-25-000001,Liquidity and Capital Resources,CVS-10K-Liquidity_and_Capital_Resources-1,"CVS Health Corporation (CVS) Liquidity and Capital Resources. Patient volume, reimbursement, payer mix, provider networks and regulatory compliance are central diligence themes. liquidity discussion covers operating cash flows, free cash flow, revolver availability, working capital, capital allocation and investment needs. Management states that cash flows and borrowing capacity are expected to support near-term obligations. The company notes that public filing information should be reviewed together with financial statements, footnotes and market data before any further diligence conclusion is formed.",sample_fallback,
CVS,CVS Health Corporation,64803,10-K,2025-02-15,00064803-25-000001,Debt / Contractual Obligations,CVS-10K-Debt__Contractual_Obligations-1,"CVS Health Corporation (CVS) Debt / Contractual Obligations. Patient volume, reimbursement, payer mix, provider networks and regulatory compliance are central diligence themes. debt obligations include senior notes, credit facilities, leases and contractual commitments. Interest expense, maturity schedules and covenant compliance are monitored as part of financing risk. The company notes that public filing information should be reviewed together with financial statements, footnotes and market data before any further diligence conclusion is formed.",sample_fallback,
CVS,CVS Health Corporation,64803,10-K,2025-02-15,00064803-25-000001,Segment Information,CVS-10K-Segment_Information-1,"CVS Health Corporation (CVS) Segment Information. Patient volume, reimbursement, payer mix, provider networks and regulatory compliance are central diligence themes. segment information discusses business lines, geographic exposure, service categories, recurring revenue contribution and operating profit by segment where disclosed. The company notes that public filing information should be reviewed together with financial statements, footnotes and market data before any further diligence conclusion is formed.",sample_fallback,
CVS,CVS Health Corporation,64803,10-K,2025-02-15,00064803-25-000001,Legal / Regulatory Matters,CVS-10K-Legal__Regulatory_Matters-1,"CVS Health Corporation (CVS) Legal / Regulatory Matters. Patient volume, reimbursement, payer mix, provider networks and regulatory compliance are central diligence themes. legal and regulatory matters include litigation, investigations, data privacy, healthcare regulation, financial regulation, environmental requirements and compliance obligations. The company notes that public filing information should be reviewed together with financial statements, footnotes and market data before any further diligence conclusion is formed.",sample_fallback,
DVA,DaVita Inc.,927066,10-K,2025-02-15,000927066-25-000001,Business,DVA-10K-Business-1,"DaVita Inc. (DVA) Business. Patient volume, reimbursement, payer mix, provider networks and regulatory compliance are central diligence themes. revenue drivers include recurring customer relationships, volume growth, pricing, cross-sell activity and sector demand. Management describes the operating model, customer channels, segment mix and the competitive position of the business. The company notes that public filing information should be reviewed together with financial statements, footnotes and market data before any further diligence conclusion is formed.",sample_fallback,
DVA,DaVita Inc.,927066,10-K,2025-02-15,000927066-25-000001,Risk Factors,DVA-10K-Risk_Factors-1,"DaVita Inc. (DVA) Risk Factors. Patient volume, reimbursement, payer mix, provider networks and regulatory compliance are central diligence themes. risk factors include customer concentration, competition, regulatory change, cyber disruption, reimbursement pressure, labor availability, macro demand, supplier dependence and execution risk. These risks could pressure margins or growth if they intensify. The company notes that public filing information should be reviewed together with financial statements, footnotes and market data before any further diligence conclusion is formed. The filing highlights elevated leverage, margin pressure, liquidity sensitivity or regulatory exposure that may require enhanced diligence.",sample_fallback,
DVA,DaVita Inc.,927066,10-K,2025-02-15,000927066-25-000001,MD&A,DVA-10K-MD&A-1,"DaVita Inc. (DVA) MD&A. Patient volume, reimbursement, payer mix, provider networks and regulatory compliance are central diligence themes. management discussion and analysis describes revenue growth, margin movement, cost inflation, productivity initiatives, operating leverage and demand trends. Margin pressure can come from wages, input costs, implementation spend or mix shift. The company notes that public filing information should be reviewed together with financial statements, footnotes and market data before any further diligence conclusion is formed.",sample_fallback,
DVA,DaVita Inc.,927066,10-K,2025-02-15,000927066-25-000001,Liquidity and Capital Resources,DVA-10K-Liquidity_and_Capital_Resources-1,"DaVita Inc. (DVA) Liquidity and Capital Resources. Patient volume, reimbursement, payer mix, provider networks and regulatory compliance are central diligence themes. liquidity discussion covers operating cash flows, free cash flow, revolver availability, working capital, capital allocation and investment needs. Management states that cash flows and borrowing capacity are expected to support near-term obligations. The company notes that public filing information should be reviewed together with financial statements, footnotes and market data before any further diligence conclusion is formed.",sample_fallback,
DVA,DaVita Inc.,927066,10-K,2025-02-15,000927066-25-000001,Debt / Contractual Obligations,DVA-10K-Debt__Contractual_Obligations-1,"DaVita Inc. (DVA) Debt / Contractual Obligations. Patient volume, reimbursement, payer mix, provider networks and regulatory compliance are central diligence themes. debt obligations include senior notes, credit facilities, leases and contractual commitments. Interest expense, maturity schedules and covenant compliance are monitored as part of financing risk. The company notes that public filing information should be reviewed together with financial statements, footnotes and market data before any further diligence conclusion is formed.",sample_fallback,
DVA,DaVita Inc.,927066,10-K,2025-02-15,000927066-25-000001,Segment Information,DVA-10K-Segment_Information-1,"DaVita Inc. (DVA) Segment Information. Patient volume, reimbursement, payer mix, provider networks and regulatory compliance are central diligence themes. segment information discusses business lines, geographic exposure, service categories, recurring revenue contribution and operating profit by segment where disclosed. The company notes that public filing information should be reviewed together with financial statements, footnotes and market data before any further diligence conclusion is formed.",sample_fallback,
DVA,DaVita Inc.,927066,10-K,2025-02-15,000927066-25-000001,Legal / Regulatory Matters,DVA-10K-Legal__Regulatory_Matters-1,"DaVita Inc. (DVA) Legal / Regulatory Matters. Patient volume, reimbursement, payer mix, provider networks and regulatory compliance are central diligence themes. legal and regulatory matters include litigation, investigations, data privacy, healthcare regulation, financial regulation, environmental requirements and compliance obligations. The company notes that public filing information should be reviewed together with financial statements, footnotes and market data before any further diligence conclusion is formed.",sample_fallback,
ELV,"Elevance Health, Inc.",1156039,10-K,2025-02-15,0001156039-25-000001,Business,ELV-10K-Business-1,"Elevance Health, Inc. (ELV) Business. Patient volume, reimbursement, payer mix, provider networks and regulatory compliance are central diligence themes. revenue drivers include recurring customer relationships, volume growth, pricing, cross-sell activity and sector demand. Management describes the operating model, customer channels, segment mix and the competitive position of the business. The company notes that public filing information should be reviewed together with financial statements, footnotes and market data before any further diligence conclusion is formed.",sample_fallback,
ELV,"Elevance Health, Inc.",1156039,10-K,2025-02-15,0001156039-25-000001,Risk Factors,ELV-10K-Risk_Factors-1,"Elevance Health, Inc. (ELV) Risk Factors. Patient volume, reimbursement, payer mix, provider networks and regulatory compliance are central diligence themes. risk factors include customer concentration, competition, regulatory change, cyber disruption, reimbursement pressure, labor availability, macro demand, supplier dependence and execution risk. These risks could pressure margins or growth if they intensify. The company notes that public filing information should be reviewed together with financial statements, footnotes and market data before any further diligence conclusion is formed.",sample_fallback,
ELV,"Elevance Health, Inc.",1156039,10-K,2025-02-15,0001156039-25-000001,MD&A,ELV-10K-MD&A-1,"Elevance Health, Inc. (ELV) MD&A. Patient volume, reimbursement, payer mix, provider networks and regulatory compliance are central diligence themes. management discussion and analysis describes revenue growth, margin movement, cost inflation, productivity initiatives, operating leverage and demand trends. Margin pressure can come from wages, input costs, implementation spend or mix shift. The company notes that public filing information should be reviewed together with financial statements, footnotes and market data before any further diligence conclusion is formed.",sample_fallback,
ELV,"Elevance Health, Inc.",1156039,10-K,2025-02-15,0001156039-25-000001,Liquidity and Capital Resources,ELV-10K-Liquidity_and_Capital_Resources-1,"Elevance Health, Inc. (ELV) Liquidity and Capital Resources. Patient volume, reimbursement, payer mix, provider networks and regulatory compliance are central diligence themes. liquidity discussion covers operating cash flows, free cash flow, revolver availability, working capital, capital allocation and investment needs. Management states that cash flows and borrowing capacity are expected to support near-term obligations. The company notes that public filing information should be reviewed together with financial statements, footnotes and market data before any further diligence conclusion is formed.",sample_fallback,
ELV,"Elevance Health, Inc.",1156039,10-K,2025-02-15,0001156039-25-000001,Debt / Contractual Obligations,ELV-10K-Debt__Contractual_Obligations-1,"Elevance Health, Inc. (ELV) Debt / Contractual Obligations. Patient volume, reimbursement, payer mix, provider networks and regulatory compliance are central diligence themes. debt obligations include senior notes, credit facilities, leases and contractual commitments. Interest expense, maturity schedules and covenant compliance are monitored as part of financing risk. The company notes that public filing information should be reviewed together with financial statements, footnotes and market data before any further diligence conclusion is formed.",sample_fallback,
ELV,"Elevance Health, Inc.",1156039,10-K,2025-02-15,0001156039-25-000001,Segment Information,ELV-10K-Segment_Information-1,"Elevance Health, Inc. (ELV) Segment Information. Patient volume, reimbursement, payer mix, provider networks and regulatory compliance are central diligence themes. segment information discusses business lines, geographic exposure, service categories, recurring revenue contribution and operating profit by segment where disclosed. The company notes that public filing information should be reviewed together with financial statements, footnotes and market data before any further diligence conclusion is formed.",sample_fallback,
ELV,"Elevance Health, Inc.",1156039,10-K,2025-02-15,0001156039-25-000001,Legal / Regulatory Matters,ELV-10K-Legal__Regulatory_Matters-1,"Elevance Health, Inc. (ELV) Legal / Regulatory Matters. Patient volume, reimbursement, payer mix, provider networks and regulatory compliance are central diligence themes. legal and regulatory matters include litigation, investigations, data privacy, healthcare regulation, financial regulation, environmental requirements and compliance obligations. The company notes that public filing information should be reviewed together with financial statements, footnotes and market data before any further diligence conclusion is formed.",sample_fallback,
HCA,"HCA Healthcare, Inc.",860730,10-K,2025-02-15,000860730-25-000001,Business,HCA-10K-Business-1,"HCA Healthcare, Inc. (HCA) Business. Patient volume, reimbursement, payer mix, provider networks and regulatory compliance are central diligence themes. revenue drivers include recurring customer relationships, volume growth, pricing, cross-sell activity and sector demand. Management describes the operating model, customer channels, segment mix and the competitive position of the business. The company notes that public filing information should be reviewed together with financial statements, footnotes and market data before any further diligence conclusion is formed.",sample_fallback,
HCA,"HCA Healthcare, Inc.",860730,10-K,2025-02-15,000860730-25-000001,Risk Factors,HCA-10K-Risk_Factors-1,"HCA Healthcare, Inc. (HCA) Risk Factors. Patient volume, reimbursement, payer mix, provider networks and regulatory compliance are central diligence themes. risk factors include customer concentration, competition, regulatory change, cyber disruption, reimbursement pressure, labor availability, macro demand, supplier dependence and execution risk. These risks could pressure margins or growth if they intensify. The company notes that public filing information should be reviewed together with financial statements, footnotes and market data before any further diligence conclusion is formed.",sample_fallback,
HCA,"HCA Healthcare, Inc.",860730,10-K,2025-02-15,000860730-25-000001,MD&A,HCA-10K-MD&A-1,"HCA Healthcare, Inc. (HCA) MD&A. Patient volume, reimbursement, payer mix, provider networks and regulatory compliance are central diligence themes. management discussion and analysis describes revenue growth, margin movement, cost inflation, productivity initiatives, operating leverage and demand trends. Margin pressure can come from wages, input costs, implementation spend or mix shift. The company notes that public filing information should be reviewed together with financial statements, footnotes and market data before any further diligence conclusion is formed.",sample_fallback,
HCA,"HCA Healthcare, Inc.",860730,10-K,2025-02-15,000860730-25-000001,Liquidity and Capital Resources,HCA-10K-Liquidity_and_Capital_Resources-1,"HCA Healthcare, Inc. (HCA) Liquidity and Capital Resources. Patient volume, reimbursement, payer mix, provider networks and regulatory compliance are central diligence themes. liquidity discussion covers operating cash flows, free cash flow, revolver availability, working capital, capital allocation and investment needs. Management states that cash flows and borrowing capacity are expected to support near-term obligations. The company notes that public filing information should be reviewed together with financial statements, footnotes and market data before any further diligence conclusion is formed.",sample_fallback,
HCA,"HCA Healthcare, Inc.",860730,10-K,2025-02-15,000860730-25-000001,Debt / Contractual Obligations,HCA-10K-Debt__Contractual_Obligations-1,"HCA Healthcare, Inc. (HCA) Debt / Contractual Obligations. Patient volume, reimbursement, payer mix, provider networks and regulatory compliance are central diligence themes. debt obligations include senior notes, credit facilities, leases and contractual commitments. Interest expense, maturity schedules and covenant compliance are monitored as part of financing risk. The company notes that public filing information should be reviewed together with financial statements, footnotes and market data before any further diligence conclusion is formed.",sample_fallback,
HCA,"HCA Healthcare, Inc.",860730,10-K,2025-02-15,000860730-25-000001,Segment Information,HCA-10K-Segment_Information-1,"HCA Healthcare, Inc. (HCA) Segment Information. Patient volume, reimbursement, payer mix, provider networks and regulatory compliance are central diligence themes. segment information discusses business lines, geographic exposure, service categories, recurring revenue contribution and operating profit by segment where disclosed. The company notes that public filing information should be reviewed together with financial statements, footnotes and market data before any further diligence conclusion is formed.",sample_fallback,
HCA,"HCA Healthcare, Inc.",860730,10-K,2025-02-15,000860730-25-000001,Legal / Regulatory Matters,HCA-10K-Legal__Regulatory_Matters-1,"HCA Healthcare, Inc. (HCA) Legal / Regulatory Matters. Patient volume, reimbursement, payer mix, provider networks and regulatory compliance are central diligence themes. legal and regulatory matters include litigation, investigations, data privacy, healthcare regulation, financial regulation, environmental requirements and compliance obligations. The company notes that public filing information should be reviewed together with financial statements, footnotes and market data before any further diligence conclusion is formed.",sample_fallback,
UNH,UnitedHealth Group Incorporated,731766,10-K,2025-02-15,000731766-25-000001,Business,UNH-10K-Business-1,"UnitedHealth Group Incorporated (UNH) Business. Patient volume, reimbursement, payer mix, provider networks and regulatory compliance are central diligence themes. revenue drivers include recurring customer relationships, volume growth, pricing, cross-sell activity and sector demand. Management describes the operating model, customer channels, segment mix and the competitive position of the business. The company notes that public filing information should be reviewed together with financial statements, footnotes and market data before any further diligence conclusion is formed.",sample_fallback,
UNH,UnitedHealth Group Incorporated,731766,10-K,2025-02-15,000731766-25-000001,Risk Factors,UNH-10K-Risk_Factors-1,"UnitedHealth Group Incorporated (UNH) Risk Factors. Patient volume, reimbursement, payer mix, provider networks and regulatory compliance are central diligence themes. risk factors include customer concentration, competition, regulatory change, cyber disruption, reimbursement pressure, labor availability, macro demand, supplier dependence and execution risk. These risks could pressure margins or growth if they intensify. The company notes that public filing information should be reviewed together with financial statements, footnotes and market data before any further diligence conclusion is formed.",sample_fallback,
UNH,UnitedHealth Group Incorporated,731766,10-K,2025-02-15,000731766-25-000001,MD&A,UNH-10K-MD&A-1,"UnitedHealth Group Incorporated (UNH) MD&A. Patient volume, reimbursement, payer mix, provider networks and regulatory compliance are central diligence themes. management discussion and analysis describes revenue growth, margin movement, cost inflation, productivity initiatives, operating leverage and demand trends. Margin pressure can come from wages, input costs, implementation spend or mix shift. The company notes that public filing information should be reviewed together with financial statements, footnotes and market data before any further diligence conclusion is formed.",sample_fallback,
UNH,UnitedHealth Group Incorporated,731766,10-K,2025-02-15,000731766-25-000001,Liquidity and Capital Resources,UNH-10K-Liquidity_and_Capital_Resources-1,"UnitedHealth Group Incorporated (UNH) Liquidity and Capital Resources. Patient volume, reimbursement, payer mix, provider networks and regulatory compliance are central diligence themes. liquidity discussion covers operating cash flows, free cash flow, revolver availability, working capital, capital allocation and investment needs. Management states that cash flows and borrowing capacity are expected to support near-term obligations. The company notes that public filing information should be reviewed together with financial statements, footnotes and market data before any further diligence conclusion is formed.",sample_fallback,
UNH,UnitedHealth Group Incorporated,731766,10-K,2025-02-15,000731766-25-000001,Debt / Contractual Obligations,UNH-10K-Debt__Contractual_Obligations-1,"UnitedHealth Group Incorporated (UNH) Debt / Contractual Obligations. Patient volume, reimbursement, payer mix, provider networks and regulatory compliance are central diligence themes. debt obligations include senior notes, credit facilities, leases and contractual commitments. Interest expense, maturity schedules and covenant compliance are monitored as part of financing risk. The company notes that public filing information should be reviewed together with financial statements, footnotes and market data before any further diligence conclusion is formed.",sample_fallback,
UNH,UnitedHealth Group Incorporated,731766,10-K,2025-02-15,000731766-25-000001,Segment Information,UNH-10K-Segment_Information-1,"UnitedHealth Group Incorporated (UNH) Segment Information. Patient volume, reimbursement, payer mix, provider networks and regulatory compliance are central diligence themes. segment information discusses business lines, geographic exposure, service categories, recurring revenue contribution and operating profit by segment where disclosed. The company notes that public filing information should be reviewed together with financial statements, footnotes and market data before any further diligence conclusion is formed.",sample_fallback,
UNH,UnitedHealth Group Incorporated,731766,10-K,2025-02-15,000731766-25-000001,Legal / Regulatory Matters,UNH-10K-Legal__Regulatory_Matters-1,"UnitedHealth Group Incorporated (UNH) Legal / Regulatory Matters. Patient volume, reimbursement, payer mix, provider networks and regulatory compliance are central diligence themes. legal and regulatory matters include litigation, investigations, data privacy, healthcare regulation, financial regulation, environmental requirements and compliance obligations. The company notes that public filing information should be reviewed together with financial statements, footnotes and market data before any further diligence conclusion is formed.",sample_fallback,
CARR,Carrier Global Corporation,1783180,10-K,2025-02-15,0001783180-25-000001,Business,CARR-10K-Business-1,"Carrier Global Corporation (CARR) Business. End-market demand, backlog, supply chain execution, pricing and productivity programs are central diligence themes. revenue drivers include recurring customer relationships, volume growth, pricing, cross-sell activity and sector demand. Management describes the operating model, customer channels, segment mix and the competitive position of the business. The company notes that public filing information should be reviewed together with financial statements, footnotes and market data before any further diligence conclusion is formed.",sample_fallback,
CARR,Carrier Global Corporation,1783180,10-K,2025-02-15,0001783180-25-000001,Risk Factors,CARR-10K-Risk_Factors-1,"Carrier Global Corporation (CARR) Risk Factors. End-market demand, backlog, supply chain execution, pricing and productivity programs are central diligence themes. risk factors include customer concentration, competition, regulatory change, cyber disruption, reimbursement pressure, labor availability, macro demand, supplier dependence and execution risk. These risks could pressure margins or growth if they intensify. The company notes that public filing information should be reviewed together with financial statements, footnotes and market data before any further diligence conclusion is formed.",sample_fallback,
CARR,Carrier Global Corporation,1783180,10-K,2025-02-15,0001783180-25-000001,MD&A,CARR-10K-MD&A-1,"Carrier Global Corporation (CARR) MD&A. End-market demand, backlog, supply chain execution, pricing and productivity programs are central diligence themes. management discussion and analysis describes revenue growth, margin movement, cost inflation, productivity initiatives, operating leverage and demand trends. Margin pressure can come from wages, input costs, implementation spend or mix shift. The company notes that public filing information should be reviewed together with financial statements, footnotes and market data before any further diligence conclusion is formed.",sample_fallback,
CARR,Carrier Global Corporation,1783180,10-K,2025-02-15,0001783180-25-000001,Liquidity and Capital Resources,CARR-10K-Liquidity_and_Capital_Resources-1,"Carrier Global Corporation (CARR) Liquidity and Capital Resources. End-market demand, backlog, supply chain execution, pricing and productivity programs are central diligence themes. liquidity discussion covers operating cash flows, free cash flow, revolver availability, working capital, capital allocation and investment needs. Management states that cash flows and borrowing capacity are expected to support near-term obligations. The company notes that public filing information should be reviewed together with financial statements, footnotes and market data before any further diligence conclusion is formed.",sample_fallback,
CARR,Carrier Global Corporation,1783180,10-K,2025-02-15,0001783180-25-000001,Debt / Contractual Obligations,CARR-10K-Debt__Contractual_Obligations-1,"Carrier Global Corporation (CARR) Debt / Contractual Obligations. End-market demand, backlog, supply chain execution, pricing and productivity programs are central diligence themes. debt obligations include senior notes, credit facilities, leases and contractual commitments. Interest expense, maturity schedules and covenant compliance are monitored as part of financing risk. The company notes that public filing information should be reviewed together with financial statements, footnotes and market data before any further diligence conclusion is formed.",sample_fallback,
CARR,Carrier Global Corporation,1783180,10-K,2025-02-15,0001783180-25-000001,Segment Information,CARR-10K-Segment_Information-1,"Carrier Global Corporation (CARR) Segment Information. End-market demand, backlog, supply chain execution, pricing and productivity programs are central diligence themes. segment information discusses business lines, geographic exposure, service categories, recurring revenue contribution and operating profit by segment where disclosed. The company notes that public filing information should be reviewed together with financial statements, footnotes and market data before any further diligence conclusion is formed.",sample_fallback,
CARR,Carrier Global Corporation,1783180,10-K,2025-02-15,0001783180-25-000001,Legal / Regulatory Matters,CARR-10K-Legal__Regulatory_Matters-1,"Carrier Global Corporation (CARR) Legal / Regulatory Matters. End-market demand, backlog, supply chain execution, pricing and productivity programs are central diligence themes. legal and regulatory matters include litigation, investigations, data privacy, healthcare regulation, financial regulation, environmental requirements and compliance obligations. The company notes that public filing information should be reviewed together with financial statements, footnotes and market data before any further diligence conclusion is formed.",sample_fallback,
CAT,Caterpillar Inc.,18230,10-K,2025-02-15,00018230-25-000001,Business,CAT-10K-Business-1,"Caterpillar Inc. (CAT) Business. End-market demand, backlog, supply chain execution, pricing and productivity programs are central diligence themes. revenue drivers include recurring customer relationships, volume growth, pricing, cross-sell activity and sector demand. Management describes the operating model, customer channels, segment mix and the competitive position of the business. The company notes that public filing information should be reviewed together with financial statements, footnotes and market data before any further diligence conclusion is formed.",sample_fallback,
CAT,Caterpillar Inc.,18230,10-K,2025-02-15,00018230-25-000001,Risk Factors,CAT-10K-Risk_Factors-1,"Caterpillar Inc. (CAT) Risk Factors. End-market demand, backlog, supply chain execution, pricing and productivity programs are central diligence themes. risk factors include customer concentration, competition, regulatory change, cyber disruption, reimbursement pressure, labor availability, macro demand, supplier dependence and execution risk. These risks could pressure margins or growth if they intensify. The company notes that public filing information should be reviewed together with financial statements, footnotes and market data before any further diligence conclusion is formed.",sample_fallback,
CAT,Caterpillar Inc.,18230,10-K,2025-02-15,00018230-25-000001,MD&A,CAT-10K-MD&A-1,"Caterpillar Inc. (CAT) MD&A. End-market demand, backlog, supply chain execution, pricing and productivity programs are central diligence themes. management discussion and analysis describes revenue growth, margin movement, cost inflation, productivity initiatives, operating leverage and demand trends. Margin pressure can come from wages, input costs, implementation spend or mix shift. The company notes that public filing information should be reviewed together with financial statements, footnotes and market data before any further diligence conclusion is formed.",sample_fallback,
CAT,Caterpillar Inc.,18230,10-K,2025-02-15,00018230-25-000001,Liquidity and Capital Resources,CAT-10K-Liquidity_and_Capital_Resources-1,"Caterpillar Inc. (CAT) Liquidity and Capital Resources. End-market demand, backlog, supply chain execution, pricing and productivity programs are central diligence themes. liquidity discussion covers operating cash flows, free cash flow, revolver availability, working capital, capital allocation and investment needs. Management states that cash flows and borrowing capacity are expected to support near-term obligations. The company notes that public filing information should be reviewed together with financial statements, footnotes and market data before any further diligence conclusion is formed.",sample_fallback,
CAT,Caterpillar Inc.,18230,10-K,2025-02-15,00018230-25-000001,Debt / Contractual Obligations,CAT-10K-Debt__Contractual_Obligations-1,"Caterpillar Inc. (CAT) Debt / Contractual Obligations. End-market demand, backlog, supply chain execution, pricing and productivity programs are central diligence themes. debt obligations include senior notes, credit facilities, leases and contractual commitments. Interest expense, maturity schedules and covenant compliance are monitored as part of financing risk. The company notes that public filing information should be reviewed together with financial statements, footnotes and market data before any further diligence conclusion is formed.",sample_fallback,
CAT,Caterpillar Inc.,18230,10-K,2025-02-15,00018230-25-000001,Segment Information,CAT-10K-Segment_Information-1,"Caterpillar Inc. (CAT) Segment Information. End-market demand, backlog, supply chain execution, pricing and productivity programs are central diligence themes. segment information discusses business lines, geographic exposure, service categories, recurring revenue contribution and operating profit by segment where disclosed. The company notes that public filing information should be reviewed together with financial statements, footnotes and market data before any further diligence conclusion is formed.",sample_fallback,
CAT,Caterpillar Inc.,18230,10-K,2025-02-15,00018230-25-000001,Legal / Regulatory Matters,CAT-10K-Legal__Regulatory_Matters-1,"Caterpillar Inc. (CAT) Legal / Regulatory Matters. End-market demand, backlog, supply chain execution, pricing and productivity programs are central diligence themes. legal and regulatory matters include litigation, investigations, data privacy, healthcare regulation, financial regulation, environmental requirements and compliance obligations. The company notes that public filing information should be reviewed together with financial statements, footnotes and market data before any further diligence conclusion is formed.",sample_fallback,
ETN,Eaton Corporation plc,1551182,10-K,2025-02-15,0001551182-25-000001,Business,ETN-10K-Business-1,"Eaton Corporation plc (ETN) Business. End-market demand, backlog, supply chain execution, pricing and productivity programs are central diligence themes. revenue drivers include recurring customer relationships, volume growth, pricing, cross-sell activity and sector demand. Management describes the operating model, customer channels, segment mix and the competitive position of the business. The company notes that public filing information should be reviewed together with financial statements, footnotes and market data before any further diligence conclusion is formed.",sample_fallback,
ETN,Eaton Corporation plc,1551182,10-K,2025-02-15,0001551182-25-000001,Risk Factors,ETN-10K-Risk_Factors-1,"Eaton Corporation plc (ETN) Risk Factors. End-market demand, backlog, supply chain execution, pricing and productivity programs are central diligence themes. risk factors include customer concentration, competition, regulatory change, cyber disruption, reimbursement pressure, labor availability, macro demand, supplier dependence and execution risk. These risks could pressure margins or growth if they intensify. The company notes that public filing information should be reviewed together with financial statements, footnotes and market data before any further diligence conclusion is formed.",sample_fallback,
ETN,Eaton Corporation plc,1551182,10-K,2025-02-15,0001551182-25-000001,MD&A,ETN-10K-MD&A-1,"Eaton Corporation plc (ETN) MD&A. End-market demand, backlog, supply chain execution, pricing and productivity programs are central diligence themes. management discussion and analysis describes revenue growth, margin movement, cost inflation, productivity initiatives, operating leverage and demand trends. Margin pressure can come from wages, input costs, implementation spend or mix shift. The company notes that public filing information should be reviewed together with financial statements, footnotes and market data before any further diligence conclusion is formed.",sample_fallback,
ETN,Eaton Corporation plc,1551182,10-K,2025-02-15,0001551182-25-000001,Liquidity and Capital Resources,ETN-10K-Liquidity_and_Capital_Resources-1,"Eaton Corporation plc (ETN) Liquidity and Capital Resources. End-market demand, backlog, supply chain execution, pricing and productivity programs are central diligence themes. liquidity discussion covers operating cash flows, free cash flow, revolver availability, working capital, capital allocation and investment needs. Management states that cash flows and borrowing capacity are expected to support near-term obligations. The company notes that public filing information should be reviewed together with financial statements, footnotes and market data before any further diligence conclusion is formed.",sample_fallback,
ETN,Eaton Corporation plc,1551182,10-K,2025-02-15,0001551182-25-000001,Debt / Contractual Obligations,ETN-10K-Debt__Contractual_Obligations-1,"Eaton Corporation plc (ETN) Debt / Contractual Obligations. End-market demand, backlog, supply chain execution, pricing and productivity programs are central diligence themes. debt obligations include senior notes, credit facilities, leases and contractual commitments. Interest expense, maturity schedules and covenant compliance are monitored as part of financing risk. The company notes that public filing information should be reviewed together with financial statements, footnotes and market data before any further diligence conclusion is formed.",sample_fallback,
ETN,Eaton Corporation plc,1551182,10-K,2025-02-15,0001551182-25-000001,Segment Information,ETN-10K-Segment_Information-1,"Eaton Corporation plc (ETN) Segment Information. End-market demand, backlog, supply chain execution, pricing and productivity programs are central diligence themes. segment information discusses business lines, geographic exposure, service categories, recurring revenue contribution and operating profit by segment where disclosed. The company notes that public filing information should be reviewed together with financial statements, footnotes and market data before any further diligence conclusion is formed.",sample_fallback,
ETN,Eaton Corporation plc,1551182,10-K,2025-02-15,0001551182-25-000001,Legal / Regulatory Matters,ETN-10K-Legal__Regulatory_Matters-1,"Eaton Corporation plc (ETN) Legal / Regulatory Matters. End-market demand, backlog, supply chain execution, pricing and productivity programs are central diligence themes. legal and regulatory matters include litigation, investigations, data privacy, healthcare regulation, financial regulation, environmental requirements and compliance obligations. The company notes that public filing information should be reviewed together with financial statements, footnotes and market data before any further diligence conclusion is formed.",sample_fallback,
HON,Honeywell International Inc.,773840,10-K,2025-02-15,000773840-25-000001,Business,HON-10K-Business-1,"Honeywell International Inc. (HON) Business. End-market demand, backlog, supply chain execution, pricing and productivity programs are central diligence themes. revenue drivers include recurring customer relationships, volume growth, pricing, cross-sell activity and sector demand. Management describes the operating model, customer channels, segment mix and the competitive position of the business. The company notes that public filing information should be reviewed together with financial statements, footnotes and market data before any further diligence conclusion is formed.",sample_fallback,
HON,Honeywell International Inc.,773840,10-K,2025-02-15,000773840-25-000001,Risk Factors,HON-10K-Risk_Factors-1,"Honeywell International Inc. (HON) Risk Factors. End-market demand, backlog, supply chain execution, pricing and productivity programs are central diligence themes. risk factors include customer concentration, competition, regulatory change, cyber disruption, reimbursement pressure, labor availability, macro demand, supplier dependence and execution risk. These risks could pressure margins or growth if they intensify. The company notes that public filing information should be reviewed together with financial statements, footnotes and market data before any further diligence conclusion is formed.",sample_fallback,
HON,Honeywell International Inc.,773840,10-K,2025-02-15,000773840-25-000001,MD&A,HON-10K-MD&A-1,"Honeywell International Inc. (HON) MD&A. End-market demand, backlog, supply chain execution, pricing and productivity programs are central diligence themes. management discussion and analysis describes revenue growth, margin movement, cost inflation, productivity initiatives, operating leverage and demand trends. Margin pressure can come from wages, input costs, implementation spend or mix shift. The company notes that public filing information should be reviewed together with financial statements, footnotes and market data before any further diligence conclusion is formed.",sample_fallback,
HON,Honeywell International Inc.,773840,10-K,2025-02-15,000773840-25-000001,Liquidity and Capital Resources,HON-10K-Liquidity_and_Capital_Resources-1,"Honeywell International Inc. (HON) Liquidity and Capital Resources. End-market demand, backlog, supply chain execution, pricing and productivity programs are central diligence themes. liquidity discussion covers operating cash flows, free cash flow, revolver availability, working capital, capital allocation and investment needs. Management states that cash flows and borrowing capacity are expected to support near-term obligations. The company notes that public filing information should be reviewed together with financial statements, footnotes and market data before any further diligence conclusion is formed.",sample_fallback,
HON,Honeywell International Inc.,773840,10-K,2025-02-15,000773840-25-000001,Debt / Contractual Obligations,HON-10K-Debt__Contractual_Obligations-1,"Honeywell International Inc. (HON) Debt / Contractual Obligations. End-market demand, backlog, supply chain execution, pricing and productivity programs are central diligence themes. debt obligations include senior notes, credit facilities, leases and contractual commitments. Interest expense, maturity schedules and covenant compliance are monitored as part of financing risk. The company notes that public filing information should be reviewed together with financial statements, footnotes and market data before any further diligence conclusion is formed.",sample_fallback,
HON,Honeywell International Inc.,773840,10-K,2025-02-15,000773840-25-000001,Segment Information,HON-10K-Segment_Information-1,"Honeywell International Inc. (HON) Segment Information. End-market demand, backlog, supply chain execution, pricing and productivity programs are central diligence themes. segment information discusses business lines, geographic exposure, service categories, recurring revenue contribution and operating profit by segment where disclosed. The company notes that public filing information should be reviewed together with financial statements, footnotes and market data before any further diligence conclusion is formed.",sample_fallback,
HON,Honeywell International Inc.,773840,10-K,2025-02-15,000773840-25-000001,Legal / Regulatory Matters,HON-10K-Legal__Regulatory_Matters-1,"Honeywell International Inc. (HON) Legal / Regulatory Matters. End-market demand, backlog, supply chain execution, pricing and productivity programs are central diligence themes. legal and regulatory matters include litigation, investigations, data privacy, healthcare regulation, financial regulation, environmental requirements and compliance obligations. The company notes that public filing information should be reviewed together with financial statements, footnotes and market data before any further diligence conclusion is formed.",sample_fallback,
PH,Parker-Hannifin Corporation,76334,10-K,2025-02-15,00076334-25-000001,Business,PH-10K-Business-1,"Parker-Hannifin Corporation (PH) Business. End-market demand, backlog, supply chain execution, pricing and productivity programs are central diligence themes. revenue drivers include recurring customer relationships, volume growth, pricing, cross-sell activity and sector demand. Management describes the operating model, customer channels, segment mix and the competitive position of the business. The company notes that public filing information should be reviewed together with financial statements, footnotes and market data before any further diligence conclusion is formed.",sample_fallback,
PH,Parker-Hannifin Corporation,76334,10-K,2025-02-15,00076334-25-000001,Risk Factors,PH-10K-Risk_Factors-1,"Parker-Hannifin Corporation (PH) Risk Factors. End-market demand, backlog, supply chain execution, pricing and productivity programs are central diligence themes. risk factors include customer concentration, competition, regulatory change, cyber disruption, reimbursement pressure, labor availability, macro demand, supplier dependence and execution risk. These risks could pressure margins or growth if they intensify. The company notes that public filing information should be reviewed together with financial statements, footnotes and market data before any further diligence conclusion is formed.",sample_fallback,
PH,Parker-Hannifin Corporation,76334,10-K,2025-02-15,00076334-25-000001,MD&A,PH-10K-MD&A-1,"Parker-Hannifin Corporation (PH) MD&A. End-market demand, backlog, supply chain execution, pricing and productivity programs are central diligence themes. management discussion and analysis describes revenue growth, margin movement, cost inflation, productivity initiatives, operating leverage and demand trends. Margin pressure can come from wages, input costs, implementation spend or mix shift. The company notes that public filing information should be reviewed together with financial statements, footnotes and market data before any further diligence conclusion is formed.",sample_fallback,
PH,Parker-Hannifin Corporation,76334,10-K,2025-02-15,00076334-25-000001,Liquidity and Capital Resources,PH-10K-Liquidity_and_Capital_Resources-1,"Parker-Hannifin Corporation (PH) Liquidity and Capital Resources. End-market demand, backlog, supply chain execution, pricing and productivity programs are central diligence themes. liquidity discussion covers operating cash flows, free cash flow, revolver availability, working capital, capital allocation and investment needs. Management states that cash flows and borrowing capacity are expected to support near-term obligations. The company notes that public filing information should be reviewed together with financial statements, footnotes and market data before any further diligence conclusion is formed.",sample_fallback,
PH,Parker-Hannifin Corporation,76334,10-K,2025-02-15,00076334-25-000001,Debt / Contractual Obligations,PH-10K-Debt__Contractual_Obligations-1,"Parker-Hannifin Corporation (PH) Debt / Contractual Obligations. End-market demand, backlog, supply chain execution, pricing and productivity programs are central diligence themes. debt obligations include senior notes, credit facilities, leases and contractual commitments. Interest expense, maturity schedules and covenant compliance are monitored as part of financing risk. The company notes that public filing information should be reviewed together with financial statements, footnotes and market data before any further diligence conclusion is formed.",sample_fallback,
PH,Parker-Hannifin Corporation,76334,10-K,2025-02-15,00076334-25-000001,Segment Information,PH-10K-Segment_Information-1,"Parker-Hannifin Corporation (PH) Segment Information. End-market demand, backlog, supply chain execution, pricing and productivity programs are central diligence themes. segment information discusses business lines, geographic exposure, service categories, recurring revenue contribution and operating profit by segment where disclosed. The company notes that public filing information should be reviewed together with financial statements, footnotes and market data before any further diligence conclusion is formed.",sample_fallback,
PH,Parker-Hannifin Corporation,76334,10-K,2025-02-15,00076334-25-000001,Legal / Regulatory Matters,PH-10K-Legal__Regulatory_Matters-1,"Parker-Hannifin Corporation (PH) Legal / Regulatory Matters. End-market demand, backlog, supply chain execution, pricing and productivity programs are central diligence themes. legal and regulatory matters include litigation, investigations, data privacy, healthcare regulation, financial regulation, environmental requirements and compliance obligations. The company notes that public filing information should be reviewed together with financial statements, footnotes and market data before any further diligence conclusion is formed.",sample_fallback,
COIN,"Coinbase Global, Inc.",1679788,10-K,2025-02-15,0001679788-25-000001,Business,COIN-10K-Business-1,"Coinbase Global, Inc. (COIN) Business. Transaction volumes, interchange economics, credit quality, funding costs, compliance and network effects are central diligence themes. revenue drivers include recurring customer relationships, volume growth, pricing, cross-sell activity and sector demand. Management describes the operating model, customer channels, segment mix and the competitive position of the business. The company notes that public filing information should be reviewed together with financial statements, footnotes and market data before any further diligence conclusion is formed.",sample_fallback,
COIN,"Coinbase Global, Inc.",1679788,10-K,2025-02-15,0001679788-25-000001,Risk Factors,COIN-10K-Risk_Factors-1,"Coinbase Global, Inc. (COIN) Risk Factors. Transaction volumes, interchange economics, credit quality, funding costs, compliance and network effects are central diligence themes. risk factors include customer concentration, competition, regulatory change, cyber disruption, reimbursement pressure, labor availability, macro demand, supplier dependence and execution risk. These risks could pressure margins or growth if they intensify. The company notes that public filing information should be reviewed together with financial statements, footnotes and market data before any further diligence conclusion is formed. The filing highlights elevated leverage, margin pressure, liquidity sensitivity or regulatory exposure that may require enhanced diligence.",sample_fallback,
COIN,"Coinbase Global, Inc.",1679788,10-K,2025-02-15,0001679788-25-000001,MD&A,COIN-10K-MD&A-1,"Coinbase Global, Inc. (COIN) MD&A. Transaction volumes, interchange economics, credit quality, funding costs, compliance and network effects are central diligence themes. management discussion and analysis describes revenue growth, margin movement, cost inflation, productivity initiatives, operating leverage and demand trends. Margin pressure can come from wages, input costs, implementation spend or mix shift. The company notes that public filing information should be reviewed together with financial statements, footnotes and market data before any further diligence conclusion is formed.",sample_fallback,
COIN,"Coinbase Global, Inc.",1679788,10-K,2025-02-15,0001679788-25-000001,Liquidity and Capital Resources,COIN-10K-Liquidity_and_Capital_Resources-1,"Coinbase Global, Inc. (COIN) Liquidity and Capital Resources. Transaction volumes, interchange economics, credit quality, funding costs, compliance and network effects are central diligence themes. liquidity discussion covers operating cash flows, free cash flow, revolver availability, working capital, capital allocation and investment needs. Management states that cash flows and borrowing capacity are expected to support near-term obligations. The company notes that public filing information should be reviewed together with financial statements, footnotes and market data before any further diligence conclusion is formed.",sample_fallback,
COIN,"Coinbase Global, Inc.",1679788,10-K,2025-02-15,0001679788-25-000001,Debt / Contractual Obligations,COIN-10K-Debt__Contractual_Obligations-1,"Coinbase Global, Inc. (COIN) Debt / Contractual Obligations. Transaction volumes, interchange economics, credit quality, funding costs, compliance and network effects are central diligence themes. debt obligations include senior notes, credit facilities, leases and contractual commitments. Interest expense, maturity schedules and covenant compliance are monitored as part of financing risk. The company notes that public filing information should be reviewed together with financial statements, footnotes and market data before any further diligence conclusion is formed.",sample_fallback,
COIN,"Coinbase Global, Inc.",1679788,10-K,2025-02-15,0001679788-25-000001,Segment Information,COIN-10K-Segment_Information-1,"Coinbase Global, Inc. (COIN) Segment Information. Transaction volumes, interchange economics, credit quality, funding costs, compliance and network effects are central diligence themes. segment information discusses business lines, geographic exposure, service categories, recurring revenue contribution and operating profit by segment where disclosed. The company notes that public filing information should be reviewed together with financial statements, footnotes and market data before any further diligence conclusion is formed.",sample_fallback,
COIN,"Coinbase Global, Inc.",1679788,10-K,2025-02-15,0001679788-25-000001,Legal / Regulatory Matters,COIN-10K-Legal__Regulatory_Matters-1,"Coinbase Global, Inc. (COIN) Legal / Regulatory Matters. Transaction volumes, interchange economics, credit quality, funding costs, compliance and network effects are central diligence themes. legal and regulatory matters include litigation, investigations, data privacy, healthcare regulation, financial regulation, environmental requirements and compliance obligations. The company notes that public filing information should be reviewed together with financial statements, footnotes and market data before any further diligence conclusion is formed.",sample_fallback,
FIS,"Fidelity National Information Services, Inc.",1136893,10-K,2025-02-15,0001136893-25-000001,Business,FIS-10K-Business-1,"Fidelity National Information Services, Inc. (FIS) Business. Transaction volumes, interchange economics, credit quality, funding costs, compliance and network effects are central diligence themes. revenue drivers include recurring customer relationships, volume growth, pricing, cross-sell activity and sector demand. Management describes the operating model, customer channels, segment mix and the competitive position of the business. The company notes that public filing information should be reviewed together with financial statements, footnotes and market data before any further diligence conclusion is formed.",sample_fallback,
FIS,"Fidelity National Information Services, Inc.",1136893,10-K,2025-02-15,0001136893-25-000001,Risk Factors,FIS-10K-Risk_Factors-1,"Fidelity National Information Services, Inc. (FIS) Risk Factors. Transaction volumes, interchange economics, credit quality, funding costs, compliance and network effects are central diligence themes. risk factors include customer concentration, competition, regulatory change, cyber disruption, reimbursement pressure, labor availability, macro demand, supplier dependence and execution risk. These risks could pressure margins or growth if they intensify. The company notes that public filing information should be reviewed together with financial statements, footnotes and market data before any further diligence conclusion is formed.",sample_fallback,
FIS,"Fidelity National Information Services, Inc.",1136893,10-K,2025-02-15,0001136893-25-000001,MD&A,FIS-10K-MD&A-1,"Fidelity National Information Services, Inc. (FIS) MD&A. Transaction volumes, interchange economics, credit quality, funding costs, compliance and network effects are central diligence themes. management discussion and analysis describes revenue growth, margin movement, cost inflation, productivity initiatives, operating leverage and demand trends. Margin pressure can come from wages, input costs, implementation spend or mix shift. The company notes that public filing information should be reviewed together with financial statements, footnotes and market data before any further diligence conclusion is formed.",sample_fallback,
FIS,"Fidelity National Information Services, Inc.",1136893,10-K,2025-02-15,0001136893-25-000001,Liquidity and Capital Resources,FIS-10K-Liquidity_and_Capital_Resources-1,"Fidelity National Information Services, Inc. (FIS) Liquidity and Capital Resources. Transaction volumes, interchange economics, credit quality, funding costs, compliance and network effects are central diligence themes. liquidity discussion covers operating cash flows, free cash flow, revolver availability, working capital, capital allocation and investment needs. Management states that cash flows and borrowing capacity are expected to support near-term obligations. The company notes that public filing information should be reviewed together with financial statements, footnotes and market data before any further diligence conclusion is formed.",sample_fallback,
FIS,"Fidelity National Information Services, Inc.",1136893,10-K,2025-02-15,0001136893-25-000001,Debt / Contractual Obligations,FIS-10K-Debt__Contractual_Obligations-1,"Fidelity National Information Services, Inc. (FIS) Debt / Contractual Obligations. Transaction volumes, interchange economics, credit quality, funding costs, compliance and network effects are central diligence themes. debt obligations include senior notes, credit facilities, leases and contractual commitments. Interest expense, maturity schedules and covenant compliance are monitored as part of financing risk. The company notes that public filing information should be reviewed together with financial statements, footnotes and market data before any further diligence conclusion is formed.",sample_fallback,
FIS,"Fidelity National Information Services, Inc.",1136893,10-K,2025-02-15,0001136893-25-000001,Segment Information,FIS-10K-Segment_Information-1,"Fidelity National Information Services, Inc. (FIS) Segment Information. Transaction volumes, interchange economics, credit quality, funding costs, compliance and network effects are central diligence themes. segment information discusses business lines, geographic exposure, service categories, recurring revenue contribution and operating profit by segment where disclosed. The company notes that public filing information should be reviewed together with financial statements, footnotes and market data before any further diligence conclusion is formed.",sample_fallback,
FIS,"Fidelity National Information Services, Inc.",1136893,10-K,2025-02-15,0001136893-25-000001,Legal / Regulatory Matters,FIS-10K-Legal__Regulatory_Matters-1,"Fidelity National Information Services, Inc. (FIS) Legal / Regulatory Matters. Transaction volumes, interchange economics, credit quality, funding costs, compliance and network effects are central diligence themes. legal and regulatory matters include litigation, investigations, data privacy, healthcare regulation, financial regulation, environmental requirements and compliance obligations. The company notes that public filing information should be reviewed together with financial statements, footnotes and market data before any further diligence conclusion is formed.",sample_fallback,
GPN,Global Payments Inc.,1123360,10-K,2025-02-15,0001123360-25-000001,Business,GPN-10K-Business-1,"Global Payments Inc. (GPN) Business. Transaction volumes, interchange economics, credit quality, funding costs, compliance and network effects are central diligence themes. revenue drivers include recurring customer relationships, volume growth, pricing, cross-sell activity and sector demand. Management describes the operating model, customer channels, segment mix and the competitive position of the business. The company notes that public filing information should be reviewed together with financial statements, footnotes and market data before any further diligence conclusion is formed.",sample_fallback,
GPN,Global Payments Inc.,1123360,10-K,2025-02-15,0001123360-25-000001,Risk Factors,GPN-10K-Risk_Factors-1,"Global Payments Inc. (GPN) Risk Factors. Transaction volumes, interchange economics, credit quality, funding costs, compliance and network effects are central diligence themes. risk factors include customer concentration, competition, regulatory change, cyber disruption, reimbursement pressure, labor availability, macro demand, supplier dependence and execution risk. These risks could pressure margins or growth if they intensify. The company notes that public filing information should be reviewed together with financial statements, footnotes and market data before any further diligence conclusion is formed.",sample_fallback,
GPN,Global Payments Inc.,1123360,10-K,2025-02-15,0001123360-25-000001,MD&A,GPN-10K-MD&A-1,"Global Payments Inc. (GPN) MD&A. Transaction volumes, interchange economics, credit quality, funding costs, compliance and network effects are central diligence themes. management discussion and analysis describes revenue growth, margin movement, cost inflation, productivity initiatives, operating leverage and demand trends. Margin pressure can come from wages, input costs, implementation spend or mix shift. The company notes that public filing information should be reviewed together with financial statements, footnotes and market data before any further diligence conclusion is formed.",sample_fallback,
GPN,Global Payments Inc.,1123360,10-K,2025-02-15,0001123360-25-000001,Liquidity and Capital Resources,GPN-10K-Liquidity_and_Capital_Resources-1,"Global Payments Inc. (GPN) Liquidity and Capital Resources. Transaction volumes, interchange economics, credit quality, funding costs, compliance and network effects are central diligence themes. liquidity discussion covers operating cash flows, free cash flow, revolver availability, working capital, capital allocation and investment needs. Management states that cash flows and borrowing capacity are expected to support near-term obligations. The company notes that public filing information should be reviewed together with financial statements, footnotes and market data before any further diligence conclusion is formed.",sample_fallback,
GPN,Global Payments Inc.,1123360,10-K,2025-02-15,0001123360-25-000001,Debt / Contractual Obligations,GPN-10K-Debt__Contractual_Obligations-1,"Global Payments Inc. (GPN) Debt / Contractual Obligations. Transaction volumes, interchange economics, credit quality, funding costs, compliance and network effects are central diligence themes. debt obligations include senior notes, credit facilities, leases and contractual commitments. Interest expense, maturity schedules and covenant compliance are monitored as part of financing risk. The company notes that public filing information should be reviewed together with financial statements, footnotes and market data before any further diligence conclusion is formed.",sample_fallback,
GPN,Global Payments Inc.,1123360,10-K,2025-02-15,0001123360-25-000001,Segment Information,GPN-10K-Segment_Information-1,"Global Payments Inc. (GPN) Segment Information. Transaction volumes, interchange economics, credit quality, funding costs, compliance and network effects are central diligence themes. segment information discusses business lines, geographic exposure, service categories, recurring revenue contribution and operating profit by segment where disclosed. The company notes that public filing information should be reviewed together with financial statements, footnotes and market data before any further diligence conclusion is formed.",sample_fallback,
GPN,Global Payments Inc.,1123360,10-K,2025-02-15,0001123360-25-000001,Legal / Regulatory Matters,GPN-10K-Legal__Regulatory_Matters-1,"Global Payments Inc. (GPN) Legal / Regulatory Matters. Transaction volumes, interchange economics, credit quality, funding costs, compliance and network effects are central diligence themes. legal and regulatory matters include litigation, investigations, data privacy, healthcare regulation, financial regulation, environmental requirements and compliance obligations. The company notes that public filing information should be reviewed together with financial statements, footnotes and market data before any further diligence conclusion is formed.",sample_fallback,
MA,Mastercard Incorporated,1141391,10-K,2025-02-15,0001141391-25-000001,Business,MA-10K-Business-1,"Mastercard Incorporated (MA) Business. Transaction volumes, interchange economics, credit quality, funding costs, compliance and network effects are central diligence themes. revenue drivers include recurring customer relationships, volume growth, pricing, cross-sell activity and sector demand. Management describes the operating model, customer channels, segment mix and the competitive position of the business. The company notes that public filing information should be reviewed together with financial statements, footnotes and market data before any further diligence conclusion is formed. The business model has recurring or repeatable demand drivers, durable customer relationships and identifiable platform qualities.",sample_fallback,
MA,Mastercard Incorporated,1141391,10-K,2025-02-15,0001141391-25-000001,Risk Factors,MA-10K-Risk_Factors-1,"Mastercard Incorporated (MA) Risk Factors. Transaction volumes, interchange economics, credit quality, funding costs, compliance and network effects are central diligence themes. risk factors include customer concentration, competition, regulatory change, cyber disruption, reimbursement pressure, labor availability, macro demand, supplier dependence and execution risk. These risks could pressure margins or growth if they intensify. The company notes that public filing information should be reviewed together with financial statements, footnotes and market data before any further diligence conclusion is formed.",sample_fallback,
MA,Mastercard Incorporated,1141391,10-K,2025-02-15,0001141391-25-000001,MD&A,MA-10K-MD&A-1,"Mastercard Incorporated (MA) MD&A. Transaction volumes, interchange economics, credit quality, funding costs, compliance and network effects are central diligence themes. management discussion and analysis describes revenue growth, margin movement, cost inflation, productivity initiatives, operating leverage and demand trends. Margin pressure can come from wages, input costs, implementation spend or mix shift. The company notes that public filing information should be reviewed together with financial statements, footnotes and market data before any further diligence conclusion is formed.",sample_fallback,
MA,Mastercard Incorporated,1141391,10-K,2025-02-15,0001141391-25-000001,Liquidity and Capital Resources,MA-10K-Liquidity_and_Capital_Resources-1,"Mastercard Incorporated (MA) Liquidity and Capital Resources. Transaction volumes, interchange economics, credit quality, funding costs, compliance and network effects are central diligence themes. liquidity discussion covers operating cash flows, free cash flow, revolver availability, working capital, capital allocation and investment needs. Management states that cash flows and borrowing capacity are expected to support near-term obligations. The company notes that public filing information should be reviewed together with financial statements, footnotes and market data before any further diligence conclusion is formed.",sample_fallback,
MA,Mastercard Incorporated,1141391,10-K,2025-02-15,0001141391-25-000001,Debt / Contractual Obligations,MA-10K-Debt__Contractual_Obligations-1,"Mastercard Incorporated (MA) Debt / Contractual Obligations. Transaction volumes, interchange economics, credit quality, funding costs, compliance and network effects are central diligence themes. debt obligations include senior notes, credit facilities, leases and contractual commitments. Interest expense, maturity schedules and covenant compliance are monitored as part of financing risk. The company notes that public filing information should be reviewed together with financial statements, footnotes and market data before any further diligence conclusion is formed.",sample_fallback,
MA,Mastercard Incorporated,1141391,10-K,2025-02-15,0001141391-25-000001,Segment Information,MA-10K-Segment_Information-1,"Mastercard Incorporated (MA) Segment Information. Transaction volumes, interchange economics, credit quality, funding costs, compliance and network effects are central diligence themes. segment information discusses business lines, geographic exposure, service categories, recurring revenue contribution and operating profit by segment where disclosed. The company notes that public filing information should be reviewed together with financial statements, footnotes and market data before any further diligence conclusion is formed.",sample_fallback,
MA,Mastercard Incorporated,1141391,10-K,2025-02-15,0001141391-25-000001,Legal / Regulatory Matters,MA-10K-Legal__Regulatory_Matters-1,"Mastercard Incorporated (MA) Legal / Regulatory Matters. Transaction volumes, interchange economics, credit quality, funding costs, compliance and network effects are central diligence themes. legal and regulatory matters include litigation, investigations, data privacy, healthcare regulation, financial regulation, environmental requirements and compliance obligations. The company notes that public filing information should be reviewed together with financial statements, footnotes and market data before any further diligence conclusion is formed.",sample_fallback,
PYPL,"PayPal Holdings, Inc.",1633917,10-K,2025-02-15,0001633917-25-000001,Business,PYPL-10K-Business-1,"PayPal Holdings, Inc. (PYPL) Business. Transaction volumes, interchange economics, credit quality, funding costs, compliance and network effects are central diligence themes. revenue drivers include recurring customer relationships, volume growth, pricing, cross-sell activity and sector demand. Management describes the operating model, customer channels, segment mix and the competitive position of the business. The company notes that public filing information should be reviewed together with financial statements, footnotes and market data before any further diligence conclusion is formed.",sample_fallback,
PYPL,"PayPal Holdings, Inc.",1633917,10-K,2025-02-15,0001633917-25-000001,Risk Factors,PYPL-10K-Risk_Factors-1,"PayPal Holdings, Inc. (PYPL) Risk Factors. Transaction volumes, interchange economics, credit quality, funding costs, compliance and network effects are central diligence themes. risk factors include customer concentration, competition, regulatory change, cyber disruption, reimbursement pressure, labor availability, macro demand, supplier dependence and execution risk. These risks could pressure margins or growth if they intensify. The company notes that public filing information should be reviewed together with financial statements, footnotes and market data before any further diligence conclusion is formed.",sample_fallback,
PYPL,"PayPal Holdings, Inc.",1633917,10-K,2025-02-15,0001633917-25-000001,MD&A,PYPL-10K-MD&A-1,"PayPal Holdings, Inc. (PYPL) MD&A. Transaction volumes, interchange economics, credit quality, funding costs, compliance and network effects are central diligence themes. management discussion and analysis describes revenue growth, margin movement, cost inflation, productivity initiatives, operating leverage and demand trends. Margin pressure can come from wages, input costs, implementation spend or mix shift. The company notes that public filing information should be reviewed together with financial statements, footnotes and market data before any further diligence conclusion is formed.",sample_fallback,
PYPL,"PayPal Holdings, Inc.",1633917,10-K,2025-02-15,0001633917-25-000001,Liquidity and Capital Resources,PYPL-10K-Liquidity_and_Capital_Resources-1,"PayPal Holdings, Inc. (PYPL) Liquidity and Capital Resources. Transaction volumes, interchange economics, credit quality, funding costs, compliance and network effects are central diligence themes. liquidity discussion covers operating cash flows, free cash flow, revolver availability, working capital, capital allocation and investment needs. Management states that cash flows and borrowing capacity are expected to support near-term obligations. The company notes that public filing information should be reviewed together with financial statements, footnotes and market data before any further diligence conclusion is formed.",sample_fallback,
PYPL,"PayPal Holdings, Inc.",1633917,10-K,2025-02-15,0001633917-25-000001,Debt / Contractual Obligations,PYPL-10K-Debt__Contractual_Obligations-1,"PayPal Holdings, Inc. (PYPL) Debt / Contractual Obligations. Transaction volumes, interchange economics, credit quality, funding costs, compliance and network effects are central diligence themes. debt obligations include senior notes, credit facilities, leases and contractual commitments. Interest expense, maturity schedules and covenant compliance are monitored as part of financing risk. The company notes that public filing information should be reviewed together with financial statements, footnotes and market data before any further diligence conclusion is formed.",sample_fallback,
PYPL,"PayPal Holdings, Inc.",1633917,10-K,2025-02-15,0001633917-25-000001,Segment Information,PYPL-10K-Segment_Information-1,"PayPal Holdings, Inc. (PYPL) Segment Information. Transaction volumes, interchange economics, credit quality, funding costs, compliance and network effects are central diligence themes. segment information discusses business lines, geographic exposure, service categories, recurring revenue contribution and operating profit by segment where disclosed. The company notes that public filing information should be reviewed together with financial statements, footnotes and market data before any further diligence conclusion is formed.",sample_fallback,
PYPL,"PayPal Holdings, Inc.",1633917,10-K,2025-02-15,0001633917-25-000001,Legal / Regulatory Matters,PYPL-10K-Legal__Regulatory_Matters-1,"PayPal Holdings, Inc. (PYPL) Legal / Regulatory Matters. Transaction volumes, interchange economics, credit quality, funding costs, compliance and network effects are central diligence themes. legal and regulatory matters include litigation, investigations, data privacy, healthcare regulation, financial regulation, environmental requirements and compliance obligations. The company notes that public filing information should be reviewed together with financial statements, footnotes and market data before any further diligence conclusion is formed.",sample_fallback,
SOFI,"SoFi Technologies, Inc.",1818874,10-K,2025-02-15,0001818874-25-000001,Business,SOFI-10K-Business-1,"SoFi Technologies, Inc. (SOFI) Business. Transaction volumes, interchange economics, credit quality, funding costs, compliance and network effects are central diligence themes. revenue drivers include recurring customer relationships, volume growth, pricing, cross-sell activity and sector demand. Management describes the operating model, customer channels, segment mix and the competitive position of the business. The company notes that public filing information should be reviewed together with financial statements, footnotes and market data before any further diligence conclusion is formed.",sample_fallback,
SOFI,"SoFi Technologies, Inc.",1818874,10-K,2025-02-15,0001818874-25-000001,Risk Factors,SOFI-10K-Risk_Factors-1,"SoFi Technologies, Inc. (SOFI) Risk Factors. Transaction volumes, interchange economics, credit quality, funding costs, compliance and network effects are central diligence themes. risk factors include customer concentration, competition, regulatory change, cyber disruption, reimbursement pressure, labor availability, macro demand, supplier dependence and execution risk. These risks could pressure margins or growth if they intensify. The company notes that public filing information should be reviewed together with financial statements, footnotes and market data before any further diligence conclusion is formed. The filing highlights elevated leverage, margin pressure, liquidity sensitivity or regulatory exposure that may require enhanced diligence.",sample_fallback,
SOFI,"SoFi Technologies, Inc.",1818874,10-K,2025-02-15,0001818874-25-000001,MD&A,SOFI-10K-MD&A-1,"SoFi Technologies, Inc. (SOFI) MD&A. Transaction volumes, interchange economics, credit quality, funding costs, compliance and network effects are central diligence themes. management discussion and analysis describes revenue growth, margin movement, cost inflation, productivity initiatives, operating leverage and demand trends. Margin pressure can come from wages, input costs, implementation spend or mix shift. The company notes that public filing information should be reviewed together with financial statements, footnotes and market data before any further diligence conclusion is formed.",sample_fallback,
SOFI,"SoFi Technologies, Inc.",1818874,10-K,2025-02-15,0001818874-25-000001,Liquidity and Capital Resources,SOFI-10K-Liquidity_and_Capital_Resources-1,"SoFi Technologies, Inc. (SOFI) Liquidity and Capital Resources. Transaction volumes, interchange economics, credit quality, funding costs, compliance and network effects are central diligence themes. liquidity discussion covers operating cash flows, free cash flow, revolver availability, working capital, capital allocation and investment needs. Management states that cash flows and borrowing capacity are expected to support near-term obligations. The company notes that public filing information should be reviewed together with financial statements, footnotes and market data before any further diligence conclusion is formed.",sample_fallback,
SOFI,"SoFi Technologies, Inc.",1818874,10-K,2025-02-15,0001818874-25-000001,Debt / Contractual Obligations,SOFI-10K-Debt__Contractual_Obligations-1,"SoFi Technologies, Inc. (SOFI) Debt / Contractual Obligations. Transaction volumes, interchange economics, credit quality, funding costs, compliance and network effects are central diligence themes. debt obligations include senior notes, credit facilities, leases and contractual commitments. Interest expense, maturity schedules and covenant compliance are monitored as part of financing risk. The company notes that public filing information should be reviewed together with financial statements, footnotes and market data before any further diligence conclusion is formed.",sample_fallback,
SOFI,"SoFi Technologies, Inc.",1818874,10-K,2025-02-15,0001818874-25-000001,Segment Information,SOFI-10K-Segment_Information-1,"SoFi Technologies, Inc. (SOFI) Segment Information. Transaction volumes, interchange economics, credit quality, funding costs, compliance and network effects are central diligence themes. segment information discusses business lines, geographic exposure, service categories, recurring revenue contribution and operating profit by segment where disclosed. The company notes that public filing information should be reviewed together with financial statements, footnotes and market data before any further diligence conclusion is formed.",sample_fallback,
SOFI,"SoFi Technologies, Inc.",1818874,10-K,2025-02-15,0001818874-25-000001,Legal / Regulatory Matters,SOFI-10K-Legal__Regulatory_Matters-1,"SoFi Technologies, Inc. (SOFI) Legal / Regulatory Matters. Transaction volumes, interchange economics, credit quality, funding costs, compliance and network effects are central diligence themes. legal and regulatory matters include litigation, investigations, data privacy, healthcare regulation, financial regulation, environmental requirements and compliance obligations. The company notes that public filing information should be reviewed together with financial statements, footnotes and market data before any further diligence conclusion is formed.",sample_fallback,
V,Visa Inc.,1403161,10-K,2025-02-15,0001403161-25-000001,Business,V-10K-Business-1,"Visa Inc. (V) Business. Transaction volumes, interchange economics, credit quality, funding costs, compliance and network effects are central diligence themes. revenue drivers include recurring customer relationships, volume growth, pricing, cross-sell activity and sector demand. Management describes the operating model, customer channels, segment mix and the competitive position of the business. The company notes that public filing information should be reviewed together with financial statements, footnotes and market data before any further diligence conclusion is formed. The business model has recurring or repeatable demand drivers, durable customer relationships and identifiable platform qualities.",sample_fallback,
V,Visa Inc.,1403161,10-K,2025-02-15,0001403161-25-000001,Risk Factors,V-10K-Risk_Factors-1,"Visa Inc. (V) Risk Factors. Transaction volumes, interchange economics, credit quality, funding costs, compliance and network effects are central diligence themes. risk factors include customer concentration, competition, regulatory change, cyber disruption, reimbursement pressure, labor availability, macro demand, supplier dependence and execution risk. These risks could pressure margins or growth if they intensify. The company notes that public filing information should be reviewed together with financial statements, footnotes and market data before any further diligence conclusion is formed.",sample_fallback,
V,Visa Inc.,1403161,10-K,2025-02-15,0001403161-25-000001,MD&A,V-10K-MD&A-1,"Visa Inc. (V) MD&A. Transaction volumes, interchange economics, credit quality, funding costs, compliance and network effects are central diligence themes. management discussion and analysis describes revenue growth, margin movement, cost inflation, productivity initiatives, operating leverage and demand trends. Margin pressure can come from wages, input costs, implementation spend or mix shift. The company notes that public filing information should be reviewed together with financial statements, footnotes and market data before any further diligence conclusion is formed.",sample_fallback,
V,Visa Inc.,1403161,10-K,2025-02-15,0001403161-25-000001,Liquidity and Capital Resources,V-10K-Liquidity_and_Capital_Resources-1,"Visa Inc. (V) Liquidity and Capital Resources. Transaction volumes, interchange economics, credit quality, funding costs, compliance and network effects are central diligence themes. liquidity discussion covers operating cash flows, free cash flow, revolver availability, working capital, capital allocation and investment needs. Management states that cash flows and borrowing capacity are expected to support near-term obligations. The company notes that public filing information should be reviewed together with financial statements, footnotes and market data before any further diligence conclusion is formed.",sample_fallback,
V,Visa Inc.,1403161,10-K,2025-02-15,0001403161-25-000001,Debt / Contractual Obligations,V-10K-Debt__Contractual_Obligations-1,"Visa Inc. (V) Debt / Contractual Obligations. Transaction volumes, interchange economics, credit quality, funding costs, compliance and network effects are central diligence themes. debt obligations include senior notes, credit facilities, leases and contractual commitments. Interest expense, maturity schedules and covenant compliance are monitored as part of financing risk. The company notes that public filing information should be reviewed together with financial statements, footnotes and market data before any further diligence conclusion is formed.",sample_fallback,
V,Visa Inc.,1403161,10-K,2025-02-15,0001403161-25-000001,Segment Information,V-10K-Segment_Information-1,"Visa Inc. (V) Segment Information. Transaction volumes, interchange economics, credit quality, funding costs, compliance and network effects are central diligence themes. segment information discusses business lines, geographic exposure, service categories, recurring revenue contribution and operating profit by segment where disclosed. The company notes that public filing information should be reviewed together with financial statements, footnotes and market data before any further diligence conclusion is formed.",sample_fallback,
V,Visa Inc.,1403161,10-K,2025-02-15,0001403161-25-000001,Legal / Regulatory Matters,V-10K-Legal__Regulatory_Matters-1,"Visa Inc. (V) Legal / Regulatory Matters. Transaction volumes, interchange economics, credit quality, funding costs, compliance and network effects are central diligence themes. legal and regulatory matters include litigation, investigations, data privacy, healthcare regulation, financial regulation, environmental requirements and compliance obligations. The company notes that public filing information should be reviewed together with financial statements, footnotes and market data before any further diligence conclusion is formed.",sample_fallback,
ADBE,Adobe Inc.,796343,10-K,2025-02-15,000796343-25-000001,Business,ADBE-10K-Business-1,"Adobe Inc. (ADBE) Business. Subscription revenue, renewals, enterprise adoption, cloud migration and net retention are central diligence themes. revenue drivers include recurring customer relationships, volume growth, pricing, cross-sell activity and sector demand. Management describes the operating model, customer channels, segment mix and the competitive position of the business. The company notes that public filing information should be reviewed together with financial statements, footnotes and market data before any further diligence conclusion is formed.",sample_fallback,
ADBE,Adobe Inc.,796343,10-K,2025-02-15,000796343-25-000001,Risk Factors,ADBE-10K-Risk_Factors-1,"Adobe Inc. (ADBE) Risk Factors. Subscription revenue, renewals, enterprise adoption, cloud migration and net retention are central diligence themes. risk factors include customer concentration, competition, regulatory change, cyber disruption, reimbursement pressure, labor availability, macro demand, supplier dependence and execution risk. These risks could pressure margins or growth if they intensify. The company notes that public filing information should be reviewed together with financial statements, footnotes and market data before any further diligence conclusion is formed.",sample_fallback,
ADBE,Adobe Inc.,796343,10-K,2025-02-15,000796343-25-000001,MD&A,ADBE-10K-MD&A-1,"Adobe Inc. (ADBE) MD&A. Subscription revenue, renewals, enterprise adoption, cloud migration and net retention are central diligence themes. management discussion and analysis describes revenue growth, margin movement, cost inflation, productivity initiatives, operating leverage and demand trends. Margin pressure can come from wages, input costs, implementation spend or mix shift. The company notes that public filing information should be reviewed together with financial statements, footnotes and market data before any further diligence conclusion is formed.",sample_fallback,
ADBE,Adobe Inc.,796343,10-K,2025-02-15,000796343-25-000001,Liquidity and Capital Resources,ADBE-10K-Liquidity_and_Capital_Resources-1,"Adobe Inc. (ADBE) Liquidity and Capital Resources. Subscription revenue, renewals, enterprise adoption, cloud migration and net retention are central diligence themes. liquidity discussion covers operating cash flows, free cash flow, revolver availability, working capital, capital allocation and investment needs. Management states that cash flows and borrowing capacity are expected to support near-term obligations. The company notes that public filing information should be reviewed together with financial statements, footnotes and market data before any further diligence conclusion is formed.",sample_fallback,
ADBE,Adobe Inc.,796343,10-K,2025-02-15,000796343-25-000001,Debt / Contractual Obligations,ADBE-10K-Debt__Contractual_Obligations-1,"Adobe Inc. (ADBE) Debt / Contractual Obligations. Subscription revenue, renewals, enterprise adoption, cloud migration and net retention are central diligence themes. debt obligations include senior notes, credit facilities, leases and contractual commitments. Interest expense, maturity schedules and covenant compliance are monitored as part of financing risk. The company notes that public filing information should be reviewed together with financial statements, footnotes and market data before any further diligence conclusion is formed.",sample_fallback,
ADBE,Adobe Inc.,796343,10-K,2025-02-15,000796343-25-000001,Segment Information,ADBE-10K-Segment_Information-1,"Adobe Inc. (ADBE) Segment Information. Subscription revenue, renewals, enterprise adoption, cloud migration and net retention are central diligence themes. segment information discusses business lines, geographic exposure, service categories, recurring revenue contribution and operating profit by segment where disclosed. The company notes that public filing information should be reviewed together with financial statements, footnotes and market data before any further diligence conclusion is formed.",sample_fallback,
ADBE,Adobe Inc.,796343,10-K,2025-02-15,000796343-25-000001,Legal / Regulatory Matters,ADBE-10K-Legal__Regulatory_Matters-1,"Adobe Inc. (ADBE) Legal / Regulatory Matters. Subscription revenue, renewals, enterprise adoption, cloud migration and net retention are central diligence themes. legal and regulatory matters include litigation, investigations, data privacy, healthcare regulation, financial regulation, environmental requirements and compliance obligations. The company notes that public filing information should be reviewed together with financial statements, footnotes and market data before any further diligence conclusion is formed.",sample_fallback,
CRM,"Salesforce, Inc.",1108524,10-K,2025-02-15,0001108524-25-000001,Business,CRM-10K-Business-1,"Salesforce, Inc. (CRM) Business. Subscription revenue, renewals, enterprise adoption, cloud migration and net retention are central diligence themes. revenue drivers include recurring customer relationships, volume growth, pricing, cross-sell activity and sector demand. Management describes the operating model, customer channels, segment mix and the competitive position of the business. The company notes that public filing information should be reviewed together with financial statements, footnotes and market data before any further diligence conclusion is formed.",sample_fallback,
CRM,"Salesforce, Inc.",1108524,10-K,2025-02-15,0001108524-25-000001,Risk Factors,CRM-10K-Risk_Factors-1,"Salesforce, Inc. (CRM) Risk Factors. Subscription revenue, renewals, enterprise adoption, cloud migration and net retention are central diligence themes. risk factors include customer concentration, competition, regulatory change, cyber disruption, reimbursement pressure, labor availability, macro demand, supplier dependence and execution risk. These risks could pressure margins or growth if they intensify. The company notes that public filing information should be reviewed together with financial statements, footnotes and market data before any further diligence conclusion is formed.",sample_fallback,
CRM,"Salesforce, Inc.",1108524,10-K,2025-02-15,0001108524-25-000001,MD&A,CRM-10K-MD&A-1,"Salesforce, Inc. (CRM) MD&A. Subscription revenue, renewals, enterprise adoption, cloud migration and net retention are central diligence themes. management discussion and analysis describes revenue growth, margin movement, cost inflation, productivity initiatives, operating leverage and demand trends. Margin pressure can come from wages, input costs, implementation spend or mix shift. The company notes that public filing information should be reviewed together with financial statements, footnotes and market data before any further diligence conclusion is formed.",sample_fallback,
CRM,"Salesforce, Inc.",1108524,10-K,2025-02-15,0001108524-25-000001,Liquidity and Capital Resources,CRM-10K-Liquidity_and_Capital_Resources-1,"Salesforce, Inc. (CRM) Liquidity and Capital Resources. Subscription revenue, renewals, enterprise adoption, cloud migration and net retention are central diligence themes. liquidity discussion covers operating cash flows, free cash flow, revolver availability, working capital, capital allocation and investment needs. Management states that cash flows and borrowing capacity are expected to support near-term obligations. The company notes that public filing information should be reviewed together with financial statements, footnotes and market data before any further diligence conclusion is formed.",sample_fallback,
CRM,"Salesforce, Inc.",1108524,10-K,2025-02-15,0001108524-25-000001,Debt / Contractual Obligations,CRM-10K-Debt__Contractual_Obligations-1,"Salesforce, Inc. (CRM) Debt / Contractual Obligations. Subscription revenue, renewals, enterprise adoption, cloud migration and net retention are central diligence themes. debt obligations include senior notes, credit facilities, leases and contractual commitments. Interest expense, maturity schedules and covenant compliance are monitored as part of financing risk. The company notes that public filing information should be reviewed together with financial statements, footnotes and market data before any further diligence conclusion is formed.",sample_fallback,
CRM,"Salesforce, Inc.",1108524,10-K,2025-02-15,0001108524-25-000001,Segment Information,CRM-10K-Segment_Information-1,"Salesforce, Inc. (CRM) Segment Information. Subscription revenue, renewals, enterprise adoption, cloud migration and net retention are central diligence themes. segment information discusses business lines, geographic exposure, service categories, recurring revenue contribution and operating profit by segment where disclosed. The company notes that public filing information should be reviewed together with financial statements, footnotes and market data before any further diligence conclusion is formed.",sample_fallback,
CRM,"Salesforce, Inc.",1108524,10-K,2025-02-15,0001108524-25-000001,Legal / Regulatory Matters,CRM-10K-Legal__Regulatory_Matters-1,"Salesforce, Inc. (CRM) Legal / Regulatory Matters. Subscription revenue, renewals, enterprise adoption, cloud migration and net retention are central diligence themes. legal and regulatory matters include litigation, investigations, data privacy, healthcare regulation, financial regulation, environmental requirements and compliance obligations. The company notes that public filing information should be reviewed together with financial statements, footnotes and market data before any further diligence conclusion is formed.",sample_fallback,
INTU,Intuit Inc.,896878,10-K,2025-02-15,000896878-25-000001,Business,INTU-10K-Business-1,"Intuit Inc. (INTU) Business. Subscription revenue, renewals, enterprise adoption, cloud migration and net retention are central diligence themes. revenue drivers include recurring customer relationships, volume growth, pricing, cross-sell activity and sector demand. Management describes the operating model, customer channels, segment mix and the competitive position of the business. The company notes that public filing information should be reviewed together with financial statements, footnotes and market data before any further diligence conclusion is formed.",sample_fallback,
INTU,Intuit Inc.,896878,10-K,2025-02-15,000896878-25-000001,Risk Factors,INTU-10K-Risk_Factors-1,"Intuit Inc. (INTU) Risk Factors. Subscription revenue, renewals, enterprise adoption, cloud migration and net retention are central diligence themes. risk factors include customer concentration, competition, regulatory change, cyber disruption, reimbursement pressure, labor availability, macro demand, supplier dependence and execution risk. These risks could pressure margins or growth if they intensify. The company notes that public filing information should be reviewed together with financial statements, footnotes and market data before any further diligence conclusion is formed.",sample_fallback,
INTU,Intuit Inc.,896878,10-K,2025-02-15,000896878-25-000001,MD&A,INTU-10K-MD&A-1,"Intuit Inc. (INTU) MD&A. Subscription revenue, renewals, enterprise adoption, cloud migration and net retention are central diligence themes. management discussion and analysis describes revenue growth, margin movement, cost inflation, productivity initiatives, operating leverage and demand trends. Margin pressure can come from wages, input costs, implementation spend or mix shift. The company notes that public filing information should be reviewed together with financial statements, footnotes and market data before any further diligence conclusion is formed.",sample_fallback,
INTU,Intuit Inc.,896878,10-K,2025-02-15,000896878-25-000001,Liquidity and Capital Resources,INTU-10K-Liquidity_and_Capital_Resources-1,"Intuit Inc. (INTU) Liquidity and Capital Resources. Subscription revenue, renewals, enterprise adoption, cloud migration and net retention are central diligence themes. liquidity discussion covers operating cash flows, free cash flow, revolver availability, working capital, capital allocation and investment needs. Management states that cash flows and borrowing capacity are expected to support near-term obligations. The company notes that public filing information should be reviewed together with financial statements, footnotes and market data before any further diligence conclusion is formed.",sample_fallback,
INTU,Intuit Inc.,896878,10-K,2025-02-15,000896878-25-000001,Debt / Contractual Obligations,INTU-10K-Debt__Contractual_Obligations-1,"Intuit Inc. (INTU) Debt / Contractual Obligations. Subscription revenue, renewals, enterprise adoption, cloud migration and net retention are central diligence themes. debt obligations include senior notes, credit facilities, leases and contractual commitments. Interest expense, maturity schedules and covenant compliance are monitored as part of financing risk. The company notes that public filing information should be reviewed together with financial statements, footnotes and market data before any further diligence conclusion is formed.",sample_fallback,
INTU,Intuit Inc.,896878,10-K,2025-02-15,000896878-25-000001,Segment Information,INTU-10K-Segment_Information-1,"Intuit Inc. (INTU) Segment Information. Subscription revenue, renewals, enterprise adoption, cloud migration and net retention are central diligence themes. segment information discusses business lines, geographic exposure, service categories, recurring revenue contribution and operating profit by segment where disclosed. The company notes that public filing information should be reviewed together with financial statements, footnotes and market data before any further diligence conclusion is formed.",sample_fallback,
INTU,Intuit Inc.,896878,10-K,2025-02-15,000896878-25-000001,Legal / Regulatory Matters,INTU-10K-Legal__Regulatory_Matters-1,"Intuit Inc. (INTU) Legal / Regulatory Matters. Subscription revenue, renewals, enterprise adoption, cloud migration and net retention are central diligence themes. legal and regulatory matters include litigation, investigations, data privacy, healthcare regulation, financial regulation, environmental requirements and compliance obligations. The company notes that public filing information should be reviewed together with financial statements, footnotes and market data before any further diligence conclusion is formed.",sample_fallback,
MSFT,Microsoft Corporation,789019,10-K,2025-02-15,000789019-25-000001,Business,MSFT-10K-Business-1,"Microsoft Corporation (MSFT) Business. Subscription revenue, renewals, enterprise adoption, cloud migration and net retention are central diligence themes. revenue drivers include recurring customer relationships, volume growth, pricing, cross-sell activity and sector demand. Management describes the operating model, customer channels, segment mix and the competitive position of the business. The company notes that public filing information should be reviewed together with financial statements, footnotes and market data before any further diligence conclusion is formed. The business model has recurring or repeatable demand drivers, durable customer relationships and identifiable platform qualities.",sample_fallback,
MSFT,Microsoft Corporation,789019,10-K,2025-02-15,000789019-25-000001,Risk Factors,MSFT-10K-Risk_Factors-1,"Microsoft Corporation (MSFT) Risk Factors. Subscription revenue, renewals, enterprise adoption, cloud migration and net retention are central diligence themes. risk factors include customer concentration, competition, regulatory change, cyber disruption, reimbursement pressure, labor availability, macro demand, supplier dependence and execution risk. These risks could pressure margins or growth if they intensify. The company notes that public filing information should be reviewed together with financial statements, footnotes and market data before any further diligence conclusion is formed.",sample_fallback,
MSFT,Microsoft Corporation,789019,10-K,2025-02-15,000789019-25-000001,MD&A,MSFT-10K-MD&A-1,"Microsoft Corporation (MSFT) MD&A. Subscription revenue, renewals, enterprise adoption, cloud migration and net retention are central diligence themes. management discussion and analysis describes revenue growth, margin movement, cost inflation, productivity initiatives, operating leverage and demand trends. Margin pressure can come from wages, input costs, implementation spend or mix shift. The company notes that public filing information should be reviewed together with financial statements, footnotes and market data before any further diligence conclusion is formed.",sample_fallback,
MSFT,Microsoft Corporation,789019,10-K,2025-02-15,000789019-25-000001,Liquidity and Capital Resources,MSFT-10K-Liquidity_and_Capital_Resources-1,"Microsoft Corporation (MSFT) Liquidity and Capital Resources. Subscription revenue, renewals, enterprise adoption, cloud migration and net retention are central diligence themes. liquidity discussion covers operating cash flows, free cash flow, revolver availability, working capital, capital allocation and investment needs. Management states that cash flows and borrowing capacity are expected to support near-term obligations. The company notes that public filing information should be reviewed together with financial statements, footnotes and market data before any further diligence conclusion is formed.",sample_fallback,
MSFT,Microsoft Corporation,789019,10-K,2025-02-15,000789019-25-000001,Debt / Contractual Obligations,MSFT-10K-Debt__Contractual_Obligations-1,"Microsoft Corporation (MSFT) Debt / Contractual Obligations. Subscription revenue, renewals, enterprise adoption, cloud migration and net retention are central diligence themes. debt obligations include senior notes, credit facilities, leases and contractual commitments. Interest expense, maturity schedules and covenant compliance are monitored as part of financing risk. The company notes that public filing information should be reviewed together with financial statements, footnotes and market data before any further diligence conclusion is formed.",sample_fallback,
MSFT,Microsoft Corporation,789019,10-K,2025-02-15,000789019-25-000001,Segment Information,MSFT-10K-Segment_Information-1,"Microsoft Corporation (MSFT) Segment Information. Subscription revenue, renewals, enterprise adoption, cloud migration and net retention are central diligence themes. segment information discusses business lines, geographic exposure, service categories, recurring revenue contribution and operating profit by segment where disclosed. The company notes that public filing information should be reviewed together with financial statements, footnotes and market data before any further diligence conclusion is formed.",sample_fallback,
MSFT,Microsoft Corporation,789019,10-K,2025-02-15,000789019-25-000001,Legal / Regulatory Matters,MSFT-10K-Legal__Regulatory_Matters-1,"Microsoft Corporation (MSFT) Legal / Regulatory Matters. Subscription revenue, renewals, enterprise adoption, cloud migration and net retention are central diligence themes. legal and regulatory matters include litigation, investigations, data privacy, healthcare regulation, financial regulation, environmental requirements and compliance obligations. The company notes that public filing information should be reviewed together with financial statements, footnotes and market data before any further diligence conclusion is formed.",sample_fallback,
NOW,"ServiceNow, Inc.",1373715,10-K,2025-02-15,0001373715-25-000001,Business,NOW-10K-Business-1,"ServiceNow, Inc. (NOW) Business. Subscription revenue, renewals, enterprise adoption, cloud migration and net retention are central diligence themes. revenue drivers include recurring customer relationships, volume growth, pricing, cross-sell activity and sector demand. Management describes the operating model, customer channels, segment mix and the competitive position of the business. The company notes that public filing information should be reviewed together with financial statements, footnotes and market data before any further diligence conclusion is formed.",sample_fallback,
NOW,"ServiceNow, Inc.",1373715,10-K,2025-02-15,0001373715-25-000001,Risk Factors,NOW-10K-Risk_Factors-1,"ServiceNow, Inc. (NOW) Risk Factors. Subscription revenue, renewals, enterprise adoption, cloud migration and net retention are central diligence themes. risk factors include customer concentration, competition, regulatory change, cyber disruption, reimbursement pressure, labor availability, macro demand, supplier dependence and execution risk. These risks could pressure margins or growth if they intensify. The company notes that public filing information should be reviewed together with financial statements, footnotes and market data before any further diligence conclusion is formed.",sample_fallback,
NOW,"ServiceNow, Inc.",1373715,10-K,2025-02-15,0001373715-25-000001,MD&A,NOW-10K-MD&A-1,"ServiceNow, Inc. (NOW) MD&A. Subscription revenue, renewals, enterprise adoption, cloud migration and net retention are central diligence themes. management discussion and analysis describes revenue growth, margin movement, cost inflation, productivity initiatives, operating leverage and demand trends. Margin pressure can come from wages, input costs, implementation spend or mix shift. The company notes that public filing information should be reviewed together with financial statements, footnotes and market data before any further diligence conclusion is formed.",sample_fallback,
NOW,"ServiceNow, Inc.",1373715,10-K,2025-02-15,0001373715-25-000001,Liquidity and Capital Resources,NOW-10K-Liquidity_and_Capital_Resources-1,"ServiceNow, Inc. (NOW) Liquidity and Capital Resources. Subscription revenue, renewals, enterprise adoption, cloud migration and net retention are central diligence themes. liquidity discussion covers operating cash flows, free cash flow, revolver availability, working capital, capital allocation and investment needs. Management states that cash flows and borrowing capacity are expected to support near-term obligations. The company notes that public filing information should be reviewed together with financial statements, footnotes and market data before any further diligence conclusion is formed.",sample_fallback,
NOW,"ServiceNow, Inc.",1373715,10-K,2025-02-15,0001373715-25-000001,Debt / Contractual Obligations,NOW-10K-Debt__Contractual_Obligations-1,"ServiceNow, Inc. (NOW) Debt / Contractual Obligations. Subscription revenue, renewals, enterprise adoption, cloud migration and net retention are central diligence themes. debt obligations include senior notes, credit facilities, leases and contractual commitments. Interest expense, maturity schedules and covenant compliance are monitored as part of financing risk. The company notes that public filing information should be reviewed together with financial statements, footnotes and market data before any further diligence conclusion is formed.",sample_fallback,
NOW,"ServiceNow, Inc.",1373715,10-K,2025-02-15,0001373715-25-000001,Segment Information,NOW-10K-Segment_Information-1,"ServiceNow, Inc. (NOW) Segment Information. Subscription revenue, renewals, enterprise adoption, cloud migration and net retention are central diligence themes. segment information discusses business lines, geographic exposure, service categories, recurring revenue contribution and operating profit by segment where disclosed. The company notes that public filing information should be reviewed together with financial statements, footnotes and market data before any further diligence conclusion is formed.",sample_fallback,
NOW,"ServiceNow, Inc.",1373715,10-K,2025-02-15,0001373715-25-000001,Legal / Regulatory Matters,NOW-10K-Legal__Regulatory_Matters-1,"ServiceNow, Inc. (NOW) Legal / Regulatory Matters. Subscription revenue, renewals, enterprise adoption, cloud migration and net retention are central diligence themes. legal and regulatory matters include litigation, investigations, data privacy, healthcare regulation, financial regulation, environmental requirements and compliance obligations. The company notes that public filing information should be reviewed together with financial statements, footnotes and market data before any further diligence conclusion is formed.",sample_fallback,
